pid,阕,句内位,字,引擎调,引擎平仄,语料调,语料平仄,证据,状态
ci.清.0000.pinyin.json#2,1,12,长,2,平,3,仄,ci.清.0000.pinyin.json 第2阕第13字 语料拼音 zhǎng,待裁定
ci.清.0000.pinyin.json#2,1,15,长,2,平,3,仄,ci.清.0000.pinyin.json 第2阕第16字 语料拼音 zhǎng,待裁定
ci.清.0000.pinyin.json#7,1,16,绝,4,仄,2,平,ci.清.0000.pinyin.json 第2阕第17字 语料拼音 jué,待裁定
ci.清.0000.pinyin.json#8,0,33,别,4,仄,2,平,ci.清.0000.pinyin.json 第1阕第34字 语料拼音 bié,待裁定
ci.清.0000.pinyin.json#8,1,11,绝,4,仄,2,平,ci.清.0000.pinyin.json 第2阕第12字 语料拼音 jué,待裁定
ci.清.0000.pinyin.json#8,1,17,长,2,平,3,仄,ci.清.0000.pinyin.json 第2阕第18字 语料拼音 zhǎng,待裁定
ci.清.0000.pinyin.json#9,0,42,别,4,仄,2,平,ci.清.0000.pinyin.json 第1阕第43字 语料拼音 bié,待裁定
ci.清.0000.pinyin.json#11,1,5,别,4,仄,2,平,ci.清.0000.pinyin.json 第2阕第6字 语料拼音 bié,待裁定
ci.清.0000.pinyin.json#12,0,35,绝,4,仄,2,平,ci.清.0000.pinyin.json 第1阕第36字 语料拼音 jué,待裁定
ci.清.0000.pinyin.json#22,0,56,绝,4,仄,2,平,ci.清.0000.pinyin.json 第1阕第57字 语料拼音 jué,待裁定
ci.清.0000.pinyin.json#23,0,22,甚,4,仄,2,平,ci.清.0000.pinyin.json 第1阕第23字 语料拼音 shén,待裁定
ci.清.0000.pinyin.json#23,0,56,绝,4,仄,2,平,ci.清.0000.pinyin.json 第1阕第57字 语料拼音 jué,待裁定
ci.清.0000.pinyin.json#31,0,12,绝,4,仄,2,平,ci.清.0000.pinyin.json 第1阕第13字 语料拼音 jué,待裁定
ci.清.0000.pinyin.json#32,0,6,绝,4,仄,2,平,ci.清.0000.pinyin.json 第1阕第7字 语料拼音 jué,待裁定
ci.清.0000.pinyin.json#33,1,12,长,2,平,3,仄,ci.清.0000.pinyin.json 第2阕第13字 语料拼音 zhǎng,待裁定
ci.清.0000.pinyin.json#37,0,18,长,2,平,3,仄,ci.清.0000.pinyin.json 第1阕第19字 语料拼音 zhǎng,待裁定
ci.清.0000.pinyin.json#37,1,0,长,2,平,3,仄,ci.清.0000.pinyin.json 第2阕第1字 语料拼音 zhǎng,待裁定
ci.清.0000.pinyin.json#39,1,26,长,2,平,3,仄,ci.清.0000.pinyin.json 第2阕第27字 语料拼音 zhǎng,待裁定
ci.清.0000.pinyin.json#39,1,27,别,4,仄,2,平,ci.清.0000.pinyin.json 第2阕第28字 语料拼音 bié,待裁定
ci.清.0000.pinyin.json#39,1,40,绝,4,仄,2,平,ci.清.0000.pinyin.json 第2阕第41字 语料拼音 jué,待裁定
ci.清.0000.pinyin.json#40,0,20,绝,4,仄,2,平,ci.清.0000.pinyin.json 第1阕第21字 语料拼音 jué,待裁定
ci.清.0000.pinyin.json#40,1,26,长,2,平,3,仄,ci.清.0000.pinyin.json 第2阕第27字 语料拼音 zhǎng,待裁定
ci.清.0000.pinyin.json#44,1,32,绝,4,仄,2,平,ci.清.0000.pinyin.json 第2阕第33字 语料拼音 jué,待裁定
ci.清.0000.pinyin.json#48,0,13,别,4,仄,2,平,ci.清.0000.pinyin.json 第1阕第14字 语料拼音 bié,待裁定
ci.清.0000.pinyin.json#48,1,34,绝,4,仄,2,平,ci.清.0000.pinyin.json 第2阕第35字 语料拼音 jué,待裁定
ci.清.0000.pinyin.json#52,0,45,长,2,平,3,仄,ci.清.0000.pinyin.json 第1阕第46字 语料拼音 zhǎng,待裁定
ci.清.0000.pinyin.json#54,1,23,长,2,平,3,仄,ci.清.0000.pinyin.json 第2阕第24字 语料拼音 zhǎng,待裁定
ci.清.0000.pinyin.json#56,0,12,别,4,仄,2,平,ci.清.0000.pinyin.json 第1阕第13字 语料拼音 bié,待裁定
ci.清.0000.pinyin.json#58,0,7,别,4,仄,2,平,ci.清.0000.pinyin.json 第1阕第8字 语料拼音 bié,待裁定
ci.清.0000.pinyin.json#58,0,11,别,4,仄,2,平,ci.清.0000.pinyin.json 第1阕第12字 语料拼音 bié,待裁定
ci.清.0000.pinyin.json#60,1,35,长,2,平,3,仄,ci.清.0000.pinyin.json 第2阕第36字 语料拼音 zhǎng,待裁定
ci.清.0000.pinyin.json#60,1,59,绝,4,仄,2,平,ci.清.0000.pinyin.json 第2阕第60字 语料拼音 jué,待裁定
ci.清.0000.pinyin.json#64,0,8,绝,4,仄,2,平,ci.清.0000.pinyin.json 第1阕第9字 语料拼音 jué,待裁定
ci.清.0000.pinyin.json#67,0,8,长,2,平,3,仄,ci.清.0000.pinyin.json 第1阕第9字 语料拼音 zhǎng,待裁定
ci.清.0000.pinyin.json#70,1,10,绝,4,仄,2,平,ci.清.0000.pinyin.json 第2阕第11字 语料拼音 jué,待裁定
ci.清.0000.pinyin.json#81,1,19,别,4,仄,2,平,ci.清.0000.pinyin.json 第2阕第20字 语料拼音 bié,待裁定
ci.清.0000.pinyin.json#82,0,10,别,4,仄,2,平,ci.清.0000.pinyin.json 第1阕第11字 语料拼音 bié,待裁定
ci.清.0000.pinyin.json#82,0,21,绝,4,仄,2,平,ci.清.0000.pinyin.json 第1阕第22字 语料拼音 jué,待裁定
ci.清.0000.pinyin.json#84,1,19,别,4,仄,2,平,ci.清.0000.pinyin.json 第2阕第20字 语料拼音 bié,待裁定
ci.清.0000.pinyin.json#86,0,34,长,2,平,3,仄,ci.清.0000.pinyin.json 第1阕第35字 语料拼音 zhǎng,待裁定
ci.清.0000.pinyin.json#97,1,15,长,2,平,3,仄,ci.清.0000.pinyin.json 第2阕第16字 语料拼音 zhǎng,待裁定
ci.清.0000.pinyin.json#98,0,7,别,4,仄,2,平,ci.清.0000.pinyin.json 第1阕第8字 语料拼音 bié,待裁定
ci.清.0000.pinyin.json#100,1,5,绝,4,仄,2,平,ci.清.0000.pinyin.json 第2阕第6字 语料拼音 jué,待裁定
ci.清.0000.pinyin.json#103,1,10,别,4,仄,2,平,ci.清.0000.pinyin.json 第2阕第11字 语料拼音 bié,待裁定
ci.清.0000.pinyin.json#108,0,21,绝,4,仄,2,平,ci.清.0000.pinyin.json 第1阕第22字 语料拼音 jué,待裁定
ci.清.0000.pinyin.json#109,1,3,长,2,平,3,仄,ci.清.0000.pinyin.json 第2阕第4字 语料拼音 zhǎng,待裁定
ci.清.0000.pinyin.json#111,1,16,绝,4,仄,2,平,ci.清.0000.pinyin.json 第2阕第17字 语料拼音 jué,待裁定
ci.清.0000.pinyin.json#116,0,5,长,2,平,3,仄,ci.清.0000.pinyin.json 第1阕第6字 语料拼音 zhǎng,待裁定
ci.清.0000.pinyin.json#116,0,8,长,2,平,3,仄,ci.清.0000.pinyin.json 第1阕第9字 语料拼音 zhǎng,待裁定
ci.清.0000.pinyin.json#116,0,11,长,2,平,3,仄,ci.清.0000.pinyin.json 第1阕第12字 语料拼音 zhǎng,待裁定
ci.清.0000.pinyin.json#117,1,8,绝,4,仄,2,平,ci.清.0000.pinyin.json 第2阕第9字 语料拼音 jué,待裁定
ci.清.0000.pinyin.json#120,0,18,长,2,平,3,仄,ci.清.0000.pinyin.json 第1阕第19字 语料拼音 zhǎng,待裁定
ci.清.0000.pinyin.json#120,1,21,甚,4,仄,2,平,ci.清.0000.pinyin.json 第2阕第22字 语料拼音 shén,待裁定
ci.清.0000.pinyin.json#120,1,22,绝,4,仄,2,平,ci.清.0000.pinyin.json 第2阕第23字 语料拼音 jué,待裁定
ci.清.0000.pinyin.json#125,1,7,长,2,平,3,仄,ci.清.0000.pinyin.json 第2阕第8字 语料拼音 zhǎng,待裁定
ci.清.0000.pinyin.json#127,0,6,别,4,仄,2,平,ci.清.0000.pinyin.json 第1阕第7字 语料拼音 bié,待裁定
ci.清.0000.pinyin.json#134,0,0,绝,4,仄,2,平,ci.清.0000.pinyin.json 第1阕第1字 语料拼音 jué,待裁定
ci.清.0000.pinyin.json#134,1,4,绝,4,仄,2,平,ci.清.0000.pinyin.json 第2阕第5字 语料拼音 jué,待裁定
ci.清.0000.pinyin.json#135,1,55,别,4,仄,2,平,ci.清.0000.pinyin.json 第2阕第56字 语料拼音 bié,待裁定
ci.清.0000.pinyin.json#135,1,56,长,2,平,3,仄,ci.清.0000.pinyin.json 第2阕第57字 语料拼音 zhǎng,待裁定
ci.清.0000.pinyin.json#136,0,19,长,2,平,3,仄,ci.清.0000.pinyin.json 第1阕第20字 语料拼音 zhǎng,待裁定
ci.清.0000.pinyin.json#137,0,14,别,4,仄,2,平,ci.清.0000.pinyin.json 第1阕第15字 语料拼音 bié,待裁定
ci.清.0000.pinyin.json#137,1,5,甚,4,仄,2,平,ci.清.0000.pinyin.json 第2阕第6字 语料拼音 shén,待裁定
ci.清.0000.pinyin.json#139,1,15,绝,4,仄,2,平,ci.清.0000.pinyin.json 第2阕第16字 语料拼音 jué,待裁定
ci.清.0000.pinyin.json#140,0,33,长,2,平,3,仄,ci.清.0000.pinyin.json 第1阕第34字 语料拼音 zhǎng,待裁定
ci.清.0000.pinyin.json#142,0,33,绝,4,仄,2,平,ci.清.0000.pinyin.json 第1阕第34字 语料拼音 jué,待裁定
ci.清.0000.pinyin.json#144,0,51,长,2,平,3,仄,ci.清.0000.pinyin.json 第1阕第52字 语料拼音 zhǎng,待裁定
ci.清.0000.pinyin.json#146,0,16,绝,4,仄,2,平,ci.清.0000.pinyin.json 第1阕第17字 语料拼音 jué,待裁定
ci.清.0000.pinyin.json#147,0,2,别,4,仄,2,平,ci.清.0000.pinyin.json 第1阕第3字 语料拼音 bié,待裁定
ci.清.0000.pinyin.json#149,0,5,别,4,仄,2,平,ci.清.0000.pinyin.json 第1阕第6字 语料拼音 bié,待裁定
ci.清.0000.pinyin.json#149,0,15,长,2,平,3,仄,ci.清.0000.pinyin.json 第1阕第16字 语料拼音 zhǎng,待裁定
ci.清.0000.pinyin.json#150,0,18,甚,4,仄,2,平,ci.清.0000.pinyin.json 第1阕第19字 语料拼音 shén,待裁定
ci.清.0000.pinyin.json#151,0,33,长,2,平,3,仄,ci.清.0000.pinyin.json 第1阕第34字 语料拼音 zhǎng,待裁定
ci.清.0000.pinyin.json#151,0,56,别,4,仄,2,平,ci.清.0000.pinyin.json 第1阕第57字 语料拼音 bié,待裁定
ci.清.0000.pinyin.json#153,0,3,绝,4,仄,2,平,ci.清.0000.pinyin.json 第1阕第4字 语料拼音 jué,待裁定
ci.清.0000.pinyin.json#153,0,8,别,4,仄,2,平,ci.清.0000.pinyin.json 第1阕第9字 语料拼音 bié,待裁定
ci.清.0000.pinyin.json#154,1,26,甚,4,仄,2,平,ci.清.0000.pinyin.json 第2阕第27字 语料拼音 shén,待裁定
ci.清.0000.pinyin.json#156,1,37,甚,4,仄,2,平,ci.清.0000.pinyin.json 第2阕第38字 语料拼音 shén,待裁定
ci.清.0000.pinyin.json#157,0,22,甚,4,仄,2,平,ci.清.0000.pinyin.json 第1阕第23字 语料拼音 shén,待裁定
ci.清.0000.pinyin.json#158,1,4,别,4,仄,2,平,ci.清.0000.pinyin.json 第2阕第5字 语料拼音 bié,待裁定
ci.清.0000.pinyin.json#159,1,21,别,4,仄,2,平,ci.清.0000.pinyin.json 第2阕第22字 语料拼音 bié,待裁定
ci.清.0000.pinyin.json#160,1,31,绝,4,仄,2,平,ci.清.0000.pinyin.json 第2阕第32字 语料拼音 jué,待裁定
ci.清.0000.pinyin.json#161,1,37,长,2,平,3,仄,ci.清.0000.pinyin.json 第2阕第38字 语料拼音 zhǎng,待裁定
ci.清.0000.pinyin.json#161,1,51,绝,4,仄,2,平,ci.清.0000.pinyin.json 第2阕第52字 语料拼音 jué,待裁定
ci.清.0000.pinyin.json#163,0,13,长,2,平,3,仄,ci.清.0000.pinyin.json 第1阕第14字 语料拼音 zhǎng,待裁定
ci.清.0000.pinyin.json#166,0,16,长,2,平,3,仄,ci.清.0000.pinyin.json 第1阕第17字 语料拼音 zhǎng,待裁定
ci.清.0000.pinyin.json#169,0,36,甚,4,仄,2,平,ci.清.0000.pinyin.json 第1阕第37字 语料拼音 shén,待裁定
ci.清.0000.pinyin.json#175,0,2,长,2,平,3,仄,ci.清.0000.pinyin.json 第1阕第3字 语料拼音 zhǎng,待裁定
ci.清.0000.pinyin.json#177,1,30,甚,4,仄,2,平,ci.清.0000.pinyin.json 第2阕第31字 语料拼音 shén,待裁定
ci.清.0000.pinyin.json#181,1,5,长,2,平,3,仄,ci.清.0000.pinyin.json 第2阕第6字 语料拼音 zhǎng,待裁定
ci.清.0000.pinyin.json#185,0,8,别,4,仄,2,平,ci.清.0000.pinyin.json 第1阕第9字 语料拼音 bié,待裁定
ci.清.0000.pinyin.json#186,1,44,长,2,平,3,仄,ci.清.0000.pinyin.json 第2阕第45字 语料拼音 zhǎng,待裁定
ci.清.0000.pinyin.json#188,0,13,长,2,平,3,仄,ci.清.0000.pinyin.json 第1阕第14字 语料拼音 zhǎng,待裁定
ci.清.0000.pinyin.json#190,1,10,甚,4,仄,2,平,ci.清.0000.pinyin.json 第2阕第11字 语料拼音 shén,待裁定
ci.清.0000.pinyin.json#191,0,18,甚,4,仄,2,平,ci.清.0000.pinyin.json 第1阕第19字 语料拼音 shén,待裁定
ci.清.0000.pinyin.json#192,0,2,绝,4,仄,2,平,ci.清.0000.pinyin.json 第1阕第3字 语料拼音 jué,待裁定
ci.清.0000.pinyin.json#193,1,9,长,2,平,3,仄,ci.清.0000.pinyin.json 第2阕第10字 语料拼音 zhǎng,待裁定
ci.清.0000.pinyin.json#201,0,12,绝,4,仄,2,平,ci.清.0000.pinyin.json 第1阕第13字 语料拼音 jué,待裁定
ci.清.0000.pinyin.json#201,0,30,甚,4,仄,2,平,ci.清.0000.pinyin.json 第1阕第31字 语料拼音 shén,待裁定
ci.清.0000.pinyin.json#203,1,5,长,2,平,3,仄,ci.清.0000.pinyin.json 第2阕第6字 语料拼音 zhǎng,待裁定
ci.清.0000.pinyin.json#204,1,18,甚,4,仄,2,平,ci.清.0000.pinyin.json 第2阕第19字 语料拼音 shén,待裁定
ci.清.0000.pinyin.json#205,1,23,甚,4,仄,2,平,ci.清.0000.pinyin.json 第2阕第24字 语料拼音 shén,待裁定
ci.清.0000.pinyin.json#207,1,47,长,2,平,3,仄,ci.清.0000.pinyin.json 第2阕第48字 语料拼音 zhǎng,待裁定
ci.清.0000.pinyin.json#212,1,0,别,4,仄,2,平,ci.清.0000.pinyin.json 第2阕第1字 语料拼音 bié,待裁定
ci.清.0000.pinyin.json#213,0,23,绝,4,仄,2,平,ci.清.0000.pinyin.json 第1阕第24字 语料拼音 jué,待裁定
ci.清.0000.pinyin.json#213,0,28,别,4,仄,2,平,ci.清.0000.pinyin.json 第1阕第29字 语料拼音 bié,待裁定
ci.清.0000.pinyin.json#214,1,3,别,4,仄,2,平,ci.清.0000.pinyin.json 第2阕第4字 语料拼音 bié,待裁定
ci.清.0000.pinyin.json#215,0,35,长,2,平,3,仄,ci.清.0000.pinyin.json 第1阕第36字 语料拼音 zhǎng,待裁定
ci.清.0000.pinyin.json#215,1,6,甚,4,仄,2,平,ci.清.0000.pinyin.json 第2阕第7字 语料拼音 shén,待裁定
ci.清.0000.pinyin.json#217,0,12,绝,4,仄,2,平,ci.清.0000.pinyin.json 第1阕第13字 语料拼音 jué,待裁定
ci.清.0000.pinyin.json#221,1,3,别,4,仄,2,平,ci.清.0000.pinyin.json 第2阕第4字 语料拼音 bié,待裁定
ci.清.0000.pinyin.json#221,1,14,长,2,平,3,仄,ci.清.0000.pinyin.json 第2阕第15字 语料拼音 zhǎng,待裁定
ci.清.0000.pinyin.json#222,0,19,长,2,平,3,仄,ci.清.0000.pinyin.json 第1阕第20字 语料拼音 zhǎng,待裁定
ci.清.0000.pinyin.json#224,0,36,甚,4,仄,2,平,ci.清.0000.pinyin.json 第1阕第37字 语料拼音 shén,待裁定
ci.清.0000.pinyin.json#225,1,28,别,4,仄,2,平,ci.清.0000.pinyin.json 第2阕第29字 语料拼音 bié,待裁定
ci.清.0000.pinyin.json#228,0,5,长,2,平,3,仄,ci.清.0000.pinyin.json 第1阕第6字 语料拼音 zhǎng,待裁定
ci.清.0000.pinyin.json#229,0,9,长,2,平,3,仄,ci.清.0000.pinyin.json 第1阕第10字 语料拼音 zhǎng,待裁定
ci.清.0000.pinyin.json#229,1,25,甚,4,仄,2,平,ci.清.0000.pinyin.json 第2阕第26字 语料拼音 shén,待裁定
ci.清.0000.pinyin.json#234,1,33,绝,4,仄,2,平,ci.清.0000.pinyin.json 第2阕第34字 语料拼音 jué,待裁定
ci.清.0000.pinyin.json#236,1,19,别,4,仄,2,平,ci.清.0000.pinyin.json 第2阕第20字 语料拼音 bié,待裁定
ci.清.0000.pinyin.json#238,1,17,长,2,平,3,仄,ci.清.0000.pinyin.json 第2阕第18字 语料拼音 zhǎng,待裁定
ci.清.0000.pinyin.json#243,0,1,别,4,仄,2,平,ci.清.0000.pinyin.json 第1阕第2字 语料拼音 bié,待裁定
ci.清.0000.pinyin.json#243,0,6,长,2,平,3,仄,ci.清.0000.pinyin.json 第1阕第7字 语料拼音 zhǎng,待裁定
ci.清.0000.pinyin.json#244,1,19,长,2,平,3,仄,ci.清.0000.pinyin.json 第2阕第20字 语料拼音 zhǎng,待裁定
ci.清.0000.pinyin.json#248,0,23,绝,4,仄,2,平,ci.清.0000.pinyin.json 第1阕第24字 语料拼音 jué,待裁定
ci.清.0000.pinyin.json#248,0,31,甚,4,仄,2,平,ci.清.0000.pinyin.json 第1阕第32字 语料拼音 shén,待裁定
ci.清.0000.pinyin.json#257,0,13,长,2,平,3,仄,ci.清.0000.pinyin.json 第1阕第14字 语料拼音 zhǎng,待裁定
ci.清.0000.pinyin.json#263,1,5,别,4,仄,2,平,ci.清.0000.pinyin.json 第2阕第6字 语料拼音 bié,待裁定
ci.清.0000.pinyin.json#266,0,4,甚,4,仄,2,平,ci.清.0000.pinyin.json 第1阕第5字 语料拼音 shén,待裁定
ci.清.0000.pinyin.json#266,1,42,长,2,平,3,仄,ci.清.0000.pinyin.json 第2阕第43字 语料拼音 zhǎng,待裁定
ci.清.0000.pinyin.json#267,1,10,长,2,平,3,仄,ci.清.0000.pinyin.json 第2阕第11字 语料拼音 zhǎng,待裁定
ci.清.0000.pinyin.json#272,0,41,长,2,平,3,仄,ci.清.0000.pinyin.json 第1阕第42字 语料拼音 zhǎng,待裁定
ci.清.0000.pinyin.json#274,0,19,长,2,平,3,仄,ci.清.0000.pinyin.json 第1阕第20字 语料拼音 zhǎng,待裁定
ci.清.0000.pinyin.json#275,1,24,别,4,仄,2,平,ci.清.0000.pinyin.json 第2阕第25字 语料拼音 bié,待裁定
ci.清.0000.pinyin.json#278,1,15,甚,4,仄,2,平,ci.清.0000.pinyin.json 第2阕第16字 语料拼音 shén,待裁定
ci.清.0000.pinyin.json#284,1,14,别,4,仄,2,平,ci.清.0000.pinyin.json 第2阕第15字 语料拼音 bié,待裁定
ci.清.0000.pinyin.json#286,1,37,甚,4,仄,2,平,ci.清.0000.pinyin.json 第2阕第38字 语料拼音 shén,待裁定
ci.清.0000.pinyin.json#288,1,13,别,4,仄,2,平,ci.清.0000.pinyin.json 第2阕第14字 语料拼音 bié,待裁定
ci.清.0000.pinyin.json#288,1,23,绝,4,仄,2,平,ci.清.0000.pinyin.json 第2阕第24字 语料拼音 jué,待裁定
ci.清.0000.pinyin.json#289,0,14,绝,4,仄,2,平,ci.清.0000.pinyin.json 第1阕第15字 语料拼音 jué,待裁定
ci.清.0000.pinyin.json#291,0,39,长,2,平,3,仄,ci.清.0000.pinyin.json 第1阕第40字 语料拼音 zhǎng,待裁定
ci.清.0000.pinyin.json#293,1,27,绝,4,仄,2,平,ci.清.0000.pinyin.json 第2阕第28字 语料拼音 jué,待裁定
ci.清.0000.pinyin.json#293,1,38,别,4,仄,2,平,ci.清.0000.pinyin.json 第2阕第39字 语料拼音 bié,待裁定
ci.清.0000.pinyin.json#295,1,6,甚,4,仄,2,平,ci.清.0000.pinyin.json 第2阕第7字 语料拼音 shén,待裁定
ci.清.0000.pinyin.json#298,1,1,别,4,仄,2,平,ci.清.0000.pinyin.json 第2阕第2字 语料拼音 bié,待裁定
ci.清.0000.pinyin.json#304,1,12,别,4,仄,2,平,ci.清.0000.pinyin.json 第2阕第13字 语料拼音 bié,待裁定
ci.清.0000.pinyin.json#307,0,16,长,2,平,3,仄,ci.清.0000.pinyin.json 第1阕第17字 语料拼音 zhǎng,待裁定
ci.清.0000.pinyin.json#307,1,0,别,4,仄,2,平,ci.清.0000.pinyin.json 第2阕第1字 语料拼音 bié,待裁定
ci.清.0000.pinyin.json#309,1,5,甚,4,仄,2,平,ci.清.0000.pinyin.json 第2阕第6字 语料拼音 shén,待裁定
ci.清.0000.pinyin.json#312,0,10,长,2,平,3,仄,ci.清.0000.pinyin.json 第1阕第11字 语料拼音 zhǎng,待裁定
ci.清.0000.pinyin.json#314,0,21,绝,4,仄,2,平,ci.清.0000.pinyin.json 第1阕第22字 语料拼音 jué,待裁定
ci.清.0000.pinyin.json#314,1,4,长,2,平,3,仄,ci.清.0000.pinyin.json 第2阕第5字 语料拼音 zhǎng,待裁定
ci.清.0000.pinyin.json#314,1,6,别,4,仄,2,平,ci.清.0000.pinyin.json 第2阕第7字 语料拼音 bié,待裁定
ci.清.0000.pinyin.json#314,1,37,绝,4,仄,2,平,ci.清.0000.pinyin.json 第2阕第38字 语料拼音 jué,待裁定
ci.清.0000.pinyin.json#315,0,20,别,4,仄,2,平,ci.清.0000.pinyin.json 第1阕第21字 语料拼音 bié,待裁定
ci.清.0000.pinyin.json#319,1,12,别,4,仄,2,平,ci.清.0000.pinyin.json 第2阕第13字 语料拼音 bié,待裁定
ci.清.0000.pinyin.json#323,0,4,别,4,仄,2,平,ci.清.0000.pinyin.json 第1阕第5字 语料拼音 bié,待裁定
ci.清.0000.pinyin.json#324,1,20,长,2,平,3,仄,ci.清.0000.pinyin.json 第2阕第21字 语料拼音 zhǎng,待裁定
ci.清.0000.pinyin.json#325,0,31,长,2,平,3,仄,ci.清.0000.pinyin.json 第1阕第32字 语料拼音 zhǎng,待裁定
ci.清.0000.pinyin.json#329,0,36,甚,4,仄,2,平,ci.清.0000.pinyin.json 第1阕第37字 语料拼音 shén,待裁定
ci.清.0000.pinyin.json#332,0,21,长,2,平,3,仄,ci.清.0000.pinyin.json 第1阕第22字 语料拼音 zhǎng,待裁定
ci.清.0000.pinyin.json#334,0,13,长,2,平,3,仄,ci.清.0000.pinyin.json 第1阕第14字 语料拼音 zhǎng,待裁定
ci.清.0000.pinyin.json#334,1,17,别,4,仄,2,平,ci.清.0000.pinyin.json 第2阕第18字 语料拼音 bié,待裁定
ci.清.0000.pinyin.json#334,1,19,别,4,仄,2,平,ci.清.0000.pinyin.json 第2阕第20字 语料拼音 bié,待裁定
ci.清.0000.pinyin.json#339,1,0,长,2,平,3,仄,ci.清.0000.pinyin.json 第2阕第1字 语料拼音 zhǎng,待裁定
ci.清.0000.pinyin.json#342,1,3,长,2,平,3,仄,ci.清.0000.pinyin.json 第2阕第4字 语料拼音 zhǎng,待裁定
ci.清.0000.pinyin.json#348,1,5,别,4,仄,2,平,ci.清.0000.pinyin.json 第2阕第6字 语料拼音 bié,待裁定
ci.清.0000.pinyin.json#351,0,31,甚,4,仄,2,平,ci.清.0000.pinyin.json 第1阕第32字 语料拼音 shén,待裁定
ci.清.0000.pinyin.json#364,0,16,长,2,平,3,仄,ci.清.0000.pinyin.json 第1阕第17字 语料拼音 zhǎng,待裁定
ci.清.0000.pinyin.json#365,0,17,长,2,平,3,仄,ci.清.0000.pinyin.json 第1阕第18字 语料拼音 zhǎng,待裁定
ci.清.0000.pinyin.json#365,1,27,长,2,平,3,仄,ci.清.0000.pinyin.json 第2阕第28字 语料拼音 zhǎng,待裁定
ci.清.0000.pinyin.json#366,1,14,长,2,平,3,仄,ci.清.0000.pinyin.json 第2阕第15字 语料拼音 zhǎng,待裁定
ci.清.0000.pinyin.json#369,1,43,长,2,平,3,仄,ci.清.0000.pinyin.json 第2阕第44字 语料拼音 zhǎng,待裁定
ci.清.0000.pinyin.json#370,1,5,绝,4,仄,2,平,ci.清.0000.pinyin.json 第2阕第6字 语料拼音 jué,待裁定
ci.清.0000.pinyin.json#374,0,34,长,2,平,3,仄,ci.清.0000.pinyin.json 第1阕第35字 语料拼音 zhǎng,待裁定
ci.清.0000.pinyin.json#376,1,13,长,2,平,3,仄,ci.清.0000.pinyin.json 第2阕第14字 语料拼音 zhǎng,待裁定
ci.清.0000.pinyin.json#380,1,3,长,2,平,3,仄,ci.清.0000.pinyin.json 第2阕第4字 语料拼音 zhǎng,待裁定
ci.清.0000.pinyin.json#381,0,9,别,4,仄,2,平,ci.清.0000.pinyin.json 第1阕第10字 语料拼音 bié,待裁定
ci.清.0000.pinyin.json#384,0,0,长,2,平,3,仄,ci.清.0000.pinyin.json 第1阕第1字 语料拼音 zhǎng,待裁定
ci.清.0000.pinyin.json#388,0,18,长,2,平,3,仄,ci.清.0000.pinyin.json 第1阕第19字 语料拼音 zhǎng,待裁定
ci.清.0000.pinyin.json#389,1,1,绝,4,仄,2,平,ci.清.0000.pinyin.json 第2阕第2字 语料拼音 jué,待裁定
ci.清.0000.pinyin.json#390,1,19,长,2,平,3,仄,ci.清.0000.pinyin.json 第2阕第20字 语料拼音 zhǎng,待裁定
ci.清.0000.pinyin.json#391,0,25,别,4,仄,2,平,ci.清.0000.pinyin.json 第1阕第26字 语料拼音 bié,待裁定
ci.清.0000.pinyin.json#392,0,33,长,2,平,3,仄,ci.清.0000.pinyin.json 第1阕第34字 语料拼音 zhǎng,待裁定
ci.清.0000.pinyin.json#392,0,37,甚,4,仄,2,平,ci.清.0000.pinyin.json 第1阕第38字 语料拼音 shén,待裁定
ci.清.0000.pinyin.json#393,1,6,别,4,仄,2,平,ci.清.0000.pinyin.json 第2阕第7字 语料拼音 bié,待裁定
ci.清.0000.pinyin.json#398,0,20,长,2,平,3,仄,ci.清.0000.pinyin.json 第1阕第21字 语料拼音 zhǎng,待裁定
ci.清.0000.pinyin.json#408,1,6,别,4,仄,2,平,ci.清.0000.pinyin.json 第2阕第7字 语料拼音 bié,待裁定
ci.清.0000.pinyin.json#415,0,43,甚,4,仄,2,平,ci.清.0000.pinyin.json 第1阕第44字 语料拼音 shén,待裁定
ci.清.0000.pinyin.json#415,1,46,长,2,平,3,仄,ci.清.0000.pinyin.json 第2阕第47字 语料拼音 zhǎng,待裁定
ci.清.0000.pinyin.json#417,1,0,别,4,仄,2,平,ci.清.0000.pinyin.json 第2阕第1字 语料拼音 bié,待裁定
ci.清.0000.pinyin.json#417,1,20,长,2,平,3,仄,ci.清.0000.pinyin.json 第2阕第21字 语料拼音 zhǎng,待裁定
ci.清.0000.pinyin.json#419,1,8,甚,4,仄,2,平,ci.清.0000.pinyin.json 第2阕第9字 语料拼音 shén,待裁定
ci.清.0000.pinyin.json#420,1,21,长,2,平,3,仄,ci.清.0000.pinyin.json 第2阕第22字 语料拼音 zhǎng,待裁定
ci.清.0000.pinyin.json#421,0,12,绝,4,仄,2,平,ci.清.0000.pinyin.json 第1阕第13字 语料拼音 jué,待裁定
ci.清.0000.pinyin.json#422,1,20,长,2,平,3,仄,ci.清.0000.pinyin.json 第2阕第21字 语料拼音 zhǎng,待裁定
ci.清.0000.pinyin.json#423,0,14,长,2,平,3,仄,ci.清.0000.pinyin.json 第1阕第15字 语料拼音 zhǎng,待裁定
ci.清.0000.pinyin.json#423,1,5,别,4,仄,2,平,ci.清.0000.pinyin.json 第2阕第6字 语料拼音 bié,待裁定
ci.清.0000.pinyin.json#424,0,17,绝,4,仄,2,平,ci.清.0000.pinyin.json 第1阕第18字 语料拼音 jué,待裁定
ci.清.0000.pinyin.json#424,0,24,别,4,仄,2,平,ci.清.0000.pinyin.json 第1阕第25字 语料拼音 bié,待裁定
ci.清.0000.pinyin.json#425,1,33,长,2,平,3,仄,ci.清.0000.pinyin.json 第2阕第34字 语料拼音 zhǎng,待裁定
ci.清.0000.pinyin.json#427,0,20,别,4,仄,2,平,ci.清.0000.pinyin.json 第1阕第21字 语料拼音 bié,待裁定
ci.清.0000.pinyin.json#433,1,26,长,2,平,3,仄,ci.清.0000.pinyin.json 第2阕第27字 语料拼音 zhǎng,待裁定
ci.清.0000.pinyin.json#434,0,24,甚,4,仄,2,平,ci.清.0000.pinyin.json 第1阕第25字 语料拼音 shén,待裁定
ci.清.0000.pinyin.json#435,1,4,长,2,平,3,仄,ci.清.0000.pinyin.json 第2阕第5字 语料拼音 zhǎng,待裁定
ci.清.0000.pinyin.json#439,0,10,绝,4,仄,2,平,ci.清.0000.pinyin.json 第1阕第11字 语料拼音 jué,待裁定
ci.清.0000.pinyin.json#439,1,8,别,4,仄,2,平,ci.清.0000.pinyin.json 第2阕第9字 语料拼音 bié,待裁定
ci.清.0000.pinyin.json#446,1,2,别,4,仄,2,平,ci.清.0000.pinyin.json 第2阕第3字 语料拼音 bié,待裁定
ci.清.0000.pinyin.json#446,1,7,绝,4,仄,2,平,ci.清.0000.pinyin.json 第2阕第8字 语料拼音 jué,待裁定
ci.清.0000.pinyin.json#448,2,22,长,2,平,3,仄,ci.清.0000.pinyin.json 第3阕第23字 语料拼音 zhǎng,待裁定
ci.清.0000.pinyin.json#449,1,31,甚,4,仄,2,平,ci.清.0000.pinyin.json 第2阕第32字 语料拼音 shén,待裁定
ci.清.0000.pinyin.json#451,0,13,别,4,仄,2,平,ci.清.0000.pinyin.json 第1阕第14字 语料拼音 bié,待裁定
ci.清.0000.pinyin.json#451,1,38,绝,4,仄,2,平,ci.清.0000.pinyin.json 第2阕第39字 语料拼音 jué,待裁定
ci.清.0000.pinyin.json#453,0,16,甚,4,仄,2,平,ci.清.0000.pinyin.json 第1阕第17字 语料拼音 shén,待裁定
ci.清.0000.pinyin.json#454,1,33,长,2,平,3,仄,ci.清.0000.pinyin.json 第2阕第34字 语料拼音 zhǎng,待裁定
ci.清.0000.pinyin.json#458,1,5,别,4,仄,2,平,ci.清.0000.pinyin.json 第2阕第6字 语料拼音 bié,待裁定
ci.清.0000.pinyin.json#464,1,46,长,2,平,3,仄,ci.清.0000.pinyin.json 第2阕第47字 语料拼音 zhǎng,待裁定
ci.清.0000.pinyin.json#465,0,6,长,2,平,3,仄,ci.清.0000.pinyin.json 第1阕第7字 语料拼音 zhǎng,待裁定
ci.清.0000.pinyin.json#465,0,18,长,2,平,3,仄,ci.清.0000.pinyin.json 第1阕第19字 语料拼音 zhǎng,待裁定
ci.清.0000.pinyin.json#465,0,21,长,2,平,3,仄,ci.清.0000.pinyin.json 第1阕第22字 语料拼音 zhǎng,待裁定
ci.清.0000.pinyin.json#467,1,0,别,4,仄,2,平,ci.清.0000.pinyin.json 第2阕第1字 语料拼音 bié,待裁定
ci.清.0000.pinyin.json#469,1,4,长,2,平,3,仄,ci.清.0000.pinyin.json 第2阕第5字 语料拼音 zhǎng,待裁定
ci.清.0000.pinyin.json#473,0,12,甚,4,仄,2,平,ci.清.0000.pinyin.json 第1阕第13字 语料拼音 shén,待裁定
ci.清.0000.pinyin.json#474,0,26,长,2,平,3,仄,ci.清.0000.pinyin.json 第1阕第27字 语料拼音 zhǎng,待裁定
ci.清.0000.pinyin.json#479,0,4,绝,4,仄,2,平,ci.清.0000.pinyin.json 第1阕第5字 语料拼音 jué,待裁定
ci.清.0000.pinyin.json#479,1,19,甚,4,仄,2,平,ci.清.0000.pinyin.json 第2阕第20字 语料拼音 shén,待裁定
ci.清.0000.pinyin.json#484,1,4,长,2,平,3,仄,ci.清.0000.pinyin.json 第2阕第5字 语料拼音 zhǎng,待裁定
ci.清.0000.pinyin.json#488,1,32,别,4,仄,2,平,ci.清.0000.pinyin.json 第2阕第33字 语料拼音 bié,待裁定
ci.清.0000.pinyin.json#489,0,2,长,2,平,3,仄,ci.清.0000.pinyin.json 第1阕第3字 语料拼音 zhǎng,待裁定
ci.清.0000.pinyin.json#491,0,0,长,2,平,3,仄,ci.清.0000.pinyin.json 第1阕第1字 语料拼音 zhǎng,待裁定
ci.清.0000.pinyin.json#493,0,26,绝,4,仄,2,平,ci.清.0000.pinyin.json 第1阕第27字 语料拼音 jué,待裁定
ci.清.0000.pinyin.json#493,1,4,长,2,平,3,仄,ci.清.0000.pinyin.json 第2阕第5字 语料拼音 zhǎng,待裁定
ci.清.0000.pinyin.json#494,0,50,长,2,平,3,仄,ci.清.0000.pinyin.json 第1阕第51字 语料拼音 zhǎng,待裁定
ci.清.0000.pinyin.json#495,0,6,长,2,平,3,仄,ci.清.0000.pinyin.json 第1阕第7字 语料拼音 zhǎng,待裁定
ci.清.0000.pinyin.json#497,0,33,长,2,平,3,仄,ci.清.0000.pinyin.json 第1阕第34字 语料拼音 zhǎng,待裁定
ci.清.0000.pinyin.json#498,1,15,长,2,平,3,仄,ci.清.0000.pinyin.json 第2阕第16字 语料拼音 zhǎng,待裁定
ci.清.0000.pinyin.json#500,0,5,别,4,仄,2,平,ci.清.0000.pinyin.json 第1阕第6字 语料拼音 bié,待裁定
ci.清.0000.pinyin.json#502,1,28,长,2,平,3,仄,ci.清.0000.pinyin.json 第2阕第29字 语料拼音 zhǎng,待裁定
ci.清.0000.pinyin.json#505,0,31,别,4,仄,2,平,ci.清.0000.pinyin.json 第1阕第32字 语料拼音 bié,待裁定
ci.清.0000.pinyin.json#507,1,13,长,2,平,3,仄,ci.清.0000.pinyin.json 第2阕第14字 语料拼音 zhǎng,待裁定
ci.清.0000.pinyin.json#509,1,27,长,2,平,3,仄,ci.清.0000.pinyin.json 第2阕第28字 语料拼音 zhǎng,待裁定
ci.清.0000.pinyin.json#511,1,2,甚,4,仄,2,平,ci.清.0000.pinyin.json 第2阕第3字 语料拼音 shén,待裁定
ci.清.0000.pinyin.json#511,1,22,长,2,平,3,仄,ci.清.0000.pinyin.json 第2阕第23字 语料拼音 zhǎng,待裁定
ci.清.0000.pinyin.json#512,1,12,甚,4,仄,2,平,ci.清.0000.pinyin.json 第2阕第13字 语料拼音 shén,待裁定
ci.清.0000.pinyin.json#515,1,2,别,4,仄,2,平,ci.清.0000.pinyin.json 第2阕第3字 语料拼音 bié,待裁定
ci.清.0000.pinyin.json#520,1,48,甚,4,仄,2,平,ci.清.0000.pinyin.json 第2阕第49字 语料拼音 shén,待裁定
ci.清.0000.pinyin.json#521,1,31,别,4,仄,2,平,ci.清.0000.pinyin.json 第2阕第32字 语料拼音 bié,待裁定
ci.清.0000.pinyin.json#526,0,13,长,2,平,3,仄,ci.清.0000.pinyin.json 第1阕第14字 语料拼音 zhǎng,待裁定
ci.清.0000.pinyin.json#530,1,4,长,2,平,3,仄,ci.清.0000.pinyin.json 第2阕第5字 语料拼音 zhǎng,待裁定
ci.清.0000.pinyin.json#531,2,16,长,2,平,3,仄,ci.清.0000.pinyin.json 第3阕第17字 语料拼音 zhǎng,待裁定
ci.清.0000.pinyin.json#531,6,0,甚,4,仄,2,平,ci.清.0000.pinyin.json 第7阕第1字 语料拼音 shén,待裁定
ci.清.0000.pinyin.json#531,6,21,绝,4,仄,2,平,ci.清.0000.pinyin.json 第7阕第22字 语料拼音 jué,待裁定
ci.清.0000.pinyin.json#533,1,24,别,4,仄,2,平,ci.清.0000.pinyin.json 第2阕第25字 语料拼音 bié,待裁定
ci.清.0000.pinyin.json#534,1,0,别,4,仄,2,平,ci.清.0000.pinyin.json 第2阕第1字 语料拼音 bié,待裁定
ci.清.0000.pinyin.json#534,1,10,长,2,平,3,仄,ci.清.0000.pinyin.json 第2阕第11字 语料拼音 zhǎng,待裁定
ci.清.0000.pinyin.json#538,0,16,绝,4,仄,2,平,ci.清.0000.pinyin.json 第1阕第17字 语料拼音 jué,待裁定
ci.清.0000.pinyin.json#540,1,8,长,2,平,3,仄,ci.清.0000.pinyin.json 第2阕第9字 语料拼音 zhǎng,待裁定
ci.清.0000.pinyin.json#542,1,9,绝,4,仄,2,平,ci.清.0000.pinyin.json 第2阕第10字 语料拼音 jué,待裁定
ci.清.0000.pinyin.json#544,0,21,长,2,平,3,仄,ci.清.0000.pinyin.json 第1阕第22字 语料拼音 zhǎng,待裁定
ci.清.0000.pinyin.json#544,1,0,长,2,平,3,仄,ci.清.0000.pinyin.json 第2阕第1字 语料拼音 zhǎng,待裁定
ci.清.0000.pinyin.json#548,0,27,长,2,平,3,仄,ci.清.0000.pinyin.json 第1阕第28字 语料拼音 zhǎng,待裁定
ci.清.0000.pinyin.json#557,0,5,长,2,平,3,仄,ci.清.0000.pinyin.json 第1阕第6字 语料拼音 zhǎng,待裁定
ci.清.0000.pinyin.json#557,1,9,别,4,仄,2,平,ci.清.0000.pinyin.json 第2阕第10字 语料拼音 bié,待裁定
ci.清.0000.pinyin.json#558,0,1,别,4,仄,2,平,ci.清.0000.pinyin.json 第1阕第2字 语料拼音 bié,待裁定
ci.清.0000.pinyin.json#558,1,6,甚,4,仄,2,平,ci.清.0000.pinyin.json 第2阕第7字 语料拼音 shén,待裁定
ci.清.0000.pinyin.json#560,1,13,别,4,仄,2,平,ci.清.0000.pinyin.json 第2阕第14字 语料拼音 bié,待裁定
ci.清.0000.pinyin.json#563,0,7,别,4,仄,2,平,ci.清.0000.pinyin.json 第1阕第8字 语料拼音 bié,待裁定
ci.清.0000.pinyin.json#564,1,6,绝,4,仄,2,平,ci.清.0000.pinyin.json 第2阕第7字 语料拼音 jué,待裁定
ci.清.0000.pinyin.json#568,0,18,甚,4,仄,2,平,ci.清.0000.pinyin.json 第1阕第19字 语料拼音 shén,待裁定
ci.清.0000.pinyin.json#568,0,19,长,2,平,3,仄,ci.清.0000.pinyin.json 第1阕第20字 语料拼音 zhǎng,待裁定
ci.清.0000.pinyin.json#569,0,23,绝,4,仄,2,平,ci.清.0000.pinyin.json 第1阕第24字 语料拼音 jué,待裁定
ci.清.0000.pinyin.json#571,1,8,长,2,平,3,仄,ci.清.0000.pinyin.json 第2阕第9字 语料拼音 zhǎng,待裁定
ci.清.0000.pinyin.json#572,2,6,别,4,仄,2,平,ci.清.0000.pinyin.json 第3阕第7字 语料拼音 bié,待裁定
ci.清.0000.pinyin.json#573,0,9,别,4,仄,2,平,ci.清.0000.pinyin.json 第1阕第10字 语料拼音 bié,待裁定
ci.清.0000.pinyin.json#573,1,1,别,4,仄,2,平,ci.清.0000.pinyin.json 第2阕第2字 语料拼音 bié,待裁定
ci.清.0000.pinyin.json#576,0,0,别,4,仄,2,平,ci.清.0000.pinyin.json 第1阕第1字 语料拼音 bié,待裁定
ci.清.0000.pinyin.json#577,2,0,甚,4,仄,2,平,ci.清.0000.pinyin.json 第3阕第1字 语料拼音 shén,待裁定
ci.清.0000.pinyin.json#578,0,0,别,4,仄,2,平,ci.清.0000.pinyin.json 第1阕第1字 语料拼音 bié,待裁定
ci.清.0000.pinyin.json#578,1,24,绝,4,仄,2,平,ci.清.0000.pinyin.json 第2阕第25字 语料拼音 jué,待裁定
ci.清.0000.pinyin.json#580,0,5,绝,4,仄,2,平,ci.清.0000.pinyin.json 第1阕第6字 语料拼音 jué,待裁定
ci.清.0000.pinyin.json#581,1,14,长,2,平,3,仄,ci.清.0000.pinyin.json 第2阕第15字 语料拼音 zhǎng,待裁定
ci.清.0000.pinyin.json#582,1,4,长,2,平,3,仄,ci.清.0000.pinyin.json 第2阕第5字 语料拼音 zhǎng,待裁定
ci.清.0000.pinyin.json#583,0,17,别,4,仄,2,平,ci.清.0000.pinyin.json 第1阕第18字 语料拼音 bié,待裁定
ci.清.0000.pinyin.json#584,0,18,别,4,仄,2,平,ci.清.0000.pinyin.json 第1阕第19字 语料拼音 bié,待裁定
ci.清.0000.pinyin.json#586,1,33,甚,4,仄,2,平,ci.清.0000.pinyin.json 第2阕第34字 语料拼音 shén,待裁定
ci.清.0000.pinyin.json#588,4,7,长,2,平,3,仄,ci.清.0000.pinyin.json 第5阕第8字 语料拼音 zhǎng,待裁定
ci.清.0000.pinyin.json#589,1,5,绝,4,仄,2,平,ci.清.0000.pinyin.json 第2阕第6字 语料拼音 jué,待裁定
ci.清.0000.pinyin.json#594,0,26,长,2,平,3,仄,ci.清.0000.pinyin.json 第1阕第27字 语料拼音 zhǎng,待裁定
ci.清.0000.pinyin.json#594,0,41,别,4,仄,2,平,ci.清.0000.pinyin.json 第1阕第42字 语料拼音 bié,待裁定
ci.清.0000.pinyin.json#594,1,7,甚,4,仄,2,平,ci.清.0000.pinyin.json 第2阕第8字 语料拼音 shén,待裁定
ci.清.0000.pinyin.json#596,0,5,绝,4,仄,2,平,ci.清.0000.pinyin.json 第1阕第6字 语料拼音 jué,待裁定
ci.清.0000.pinyin.json#598,1,12,别,4,仄,2,平,ci.清.0000.pinyin.json 第2阕第13字 语料拼音 bié,待裁定
ci.清.0000.pinyin.json#603,1,20,甚,4,仄,2,平,ci.清.0000.pinyin.json 第2阕第21字 语料拼音 shén,待裁定
ci.清.0000.pinyin.json#606,0,17,长,2,平,3,仄,ci.清.0000.pinyin.json 第1阕第18字 语料拼音 zhǎng,待裁定
ci.清.0000.pinyin.json#608,0,36,绝,4,仄,2,平,ci.清.0000.pinyin.json 第1阕第37字 语料拼音 jué,待裁定
ci.清.0000.pinyin.json#608,0,41,甚,4,仄,2,平,ci.清.0000.pinyin.json 第1阕第42字 语料拼音 shén,待裁定
ci.清.0000.pinyin.json#608,1,39,别,4,仄,2,平,ci.清.0000.pinyin.json 第2阕第40字 语料拼音 bié,待裁定
ci.清.0000.pinyin.json#609,1,10,别,4,仄,2,平,ci.清.0000.pinyin.json 第2阕第11字 语料拼音 bié,待裁定
ci.清.0000.pinyin.json#609,2,9,长,2,平,3,仄,ci.清.0000.pinyin.json 第3阕第10字 语料拼音 zhǎng,待裁定
ci.清.0000.pinyin.json#610,0,50,别,4,仄,2,平,ci.清.0000.pinyin.json 第1阕第51字 语料拼音 bié,待裁定
ci.清.0000.pinyin.json#610,1,56,绝,4,仄,2,平,ci.清.0000.pinyin.json 第2阕第57字 语料拼音 jué,待裁定
ci.清.0000.pinyin.json#612,1,8,长,2,平,3,仄,ci.清.0000.pinyin.json 第2阕第9字 语料拼音 zhǎng,待裁定
ci.清.0000.pinyin.json#613,1,3,甚,4,仄,2,平,ci.清.0000.pinyin.json 第2阕第4字 语料拼音 shén,待裁定
ci.清.0000.pinyin.json#618,0,36,别,4,仄,2,平,ci.清.0000.pinyin.json 第1阕第37字 语料拼音 bié,待裁定
ci.清.0000.pinyin.json#618,1,35,长,2,平,3,仄,ci.清.0000.pinyin.json 第2阕第36字 语料拼音 zhǎng,待裁定
ci.清.0000.pinyin.json#622,1,42,别,4,仄,2,平,ci.清.0000.pinyin.json 第2阕第43字 语料拼音 bié,待裁定
ci.清.0000.pinyin.json#625,1,19,长,2,平,3,仄,ci.清.0000.pinyin.json 第2阕第20字 语料拼音 zhǎng,待裁定
ci.清.0000.pinyin.json#626,0,10,别,4,仄,2,平,ci.清.0000.pinyin.json 第1阕第11字 语料拼音 bié,待裁定
ci.清.0000.pinyin.json#628,1,20,长,2,平,3,仄,ci.清.0000.pinyin.json 第2阕第21字 语料拼音 zhǎng,待裁定
ci.清.0000.pinyin.json#628,1,44,绝,4,仄,2,平,ci.清.0000.pinyin.json 第2阕第45字 语料拼音 jué,待裁定
ci.清.0000.pinyin.json#632,1,25,别,4,仄,2,平,ci.清.0000.pinyin.json 第2阕第26字 语料拼音 bié,待裁定
ci.清.0000.pinyin.json#632,1,29,长,2,平,3,仄,ci.清.0000.pinyin.json 第2阕第30字 语料拼音 zhǎng,待裁定
ci.清.0000.pinyin.json#634,0,2,绝,4,仄,2,平,ci.清.0000.pinyin.json 第1阕第3字 语料拼音 jué,待裁定
ci.清.0000.pinyin.json#637,1,4,长,2,平,3,仄,ci.清.0000.pinyin.json 第2阕第5字 语料拼音 zhǎng,待裁定
ci.清.0000.pinyin.json#637,1,7,甚,4,仄,2,平,ci.清.0000.pinyin.json 第2阕第8字 语料拼音 shén,待裁定
ci.清.0000.pinyin.json#638,1,12,别,4,仄,2,平,ci.清.0000.pinyin.json 第2阕第13字 语料拼音 bié,待裁定
ci.清.0000.pinyin.json#639,0,0,长,2,平,3,仄,ci.清.0000.pinyin.json 第1阕第1字 语料拼音 zhǎng,待裁定
ci.清.0000.pinyin.json#639,0,3,别,4,仄,2,平,ci.清.0000.pinyin.json 第1阕第4字 语料拼音 bié,待裁定
ci.清.0000.pinyin.json#642,1,22,长,2,平,3,仄,ci.清.0000.pinyin.json 第2阕第23字 语料拼音 zhǎng,待裁定
ci.清.0000.pinyin.json#647,1,13,长,2,平,3,仄,ci.清.0000.pinyin.json 第2阕第14字 语料拼音 zhǎng,待裁定
ci.清.0000.pinyin.json#651,0,2,长,2,平,3,仄,ci.清.0000.pinyin.json 第1阕第3字 语料拼音 zhǎng,待裁定
ci.清.0000.pinyin.json#652,0,47,别,4,仄,2,平,ci.清.0000.pinyin.json 第1阕第48字 语料拼音 bié,待裁定
ci.清.0000.pinyin.json#652,1,8,长,2,平,3,仄,ci.清.0000.pinyin.json 第2阕第9字 语料拼音 zhǎng,待裁定
ci.清.0000.pinyin.json#657,1,12,长,2,平,3,仄,ci.清.0000.pinyin.json 第2阕第13字 语料拼音 zhǎng,待裁定
ci.清.0000.pinyin.json#657,1,40,别,4,仄,2,平,ci.清.0000.pinyin.json 第2阕第41字 语料拼音 bié,待裁定
ci.清.0000.pinyin.json#662,0,9,长,2,平,3,仄,ci.清.0000.pinyin.json 第1阕第10字 语料拼音 zhǎng,待裁定
ci.清.0000.pinyin.json#662,1,18,别,4,仄,2,平,ci.清.0000.pinyin.json 第2阕第19字 语料拼音 bié,待裁定
ci.清.0000.pinyin.json#667,1,8,甚,4,仄,2,平,ci.清.0000.pinyin.json 第2阕第9字 语料拼音 shén,待裁定
ci.清.0000.pinyin.json#669,1,10,绝,4,仄,2,平,ci.清.0000.pinyin.json 第2阕第11字 语料拼音 jué,待裁定
ci.清.0000.pinyin.json#669,1,20,长,2,平,3,仄,ci.清.0000.pinyin.json 第2阕第21字 语料拼音 zhǎng,待裁定
ci.清.0000.pinyin.json#671,0,11,绝,4,仄,2,平,ci.清.0000.pinyin.json 第1阕第12字 语料拼音 jué,待裁定
ci.清.0000.pinyin.json#671,0,36,别,4,仄,2,平,ci.清.0000.pinyin.json 第1阕第37字 语料拼音 bié,待裁定
ci.清.0000.pinyin.json#674,0,29,甚,4,仄,2,平,ci.清.0000.pinyin.json 第1阕第30字 语料拼音 shén,待裁定
ci.清.0000.pinyin.json#678,1,16,别,4,仄,2,平,ci.清.0000.pinyin.json 第2阕第17字 语料拼音 bié,待裁定
ci.清.0000.pinyin.json#684,1,17,别,4,仄,2,平,ci.清.0000.pinyin.json 第2阕第18字 语料拼音 bié,待裁定
ci.清.0000.pinyin.json#684,1,31,长,2,平,3,仄,ci.清.0000.pinyin.json 第2阕第32字 语料拼音 zhǎng,待裁定
ci.清.0000.pinyin.json#685,0,18,甚,4,仄,2,平,ci.清.0000.pinyin.json 第1阕第19字 语料拼音 shén,待裁定
ci.清.0000.pinyin.json#685,0,27,别,4,仄,2,平,ci.清.0000.pinyin.json 第1阕第28字 语料拼音 bié,待裁定
ci.清.0000.pinyin.json#686,1,6,别,4,仄,2,平,ci.清.0000.pinyin.json 第2阕第7字 语料拼音 bié,待裁定
ci.清.0000.pinyin.json#686,1,37,绝,4,仄,2,平,ci.清.0000.pinyin.json 第2阕第38字 语料拼音 jué,待裁定
ci.清.0000.pinyin.json#689,0,8,长,2,平,3,仄,ci.清.0000.pinyin.json 第1阕第9字 语料拼音 zhǎng,待裁定
ci.清.0000.pinyin.json#691,0,28,长,2,平,3,仄,ci.清.0000.pinyin.json 第1阕第29字 语料拼音 zhǎng,待裁定
ci.清.0000.pinyin.json#691,0,30,别,4,仄,2,平,ci.清.0000.pinyin.json 第1阕第31字 语料拼音 bié,待裁定
ci.清.0000.pinyin.json#693,0,36,绝,4,仄,2,平,ci.清.0000.pinyin.json 第1阕第37字 语料拼音 jué,待裁定
ci.清.0000.pinyin.json#694,1,28,长,2,平,3,仄,ci.清.0000.pinyin.json 第2阕第29字 语料拼音 zhǎng,待裁定
ci.清.0000.pinyin.json#696,1,2,甚,4,仄,2,平,ci.清.0000.pinyin.json 第2阕第3字 语料拼音 shén,待裁定
ci.清.0000.pinyin.json#697,0,16,绝,4,仄,2,平,ci.清.0000.pinyin.json 第1阕第17字 语料拼音 jué,待裁定
ci.清.0000.pinyin.json#699,1,6,别,4,仄,2,平,ci.清.0000.pinyin.json 第2阕第7字 语料拼音 bié,待裁定
ci.清.0000.pinyin.json#699,1,9,长,2,平,3,仄,ci.清.0000.pinyin.json 第2阕第10字 语料拼音 zhǎng,待裁定
ci.清.0000.pinyin.json#700,0,7,甚,4,仄,2,平,ci.清.0000.pinyin.json 第1阕第8字 语料拼音 shén,待裁定
ci.清.0000.pinyin.json#708,0,14,长,2,平,3,仄,ci.清.0000.pinyin.json 第1阕第15字 语料拼音 zhǎng,待裁定
ci.清.0000.pinyin.json#709,0,0,别,4,仄,2,平,ci.清.0000.pinyin.json 第1阕第1字 语料拼音 bié,待裁定
ci.清.0000.pinyin.json#709,1,2,别,4,仄,2,平,ci.清.0000.pinyin.json 第2阕第3字 语料拼音 bié,待裁定
ci.清.0000.pinyin.json#709,1,22,长,2,平,3,仄,ci.清.0000.pinyin.json 第2阕第23字 语料拼音 zhǎng,待裁定
ci.清.0000.pinyin.json#711,1,0,别,4,仄,2,平,ci.清.0000.pinyin.json 第2阕第1字 语料拼音 bié,待裁定
ci.清.0000.pinyin.json#713,0,27,别,4,仄,2,平,ci.清.0000.pinyin.json 第1阕第28字 语料拼音 bié,待裁定
ci.清.0000.pinyin.json#715,1,17,长,2,平,3,仄,ci.清.0000.pinyin.json 第2阕第18字 语料拼音 zhǎng,待裁定
ci.清.0000.pinyin.json#716,1,14,别,4,仄,2,平,ci.清.0000.pinyin.json 第2阕第15字 语料拼音 bié,待裁定
ci.清.0000.pinyin.json#717,1,22,长,2,平,3,仄,ci.清.0000.pinyin.json 第2阕第23字 语料拼音 zhǎng,待裁定
ci.清.0000.pinyin.json#724,1,21,别,4,仄,2,平,ci.清.0000.pinyin.json 第2阕第22字 语料拼音 bié,待裁定
ci.清.0000.pinyin.json#729,1,12,长,2,平,3,仄,ci.清.0000.pinyin.json 第2阕第13字 语料拼音 zhǎng,待裁定
ci.清.0000.pinyin.json#729,1,25,别,4,仄,2,平,ci.清.0000.pinyin.json 第2阕第26字 语料拼音 bié,待裁定
ci.清.0000.pinyin.json#732,0,49,绝,4,仄,2,平,ci.清.0000.pinyin.json 第1阕第50字 语料拼音 jué,待裁定
ci.清.0000.pinyin.json#732,1,20,甚,4,仄,2,平,ci.清.0000.pinyin.json 第2阕第21字 语料拼音 shén,待裁定
ci.清.0000.pinyin.json#732,1,50,别,4,仄,2,平,ci.清.0000.pinyin.json 第2阕第51字 语料拼音 bié,待裁定
ci.清.0000.pinyin.json#734,0,16,别,4,仄,2,平,ci.清.0000.pinyin.json 第1阕第17字 语料拼音 bié,待裁定
ci.清.0000.pinyin.json#736,0,24,长,2,平,3,仄,ci.清.0000.pinyin.json 第1阕第25字 语料拼音 zhǎng,待裁定
ci.清.0000.pinyin.json#737,0,3,别,4,仄,2,平,ci.清.0000.pinyin.json 第1阕第4字 语料拼音 bié,待裁定
ci.清.0000.pinyin.json#737,0,15,长,2,平,3,仄,ci.清.0000.pinyin.json 第1阕第16字 语料拼音 zhǎng,待裁定
ci.清.0000.pinyin.json#742,1,16,别,4,仄,2,平,ci.清.0000.pinyin.json 第2阕第17字 语料拼音 bié,待裁定
ci.清.0000.pinyin.json#748,0,21,甚,4,仄,2,平,ci.清.0000.pinyin.json 第1阕第22字 语料拼音 shén,待裁定
ci.清.0000.pinyin.json#749,0,27,长,2,平,3,仄,ci.清.0000.pinyin.json 第1阕第28字 语料拼音 zhǎng,待裁定
ci.清.0000.pinyin.json#749,1,28,长,2,平,3,仄,ci.清.0000.pinyin.json 第2阕第29字 语料拼音 zhǎng,待裁定
ci.清.0000.pinyin.json#750,1,20,长,2,平,3,仄,ci.清.0000.pinyin.json 第2阕第21字 语料拼音 zhǎng,待裁定
ci.清.0000.pinyin.json#751,1,25,长,2,平,3,仄,ci.清.0000.pinyin.json 第2阕第26字 语料拼音 zhǎng,待裁定
ci.清.0000.pinyin.json#756,0,9,别,4,仄,2,平,ci.清.0000.pinyin.json 第1阕第10字 语料拼音 bié,待裁定
ci.清.0000.pinyin.json#759,0,13,别,4,仄,2,平,ci.清.0000.pinyin.json 第1阕第14字 语料拼音 bié,待裁定
ci.清.0000.pinyin.json#759,0,27,绝,4,仄,2,平,ci.清.0000.pinyin.json 第1阕第28字 语料拼音 jué,待裁定
ci.清.0000.pinyin.json#761,0,8,长,2,平,3,仄,ci.清.0000.pinyin.json 第1阕第9字 语料拼音 zhǎng,待裁定
ci.清.0000.pinyin.json#769,1,22,长,2,平,3,仄,ci.清.0000.pinyin.json 第2阕第23字 语料拼音 zhǎng,待裁定
ci.清.0000.pinyin.json#772,0,12,长,2,平,3,仄,ci.清.0000.pinyin.json 第1阕第13字 语料拼音 zhǎng,待裁定
ci.清.0000.pinyin.json#773,0,8,长,2,平,3,仄,ci.清.0000.pinyin.json 第1阕第9字 语料拼音 zhǎng,待裁定
ci.清.0000.pinyin.json#779,1,15,别,4,仄,2,平,ci.清.0000.pinyin.json 第2阕第16字 语料拼音 bié,待裁定
ci.清.0000.pinyin.json#780,0,3,甚,4,仄,2,平,ci.清.0000.pinyin.json 第1阕第4字 语料拼音 shén,待裁定
ci.清.0000.pinyin.json#781,1,17,别,4,仄,2,平,ci.清.0000.pinyin.json 第2阕第18字 语料拼音 bié,待裁定
ci.清.0000.pinyin.json#782,1,0,别,4,仄,2,平,ci.清.0000.pinyin.json 第2阕第1字 语料拼音 bié,待裁定
ci.清.0000.pinyin.json#782,1,20,绝,4,仄,2,平,ci.清.0000.pinyin.json 第2阕第21字 语料拼音 jué,待裁定
ci.清.0000.pinyin.json#786,1,2,长,2,平,3,仄,ci.清.0000.pinyin.json 第2阕第3字 语料拼音 zhǎng,待裁定
ci.清.0000.pinyin.json#794,1,21,长,2,平,3,仄,ci.清.0000.pinyin.json 第2阕第22字 语料拼音 zhǎng,待裁定
ci.清.0000.pinyin.json#799,1,5,长,2,平,3,仄,ci.清.0000.pinyin.json 第2阕第6字 语料拼音 zhǎng,待裁定
ci.清.0000.pinyin.json#800,0,11,甚,4,仄,2,平,ci.清.0000.pinyin.json 第1阕第12字 语料拼音 shén,待裁定
ci.清.0000.pinyin.json#800,1,36,长,2,平,3,仄,ci.清.0000.pinyin.json 第2阕第37字 语料拼音 zhǎng,待裁定
ci.清.0000.pinyin.json#801,0,2,绝,4,仄,2,平,ci.清.0000.pinyin.json 第1阕第3字 语料拼音 jué,待裁定
ci.清.0000.pinyin.json#803,0,9,长,2,平,3,仄,ci.清.0000.pinyin.json 第1阕第10字 语料拼音 zhǎng,待裁定
ci.清.0000.pinyin.json#803,1,20,绝,4,仄,2,平,ci.清.0000.pinyin.json 第2阕第21字 语料拼音 jué,待裁定
ci.清.0000.pinyin.json#808,1,23,长,2,平,3,仄,ci.清.0000.pinyin.json 第2阕第24字 语料拼音 zhǎng,待裁定
ci.清.0000.pinyin.json#809,0,9,长,2,平,3,仄,ci.清.0000.pinyin.json 第1阕第10字 语料拼音 zhǎng,待裁定
ci.清.0000.pinyin.json#809,1,24,绝,4,仄,2,平,ci.清.0000.pinyin.json 第2阕第25字 语料拼音 jué,待裁定
ci.清.0000.pinyin.json#809,1,25,长,2,平,3,仄,ci.清.0000.pinyin.json 第2阕第26字 语料拼音 zhǎng,待裁定
ci.清.0000.pinyin.json#818,1,6,绝,4,仄,2,平,ci.清.0000.pinyin.json 第2阕第7字 语料拼音 jué,待裁定
ci.清.0000.pinyin.json#819,0,39,别,4,仄,2,平,ci.清.0000.pinyin.json 第1阕第40字 语料拼音 bié,待裁定
ci.清.0000.pinyin.json#825,1,46,甚,4,仄,2,平,ci.清.0000.pinyin.json 第2阕第47字 语料拼音 shén,待裁定
ci.清.0000.pinyin.json#831,0,29,甚,4,仄,2,平,ci.清.0000.pinyin.json 第1阕第30字 语料拼音 shén,待裁定
ci.清.0000.pinyin.json#833,1,20,长,2,平,3,仄,ci.清.0000.pinyin.json 第2阕第21字 语料拼音 zhǎng,待裁定
ci.清.0000.pinyin.json#837,0,14,长,2,平,3,仄,ci.清.0000.pinyin.json 第1阕第15字 语料拼音 zhǎng,待裁定
ci.清.0000.pinyin.json#838,0,16,别,4,仄,2,平,ci.清.0000.pinyin.json 第1阕第17字 语料拼音 bié,待裁定
ci.清.0000.pinyin.json#840,0,46,长,2,平,3,仄,ci.清.0000.pinyin.json 第1阕第47字 语料拼音 zhǎng,待裁定
ci.清.0000.pinyin.json#844,1,22,长,2,平,3,仄,ci.清.0000.pinyin.json 第2阕第23字 语料拼音 zhǎng,待裁定
ci.清.0000.pinyin.json#846,0,21,长,2,平,3,仄,ci.清.0000.pinyin.json 第1阕第22字 语料拼音 zhǎng,待裁定
ci.清.0000.pinyin.json#848,1,16,别,4,仄,2,平,ci.清.0000.pinyin.json 第2阕第17字 语料拼音 bié,待裁定
ci.清.0000.pinyin.json#850,1,3,长,2,平,3,仄,ci.清.0000.pinyin.json 第2阕第4字 语料拼音 zhǎng,待裁定
ci.清.0000.pinyin.json#852,0,41,别,4,仄,2,平,ci.清.0000.pinyin.json 第1阕第42字 语料拼音 bié,待裁定
ci.清.0000.pinyin.json#855,0,13,长,2,平,3,仄,ci.清.0000.pinyin.json 第1阕第14字 语料拼音 zhǎng,待裁定
ci.清.0000.pinyin.json#856,1,10,别,4,仄,2,平,ci.清.0000.pinyin.json 第2阕第11字 语料拼音 bié,待裁定
ci.清.0000.pinyin.json#859,1,23,绝,4,仄,2,平,ci.清.0000.pinyin.json 第2阕第24字 语料拼音 jué,待裁定
ci.清.0000.pinyin.json#859,1,24,长,2,平,3,仄,ci.清.0000.pinyin.json 第2阕第25字 语料拼音 zhǎng,待裁定
ci.清.0000.pinyin.json#860,0,14,长,2,平,3,仄,ci.清.0000.pinyin.json 第1阕第15字 语料拼音 zhǎng,待裁定
ci.清.0000.pinyin.json#860,0,24,别,4,仄,2,平,ci.清.0000.pinyin.json 第1阕第25字 语料拼音 bié,待裁定
ci.清.0000.pinyin.json#861,0,35,别,4,仄,2,平,ci.清.0000.pinyin.json 第1阕第36字 语料拼音 bié,待裁定
ci.清.0000.pinyin.json#861,0,51,绝,4,仄,2,平,ci.清.0000.pinyin.json 第1阕第52字 语料拼音 jué,待裁定
ci.清.0000.pinyin.json#866,1,2,绝,4,仄,2,平,ci.清.0000.pinyin.json 第2阕第3字 语料拼音 jué,待裁定
ci.清.0000.pinyin.json#866,1,19,别,4,仄,2,平,ci.清.0000.pinyin.json 第2阕第20字 语料拼音 bié,待裁定
ci.清.0000.pinyin.json#867,1,11,别,4,仄,2,平,ci.清.0000.pinyin.json 第2阕第12字 语料拼音 bié,待裁定
ci.清.0000.pinyin.json#870,0,20,长,2,平,3,仄,ci.清.0000.pinyin.json 第1阕第21字 语料拼音 zhǎng,待裁定
ci.清.0000.pinyin.json#870,1,15,别,4,仄,2,平,ci.清.0000.pinyin.json 第2阕第16字 语料拼音 bié,待裁定
ci.清.0000.pinyin.json#871,1,9,长,2,平,3,仄,ci.清.0000.pinyin.json 第2阕第10字 语料拼音 zhǎng,待裁定
ci.清.0000.pinyin.json#872,1,17,长,2,平,3,仄,ci.清.0000.pinyin.json 第2阕第18字 语料拼音 zhǎng,待裁定
ci.清.0000.pinyin.json#875,0,33,长,2,平,3,仄,ci.清.0000.pinyin.json 第1阕第34字 语料拼音 zhǎng,待裁定
ci.清.0000.pinyin.json#875,1,28,别,4,仄,2,平,ci.清.0000.pinyin.json 第2阕第29字 语料拼音 bié,待裁定
ci.清.0000.pinyin.json#876,1,0,别,4,仄,2,平,ci.清.0000.pinyin.json 第2阕第1字 语料拼音 bié,待裁定
ci.清.0000.pinyin.json#877,0,39,长,2,平,3,仄,ci.清.0000.pinyin.json 第1阕第40字 语料拼音 zhǎng,待裁定
ci.清.0000.pinyin.json#879,0,14,别,4,仄,2,平,ci.清.0000.pinyin.json 第1阕第15字 语料拼音 bié,待裁定
ci.清.0000.pinyin.json#883,1,10,长,2,平,3,仄,ci.清.0000.pinyin.json 第2阕第11字 语料拼音 zhǎng,待裁定
ci.清.0000.pinyin.json#886,1,13,绝,4,仄,2,平,ci.清.0000.pinyin.json 第2阕第14字 语料拼音 jué,待裁定
ci.清.0000.pinyin.json#889,0,7,绝,4,仄,2,平,ci.清.0000.pinyin.json 第1阕第8字 语料拼音 jué,待裁定
ci.清.0000.pinyin.json#890,0,15,甚,4,仄,2,平,ci.清.0000.pinyin.json 第1阕第16字 语料拼音 shén,待裁定
ci.清.0000.pinyin.json#891,0,40,长,2,平,3,仄,ci.清.0000.pinyin.json 第1阕第41字 语料拼音 zhǎng,待裁定
ci.清.0000.pinyin.json#893,1,10,别,4,仄,2,平,ci.清.0000.pinyin.json 第2阕第11字 语料拼音 bié,待裁定
ci.清.0000.pinyin.json#895,0,42,甚,4,仄,2,平,ci.清.0000.pinyin.json 第1阕第43字 语料拼音 shén,待裁定
ci.清.0000.pinyin.json#899,1,11,长,2,平,3,仄,ci.清.0000.pinyin.json 第2阕第12字 语料拼音 zhǎng,待裁定
ci.清.0000.pinyin.json#901,0,15,别,4,仄,2,平,ci.清.0000.pinyin.json 第1阕第16字 语料拼音 bié,待裁定
ci.清.0000.pinyin.json#902,0,23,别,4,仄,2,平,ci.清.0000.pinyin.json 第1阕第24字 语料拼音 bié,待裁定
ci.清.0000.pinyin.json#903,1,36,长,2,平,3,仄,ci.清.0000.pinyin.json 第2阕第37字 语料拼音 zhǎng,待裁定
ci.清.0000.pinyin.json#905,0,8,绝,4,仄,2,平,ci.清.0000.pinyin.json 第1阕第9字 语料拼音 jué,待裁定
ci.清.0000.pinyin.json#905,0,19,长,2,平,3,仄,ci.清.0000.pinyin.json 第1阕第20字 语料拼音 zhǎng,待裁定
ci.清.0000.pinyin.json#906,1,0,别,4,仄,2,平,ci.清.0000.pinyin.json 第2阕第1字 语料拼音 bié,待裁定
ci.清.0000.pinyin.json#909,1,10,长,2,平,3,仄,ci.清.0000.pinyin.json 第2阕第11字 语料拼音 zhǎng,待裁定
ci.清.0000.pinyin.json#909,4,25,长,2,平,3,仄,ci.清.0000.pinyin.json 第5阕第26字 语料拼音 zhǎng,待裁定
ci.清.0000.pinyin.json#909,5,8,别,4,仄,2,平,ci.清.0000.pinyin.json 第6阕第9字 语料拼音 bié,待裁定
ci.清.0000.pinyin.json#910,0,39,别,4,仄,2,平,ci.清.0000.pinyin.json 第1阕第40字 语料拼音 bié,待裁定
ci.清.0000.pinyin.json#911,2,12,长,2,平,3,仄,ci.清.0000.pinyin.json 第3阕第13字 语料拼音 zhǎng,待裁定
ci.清.0000.pinyin.json#912,0,5,长,2,平,3,仄,ci.清.0000.pinyin.json 第1阕第6字 语料拼音 zhǎng,待裁定
ci.清.0000.pinyin.json#918,0,23,别,4,仄,2,平,ci.清.0000.pinyin.json 第1阕第24字 语料拼音 bié,待裁定
ci.清.0000.pinyin.json#919,0,21,长,2,平,3,仄,ci.清.0000.pinyin.json 第1阕第22字 语料拼音 zhǎng,待裁定
ci.清.0000.pinyin.json#921,0,13,长,2,平,3,仄,ci.清.0000.pinyin.json 第1阕第14字 语料拼音 zhǎng,待裁定
ci.清.0000.pinyin.json#930,0,0,长,2,平,3,仄,ci.清.0000.pinyin.json 第1阕第1字 语料拼音 zhǎng,待裁定
ci.清.0000.pinyin.json#934,1,8,甚,4,仄,2,平,ci.清.0000.pinyin.json 第2阕第9字 语料拼音 shén,待裁定
ci.清.0000.pinyin.json#934,1,34,长,2,平,3,仄,ci.清.0000.pinyin.json 第2阕第35字 语料拼音 zhǎng,待裁定
ci.清.0000.pinyin.json#939,1,20,长,2,平,3,仄,ci.清.0000.pinyin.json 第2阕第21字 语料拼音 zhǎng,待裁定
ci.清.0000.pinyin.json#941,0,44,甚,4,仄,2,平,ci.清.0000.pinyin.json 第1阕第45字 语料拼音 shén,待裁定
ci.清.0000.pinyin.json#943,0,20,别,4,仄,2,平,ci.清.0000.pinyin.json 第1阕第21字 语料拼音 bié,待裁定
ci.清.0000.pinyin.json#943,1,21,长,2,平,3,仄,ci.清.0000.pinyin.json 第2阕第22字 语料拼音 zhǎng,待裁定
ci.清.0000.pinyin.json#948,0,20,甚,4,仄,2,平,ci.清.0000.pinyin.json 第1阕第21字 语料拼音 shén,待裁定
ci.清.0000.pinyin.json#954,1,6,别,4,仄,2,平,ci.清.0000.pinyin.json 第2阕第7字 语料拼音 bié,待裁定
ci.清.0000.pinyin.json#955,0,5,长,2,平,3,仄,ci.清.0000.pinyin.json 第1阕第6字 语料拼音 zhǎng,待裁定
ci.清.0000.pinyin.json#956,0,21,绝,4,仄,2,平,ci.清.0000.pinyin.json 第1阕第22字 语料拼音 jué,待裁定
ci.清.0000.pinyin.json#960,0,7,绝,4,仄,2,平,ci.清.0000.pinyin.json 第1阕第8字 语料拼音 jué,待裁定
ci.清.0000.pinyin.json#960,1,19,长,2,平,3,仄,ci.清.0000.pinyin.json 第2阕第20字 语料拼音 zhǎng,待裁定
ci.清.0000.pinyin.json#964,1,10,别,4,仄,2,平,ci.清.0000.pinyin.json 第2阕第11字 语料拼音 bié,待裁定
ci.清.0000.pinyin.json#967,1,0,别,4,仄,2,平,ci.清.0000.pinyin.json 第2阕第1字 语料拼音 bié,待裁定
ci.清.0000.pinyin.json#973,1,28,长,2,平,3,仄,ci.清.0000.pinyin.json 第2阕第29字 语料拼音 zhǎng,待裁定
ci.清.0000.pinyin.json#974,1,5,长,2,平,3,仄,ci.清.0000.pinyin.json 第2阕第6字 语料拼音 zhǎng,待裁定
ci.清.0000.pinyin.json#980,1,10,别,4,仄,2,平,ci.清.0000.pinyin.json 第2阕第11字 语料拼音 bié,待裁定
ci.清.0000.pinyin.json#981,1,18,甚,4,仄,2,平,ci.清.0000.pinyin.json 第2阕第19字 语料拼音 shén,待裁定
ci.清.0000.pinyin.json#985,0,20,甚,4,仄,2,平,ci.清.0000.pinyin.json 第1阕第21字 语料拼音 shén,待裁定
ci.清.0000.pinyin.json#989,0,30,别,4,仄,2,平,ci.清.0000.pinyin.json 第1阕第31字 语料拼音 bié,待裁定
ci.清.0000.pinyin.json#990,0,21,长,2,平,3,仄,ci.清.0000.pinyin.json 第1阕第22字 语料拼音 zhǎng,待裁定
ci.清.0000.pinyin.json#991,1,0,长,2,平,3,仄,ci.清.0000.pinyin.json 第2阕第1字 语料拼音 zhǎng,待裁定
ci.清.0001.pinyin.json#0,0,8,长,2,平,3,仄,ci.清.0001.pinyin.json 第1阕第9字 语料拼音 zhǎng,待裁定
ci.清.0001.pinyin.json#2,1,5,绝,4,仄,2,平,ci.清.0001.pinyin.json 第2阕第6字 语料拼音 jué,待裁定
ci.清.0001.pinyin.json#2,1,12,别,4,仄,2,平,ci.清.0001.pinyin.json 第2阕第13字 语料拼音 bié,待裁定
ci.清.0001.pinyin.json#3,1,0,长,2,平,3,仄,ci.清.0001.pinyin.json 第2阕第1字 语料拼音 zhǎng,待裁定
ci.清.0001.pinyin.json#3,1,9,长,2,平,3,仄,ci.清.0001.pinyin.json 第2阕第10字 语料拼音 zhǎng,待裁定
ci.清.0001.pinyin.json#5,0,21,别,4,仄,2,平,ci.清.0001.pinyin.json 第1阕第22字 语料拼音 bié,待裁定
ci.清.0001.pinyin.json#5,1,31,甚,4,仄,2,平,ci.清.0001.pinyin.json 第2阕第32字 语料拼音 shén,待裁定
ci.清.0001.pinyin.json#6,1,23,甚,4,仄,2,平,ci.清.0001.pinyin.json 第2阕第24字 语料拼音 shén,待裁定
ci.清.0001.pinyin.json#11,0,24,长,2,平,3,仄,ci.清.0001.pinyin.json 第1阕第25字 语料拼音 zhǎng,待裁定
ci.清.0001.pinyin.json#15,0,6,长,2,平,3,仄,ci.清.0001.pinyin.json 第1阕第7字 语料拼音 zhǎng,待裁定
ci.清.0001.pinyin.json#15,1,2,别,4,仄,2,平,ci.清.0001.pinyin.json 第2阕第3字 语料拼音 bié,待裁定
ci.清.0001.pinyin.json#16,1,46,甚,4,仄,2,平,ci.清.0001.pinyin.json 第2阕第47字 语料拼音 shén,待裁定
ci.清.0001.pinyin.json#21,0,10,长,2,平,3,仄,ci.清.0001.pinyin.json 第1阕第11字 语料拼音 zhǎng,待裁定
ci.清.0001.pinyin.json#21,1,31,别,4,仄,2,平,ci.清.0001.pinyin.json 第2阕第32字 语料拼音 bié,待裁定
ci.清.0001.pinyin.json#23,1,14,甚,4,仄,2,平,ci.清.0001.pinyin.json 第2阕第15字 语料拼音 shén,待裁定
ci.清.0001.pinyin.json#27,1,17,长,2,平,3,仄,ci.清.0001.pinyin.json 第2阕第18字 语料拼音 zhǎng,待裁定
ci.清.0001.pinyin.json#28,1,4,长,2,平,3,仄,ci.清.0001.pinyin.json 第2阕第5字 语料拼音 zhǎng,待裁定
ci.清.0001.pinyin.json#29,1,26,长,2,平,3,仄,ci.清.0001.pinyin.json 第2阕第27字 语料拼音 zhǎng,待裁定
ci.清.0001.pinyin.json#30,0,44,长,2,平,3,仄,ci.清.0001.pinyin.json 第1阕第45字 语料拼音 zhǎng,待裁定
ci.清.0001.pinyin.json#30,1,32,长,2,平,3,仄,ci.清.0001.pinyin.json 第2阕第33字 语料拼音 zhǎng,待裁定
ci.清.0001.pinyin.json#35,5,27,长,2,平,3,仄,ci.清.0001.pinyin.json 第6阕第28字 语料拼音 zhǎng,待裁定
ci.清.0001.pinyin.json#36,0,10,长,2,平,3,仄,ci.清.0001.pinyin.json 第1阕第11字 语料拼音 zhǎng,待裁定
ci.清.0001.pinyin.json#37,1,9,长,2,平,3,仄,ci.清.0001.pinyin.json 第2阕第10字 语料拼音 zhǎng,待裁定
ci.清.0001.pinyin.json#38,0,6,绝,4,仄,2,平,ci.清.0001.pinyin.json 第1阕第7字 语料拼音 jué,待裁定
ci.清.0001.pinyin.json#39,0,17,绝,4,仄,2,平,ci.清.0001.pinyin.json 第1阕第18字 语料拼音 jué,待裁定
ci.清.0001.pinyin.json#39,1,12,长,2,平,3,仄,ci.清.0001.pinyin.json 第2阕第13字 语料拼音 zhǎng,待裁定
ci.清.0001.pinyin.json#40,0,21,绝,4,仄,2,平,ci.清.0001.pinyin.json 第1阕第22字 语料拼音 jué,待裁定
ci.清.0001.pinyin.json#44,0,53,绝,4,仄,2,平,ci.清.0001.pinyin.json 第1阕第54字 语料拼音 jué,待裁定
ci.清.0001.pinyin.json#45,1,22,长,2,平,3,仄,ci.清.0001.pinyin.json 第2阕第23字 语料拼音 zhǎng,待裁定
ci.清.0001.pinyin.json#46,0,9,绝,4,仄,2,平,ci.清.0001.pinyin.json 第1阕第10字 语料拼音 jué,待裁定
ci.清.0001.pinyin.json#47,1,16,长,2,平,3,仄,ci.清.0001.pinyin.json 第2阕第17字 语料拼音 zhǎng,待裁定
ci.清.0001.pinyin.json#49,1,29,甚,4,仄,2,平,ci.清.0001.pinyin.json 第2阕第30字 语料拼音 shén,待裁定
ci.清.0001.pinyin.json#54,0,11,别,4,仄,2,平,ci.清.0001.pinyin.json 第1阕第12字 语料拼音 bié,待裁定
ci.清.0001.pinyin.json#54,0,41,长,2,平,3,仄,ci.清.0001.pinyin.json 第1阕第42字 语料拼音 zhǎng,待裁定
ci.清.0001.pinyin.json#54,1,1,绝,4,仄,2,平,ci.清.0001.pinyin.json 第2阕第2字 语料拼音 jué,待裁定
ci.清.0001.pinyin.json#55,0,8,长,2,平,3,仄,ci.清.0001.pinyin.json 第1阕第9字 语料拼音 zhǎng,待裁定
ci.清.0001.pinyin.json#56,1,9,甚,4,仄,2,平,ci.清.0001.pinyin.json 第2阕第10字 语料拼音 shén,待裁定
ci.清.0001.pinyin.json#59,1,23,别,4,仄,2,平,ci.清.0001.pinyin.json 第2阕第24字 语料拼音 bié,待裁定
ci.清.0001.pinyin.json#62,1,0,长,2,平,3,仄,ci.清.0001.pinyin.json 第2阕第1字 语料拼音 zhǎng,待裁定
ci.清.0001.pinyin.json#63,0,46,长,2,平,3,仄,ci.清.0001.pinyin.json 第1阕第47字 语料拼音 zhǎng,待裁定
ci.清.0001.pinyin.json#66,1,11,绝,4,仄,2,平,ci.清.0001.pinyin.json 第2阕第12字 语料拼音 jué,待裁定
ci.清.0001.pinyin.json#66,1,18,别,4,仄,2,平,ci.清.0001.pinyin.json 第2阕第19字 语料拼音 bié,待裁定
ci.清.0001.pinyin.json#69,0,13,绝,4,仄,2,平,ci.清.0001.pinyin.json 第1阕第14字 语料拼音 jué,待裁定
ci.清.0001.pinyin.json#69,1,50,别,4,仄,2,平,ci.清.0001.pinyin.json 第2阕第51字 语料拼音 bié,待裁定
ci.清.0001.pinyin.json#77,0,2,长,2,平,3,仄,ci.清.0001.pinyin.json 第1阕第3字 语料拼音 zhǎng,待裁定
ci.清.0001.pinyin.json#78,0,16,别,4,仄,2,平,ci.清.0001.pinyin.json 第1阕第17字 语料拼音 bié,待裁定
ci.清.0001.pinyin.json#78,1,16,长,2,平,3,仄,ci.清.0001.pinyin.json 第2阕第17字 语料拼音 zhǎng,待裁定
ci.清.0001.pinyin.json#80,1,22,别,4,仄,2,平,ci.清.0001.pinyin.json 第2阕第23字 语料拼音 bié,待裁定
ci.清.0001.pinyin.json#86,1,0,别,4,仄,2,平,ci.清.0001.pinyin.json 第2阕第1字 语料拼音 bié,待裁定
ci.清.0001.pinyin.json#90,0,11,长,2,平,3,仄,ci.清.0001.pinyin.json 第1阕第12字 语料拼音 zhǎng,待裁定
ci.清.0001.pinyin.json#94,1,0,长,2,平,3,仄,ci.清.0001.pinyin.json 第2阕第1字 语料拼音 zhǎng,待裁定
ci.清.0001.pinyin.json#96,0,28,甚,4,仄,2,平,ci.清.0001.pinyin.json 第1阕第29字 语料拼音 shén,待裁定
ci.清.0001.pinyin.json#97,1,30,长,2,平,3,仄,ci.清.0001.pinyin.json 第2阕第31字 语料拼音 zhǎng,待裁定
ci.清.0001.pinyin.json#101,1,18,别,4,仄,2,平,ci.清.0001.pinyin.json 第2阕第19字 语料拼音 bié,待裁定
ci.清.0001.pinyin.json#104,0,20,长,2,平,3,仄,ci.清.0001.pinyin.json 第1阕第21字 语料拼音 zhǎng,待裁定
ci.清.0001.pinyin.json#104,1,28,甚,4,仄,2,平,ci.清.0001.pinyin.json 第2阕第29字 语料拼音 shén,待裁定
ci.清.0001.pinyin.json#105,1,15,甚,4,仄,2,平,ci.清.0001.pinyin.json 第2阕第16字 语料拼音 shén,待裁定
ci.清.0001.pinyin.json#108,1,21,别,4,仄,2,平,ci.清.0001.pinyin.json 第2阕第22字 语料拼音 bié,待裁定
ci.清.0001.pinyin.json#113,1,5,长,2,平,3,仄,ci.清.0001.pinyin.json 第2阕第6字 语料拼音 zhǎng,待裁定
ci.清.0001.pinyin.json#115,1,10,长,2,平,3,仄,ci.清.0001.pinyin.json 第2阕第11字 语料拼音 zhǎng,待裁定
ci.清.0001.pinyin.json#121,0,2,长,2,平,3,仄,ci.清.0001.pinyin.json 第1阕第3字 语料拼音 zhǎng,待裁定
ci.清.0001.pinyin.json#121,0,22,别,4,仄,2,平,ci.清.0001.pinyin.json 第1阕第23字 语料拼音 bié,待裁定
ci.清.0001.pinyin.json#130,0,17,长,2,平,3,仄,ci.清.0001.pinyin.json 第1阕第18字 语料拼音 zhǎng,待裁定
ci.清.0001.pinyin.json#131,1,15,长,2,平,3,仄,ci.清.0001.pinyin.json 第2阕第16字 语料拼音 zhǎng,待裁定
ci.清.0001.pinyin.json#133,0,8,别,4,仄,2,平,ci.清.0001.pinyin.json 第1阕第9字 语料拼音 bié,待裁定
ci.清.0001.pinyin.json#134,1,19,长,2,平,3,仄,ci.清.0001.pinyin.json 第2阕第20字 语料拼音 zhǎng,待裁定
ci.清.0001.pinyin.json#135,0,13,别,4,仄,2,平,ci.清.0001.pinyin.json 第1阕第14字 语料拼音 bié,待裁定
ci.清.0001.pinyin.json#137,0,12,别,4,仄,2,平,ci.清.0001.pinyin.json 第1阕第13字 语料拼音 bié,待裁定
ci.清.0001.pinyin.json#138,0,7,绝,4,仄,2,平,ci.清.0001.pinyin.json 第1阕第8字 语料拼音 jué,待裁定
ci.清.0001.pinyin.json#139,0,5,绝,4,仄,2,平,ci.清.0001.pinyin.json 第1阕第6字 语料拼音 jué,待裁定
ci.清.0001.pinyin.json#139,1,36,长,2,平,3,仄,ci.清.0001.pinyin.json 第2阕第37字 语料拼音 zhǎng,待裁定
ci.清.0001.pinyin.json#143,1,6,甚,4,仄,2,平,ci.清.0001.pinyin.json 第2阕第7字 语料拼音 shén,待裁定
ci.清.0001.pinyin.json#149,0,40,长,2,平,3,仄,ci.清.0001.pinyin.json 第1阕第41字 语料拼音 zhǎng,待裁定
ci.清.0001.pinyin.json#149,1,15,别,4,仄,2,平,ci.清.0001.pinyin.json 第2阕第16字 语料拼音 bié,待裁定
ci.清.0001.pinyin.json#150,1,4,长,2,平,3,仄,ci.清.0001.pinyin.json 第2阕第5字 语料拼音 zhǎng,待裁定
ci.清.0001.pinyin.json#150,1,5,别,4,仄,2,平,ci.清.0001.pinyin.json 第2阕第6字 语料拼音 bié,待裁定
ci.清.0001.pinyin.json#151,1,8,长,2,平,3,仄,ci.清.0001.pinyin.json 第2阕第9字 语料拼音 zhǎng,待裁定
ci.清.0001.pinyin.json#153,0,64,甚,4,仄,2,平,ci.清.0001.pinyin.json 第1阕第65字 语料拼音 shén,待裁定
ci.清.0001.pinyin.json#154,0,33,长,2,平,3,仄,ci.清.0001.pinyin.json 第1阕第34字 语料拼音 zhǎng,待裁定
ci.清.0001.pinyin.json#159,1,1,绝,4,仄,2,平,ci.清.0001.pinyin.json 第2阕第2字 语料拼音 jué,待裁定
ci.清.0001.pinyin.json#162,1,20,长,2,平,3,仄,ci.清.0001.pinyin.json 第2阕第21字 语料拼音 zhǎng,待裁定
ci.清.0001.pinyin.json#162,1,31,别,4,仄,2,平,ci.清.0001.pinyin.json 第2阕第32字 语料拼音 bié,待裁定
ci.清.0001.pinyin.json#164,0,50,绝,4,仄,2,平,ci.清.0001.pinyin.json 第1阕第51字 语料拼音 jué,待裁定
ci.清.0001.pinyin.json#165,1,30,别,4,仄,2,平,ci.清.0001.pinyin.json 第2阕第31字 语料拼音 bié,待裁定
ci.清.0001.pinyin.json#166,0,46,长,2,平,3,仄,ci.清.0001.pinyin.json 第1阕第47字 语料拼音 zhǎng,待裁定
ci.清.0001.pinyin.json#168,0,39,长,2,平,3,仄,ci.清.0001.pinyin.json 第1阕第40字 语料拼音 zhǎng,待裁定
ci.清.0001.pinyin.json#172,0,22,别,4,仄,2,平,ci.清.0001.pinyin.json 第1阕第23字 语料拼音 bié,待裁定
ci.清.0001.pinyin.json#172,1,20,绝,4,仄,2,平,ci.清.0001.pinyin.json 第2阕第21字 语料拼音 jué,待裁定
ci.清.0001.pinyin.json#173,1,27,别,4,仄,2,平,ci.清.0001.pinyin.json 第2阕第28字 语料拼音 bié,待裁定
ci.清.0001.pinyin.json#176,0,22,长,2,平,3,仄,ci.清.0001.pinyin.json 第1阕第23字 语料拼音 zhǎng,待裁定
ci.清.0001.pinyin.json#176,0,30,甚,4,仄,2,平,ci.清.0001.pinyin.json 第1阕第31字 语料拼音 shén,待裁定
ci.清.0001.pinyin.json#183,1,44,别,4,仄,2,平,ci.清.0001.pinyin.json 第2阕第45字 语料拼音 bié,待裁定
ci.清.0001.pinyin.json#185,0,0,长,2,平,3,仄,ci.清.0001.pinyin.json 第1阕第1字 语料拼音 zhǎng,待裁定
ci.清.0001.pinyin.json#185,1,20,长,2,平,3,仄,ci.清.0001.pinyin.json 第2阕第21字 语料拼音 zhǎng,待裁定
ci.清.0001.pinyin.json#188,0,38,绝,4,仄,2,平,ci.清.0001.pinyin.json 第1阕第39字 语料拼音 jué,待裁定
ci.清.0001.pinyin.json#190,1,2,长,2,平,3,仄,ci.清.0001.pinyin.json 第2阕第3字 语料拼音 zhǎng,待裁定
ci.清.0001.pinyin.json#193,1,4,长,2,平,3,仄,ci.清.0001.pinyin.json 第2阕第5字 语料拼音 zhǎng,待裁定
ci.清.0001.pinyin.json#194,1,45,甚,4,仄,2,平,ci.清.0001.pinyin.json 第2阕第46字 语料拼音 shén,待裁定
ci.清.0001.pinyin.json#200,1,20,长,2,平,3,仄,ci.清.0001.pinyin.json 第2阕第21字 语料拼音 zhǎng,待裁定
ci.清.0001.pinyin.json#201,1,0,长,2,平,3,仄,ci.清.0001.pinyin.json 第2阕第1字 语料拼音 zhǎng,待裁定
ci.清.0001.pinyin.json#205,1,22,长,2,平,3,仄,ci.清.0001.pinyin.json 第2阕第23字 语料拼音 zhǎng,待裁定
ci.清.0001.pinyin.json#207,0,6,别,4,仄,2,平,ci.清.0001.pinyin.json 第1阕第7字 语料拼音 bié,待裁定
ci.清.0001.pinyin.json#208,1,1,长,2,平,3,仄,ci.清.0001.pinyin.json 第2阕第2字 语料拼音 zhǎng,待裁定
ci.清.0001.pinyin.json#209,1,20,别,4,仄,2,平,ci.清.0001.pinyin.json 第2阕第21字 语料拼音 bié,待裁定
ci.清.0001.pinyin.json#210,1,6,长,2,平,3,仄,ci.清.0001.pinyin.json 第2阕第7字 语料拼音 zhǎng,待裁定
ci.清.0001.pinyin.json#212,1,9,绝,4,仄,2,平,ci.清.0001.pinyin.json 第2阕第10字 语料拼音 jué,待裁定
ci.清.0001.pinyin.json#223,0,25,别,4,仄,2,平,ci.清.0001.pinyin.json 第1阕第26字 语料拼音 bié,待裁定
ci.清.0001.pinyin.json#233,0,6,绝,4,仄,2,平,ci.清.0001.pinyin.json 第1阕第7字 语料拼音 jué,待裁定
ci.清.0001.pinyin.json#233,1,6,别,4,仄,2,平,ci.清.0001.pinyin.json 第2阕第7字 语料拼音 bié,待裁定
ci.清.0001.pinyin.json#236,0,1,长,2,平,3,仄,ci.清.0001.pinyin.json 第1阕第2字 语料拼音 zhǎng,待裁定
ci.清.0001.pinyin.json#237,0,9,长,2,平,3,仄,ci.清.0001.pinyin.json 第1阕第10字 语料拼音 zhǎng,待裁定
ci.清.0001.pinyin.json#238,1,5,别,4,仄,2,平,ci.清.0001.pinyin.json 第2阕第6字 语料拼音 bié,待裁定
ci.清.0001.pinyin.json#239,0,27,长,2,平,3,仄,ci.清.0001.pinyin.json 第1阕第28字 语料拼音 zhǎng,待裁定
ci.清.0001.pinyin.json#240,1,25,长,2,平,3,仄,ci.清.0001.pinyin.json 第2阕第26字 语料拼音 zhǎng,待裁定
ci.清.0001.pinyin.json#243,0,5,长,2,平,3,仄,ci.清.0001.pinyin.json 第1阕第6字 语料拼音 zhǎng,待裁定
ci.清.0001.pinyin.json#247,1,9,长,2,平,3,仄,ci.清.0001.pinyin.json 第2阕第10字 语料拼音 zhǎng,待裁定
ci.清.0001.pinyin.json#248,0,45,别,4,仄,2,平,ci.清.0001.pinyin.json 第1阕第46字 语料拼音 bié,待裁定
ci.清.0001.pinyin.json#249,1,11,绝,4,仄,2,平,ci.清.0001.pinyin.json 第2阕第12字 语料拼音 jué,待裁定
ci.清.0001.pinyin.json#252,1,0,别,4,仄,2,平,ci.清.0001.pinyin.json 第2阕第1字 语料拼音 bié,待裁定
ci.清.0001.pinyin.json#253,1,17,长,2,平,3,仄,ci.清.0001.pinyin.json 第2阕第18字 语料拼音 zhǎng,待裁定
ci.清.0001.pinyin.json#255,0,4,绝,4,仄,2,平,ci.清.0001.pinyin.json 第1阕第5字 语料拼音 jué,待裁定
ci.清.0001.pinyin.json#264,0,35,绝,4,仄,2,平,ci.清.0001.pinyin.json 第1阕第36字 语料拼音 jué,待裁定
ci.清.0001.pinyin.json#264,1,14,别,4,仄,2,平,ci.清.0001.pinyin.json 第2阕第15字 语料拼音 bié,待裁定
ci.清.0001.pinyin.json#266,1,1,别,4,仄,2,平,ci.清.0001.pinyin.json 第2阕第2字 语料拼音 bié,待裁定
ci.清.0001.pinyin.json#267,0,13,长,2,平,3,仄,ci.清.0001.pinyin.json 第1阕第14字 语料拼音 zhǎng,待裁定
ci.清.0001.pinyin.json#270,1,5,长,2,平,3,仄,ci.清.0001.pinyin.json 第2阕第6字 语料拼音 zhǎng,待裁定
ci.清.0001.pinyin.json#275,0,35,长,2,平,3,仄,ci.清.0001.pinyin.json 第1阕第36字 语料拼音 zhǎng,待裁定
ci.清.0001.pinyin.json#278,0,7,长,2,平,3,仄,ci.清.0001.pinyin.json 第1阕第8字 语料拼音 zhǎng,待裁定
ci.清.0001.pinyin.json#282,1,4,长,2,平,3,仄,ci.清.0001.pinyin.json 第2阕第5字 语料拼音 zhǎng,待裁定
ci.清.0001.pinyin.json#284,1,24,长,2,平,3,仄,ci.清.0001.pinyin.json 第2阕第25字 语料拼音 zhǎng,待裁定
ci.清.0001.pinyin.json#284,1,47,甚,4,仄,2,平,ci.清.0001.pinyin.json 第2阕第48字 语料拼音 shén,待裁定
ci.清.0001.pinyin.json#286,0,13,别,4,仄,2,平,ci.清.0001.pinyin.json 第1阕第14字 语料拼音 bié,待裁定
ci.清.0001.pinyin.json#288,1,28,绝,4,仄,2,平,ci.清.0001.pinyin.json 第2阕第29字 语料拼音 jué,待裁定
ci.清.0001.pinyin.json#289,0,15,长,2,平,3,仄,ci.清.0001.pinyin.json 第1阕第16字 语料拼音 zhǎng,待裁定
ci.清.0001.pinyin.json#289,1,25,长,2,平,3,仄,ci.清.0001.pinyin.json 第2阕第26字 语料拼音 zhǎng,待裁定
ci.清.0001.pinyin.json#292,1,6,别,4,仄,2,平,ci.清.0001.pinyin.json 第2阕第7字 语料拼音 bié,待裁定
ci.清.0001.pinyin.json#294,0,13,长,2,平,3,仄,ci.清.0001.pinyin.json 第1阕第14字 语料拼音 zhǎng,待裁定
ci.清.0001.pinyin.json#295,1,39,长,2,平,3,仄,ci.清.0001.pinyin.json 第2阕第40字 语料拼音 zhǎng,待裁定
ci.清.0001.pinyin.json#297,0,4,长,2,平,3,仄,ci.清.0001.pinyin.json 第1阕第5字 语料拼音 zhǎng,待裁定
ci.清.0001.pinyin.json#301,1,13,长,2,平,3,仄,ci.清.0001.pinyin.json 第2阕第14字 语料拼音 zhǎng,待裁定
ci.清.0001.pinyin.json#304,1,5,长,2,平,3,仄,ci.清.0001.pinyin.json 第2阕第6字 语料拼音 zhǎng,待裁定
ci.清.0001.pinyin.json#307,1,29,别,4,仄,2,平,ci.清.0001.pinyin.json 第2阕第30字 语料拼音 bié,待裁定
ci.清.0001.pinyin.json#310,1,11,长,2,平,3,仄,ci.清.0001.pinyin.json 第2阕第12字 语料拼音 zhǎng,待裁定
ci.清.0001.pinyin.json#313,0,18,绝,4,仄,2,平,ci.清.0001.pinyin.json 第1阕第19字 语料拼音 jué,待裁定
ci.清.0001.pinyin.json#313,1,9,长,2,平,3,仄,ci.清.0001.pinyin.json 第2阕第10字 语料拼音 zhǎng,待裁定
ci.清.0001.pinyin.json#313,1,40,绝,4,仄,2,平,ci.清.0001.pinyin.json 第2阕第41字 语料拼音 jué,待裁定
ci.清.0001.pinyin.json#316,1,11,别,4,仄,2,平,ci.清.0001.pinyin.json 第2阕第12字 语料拼音 bié,待裁定
ci.清.0001.pinyin.json#317,0,25,别,4,仄,2,平,ci.清.0001.pinyin.json 第1阕第26字 语料拼音 bié,待裁定
ci.清.0001.pinyin.json#317,1,4,绝,4,仄,2,平,ci.清.0001.pinyin.json 第2阕第5字 语料拼音 jué,待裁定
ci.清.0001.pinyin.json#318,1,36,别,4,仄,2,平,ci.清.0001.pinyin.json 第2阕第37字 语料拼音 bié,待裁定
ci.清.0001.pinyin.json#320,1,19,别,4,仄,2,平,ci.清.0001.pinyin.json 第2阕第20字 语料拼音 bié,待裁定
ci.清.0001.pinyin.json#322,1,7,甚,4,仄,2,平,ci.清.0001.pinyin.json 第2阕第8字 语料拼音 shén,待裁定
ci.清.0001.pinyin.json#324,1,21,长,2,平,3,仄,ci.清.0001.pinyin.json 第2阕第22字 语料拼音 zhǎng,待裁定
ci.清.0001.pinyin.json#328,1,29,别,4,仄,2,平,ci.清.0001.pinyin.json 第2阕第30字 语料拼音 bié,待裁定
ci.清.0001.pinyin.json#330,0,10,别,4,仄,2,平,ci.清.0001.pinyin.json 第1阕第11字 语料拼音 bié,待裁定
ci.清.0001.pinyin.json#330,1,6,绝,4,仄,2,平,ci.清.0001.pinyin.json 第2阕第7字 语料拼音 jué,待裁定
ci.清.0001.pinyin.json#336,1,5,长,2,平,3,仄,ci.清.0001.pinyin.json 第2阕第6字 语料拼音 zhǎng,待裁定
ci.清.0001.pinyin.json#338,1,7,甚,4,仄,2,平,ci.清.0001.pinyin.json 第2阕第8字 语料拼音 shén,待裁定
ci.清.0001.pinyin.json#339,0,28,绝,4,仄,2,平,ci.清.0001.pinyin.json 第1阕第29字 语料拼音 jué,待裁定
ci.清.0001.pinyin.json#340,0,5,长,2,平,3,仄,ci.清.0001.pinyin.json 第1阕第6字 语料拼音 zhǎng,待裁定
ci.清.0001.pinyin.json#342,0,35,别,4,仄,2,平,ci.清.0001.pinyin.json 第1阕第36字 语料拼音 bié,待裁定
ci.清.0001.pinyin.json#343,1,5,别,4,仄,2,平,ci.清.0001.pinyin.json 第2阕第6字 语料拼音 bié,待裁定
ci.清.0001.pinyin.json#353,1,4,绝,4,仄,2,平,ci.清.0001.pinyin.json 第2阕第5字 语料拼音 jué,待裁定
ci.清.0001.pinyin.json#361,0,11,长,2,平,3,仄,ci.清.0001.pinyin.json 第1阕第12字 语料拼音 zhǎng,待裁定
ci.清.0001.pinyin.json#361,1,19,长,2,平,3,仄,ci.清.0001.pinyin.json 第2阕第20字 语料拼音 zhǎng,待裁定
ci.清.0001.pinyin.json#367,0,2,绝,4,仄,2,平,ci.清.0001.pinyin.json 第1阕第3字 语料拼音 jué,待裁定
ci.清.0001.pinyin.json#369,0,13,绝,4,仄,2,平,ci.清.0001.pinyin.json 第1阕第14字 语料拼音 jué,待裁定
ci.清.0001.pinyin.json#370,0,9,长,2,平,3,仄,ci.清.0001.pinyin.json 第1阕第10字 语料拼音 zhǎng,待裁定
ci.清.0001.pinyin.json#371,1,13,长,2,平,3,仄,ci.清.0001.pinyin.json 第2阕第14字 语料拼音 zhǎng,待裁定
ci.清.0001.pinyin.json#372,0,0,长,2,平,3,仄,ci.清.0001.pinyin.json 第1阕第1字 语料拼音 zhǎng,待裁定
ci.清.0001.pinyin.json#376,0,0,长,2,平,3,仄,ci.清.0001.pinyin.json 第1阕第1字 语料拼音 zhǎng,待裁定
ci.清.0001.pinyin.json#378,1,6,绝,4,仄,2,平,ci.清.0001.pinyin.json 第2阕第7字 语料拼音 jué,待裁定
ci.清.0001.pinyin.json#387,1,3,绝,4,仄,2,平,ci.清.0001.pinyin.json 第2阕第4字 语料拼音 jué,待裁定
ci.清.0001.pinyin.json#387,1,17,长,2,平,3,仄,ci.清.0001.pinyin.json 第2阕第18字 语料拼音 zhǎng,待裁定
ci.清.0001.pinyin.json#389,0,19,长,2,平,3,仄,ci.清.0001.pinyin.json 第1阕第20字 语料拼音 zhǎng,待裁定
ci.清.0001.pinyin.json#389,0,20,长,2,平,3,仄,ci.清.0001.pinyin.json 第1阕第21字 语料拼音 zhǎng,待裁定
ci.清.0001.pinyin.json#392,0,17,长,2,平,3,仄,ci.清.0001.pinyin.json 第1阕第18字 语料拼音 zhǎng,待裁定
ci.清.0001.pinyin.json#395,0,25,长,2,平,3,仄,ci.清.0001.pinyin.json 第1阕第26字 语料拼音 zhǎng,待裁定
ci.清.0001.pinyin.json#403,0,13,长,2,平,3,仄,ci.清.0001.pinyin.json 第1阕第14字 语料拼音 zhǎng,待裁定
ci.清.0001.pinyin.json#405,0,4,长,2,平,3,仄,ci.清.0001.pinyin.json 第1阕第5字 语料拼音 zhǎng,待裁定
ci.清.0001.pinyin.json#410,0,4,长,2,平,3,仄,ci.清.0001.pinyin.json 第1阕第5字 语料拼音 zhǎng,待裁定
ci.清.0001.pinyin.json#414,0,15,长,2,平,3,仄,ci.清.0001.pinyin.json 第1阕第16字 语料拼音 zhǎng,待裁定
ci.清.0001.pinyin.json#416,1,13,长,2,平,3,仄,ci.清.0001.pinyin.json 第2阕第14字 语料拼音 zhǎng,待裁定
ci.清.0001.pinyin.json#418,0,6,长,2,平,3,仄,ci.清.0001.pinyin.json 第1阕第7字 语料拼音 zhǎng,待裁定
ci.清.0001.pinyin.json#418,1,3,绝,4,仄,2,平,ci.清.0001.pinyin.json 第2阕第4字 语料拼音 jué,待裁定
ci.清.0001.pinyin.json#422,0,18,长,2,平,3,仄,ci.清.0001.pinyin.json 第1阕第19字 语料拼音 zhǎng,待裁定
ci.清.0001.pinyin.json#422,1,20,长,2,平,3,仄,ci.清.0001.pinyin.json 第2阕第21字 语料拼音 zhǎng,待裁定
ci.清.0001.pinyin.json#431,0,10,长,2,平,3,仄,ci.清.0001.pinyin.json 第1阕第11字 语料拼音 zhǎng,待裁定
ci.清.0001.pinyin.json#436,0,35,绝,4,仄,2,平,ci.清.0001.pinyin.json 第1阕第36字 语料拼音 jué,待裁定
ci.清.0001.pinyin.json#436,1,44,甚,4,仄,2,平,ci.清.0001.pinyin.json 第2阕第45字 语料拼音 shén,待裁定
ci.清.0001.pinyin.json#438,1,22,长,2,平,3,仄,ci.清.0001.pinyin.json 第2阕第23字 语料拼音 zhǎng,待裁定
ci.清.0001.pinyin.json#442,1,0,绝,4,仄,2,平,ci.清.0001.pinyin.json 第2阕第1字 语料拼音 jué,待裁定
ci.清.0001.pinyin.json#445,0,9,长,2,平,3,仄,ci.清.0001.pinyin.json 第1阕第10字 语料拼音 zhǎng,待裁定
ci.清.0001.pinyin.json#454,1,15,别,4,仄,2,平,ci.清.0001.pinyin.json 第2阕第16字 语料拼音 bié,待裁定
ci.清.0001.pinyin.json#455,1,17,长,2,平,3,仄,ci.清.0001.pinyin.json 第2阕第18字 语料拼音 zhǎng,待裁定
ci.清.0001.pinyin.json#471,0,14,长,2,平,3,仄,ci.清.0001.pinyin.json 第1阕第15字 语料拼音 zhǎng,待裁定
ci.清.0001.pinyin.json#473,1,25,别,4,仄,2,平,ci.清.0001.pinyin.json 第2阕第26字 语料拼音 bié,待裁定
ci.清.0001.pinyin.json#488,1,35,绝,4,仄,2,平,ci.清.0001.pinyin.json 第2阕第36字 语料拼音 jué,待裁定
ci.清.0001.pinyin.json#493,0,7,长,2,平,3,仄,ci.清.0001.pinyin.json 第1阕第8字 语料拼音 zhǎng,待裁定
ci.清.0001.pinyin.json#498,0,60,甚,4,仄,2,平,ci.清.0001.pinyin.json 第1阕第61字 语料拼音 shén,待裁定
ci.清.0001.pinyin.json#503,1,17,长,2,平,3,仄,ci.清.0001.pinyin.json 第2阕第18字 语料拼音 zhǎng,待裁定
ci.清.0001.pinyin.json#507,0,26,别,4,仄,2,平,ci.清.0001.pinyin.json 第1阕第27字 语料拼音 bié,待裁定
ci.清.0001.pinyin.json#508,0,13,别,4,仄,2,平,ci.清.0001.pinyin.json 第1阕第14字 语料拼音 bié,待裁定
ci.清.0001.pinyin.json#508,1,15,别,4,仄,2,平,ci.清.0001.pinyin.json 第2阕第16字 语料拼音 bié,待裁定
ci.清.0001.pinyin.json#508,1,30,长,2,平,3,仄,ci.清.0001.pinyin.json 第2阕第31字 语料拼音 zhǎng,待裁定
ci.清.0001.pinyin.json#513,0,4,长,2,平,3,仄,ci.清.0001.pinyin.json 第1阕第5字 语料拼音 zhǎng,待裁定
ci.清.0001.pinyin.json#519,0,14,长,2,平,3,仄,ci.清.0001.pinyin.json 第1阕第15字 语料拼音 zhǎng,待裁定
ci.清.0001.pinyin.json#520,0,9,长,2,平,3,仄,ci.清.0001.pinyin.json 第1阕第10字 语料拼音 zhǎng,待裁定
ci.清.0001.pinyin.json#520,1,11,长,2,平,3,仄,ci.清.0001.pinyin.json 第2阕第12字 语料拼音 zhǎng,待裁定
ci.清.0001.pinyin.json#520,1,47,长,2,平,3,仄,ci.清.0001.pinyin.json 第2阕第48字 语料拼音 zhǎng,待裁定
ci.清.0001.pinyin.json#522,1,33,长,2,平,3,仄,ci.清.0001.pinyin.json 第2阕第34字 语料拼音 zhǎng,待裁定
ci.清.0001.pinyin.json#523,1,32,甚,4,仄,2,平,ci.清.0001.pinyin.json 第2阕第33字 语料拼音 shén,待裁定
ci.清.0001.pinyin.json#525,0,4,长,2,平,3,仄,ci.清.0001.pinyin.json 第1阕第5字 语料拼音 zhǎng,待裁定
ci.清.0001.pinyin.json#525,1,39,长,2,平,3,仄,ci.清.0001.pinyin.json 第2阕第40字 语料拼音 zhǎng,待裁定
ci.清.0001.pinyin.json#528,1,26,长,2,平,3,仄,ci.清.0001.pinyin.json 第2阕第27字 语料拼音 zhǎng,待裁定
ci.清.0001.pinyin.json#528,1,42,别,4,仄,2,平,ci.清.0001.pinyin.json 第2阕第43字 语料拼音 bié,待裁定
ci.清.0001.pinyin.json#530,0,6,绝,4,仄,2,平,ci.清.0001.pinyin.json 第1阕第7字 语料拼音 jué,待裁定
ci.清.0001.pinyin.json#531,1,43,甚,4,仄,2,平,ci.清.0001.pinyin.json 第2阕第44字 语料拼音 shén,待裁定
ci.清.0001.pinyin.json#533,0,32,甚,4,仄,2,平,ci.清.0001.pinyin.json 第1阕第33字 语料拼音 shén,待裁定
ci.清.0001.pinyin.json#533,0,43,别,4,仄,2,平,ci.清.0001.pinyin.json 第1阕第44字 语料拼音 bié,待裁定
ci.清.0001.pinyin.json#533,1,48,长,2,平,3,仄,ci.清.0001.pinyin.json 第2阕第49字 语料拼音 zhǎng,待裁定
ci.清.0001.pinyin.json#539,1,26,长,2,平,3,仄,ci.清.0001.pinyin.json 第2阕第27字 语料拼音 zhǎng,待裁定
ci.清.0001.pinyin.json#540,0,11,甚,4,仄,2,平,ci.清.0001.pinyin.json 第1阕第12字 语料拼音 shén,待裁定
ci.清.0001.pinyin.json#540,1,2,长,2,平,3,仄,ci.清.0001.pinyin.json 第2阕第3字 语料拼音 zhǎng,待裁定
ci.清.0001.pinyin.json#543,0,12,别,4,仄,2,平,ci.清.0001.pinyin.json 第1阕第13字 语料拼音 bié,待裁定
ci.清.0001.pinyin.json#543,1,28,绝,4,仄,2,平,ci.清.0001.pinyin.json 第2阕第29字 语料拼音 jué,待裁定
ci.清.0001.pinyin.json#544,0,8,长,2,平,3,仄,ci.清.0001.pinyin.json 第1阕第9字 语料拼音 zhǎng,待裁定
ci.清.0001.pinyin.json#545,1,19,别,4,仄,2,平,ci.清.0001.pinyin.json 第2阕第20字 语料拼音 bié,待裁定
ci.清.0001.pinyin.json#546,1,32,别,4,仄,2,平,ci.清.0001.pinyin.json 第2阕第33字 语料拼音 bié,待裁定
ci.清.0001.pinyin.json#547,0,7,别,4,仄,2,平,ci.清.0001.pinyin.json 第1阕第8字 语料拼音 bié,待裁定
ci.清.0001.pinyin.json#552,0,25,长,2,平,3,仄,ci.清.0001.pinyin.json 第1阕第26字 语料拼音 zhǎng,待裁定
ci.清.0001.pinyin.json#553,1,8,绝,4,仄,2,平,ci.清.0001.pinyin.json 第2阕第9字 语料拼音 jué,待裁定
ci.清.0001.pinyin.json#554,0,26,绝,4,仄,2,平,ci.清.0001.pinyin.json 第1阕第27字 语料拼音 jué,待裁定
ci.清.0001.pinyin.json#554,0,40,别,4,仄,2,平,ci.清.0001.pinyin.json 第1阕第41字 语料拼音 bié,待裁定
ci.清.0001.pinyin.json#556,1,16,别,4,仄,2,平,ci.清.0001.pinyin.json 第2阕第17字 语料拼音 bié,待裁定
ci.清.0001.pinyin.json#560,0,11,甚,4,仄,2,平,ci.清.0001.pinyin.json 第1阕第12字 语料拼音 shén,待裁定
ci.清.0001.pinyin.json#562,1,24,绝,4,仄,2,平,ci.清.0001.pinyin.json 第2阕第25字 语料拼音 jué,待裁定
ci.清.0001.pinyin.json#563,0,24,长,2,平,3,仄,ci.清.0001.pinyin.json 第1阕第25字 语料拼音 zhǎng,待裁定
ci.清.0001.pinyin.json#563,0,56,绝,4,仄,2,平,ci.清.0001.pinyin.json 第1阕第57字 语料拼音 jué,待裁定
ci.清.0001.pinyin.json#566,0,22,别,4,仄,2,平,ci.清.0001.pinyin.json 第1阕第23字 语料拼音 bié,待裁定
ci.清.0001.pinyin.json#567,0,18,长,2,平,3,仄,ci.清.0001.pinyin.json 第1阕第19字 语料拼音 zhǎng,待裁定
ci.清.0001.pinyin.json#567,1,8,别,4,仄,2,平,ci.清.0001.pinyin.json 第2阕第9字 语料拼音 bié,待裁定
ci.清.0001.pinyin.json#569,1,2,长,2,平,3,仄,ci.清.0001.pinyin.json 第2阕第3字 语料拼音 zhǎng,待裁定
ci.清.0001.pinyin.json#569,1,7,甚,4,仄,2,平,ci.清.0001.pinyin.json 第2阕第8字 语料拼音 shén,待裁定
ci.清.0001.pinyin.json#575,1,15,别,4,仄,2,平,ci.清.0001.pinyin.json 第2阕第16字 语料拼音 bié,待裁定
ci.清.0001.pinyin.json#578,1,1,长,2,平,3,仄,ci.清.0001.pinyin.json 第2阕第2字 语料拼音 zhǎng,待裁定
ci.清.0001.pinyin.json#587,1,29,长,2,平,3,仄,ci.清.0001.pinyin.json 第2阕第30字 语料拼音 zhǎng,待裁定
ci.清.0001.pinyin.json#589,0,6,别,4,仄,2,平,ci.清.0001.pinyin.json 第1阕第7字 语料拼音 bié,待裁定
ci.清.0001.pinyin.json#590,0,24,长,2,平,3,仄,ci.清.0001.pinyin.json 第1阕第25字 语料拼音 zhǎng,待裁定
ci.清.0001.pinyin.json#592,1,12,长,2,平,3,仄,ci.清.0001.pinyin.json 第2阕第13字 语料拼音 zhǎng,待裁定
ci.清.0001.pinyin.json#594,1,33,甚,4,仄,2,平,ci.清.0001.pinyin.json 第2阕第34字 语料拼音 shén,待裁定
ci.清.0001.pinyin.json#594,1,52,长,2,平,3,仄,ci.清.0001.pinyin.json 第2阕第53字 语料拼音 zhǎng,待裁定
ci.清.0001.pinyin.json#595,0,19,长,2,平,3,仄,ci.清.0001.pinyin.json 第1阕第20字 语料拼音 zhǎng,待裁定
ci.清.0001.pinyin.json#601,0,14,甚,4,仄,2,平,ci.清.0001.pinyin.json 第1阕第15字 语料拼音 shén,待裁定
ci.清.0001.pinyin.json#601,0,39,别,4,仄,2,平,ci.清.0001.pinyin.json 第1阕第40字 语料拼音 bié,待裁定
ci.清.0001.pinyin.json#602,1,16,长,2,平,3,仄,ci.清.0001.pinyin.json 第2阕第17字 语料拼音 zhǎng,待裁定
ci.清.0001.pinyin.json#603,0,9,别,4,仄,2,平,ci.清.0001.pinyin.json 第1阕第10字 语料拼音 bié,待裁定
ci.清.0001.pinyin.json#608,0,0,长,2,平,3,仄,ci.清.0001.pinyin.json 第1阕第1字 语料拼音 zhǎng,待裁定
ci.清.0001.pinyin.json#609,3,12,别,4,仄,2,平,ci.清.0001.pinyin.json 第4阕第13字 语料拼音 bié,待裁定
ci.清.0001.pinyin.json#609,5,9,长,2,平,3,仄,ci.清.0001.pinyin.json 第6阕第10字 语料拼音 zhǎng,待裁定
ci.清.0001.pinyin.json#610,0,0,别,4,仄,2,平,ci.清.0001.pinyin.json 第1阕第1字 语料拼音 bié,待裁定
ci.清.0001.pinyin.json#610,1,30,甚,4,仄,2,平,ci.清.0001.pinyin.json 第2阕第31字 语料拼音 shén,待裁定
ci.清.0001.pinyin.json#612,0,25,长,2,平,3,仄,ci.清.0001.pinyin.json 第1阕第26字 语料拼音 zhǎng,待裁定
ci.清.0001.pinyin.json#613,1,37,别,4,仄,2,平,ci.清.0001.pinyin.json 第2阕第38字 语料拼音 bié,待裁定
ci.清.0001.pinyin.json#616,1,23,别,4,仄,2,平,ci.清.0001.pinyin.json 第2阕第24字 语料拼音 bié,待裁定
ci.清.0001.pinyin.json#619,0,34,长,2,平,3,仄,ci.清.0001.pinyin.json 第1阕第35字 语料拼音 zhǎng,待裁定
ci.清.0001.pinyin.json#619,1,36,甚,4,仄,2,平,ci.清.0001.pinyin.json 第2阕第37字 语料拼音 shén,待裁定
ci.清.0001.pinyin.json#624,0,4,甚,4,仄,2,平,ci.清.0001.pinyin.json 第1阕第5字 语料拼音 shén,待裁定
ci.清.0001.pinyin.json#624,0,24,长,2,平,3,仄,ci.清.0001.pinyin.json 第1阕第25字 语料拼音 zhǎng,待裁定
ci.清.0001.pinyin.json#624,0,38,别,4,仄,2,平,ci.清.0001.pinyin.json 第1阕第39字 语料拼音 bié,待裁定
ci.清.0001.pinyin.json#624,1,7,长,2,平,3,仄,ci.清.0001.pinyin.json 第2阕第8字 语料拼音 zhǎng,待裁定
ci.清.0001.pinyin.json#625,0,2,甚,4,仄,2,平,ci.清.0001.pinyin.json 第1阕第3字 语料拼音 shén,待裁定
ci.清.0001.pinyin.json#625,0,44,长,2,平,3,仄,ci.清.0001.pinyin.json 第1阕第45字 语料拼音 zhǎng,待裁定
ci.清.0001.pinyin.json#626,0,32,长,2,平,3,仄,ci.清.0001.pinyin.json 第1阕第33字 语料拼音 zhǎng,待裁定
ci.清.0001.pinyin.json#626,1,39,长,2,平,3,仄,ci.清.0001.pinyin.json 第2阕第40字 语料拼音 zhǎng,待裁定
ci.清.0001.pinyin.json#634,0,22,别,4,仄,2,平,ci.清.0001.pinyin.json 第1阕第23字 语料拼音 bié,待裁定
ci.清.0001.pinyin.json#644,1,30,长,2,平,3,仄,ci.清.0001.pinyin.json 第2阕第31字 语料拼音 zhǎng,待裁定
ci.清.0001.pinyin.json#645,0,31,绝,4,仄,2,平,ci.清.0001.pinyin.json 第1阕第32字 语料拼音 jué,待裁定
ci.清.0001.pinyin.json#648,1,40,长,2,平,3,仄,ci.清.0001.pinyin.json 第2阕第41字 语料拼音 zhǎng,待裁定
ci.清.0001.pinyin.json#649,0,9,长,2,平,3,仄,ci.清.0001.pinyin.json 第1阕第10字 语料拼音 zhǎng,待裁定
ci.清.0001.pinyin.json#649,0,20,别,4,仄,2,平,ci.清.0001.pinyin.json 第1阕第21字 语料拼音 bié,待裁定
ci.清.0001.pinyin.json#652,1,0,别,4,仄,2,平,ci.清.0001.pinyin.json 第2阕第1字 语料拼音 bié,待裁定
ci.清.0001.pinyin.json#653,0,6,长,2,平,3,仄,ci.清.0001.pinyin.json 第1阕第7字 语料拼音 zhǎng,待裁定
ci.清.0001.pinyin.json#653,0,16,长,2,平,3,仄,ci.清.0001.pinyin.json 第1阕第17字 语料拼音 zhǎng,待裁定
ci.清.0001.pinyin.json#655,0,27,甚,4,仄,2,平,ci.清.0001.pinyin.json 第1阕第28字 语料拼音 shén,待裁定
ci.清.0001.pinyin.json#656,1,22,长,2,平,3,仄,ci.清.0001.pinyin.json 第2阕第23字 语料拼音 zhǎng,待裁定
ci.清.0001.pinyin.json#658,1,6,别,4,仄,2,平,ci.清.0001.pinyin.json 第2阕第7字 语料拼音 bié,待裁定
ci.清.0001.pinyin.json#658,1,37,绝,4,仄,2,平,ci.清.0001.pinyin.json 第2阕第38字 语料拼音 jué,待裁定
ci.清.0001.pinyin.json#661,0,6,甚,4,仄,2,平,ci.清.0001.pinyin.json 第1阕第7字 语料拼音 shén,待裁定
ci.清.0001.pinyin.json#662,0,6,甚,4,仄,2,平,ci.清.0001.pinyin.json 第1阕第7字 语料拼音 shén,待裁定
ci.清.0001.pinyin.json#662,0,13,长,2,平,3,仄,ci.清.0001.pinyin.json 第1阕第14字 语料拼音 zhǎng,待裁定
ci.清.0001.pinyin.json#664,1,6,别,4,仄,2,平,ci.清.0001.pinyin.json 第2阕第7字 语料拼音 bié,待裁定
ci.清.0001.pinyin.json#664,1,37,绝,4,仄,2,平,ci.清.0001.pinyin.json 第2阕第38字 语料拼音 jué,待裁定
ci.清.0001.pinyin.json#665,1,12,长,2,平,3,仄,ci.清.0001.pinyin.json 第2阕第13字 语料拼音 zhǎng,待裁定
ci.清.0001.pinyin.json#665,1,43,甚,4,仄,2,平,ci.清.0001.pinyin.json 第2阕第44字 语料拼音 shén,待裁定
ci.清.0001.pinyin.json#667,0,55,长,2,平,3,仄,ci.清.0001.pinyin.json 第1阕第56字 语料拼音 zhǎng,待裁定
ci.清.0001.pinyin.json#669,0,19,绝,4,仄,2,平,ci.清.0001.pinyin.json 第1阕第20字 语料拼音 jué,待裁定
ci.清.0001.pinyin.json#672,1,13,绝,4,仄,2,平,ci.清.0001.pinyin.json 第2阕第14字 语料拼音 jué,待裁定
ci.清.0001.pinyin.json#676,1,11,长,2,平,3,仄,ci.清.0001.pinyin.json 第2阕第12字 语料拼音 zhǎng,待裁定
ci.清.0001.pinyin.json#677,0,9,长,2,平,3,仄,ci.清.0001.pinyin.json 第1阕第10字 语料拼音 zhǎng,待裁定
ci.清.0001.pinyin.json#678,1,48,甚,4,仄,2,平,ci.清.0001.pinyin.json 第2阕第49字 语料拼音 shén,待裁定
ci.清.0001.pinyin.json#679,1,53,长,2,平,3,仄,ci.清.0001.pinyin.json 第2阕第54字 语料拼音 zhǎng,待裁定
ci.清.0001.pinyin.json#683,1,18,长,2,平,3,仄,ci.清.0001.pinyin.json 第2阕第19字 语料拼音 zhǎng,待裁定
ci.清.0001.pinyin.json#685,0,10,别,4,仄,2,平,ci.清.0001.pinyin.json 第1阕第11字 语料拼音 bié,待裁定
ci.清.0001.pinyin.json#685,1,0,长,2,平,3,仄,ci.清.0001.pinyin.json 第2阕第1字 语料拼音 zhǎng,待裁定
ci.清.0001.pinyin.json#686,0,8,长,2,平,3,仄,ci.清.0001.pinyin.json 第1阕第9字 语料拼音 zhǎng,待裁定
ci.清.0001.pinyin.json#687,0,39,别,4,仄,2,平,ci.清.0001.pinyin.json 第1阕第40字 语料拼音 bié,待裁定
ci.清.0001.pinyin.json#687,1,28,别,4,仄,2,平,ci.清.0001.pinyin.json 第2阕第29字 语料拼音 bié,待裁定
ci.清.0001.pinyin.json#687,1,42,长,2,平,3,仄,ci.清.0001.pinyin.json 第2阕第43字 语料拼音 zhǎng,待裁定
ci.清.0001.pinyin.json#688,1,15,长,2,平,3,仄,ci.清.0001.pinyin.json 第2阕第16字 语料拼音 zhǎng,待裁定
ci.清.0001.pinyin.json#689,0,29,长,2,平,3,仄,ci.清.0001.pinyin.json 第1阕第30字 语料拼音 zhǎng,待裁定
ci.清.0001.pinyin.json#689,0,36,长,2,平,3,仄,ci.清.0001.pinyin.json 第1阕第37字 语料拼音 zhǎng,待裁定
ci.清.0001.pinyin.json#691,0,4,绝,4,仄,2,平,ci.清.0001.pinyin.json 第1阕第5字 语料拼音 jué,待裁定
ci.清.0001.pinyin.json#692,0,17,长,2,平,3,仄,ci.清.0001.pinyin.json 第1阕第18字 语料拼音 zhǎng,待裁定
ci.清.0001.pinyin.json#694,1,26,长,2,平,3,仄,ci.清.0001.pinyin.json 第2阕第27字 语料拼音 zhǎng,待裁定
ci.清.0001.pinyin.json#698,1,7,长,2,平,3,仄,ci.清.0001.pinyin.json 第2阕第8字 语料拼音 zhǎng,待裁定
ci.清.0001.pinyin.json#699,1,47,长,2,平,3,仄,ci.清.0001.pinyin.json 第2阕第48字 语料拼音 zhǎng,待裁定
ci.清.0001.pinyin.json#701,0,1,别,4,仄,2,平,ci.清.0001.pinyin.json 第1阕第2字 语料拼音 bié,待裁定
ci.清.0001.pinyin.json#701,0,6,甚,4,仄,2,平,ci.清.0001.pinyin.json 第1阕第7字 语料拼音 shén,待裁定
ci.清.0001.pinyin.json#702,0,0,长,2,平,3,仄,ci.清.0001.pinyin.json 第1阕第1字 语料拼音 zhǎng,待裁定
ci.清.0001.pinyin.json#702,0,18,长,2,平,3,仄,ci.清.0001.pinyin.json 第1阕第19字 语料拼音 zhǎng,待裁定
ci.清.0001.pinyin.json#702,1,15,绝,4,仄,2,平,ci.清.0001.pinyin.json 第2阕第16字 语料拼音 jué,待裁定
ci.清.0001.pinyin.json#707,0,27,绝,4,仄,2,平,ci.清.0001.pinyin.json 第1阕第28字 语料拼音 jué,待裁定
ci.清.0001.pinyin.json#712,1,31,长,2,平,3,仄,ci.清.0001.pinyin.json 第2阕第32字 语料拼音 zhǎng,待裁定
ci.清.0001.pinyin.json#712,1,54,甚,4,仄,2,平,ci.清.0001.pinyin.json 第2阕第55字 语料拼音 shén,待裁定
ci.清.0001.pinyin.json#720,1,8,别,4,仄,2,平,ci.清.0001.pinyin.json 第2阕第9字 语料拼音 bié,待裁定
ci.清.0001.pinyin.json#722,0,4,长,2,平,3,仄,ci.清.0001.pinyin.json 第1阕第5字 语料拼音 zhǎng,待裁定
ci.清.0001.pinyin.json#730,0,16,别,4,仄,2,平,ci.清.0001.pinyin.json 第1阕第17字 语料拼音 bié,待裁定
ci.清.0001.pinyin.json#733,0,13,别,4,仄,2,平,ci.清.0001.pinyin.json 第1阕第14字 语料拼音 bié,待裁定
ci.清.0001.pinyin.json#733,1,14,绝,4,仄,2,平,ci.清.0001.pinyin.json 第2阕第15字 语料拼音 jué,待裁定
ci.清.0001.pinyin.json#734,0,12,长,2,平,3,仄,ci.清.0001.pinyin.json 第1阕第13字 语料拼音 zhǎng,待裁定
ci.清.0001.pinyin.json#737,0,10,绝,4,仄,2,平,ci.清.0001.pinyin.json 第1阕第11字 语料拼音 jué,待裁定
ci.清.0001.pinyin.json#742,0,22,长,2,平,3,仄,ci.清.0001.pinyin.json 第1阕第23字 语料拼音 zhǎng,待裁定
ci.清.0001.pinyin.json#748,1,19,长,2,平,3,仄,ci.清.0001.pinyin.json 第2阕第20字 语料拼音 zhǎng,待裁定
ci.清.0001.pinyin.json#753,1,7,长,2,平,3,仄,ci.清.0001.pinyin.json 第2阕第8字 语料拼音 zhǎng,待裁定
ci.清.0001.pinyin.json#754,1,12,长,2,平,3,仄,ci.清.0001.pinyin.json 第2阕第13字 语料拼音 zhǎng,待裁定
ci.清.0001.pinyin.json#756,1,19,绝,4,仄,2,平,ci.清.0001.pinyin.json 第2阕第20字 语料拼音 jué,待裁定
ci.清.0001.pinyin.json#762,0,3,别,4,仄,2,平,ci.清.0001.pinyin.json 第1阕第4字 语料拼音 bié,待裁定
ci.清.0001.pinyin.json#772,0,12,长,2,平,3,仄,ci.清.0001.pinyin.json 第1阕第13字 语料拼音 zhǎng,待裁定
ci.清.0001.pinyin.json#775,0,22,长,2,平,3,仄,ci.清.0001.pinyin.json 第1阕第23字 语料拼音 zhǎng,待裁定
ci.清.0001.pinyin.json#777,0,22,长,2,平,3,仄,ci.清.0001.pinyin.json 第1阕第23字 语料拼音 zhǎng,待裁定
ci.清.0001.pinyin.json#789,1,0,绝,4,仄,2,平,ci.清.0001.pinyin.json 第2阕第1字 语料拼音 jué,待裁定
ci.清.0001.pinyin.json#791,0,14,别,4,仄,2,平,ci.清.0001.pinyin.json 第1阕第15字 语料拼音 bié,待裁定
ci.清.0001.pinyin.json#793,1,6,别,4,仄,2,平,ci.清.0001.pinyin.json 第2阕第7字 语料拼音 bié,待裁定
ci.清.0001.pinyin.json#793,1,13,绝,4,仄,2,平,ci.清.0001.pinyin.json 第2阕第14字 语料拼音 jué,待裁定
ci.清.0001.pinyin.json#793,1,16,绝,4,仄,2,平,ci.清.0001.pinyin.json 第2阕第17字 语料拼音 jué,待裁定
ci.清.0001.pinyin.json#808,0,0,别,4,仄,2,平,ci.清.0001.pinyin.json 第1阕第1字 语料拼音 bié,待裁定
ci.清.0001.pinyin.json#813,0,22,长,2,平,3,仄,ci.清.0001.pinyin.json 第1阕第23字 语料拼音 zhǎng,待裁定
ci.清.0001.pinyin.json#833,0,7,绝,4,仄,2,平,ci.清.0001.pinyin.json 第1阕第8字 语料拼音 jué,待裁定
ci.清.0001.pinyin.json#837,1,15,别,4,仄,2,平,ci.清.0001.pinyin.json 第2阕第16字 语料拼音 bié,待裁定
ci.清.0001.pinyin.json#839,1,36,长,2,平,3,仄,ci.清.0001.pinyin.json 第2阕第37字 语料拼音 zhǎng,待裁定
ci.清.0001.pinyin.json#841,1,5,长,2,平,3,仄,ci.清.0001.pinyin.json 第2阕第6字 语料拼音 zhǎng,待裁定
ci.清.0001.pinyin.json#842,1,22,绝,4,仄,2,平,ci.清.0001.pinyin.json 第2阕第23字 语料拼音 jué,待裁定
ci.清.0001.pinyin.json#848,0,18,甚,4,仄,2,平,ci.清.0001.pinyin.json 第1阕第19字 语料拼音 shén,待裁定
ci.清.0001.pinyin.json#850,0,32,长,2,平,3,仄,ci.清.0001.pinyin.json 第1阕第33字 语料拼音 zhǎng,待裁定
ci.清.0001.pinyin.json#852,0,34,长,2,平,3,仄,ci.清.0001.pinyin.json 第1阕第35字 语料拼音 zhǎng,待裁定
ci.清.0001.pinyin.json#855,1,38,绝,4,仄,2,平,ci.清.0001.pinyin.json 第2阕第39字 语料拼音 jué,待裁定
ci.清.0001.pinyin.json#860,1,30,别,4,仄,2,平,ci.清.0001.pinyin.json 第2阕第31字 语料拼音 bié,待裁定
ci.清.0001.pinyin.json#867,1,45,长,2,平,3,仄,ci.清.0001.pinyin.json 第2阕第46字 语料拼音 zhǎng,待裁定
ci.清.0001.pinyin.json#868,1,9,长,2,平,3,仄,ci.清.0001.pinyin.json 第2阕第10字 语料拼音 zhǎng,待裁定
ci.清.0001.pinyin.json#869,0,38,长,2,平,3,仄,ci.清.0001.pinyin.json 第1阕第39字 语料拼音 zhǎng,待裁定
ci.清.0001.pinyin.json#871,0,13,甚,4,仄,2,平,ci.清.0001.pinyin.json 第1阕第14字 语料拼音 shén,待裁定
ci.清.0001.pinyin.json#874,0,11,长,2,平,3,仄,ci.清.0001.pinyin.json 第1阕第12字 语料拼音 zhǎng,待裁定
ci.清.0001.pinyin.json#882,0,37,别,4,仄,2,平,ci.清.0001.pinyin.json 第1阕第38字 语料拼音 bié,待裁定
ci.清.0001.pinyin.json#882,1,2,甚,4,仄,2,平,ci.清.0001.pinyin.json 第2阕第3字 语料拼音 shén,待裁定
ci.清.0001.pinyin.json#885,1,19,甚,4,仄,2,平,ci.清.0001.pinyin.json 第2阕第20字 语料拼音 shén,待裁定
ci.清.0001.pinyin.json#886,1,29,别,4,仄,2,平,ci.清.0001.pinyin.json 第2阕第30字 语料拼音 bié,待裁定
ci.清.0001.pinyin.json#887,0,38,甚,4,仄,2,平,ci.清.0001.pinyin.json 第1阕第39字 语料拼音 shén,待裁定
ci.清.0001.pinyin.json#890,0,54,甚,4,仄,2,平,ci.清.0001.pinyin.json 第1阕第55字 语料拼音 shén,待裁定
ci.清.0001.pinyin.json#893,1,26,长,2,平,3,仄,ci.清.0001.pinyin.json 第2阕第27字 语料拼音 zhǎng,待裁定
ci.清.0001.pinyin.json#893,1,32,长,2,平,3,仄,ci.清.0001.pinyin.json 第2阕第33字 语料拼音 zhǎng,待裁定
ci.清.0001.pinyin.json#894,1,0,长,2,平,3,仄,ci.清.0001.pinyin.json 第2阕第1字 语料拼音 zhǎng,待裁定
ci.清.0001.pinyin.json#895,0,49,别,4,仄,2,平,ci.清.0001.pinyin.json 第1阕第50字 语料拼音 bié,待裁定
ci.清.0001.pinyin.json#895,1,25,绝,4,仄,2,平,ci.清.0001.pinyin.json 第2阕第26字 语料拼音 jué,待裁定
ci.清.0001.pinyin.json#896,1,3,别,4,仄,2,平,ci.清.0001.pinyin.json 第2阕第4字 语料拼音 bié,待裁定
ci.清.0001.pinyin.json#897,0,41,长,2,平,3,仄,ci.清.0001.pinyin.json 第1阕第42字 语料拼音 zhǎng,待裁定
ci.清.0001.pinyin.json#901,1,35,绝,4,仄,2,平,ci.清.0001.pinyin.json 第2阕第36字 语料拼音 jué,待裁定
ci.清.0001.pinyin.json#902,0,12,别,4,仄,2,平,ci.清.0001.pinyin.json 第1阕第13字 语料拼音 bié,待裁定
ci.清.0001.pinyin.json#902,0,15,长,2,平,3,仄,ci.清.0001.pinyin.json 第1阕第16字 语料拼音 zhǎng,待裁定
ci.清.0001.pinyin.json#902,0,22,长,2,平,3,仄,ci.清.0001.pinyin.json 第1阕第23字 语料拼音 zhǎng,待裁定
ci.清.0001.pinyin.json#902,1,44,甚,4,仄,2,平,ci.清.0001.pinyin.json 第2阕第45字 语料拼音 shén,待裁定
ci.清.0001.pinyin.json#902,1,47,长,2,平,3,仄,ci.清.0001.pinyin.json 第2阕第48字 语料拼音 zhǎng,待裁定
ci.清.0001.pinyin.json#903,1,23,别,4,仄,2,平,ci.清.0001.pinyin.json 第2阕第24字 语料拼音 bié,待裁定
ci.清.0001.pinyin.json#904,1,23,甚,4,仄,2,平,ci.清.0001.pinyin.json 第2阕第24字 语料拼音 shén,待裁定
ci.清.0001.pinyin.json#904,1,29,别,4,仄,2,平,ci.清.0001.pinyin.json 第2阕第30字 语料拼音 bié,待裁定
ci.清.0001.pinyin.json#905,0,12,别,4,仄,2,平,ci.清.0001.pinyin.json 第1阕第13字 语料拼音 bié,待裁定
ci.清.0001.pinyin.json#907,1,14,长,2,平,3,仄,ci.清.0001.pinyin.json 第2阕第15字 语料拼音 zhǎng,待裁定
ci.清.0001.pinyin.json#908,0,41,甚,4,仄,2,平,ci.清.0001.pinyin.json 第1阕第42字 语料拼音 shén,待裁定
ci.清.0001.pinyin.json#912,1,4,甚,4,仄,2,平,ci.清.0001.pinyin.json 第2阕第5字 语料拼音 shén,待裁定
ci.清.0001.pinyin.json#912,1,48,长,2,平,3,仄,ci.清.0001.pinyin.json 第2阕第49字 语料拼音 zhǎng,待裁定
ci.清.0001.pinyin.json#913,1,33,长,2,平,3,仄,ci.清.0001.pinyin.json 第2阕第34字 语料拼音 zhǎng,待裁定
ci.清.0001.pinyin.json#916,1,12,绝,4,仄,2,平,ci.清.0001.pinyin.json 第2阕第13字 语料拼音 jué,待裁定
ci.清.0001.pinyin.json#916,1,49,别,4,仄,2,平,ci.清.0001.pinyin.json 第2阕第50字 语料拼音 bié,待裁定
ci.清.0001.pinyin.json#917,0,35,长,2,平,3,仄,ci.清.0001.pinyin.json 第1阕第36字 语料拼音 zhǎng,待裁定
ci.清.0001.pinyin.json#917,0,49,绝,4,仄,2,平,ci.清.0001.pinyin.json 第1阕第50字 语料拼音 jué,待裁定
ci.清.0001.pinyin.json#917,1,1,绝,4,仄,2,平,ci.清.0001.pinyin.json 第2阕第2字 语料拼音 jué,待裁定
ci.清.0001.pinyin.json#917,1,5,别,4,仄,2,平,ci.清.0001.pinyin.json 第2阕第6字 语料拼音 bié,待裁定
ci.清.0001.pinyin.json#917,1,6,长,2,平,3,仄,ci.清.0001.pinyin.json 第2阕第7字 语料拼音 zhǎng,待裁定
ci.清.0001.pinyin.json#918,1,4,别,4,仄,2,平,ci.清.0001.pinyin.json 第2阕第5字 语料拼音 bié,待裁定
ci.清.0001.pinyin.json#918,1,39,长,2,平,3,仄,ci.清.0001.pinyin.json 第2阕第40字 语料拼音 zhǎng,待裁定
ci.清.0001.pinyin.json#919,0,17,绝,4,仄,2,平,ci.清.0001.pinyin.json 第1阕第18字 语料拼音 jué,待裁定
ci.清.0001.pinyin.json#925,0,49,甚,4,仄,2,平,ci.清.0001.pinyin.json 第1阕第50字 语料拼音 shén,待裁定
ci.清.0001.pinyin.json#929,0,22,长,2,平,3,仄,ci.清.0001.pinyin.json 第1阕第23字 语料拼音 zhǎng,待裁定
ci.清.0001.pinyin.json#929,1,6,长,2,平,3,仄,ci.清.0001.pinyin.json 第2阕第7字 语料拼音 zhǎng,待裁定
ci.清.0001.pinyin.json#931,0,51,长,2,平,3,仄,ci.清.0001.pinyin.json 第1阕第52字 语料拼音 zhǎng,待裁定
ci.清.0001.pinyin.json#932,1,39,长,2,平,3,仄,ci.清.0001.pinyin.json 第2阕第40字 语料拼音 zhǎng,待裁定
ci.清.0001.pinyin.json#934,1,45,长,2,平,3,仄,ci.清.0001.pinyin.json 第2阕第46字 语料拼音 zhǎng,待裁定
ci.清.0001.pinyin.json#936,1,17,绝,4,仄,2,平,ci.清.0001.pinyin.json 第2阕第18字 语料拼音 jué,待裁定
ci.清.0001.pinyin.json#936,1,39,长,2,平,3,仄,ci.清.0001.pinyin.json 第2阕第40字 语料拼音 zhǎng,待裁定
ci.清.0001.pinyin.json#938,1,49,长,2,平,3,仄,ci.清.0001.pinyin.json 第2阕第50字 语料拼音 zhǎng,待裁定
ci.清.0001.pinyin.json#939,1,45,别,4,仄,2,平,ci.清.0001.pinyin.json 第2阕第46字 语料拼音 bié,待裁定
ci.清.0001.pinyin.json#940,0,55,别,4,仄,2,平,ci.清.0001.pinyin.json 第1阕第56字 语料拼音 bié,待裁定
ci.清.0001.pinyin.json#945,1,9,长,2,平,3,仄,ci.清.0001.pinyin.json 第2阕第10字 语料拼音 zhǎng,待裁定
ci.清.0001.pinyin.json#945,1,26,长,2,平,3,仄,ci.清.0001.pinyin.json 第2阕第27字 语料拼音 zhǎng,待裁定
ci.清.0001.pinyin.json#947,0,20,长,2,平,3,仄,ci.清.0001.pinyin.json 第1阕第21字 语料拼音 zhǎng,待裁定
ci.清.0001.pinyin.json#948,1,47,长,2,平,3,仄,ci.清.0001.pinyin.json 第2阕第48字 语料拼音 zhǎng,待裁定
ci.清.0001.pinyin.json#950,1,0,别,4,仄,2,平,ci.清.0001.pinyin.json 第2阕第1字 语料拼音 bié,待裁定
ci.清.0001.pinyin.json#951,0,54,长,2,平,3,仄,ci.清.0001.pinyin.json 第1阕第55字 语料拼音 zhǎng,待裁定
ci.清.0001.pinyin.json#953,0,5,绝,4,仄,2,平,ci.清.0001.pinyin.json 第1阕第6字 语料拼音 jué,待裁定
ci.清.0001.pinyin.json#956,0,4,别,4,仄,2,平,ci.清.0001.pinyin.json 第1阕第5字 语料拼音 bié,待裁定
ci.清.0001.pinyin.json#956,0,56,绝,4,仄,2,平,ci.清.0001.pinyin.json 第1阕第57字 语料拼音 jué,待裁定
ci.清.0001.pinyin.json#956,1,52,绝,4,仄,2,平,ci.清.0001.pinyin.json 第2阕第53字 语料拼音 jué,待裁定
ci.清.0001.pinyin.json#957,0,18,长,2,平,3,仄,ci.清.0001.pinyin.json 第1阕第19字 语料拼音 zhǎng,待裁定
ci.清.0001.pinyin.json#962,1,5,别,4,仄,2,平,ci.清.0001.pinyin.json 第2阕第6字 语料拼音 bié,待裁定
ci.清.0001.pinyin.json#965,1,34,长,2,平,3,仄,ci.清.0001.pinyin.json 第2阕第35字 语料拼音 zhǎng,待裁定
ci.清.0001.pinyin.json#966,0,8,长,2,平,3,仄,ci.清.0001.pinyin.json 第1阕第9字 语料拼音 zhǎng,待裁定
ci.清.0001.pinyin.json#967,0,60,别,4,仄,2,平,ci.清.0001.pinyin.json 第1阕第61字 语料拼音 bié,待裁定
ci.清.0001.pinyin.json#968,1,59,别,4,仄,2,平,ci.清.0001.pinyin.json 第2阕第60字 语料拼音 bié,待裁定
ci.清.0001.pinyin.json#970,1,40,绝,4,仄,2,平,ci.清.0001.pinyin.json 第2阕第41字 语料拼音 jué,待裁定
ci.清.0001.pinyin.json#972,0,16,长,2,平,3,仄,ci.清.0001.pinyin.json 第1阕第17字 语料拼音 zhǎng,待裁定
ci.清.0001.pinyin.json#973,0,73,甚,4,仄,2,平,ci.清.0001.pinyin.json 第1阕第74字 语料拼音 shén,待裁定
ci.清.0001.pinyin.json#980,1,56,长,2,平,3,仄,ci.清.0001.pinyin.json 第2阕第57字 语料拼音 zhǎng,待裁定
ci.清.0001.pinyin.json#981,0,52,长,2,平,3,仄,ci.清.0001.pinyin.json 第1阕第53字 语料拼音 zhǎng,待裁定
ci.清.0001.pinyin.json#982,1,9,长,2,平,3,仄,ci.清.0001.pinyin.json 第2阕第10字 语料拼音 zhǎng,待裁定
ci.清.0001.pinyin.json#983,1,7,长,2,平,3,仄,ci.清.0001.pinyin.json 第2阕第8字 语料拼音 zhǎng,待裁定
ci.清.0001.pinyin.json#986,1,0,长,2,平,3,仄,ci.清.0001.pinyin.json 第2阕第1字 语料拼音 zhǎng,待裁定
ci.清.0001.pinyin.json#986,1,22,绝,4,仄,2,平,ci.清.0001.pinyin.json 第2阕第23字 语料拼音 jué,待裁定
ci.清.0001.pinyin.json#986,1,44,甚,4,仄,2,平,ci.清.0001.pinyin.json 第2阕第45字 语料拼音 shén,待裁定
ci.清.0001.pinyin.json#991,0,46,甚,4,仄,2,平,ci.清.0001.pinyin.json 第1阕第47字 语料拼音 shén,待裁定
ci.清.0001.pinyin.json#994,8,3,长,2,平,3,仄,ci.清.0001.pinyin.json 第9阕第4字 语料拼音 zhǎng,待裁定
ci.清.0001.pinyin.json#994,10,11,别,4,仄,2,平,ci.清.0001.pinyin.json 第11阕第12字 语料拼音 bié,待裁定
ci.清.0001.pinyin.json#994,11,12,甚,4,仄,2,平,ci.清.0001.pinyin.json 第12阕第13字 语料拼音 shén,待裁定
ci.清.0001.pinyin.json#995,4,27,长,2,平,3,仄,ci.清.0001.pinyin.json 第5阕第28字 语料拼音 zhǎng,待裁定
ci.清.0001.pinyin.json#995,13,19,长,2,平,3,仄,ci.清.0001.pinyin.json 第14阕第20字 语料拼音 zhǎng,待裁定
ci.清.0001.pinyin.json#996,11,18,长,2,平,3,仄,ci.清.0001.pinyin.json 第12阕第19字 语料拼音 zhǎng,待裁定
ci.清.0001.pinyin.json#996,17,0,长,2,平,3,仄,ci.清.0001.pinyin.json 第18阕第1字 语料拼音 zhǎng,待裁定
ci.清.0001.pinyin.json#997,0,6,长,2,平,3,仄,ci.清.0001.pinyin.json 第1阕第7字 语料拼音 zhǎng,待裁定
ci.清.0001.pinyin.json#999,0,22,别,4,仄,2,平,ci.清.0001.pinyin.json 第1阕第23字 语料拼音 bié,待裁定
ci.清.0002.pinyin.json#5,4,4,长,2,平,3,仄,ci.清.0002.pinyin.json 第5阕第5字 语料拼音 zhǎng,待裁定
ci.清.0002.pinyin.json#5,5,11,长,2,平,3,仄,ci.清.0002.pinyin.json 第6阕第12字 语料拼音 zhǎng,待裁定
ci.清.0002.pinyin.json#6,0,9,绝,4,仄,2,平,ci.清.0002.pinyin.json 第1阕第10字 语料拼音 jué,待裁定
ci.清.0002.pinyin.json#8,3,10,长,2,平,3,仄,ci.清.0002.pinyin.json 第4阕第11字 语料拼音 zhǎng,待裁定
ci.清.0002.pinyin.json#11,5,9,长,2,平,3,仄,ci.清.0002.pinyin.json 第6阕第10字 语料拼音 zhǎng,待裁定
ci.清.0002.pinyin.json#21,2,6,别,4,仄,2,平,ci.清.0002.pinyin.json 第3阕第7字 语料拼音 bié,待裁定
ci.清.0002.pinyin.json#23,0,19,长,2,平,3,仄,ci.清.0002.pinyin.json 第1阕第20字 语料拼音 zhǎng,待裁定
ci.清.0002.pinyin.json#23,3,17,别,4,仄,2,平,ci.清.0002.pinyin.json 第4阕第18字 语料拼音 bié,待裁定
ci.清.0002.pinyin.json#26,0,4,别,4,仄,2,平,ci.清.0002.pinyin.json 第1阕第5字 语料拼音 bié,待裁定
ci.清.0002.pinyin.json#31,1,2,别,4,仄,2,平,ci.清.0002.pinyin.json 第2阕第3字 语料拼音 bié,待裁定
ci.清.0002.pinyin.json#31,1,13,绝,4,仄,2,平,ci.清.0002.pinyin.json 第2阕第14字 语料拼音 jué,待裁定
ci.清.0002.pinyin.json#31,1,16,绝,4,仄,2,平,ci.清.0002.pinyin.json 第2阕第17字 语料拼音 jué,待裁定
ci.清.0002.pinyin.json#34,1,8,长,2,平,3,仄,ci.清.0002.pinyin.json 第2阕第9字 语料拼音 zhǎng,待裁定
ci.清.0002.pinyin.json#36,1,17,别,4,仄,2,平,ci.清.0002.pinyin.json 第2阕第18字 语料拼音 bié,待裁定
ci.清.0002.pinyin.json#40,1,28,别,4,仄,2,平,ci.清.0002.pinyin.json 第2阕第29字 语料拼音 bié,待裁定
ci.清.0002.pinyin.json#42,1,10,别,4,仄,2,平,ci.清.0002.pinyin.json 第2阕第11字 语料拼音 bié,待裁定
ci.清.0002.pinyin.json#45,1,16,别,4,仄,2,平,ci.清.0002.pinyin.json 第2阕第17字 语料拼音 bié,待裁定
ci.清.0002.pinyin.json#46,1,27,别,4,仄,2,平,ci.清.0002.pinyin.json 第2阕第28字 语料拼音 bié,待裁定
ci.清.0002.pinyin.json#51,0,11,别,4,仄,2,平,ci.清.0002.pinyin.json 第1阕第12字 语料拼音 bié,待裁定
ci.清.0002.pinyin.json#61,1,12,别,4,仄,2,平,ci.清.0002.pinyin.json 第2阕第13字 语料拼音 bié,待裁定
ci.清.0002.pinyin.json#61,3,1,绝,4,仄,2,平,ci.清.0002.pinyin.json 第4阕第2字 语料拼音 jué,待裁定
ci.清.0002.pinyin.json#62,0,0,别,4,仄,2,平,ci.清.0002.pinyin.json 第1阕第1字 语料拼音 bié,待裁定
ci.清.0002.pinyin.json#67,0,39,别,4,仄,2,平,ci.清.0002.pinyin.json 第1阕第40字 语料拼音 bié,待裁定
ci.清.0002.pinyin.json#70,4,11,甚,4,仄,2,平,ci.清.0002.pinyin.json 第5阕第12字 语料拼音 shén,待裁定
ci.清.0002.pinyin.json#73,1,12,长,2,平,3,仄,ci.清.0002.pinyin.json 第2阕第13字 语料拼音 zhǎng,待裁定
ci.清.0002.pinyin.json#74,1,2,别,4,仄,2,平,ci.清.0002.pinyin.json 第2阕第3字 语料拼音 bié,待裁定
ci.清.0002.pinyin.json#75,0,17,长,2,平,3,仄,ci.清.0002.pinyin.json 第1阕第18字 语料拼音 zhǎng,待裁定
ci.清.0002.pinyin.json#75,1,20,别,4,仄,2,平,ci.清.0002.pinyin.json 第2阕第21字 语料拼音 bié,待裁定
ci.清.0002.pinyin.json#76,1,43,长,2,平,3,仄,ci.清.0002.pinyin.json 第2阕第44字 语料拼音 zhǎng,待裁定
ci.清.0002.pinyin.json#77,0,9,长,2,平,3,仄,ci.清.0002.pinyin.json 第1阕第10字 语料拼音 zhǎng,待裁定
ci.清.0002.pinyin.json#78,0,45,别,4,仄,2,平,ci.清.0002.pinyin.json 第1阕第46字 语料拼音 bié,待裁定
ci.清.0002.pinyin.json#79,0,12,别,4,仄,2,平,ci.清.0002.pinyin.json 第1阕第13字 语料拼音 bié,待裁定
ci.清.0002.pinyin.json#83,0,23,长,2,平,3,仄,ci.清.0002.pinyin.json 第1阕第24字 语料拼音 zhǎng,待裁定
ci.清.0002.pinyin.json#84,0,9,别,4,仄,2,平,ci.清.0002.pinyin.json 第1阕第10字 语料拼音 bié,待裁定
ci.清.0002.pinyin.json#85,1,0,长,2,平,3,仄,ci.清.0002.pinyin.json 第2阕第1字 语料拼音 zhǎng,待裁定
ci.清.0002.pinyin.json#86,1,9,别,4,仄,2,平,ci.清.0002.pinyin.json 第2阕第10字 语料拼音 bié,待裁定
ci.清.0002.pinyin.json#87,1,24,甚,4,仄,2,平,ci.清.0002.pinyin.json 第2阕第25字 语料拼音 shén,待裁定
ci.清.0002.pinyin.json#93,0,9,长,2,平,3,仄,ci.清.0002.pinyin.json 第1阕第10字 语料拼音 zhǎng,待裁定
ci.清.0002.pinyin.json#93,1,20,长,2,平,3,仄,ci.清.0002.pinyin.json 第2阕第21字 语料拼音 zhǎng,待裁定
ci.清.0002.pinyin.json#93,3,9,长,2,平,3,仄,ci.清.0002.pinyin.json 第4阕第10字 语料拼音 zhǎng,待裁定
ci.清.0002.pinyin.json#93,3,13,长,2,平,3,仄,ci.清.0002.pinyin.json 第4阕第14字 语料拼音 zhǎng,待裁定
ci.清.0002.pinyin.json#94,0,2,长,2,平,3,仄,ci.清.0002.pinyin.json 第1阕第3字 语料拼音 zhǎng,待裁定
ci.清.0002.pinyin.json#94,0,19,长,2,平,3,仄,ci.清.0002.pinyin.json 第1阕第20字 语料拼音 zhǎng,待裁定
ci.清.0002.pinyin.json#97,1,12,长,2,平,3,仄,ci.清.0002.pinyin.json 第2阕第13字 语料拼音 zhǎng,待裁定
ci.清.0002.pinyin.json#101,1,37,长,2,平,3,仄,ci.清.0002.pinyin.json 第2阕第38字 语料拼音 zhǎng,待裁定
ci.清.0002.pinyin.json#107,1,4,长,2,平,3,仄,ci.清.0002.pinyin.json 第2阕第5字 语料拼音 zhǎng,待裁定
ci.清.0002.pinyin.json#108,0,11,长,2,平,3,仄,ci.清.0002.pinyin.json 第1阕第12字 语料拼音 zhǎng,待裁定
ci.清.0002.pinyin.json#109,0,23,绝,4,仄,2,平,ci.清.0002.pinyin.json 第1阕第24字 语料拼音 jué,待裁定
ci.清.0002.pinyin.json#109,1,44,甚,4,仄,2,平,ci.清.0002.pinyin.json 第2阕第45字 语料拼音 shén,待裁定
ci.清.0002.pinyin.json#111,1,19,绝,4,仄,2,平,ci.清.0002.pinyin.json 第2阕第20字 语料拼音 jué,待裁定
ci.清.0002.pinyin.json#112,0,31,长,2,平,3,仄,ci.清.0002.pinyin.json 第1阕第32字 语料拼音 zhǎng,待裁定
ci.清.0002.pinyin.json#112,0,46,甚,4,仄,2,平,ci.清.0002.pinyin.json 第1阕第47字 语料拼音 shén,待裁定
ci.清.0002.pinyin.json#113,0,26,绝,4,仄,2,平,ci.清.0002.pinyin.json 第1阕第27字 语料拼音 jué,待裁定
ci.清.0002.pinyin.json#116,0,23,甚,4,仄,2,平,ci.清.0002.pinyin.json 第1阕第24字 语料拼音 shén,待裁定
ci.清.0002.pinyin.json#118,0,29,长,2,平,3,仄,ci.清.0002.pinyin.json 第1阕第30字 语料拼音 zhǎng,待裁定
ci.清.0002.pinyin.json#120,1,17,别,4,仄,2,平,ci.清.0002.pinyin.json 第2阕第18字 语料拼音 bié,待裁定
ci.清.0002.pinyin.json#124,0,11,长,2,平,3,仄,ci.清.0002.pinyin.json 第1阕第12字 语料拼音 zhǎng,待裁定
ci.清.0002.pinyin.json#124,0,17,长,2,平,3,仄,ci.清.0002.pinyin.json 第1阕第18字 语料拼音 zhǎng,待裁定
ci.清.0002.pinyin.json#125,0,29,别,4,仄,2,平,ci.清.0002.pinyin.json 第1阕第30字 语料拼音 bié,待裁定
ci.清.0002.pinyin.json#125,1,13,长,2,平,3,仄,ci.清.0002.pinyin.json 第2阕第14字 语料拼音 zhǎng,待裁定
ci.清.0002.pinyin.json#126,1,4,长,2,平,3,仄,ci.清.0002.pinyin.json 第2阕第5字 语料拼音 zhǎng,待裁定
ci.清.0002.pinyin.json#127,0,27,别,4,仄,2,平,ci.清.0002.pinyin.json 第1阕第28字 语料拼音 bié,待裁定
ci.清.0002.pinyin.json#128,0,0,别,4,仄,2,平,ci.清.0002.pinyin.json 第1阕第1字 语料拼音 bié,待裁定
ci.清.0002.pinyin.json#128,0,33,长,2,平,3,仄,ci.清.0002.pinyin.json 第1阕第34字 语料拼音 zhǎng,待裁定
ci.清.0002.pinyin.json#129,0,25,长,2,平,3,仄,ci.清.0002.pinyin.json 第1阕第26字 语料拼音 zhǎng,待裁定
ci.清.0002.pinyin.json#130,1,20,别,4,仄,2,平,ci.清.0002.pinyin.json 第2阕第21字 语料拼音 bié,待裁定
ci.清.0002.pinyin.json#133,0,29,甚,4,仄,2,平,ci.清.0002.pinyin.json 第1阕第30字 语料拼音 shén,待裁定
ci.清.0002.pinyin.json#135,1,16,绝,4,仄,2,平,ci.清.0002.pinyin.json 第2阕第17字 语料拼音 jué,待裁定
ci.清.0002.pinyin.json#135,1,54,长,2,平,3,仄,ci.清.0002.pinyin.json 第2阕第55字 语料拼音 zhǎng,待裁定
ci.清.0002.pinyin.json#141,0,28,长,2,平,3,仄,ci.清.0002.pinyin.json 第1阕第29字 语料拼音 zhǎng,待裁定
ci.清.0002.pinyin.json#141,1,20,长,2,平,3,仄,ci.清.0002.pinyin.json 第2阕第21字 语料拼音 zhǎng,待裁定
ci.清.0002.pinyin.json#142,0,38,甚,4,仄,2,平,ci.清.0002.pinyin.json 第1阕第39字 语料拼音 shén,待裁定
ci.清.0002.pinyin.json#144,0,8,长,2,平,3,仄,ci.清.0002.pinyin.json 第1阕第9字 语料拼音 zhǎng,待裁定
ci.清.0002.pinyin.json#144,1,14,别,4,仄,2,平,ci.清.0002.pinyin.json 第2阕第15字 语料拼音 bié,待裁定
ci.清.0002.pinyin.json#144,1,24,长,2,平,3,仄,ci.清.0002.pinyin.json 第2阕第25字 语料拼音 zhǎng,待裁定
ci.清.0002.pinyin.json#144,1,30,长,2,平,3,仄,ci.清.0002.pinyin.json 第2阕第31字 语料拼音 zhǎng,待裁定
ci.清.0002.pinyin.json#145,0,25,绝,4,仄,2,平,ci.清.0002.pinyin.json 第1阕第26字 语料拼音 jué,待裁定
ci.清.0002.pinyin.json#146,0,3,甚,4,仄,2,平,ci.清.0002.pinyin.json 第1阕第4字 语料拼音 shén,待裁定
ci.清.0002.pinyin.json#146,1,0,别,4,仄,2,平,ci.清.0002.pinyin.json 第2阕第1字 语料拼音 bié,待裁定
ci.清.0002.pinyin.json#149,2,7,别,4,仄,2,平,ci.清.0002.pinyin.json 第3阕第8字 语料拼音 bié,待裁定
ci.清.0002.pinyin.json#151,1,7,甚,4,仄,2,平,ci.清.0002.pinyin.json 第2阕第8字 语料拼音 shén,待裁定
ci.清.0002.pinyin.json#151,1,53,别,4,仄,2,平,ci.清.0002.pinyin.json 第2阕第54字 语料拼音 bié,待裁定
ci.清.0002.pinyin.json#152,0,5,长,2,平,3,仄,ci.清.0002.pinyin.json 第1阕第6字 语料拼音 zhǎng,待裁定
ci.清.0002.pinyin.json#155,0,34,长,2,平,3,仄,ci.清.0002.pinyin.json 第1阕第35字 语料拼音 zhǎng,待裁定
ci.清.0002.pinyin.json#155,0,36,别,4,仄,2,平,ci.清.0002.pinyin.json 第1阕第37字 语料拼音 bié,待裁定
ci.清.0002.pinyin.json#157,0,43,长,2,平,3,仄,ci.清.0002.pinyin.json 第1阕第44字 语料拼音 zhǎng,待裁定
ci.清.0002.pinyin.json#157,1,44,长,2,平,3,仄,ci.清.0002.pinyin.json 第2阕第45字 语料拼音 zhǎng,待裁定
ci.清.0002.pinyin.json#163,0,29,别,4,仄,2,平,ci.清.0002.pinyin.json 第1阕第30字 语料拼音 bié,待裁定
ci.清.0002.pinyin.json#163,1,6,甚,4,仄,2,平,ci.清.0002.pinyin.json 第2阕第7字 语料拼音 shén,待裁定
ci.清.0002.pinyin.json#163,1,23,别,4,仄,2,平,ci.清.0002.pinyin.json 第2阕第24字 语料拼音 bié,待裁定
ci.清.0002.pinyin.json#163,1,36,长,2,平,3,仄,ci.清.0002.pinyin.json 第2阕第37字 语料拼音 zhǎng,待裁定
ci.清.0002.pinyin.json#164,0,23,绝,4,仄,2,平,ci.清.0002.pinyin.json 第1阕第24字 语料拼音 jué,待裁定
ci.清.0002.pinyin.json#164,1,20,长,2,平,3,仄,ci.清.0002.pinyin.json 第2阕第21字 语料拼音 zhǎng,待裁定
ci.清.0002.pinyin.json#164,1,48,长,2,平,3,仄,ci.清.0002.pinyin.json 第2阕第49字 语料拼音 zhǎng,待裁定
ci.清.0002.pinyin.json#167,1,17,别,4,仄,2,平,ci.清.0002.pinyin.json 第2阕第18字 语料拼音 bié,待裁定
ci.清.0002.pinyin.json#169,0,0,别,4,仄,2,平,ci.清.0002.pinyin.json 第1阕第1字 语料拼音 bié,待裁定
ci.清.0002.pinyin.json#170,0,29,长,2,平,3,仄,ci.清.0002.pinyin.json 第1阕第30字 语料拼音 zhǎng,待裁定
ci.清.0002.pinyin.json#170,1,45,长,2,平,3,仄,ci.清.0002.pinyin.json 第2阕第46字 语料拼音 zhǎng,待裁定
ci.清.0002.pinyin.json#174,1,26,长,2,平,3,仄,ci.清.0002.pinyin.json 第2阕第27字 语料拼音 zhǎng,待裁定
ci.清.0002.pinyin.json#180,0,25,别,4,仄,2,平,ci.清.0002.pinyin.json 第1阕第26字 语料拼音 bié,待裁定
ci.清.0002.pinyin.json#188,0,13,长,2,平,3,仄,ci.清.0002.pinyin.json 第1阕第14字 语料拼音 zhǎng,待裁定
ci.清.0002.pinyin.json#190,0,57,长,2,平,3,仄,ci.清.0002.pinyin.json 第1阕第58字 语料拼音 zhǎng,待裁定
ci.清.0002.pinyin.json#191,0,10,绝,4,仄,2,平,ci.清.0002.pinyin.json 第1阕第11字 语料拼音 jué,待裁定
ci.清.0002.pinyin.json#201,0,31,别,4,仄,2,平,ci.清.0002.pinyin.json 第1阕第32字 语料拼音 bié,待裁定
ci.清.0002.pinyin.json#204,1,0,长,2,平,3,仄,ci.清.0002.pinyin.json 第2阕第1字 语料拼音 zhǎng,待裁定
ci.清.0002.pinyin.json#206,1,44,甚,4,仄,2,平,ci.清.0002.pinyin.json 第2阕第45字 语料拼音 shén,待裁定
ci.清.0002.pinyin.json#207,0,48,长,2,平,3,仄,ci.清.0002.pinyin.json 第1阕第49字 语料拼音 zhǎng,待裁定
ci.清.0002.pinyin.json#210,0,20,长,2,平,3,仄,ci.清.0002.pinyin.json 第1阕第21字 语料拼音 zhǎng,待裁定
ci.清.0002.pinyin.json#210,1,7,绝,4,仄,2,平,ci.清.0002.pinyin.json 第2阕第8字 语料拼音 jué,待裁定
ci.清.0002.pinyin.json#212,0,48,长,2,平,3,仄,ci.清.0002.pinyin.json 第1阕第49字 语料拼音 zhǎng,待裁定
ci.清.0002.pinyin.json#216,1,14,长,2,平,3,仄,ci.清.0002.pinyin.json 第2阕第15字 语料拼音 zhǎng,待裁定
ci.清.0002.pinyin.json#217,0,46,绝,4,仄,2,平,ci.清.0002.pinyin.json 第1阕第47字 语料拼音 jué,待裁定
ci.清.0002.pinyin.json#217,1,4,长,2,平,3,仄,ci.清.0002.pinyin.json 第2阕第5字 语料拼音 zhǎng,待裁定
ci.清.0002.pinyin.json#218,0,46,长,2,平,3,仄,ci.清.0002.pinyin.json 第1阕第47字 语料拼音 zhǎng,待裁定
ci.清.0002.pinyin.json#220,1,2,绝,4,仄,2,平,ci.清.0002.pinyin.json 第2阕第3字 语料拼音 jué,待裁定
ci.清.0002.pinyin.json#225,1,15,绝,4,仄,2,平,ci.清.0002.pinyin.json 第2阕第16字 语料拼音 jué,待裁定
ci.清.0002.pinyin.json#229,1,6,别,4,仄,2,平,ci.清.0002.pinyin.json 第2阕第7字 语料拼音 bié,待裁定
ci.清.0002.pinyin.json#232,1,2,长,2,平,3,仄,ci.清.0002.pinyin.json 第2阕第3字 语料拼音 zhǎng,待裁定
ci.清.0002.pinyin.json#234,0,42,绝,4,仄,2,平,ci.清.0002.pinyin.json 第1阕第43字 语料拼音 jué,待裁定
ci.清.0002.pinyin.json#235,0,40,甚,4,仄,2,平,ci.清.0002.pinyin.json 第1阕第41字 语料拼音 shén,待裁定
ci.清.0002.pinyin.json#238,0,13,绝,4,仄,2,平,ci.清.0002.pinyin.json 第1阕第14字 语料拼音 jué,待裁定
ci.清.0002.pinyin.json#241,1,21,长,2,平,3,仄,ci.清.0002.pinyin.json 第2阕第22字 语料拼音 zhǎng,待裁定
ci.清.0002.pinyin.json#245,0,39,别,4,仄,2,平,ci.清.0002.pinyin.json 第1阕第40字 语料拼音 bié,待裁定
ci.清.0002.pinyin.json#246,1,0,绝,4,仄,2,平,ci.清.0002.pinyin.json 第2阕第1字 语料拼音 jué,待裁定
ci.清.0002.pinyin.json#247,1,2,绝,4,仄,2,平,ci.清.0002.pinyin.json 第2阕第3字 语料拼音 jué,待裁定
ci.清.0002.pinyin.json#248,1,28,别,4,仄,2,平,ci.清.0002.pinyin.json 第2阕第29字 语料拼音 bié,待裁定
ci.清.0002.pinyin.json#249,1,4,长,2,平,3,仄,ci.清.0002.pinyin.json 第2阕第5字 语料拼音 zhǎng,待裁定
ci.清.0002.pinyin.json#255,1,52,长,2,平,3,仄,ci.清.0002.pinyin.json 第2阕第53字 语料拼音 zhǎng,待裁定
ci.清.0002.pinyin.json#262,1,0,绝,4,仄,2,平,ci.清.0002.pinyin.json 第2阕第1字 语料拼音 jué,待裁定
ci.清.0002.pinyin.json#264,1,14,绝,4,仄,2,平,ci.清.0002.pinyin.json 第2阕第15字 语料拼音 jué,待裁定
ci.清.0002.pinyin.json#265,1,48,绝,4,仄,2,平,ci.清.0002.pinyin.json 第2阕第49字 语料拼音 jué,待裁定
ci.清.0002.pinyin.json#266,0,4,长,2,平,3,仄,ci.清.0002.pinyin.json 第1阕第5字 语料拼音 zhǎng,待裁定
ci.清.0002.pinyin.json#268,0,4,长,2,平,3,仄,ci.清.0002.pinyin.json 第1阕第5字 语料拼音 zhǎng,待裁定
ci.清.0002.pinyin.json#268,1,22,长,2,平,3,仄,ci.清.0002.pinyin.json 第2阕第23字 语料拼音 zhǎng,待裁定
ci.清.0002.pinyin.json#273,0,7,绝,4,仄,2,平,ci.清.0002.pinyin.json 第1阕第8字 语料拼音 jué,待裁定
ci.清.0002.pinyin.json#273,1,21,绝,4,仄,2,平,ci.清.0002.pinyin.json 第2阕第22字 语料拼音 jué,待裁定
ci.清.0002.pinyin.json#277,0,54,长,2,平,3,仄,ci.清.0002.pinyin.json 第1阕第55字 语料拼音 zhǎng,待裁定
ci.清.0002.pinyin.json#280,0,19,长,2,平,3,仄,ci.清.0002.pinyin.json 第1阕第20字 语料拼音 zhǎng,待裁定
ci.清.0002.pinyin.json#285,0,24,别,4,仄,2,平,ci.清.0002.pinyin.json 第1阕第25字 语料拼音 bié,待裁定
ci.清.0002.pinyin.json#285,1,15,绝,4,仄,2,平,ci.清.0002.pinyin.json 第2阕第16字 语料拼音 jué,待裁定
ci.清.0002.pinyin.json#290,0,13,别,4,仄,2,平,ci.清.0002.pinyin.json 第1阕第14字 语料拼音 bié,待裁定
ci.清.0002.pinyin.json#307,0,17,长,2,平,3,仄,ci.清.0002.pinyin.json 第1阕第18字 语料拼音 zhǎng,待裁定
ci.清.0002.pinyin.json#310,0,6,长,2,平,3,仄,ci.清.0002.pinyin.json 第1阕第7字 语料拼音 zhǎng,待裁定
ci.清.0002.pinyin.json#321,0,1,长,2,平,3,仄,ci.清.0002.pinyin.json 第1阕第2字 语料拼音 zhǎng,待裁定
ci.清.0002.pinyin.json#321,1,18,别,4,仄,2,平,ci.清.0002.pinyin.json 第2阕第19字 语料拼音 bié,待裁定
ci.清.0002.pinyin.json#322,1,0,别,4,仄,2,平,ci.清.0002.pinyin.json 第2阕第1字 语料拼音 bié,待裁定
ci.清.0002.pinyin.json#323,1,0,别,4,仄,2,平,ci.清.0002.pinyin.json 第2阕第1字 语料拼音 bié,待裁定
ci.清.0002.pinyin.json#324,0,3,别,4,仄,2,平,ci.清.0002.pinyin.json 第1阕第4字 语料拼音 bié,待裁定
ci.清.0002.pinyin.json#324,0,9,长,2,平,3,仄,ci.清.0002.pinyin.json 第1阕第10字 语料拼音 zhǎng,待裁定
ci.清.0002.pinyin.json#325,0,10,别,4,仄,2,平,ci.清.0002.pinyin.json 第1阕第11字 语料拼音 bié,待裁定
ci.清.0002.pinyin.json#335,1,32,甚,4,仄,2,平,ci.清.0002.pinyin.json 第2阕第33字 语料拼音 shén,待裁定
ci.清.0002.pinyin.json#336,1,44,别,4,仄,2,平,ci.清.0002.pinyin.json 第2阕第45字 语料拼音 bié,待裁定
ci.清.0002.pinyin.json#337,0,1,长,2,平,3,仄,ci.清.0002.pinyin.json 第1阕第2字 语料拼音 zhǎng,待裁定
ci.清.0002.pinyin.json#338,0,42,长,2,平,3,仄,ci.清.0002.pinyin.json 第1阕第43字 语料拼音 zhǎng,待裁定
ci.清.0002.pinyin.json#338,0,49,别,4,仄,2,平,ci.清.0002.pinyin.json 第1阕第50字 语料拼音 bié,待裁定
ci.清.0002.pinyin.json#338,1,6,绝,4,仄,2,平,ci.清.0002.pinyin.json 第2阕第7字 语料拼音 jué,待裁定
ci.清.0002.pinyin.json#343,1,24,长,2,平,3,仄,ci.清.0002.pinyin.json 第2阕第25字 语料拼音 zhǎng,待裁定
ci.清.0002.pinyin.json#346,0,16,长,2,平,3,仄,ci.清.0002.pinyin.json 第1阕第17字 语料拼音 zhǎng,待裁定
ci.清.0002.pinyin.json#347,0,24,别,4,仄,2,平,ci.清.0002.pinyin.json 第1阕第25字 语料拼音 bié,待裁定
ci.清.0002.pinyin.json#349,0,36,长,2,平,3,仄,ci.清.0002.pinyin.json 第1阕第37字 语料拼音 zhǎng,待裁定
ci.清.0002.pinyin.json#350,0,14,绝,4,仄,2,平,ci.清.0002.pinyin.json 第1阕第15字 语料拼音 jué,待裁定
ci.清.0002.pinyin.json#352,0,1,绝,4,仄,2,平,ci.清.0002.pinyin.json 第1阕第2字 语料拼音 jué,待裁定
ci.清.0002.pinyin.json#352,1,21,别,4,仄,2,平,ci.清.0002.pinyin.json 第2阕第22字 语料拼音 bié,待裁定
ci.清.0002.pinyin.json#358,1,46,长,2,平,3,仄,ci.清.0002.pinyin.json 第2阕第47字 语料拼音 zhǎng,待裁定
ci.清.0002.pinyin.json#360,1,4,长,2,平,3,仄,ci.清.0002.pinyin.json 第2阕第5字 语料拼音 zhǎng,待裁定
ci.清.0002.pinyin.json#361,1,2,长,2,平,3,仄,ci.清.0002.pinyin.json 第2阕第3字 语料拼音 zhǎng,待裁定
ci.清.0002.pinyin.json#362,0,10,长,2,平,3,仄,ci.清.0002.pinyin.json 第1阕第11字 语料拼音 zhǎng,待裁定
ci.清.0002.pinyin.json#363,1,6,甚,4,仄,2,平,ci.清.0002.pinyin.json 第2阕第7字 语料拼音 shén,待裁定
ci.清.0002.pinyin.json#366,0,21,长,2,平,3,仄,ci.清.0002.pinyin.json 第1阕第22字 语料拼音 zhǎng,待裁定
ci.清.0002.pinyin.json#372,1,8,长,2,平,3,仄,ci.清.0002.pinyin.json 第2阕第9字 语料拼音 zhǎng,待裁定
ci.清.0002.pinyin.json#376,1,11,长,2,平,3,仄,ci.清.0002.pinyin.json 第2阕第12字 语料拼音 zhǎng,待裁定
ci.清.0002.pinyin.json#377,1,18,甚,4,仄,2,平,ci.清.0002.pinyin.json 第2阕第19字 语料拼音 shén,待裁定
ci.清.0002.pinyin.json#381,1,23,绝,4,仄,2,平,ci.清.0002.pinyin.json 第2阕第24字 语料拼音 jué,待裁定
ci.清.0002.pinyin.json#381,1,27,绝,4,仄,2,平,ci.清.0002.pinyin.json 第2阕第28字 语料拼音 jué,待裁定
ci.清.0002.pinyin.json#384,1,27,别,4,仄,2,平,ci.清.0002.pinyin.json 第2阕第28字 语料拼音 bié,待裁定
ci.清.0002.pinyin.json#386,1,28,别,4,仄,2,平,ci.清.0002.pinyin.json 第2阕第29字 语料拼音 bié,待裁定
ci.清.0002.pinyin.json#391,0,7,别,4,仄,2,平,ci.清.0002.pinyin.json 第1阕第8字 语料拼音 bié,待裁定
ci.清.0002.pinyin.json#394,0,23,别,4,仄,2,平,ci.清.0002.pinyin.json 第1阕第24字 语料拼音 bié,待裁定
ci.清.0002.pinyin.json#397,1,6,别,4,仄,2,平,ci.清.0002.pinyin.json 第2阕第7字 语料拼音 bié,待裁定
ci.清.0002.pinyin.json#399,1,21,甚,4,仄,2,平,ci.清.0002.pinyin.json 第2阕第22字 语料拼音 shén,待裁定
ci.清.0002.pinyin.json#401,0,23,长,2,平,3,仄,ci.清.0002.pinyin.json 第1阕第24字 语料拼音 zhǎng,待裁定
ci.清.0002.pinyin.json#402,1,18,别,4,仄,2,平,ci.清.0002.pinyin.json 第2阕第19字 语料拼音 bié,待裁定
ci.清.0002.pinyin.json#403,1,26,绝,4,仄,2,平,ci.清.0002.pinyin.json 第2阕第27字 语料拼音 jué,待裁定
ci.清.0002.pinyin.json#404,0,20,绝,4,仄,2,平,ci.清.0002.pinyin.json 第1阕第21字 语料拼音 jué,待裁定
ci.清.0002.pinyin.json#414,0,19,长,2,平,3,仄,ci.清.0002.pinyin.json 第1阕第20字 语料拼音 zhǎng,待裁定
ci.清.0002.pinyin.json#414,1,13,别,4,仄,2,平,ci.清.0002.pinyin.json 第2阕第14字 语料拼音 bié,待裁定
ci.清.0002.pinyin.json#414,1,16,别,4,仄,2,平,ci.清.0002.pinyin.json 第2阕第17字 语料拼音 bié,待裁定
ci.清.0002.pinyin.json#416,0,5,甚,4,仄,2,平,ci.清.0002.pinyin.json 第1阕第6字 语料拼音 shén,待裁定
ci.清.0002.pinyin.json#416,0,6,长,2,平,3,仄,ci.清.0002.pinyin.json 第1阕第7字 语料拼音 zhǎng,待裁定
ci.清.0002.pinyin.json#417,0,46,别,4,仄,2,平,ci.清.0002.pinyin.json 第1阕第47字 语料拼音 bié,待裁定
ci.清.0002.pinyin.json#418,1,0,绝,4,仄,2,平,ci.清.0002.pinyin.json 第2阕第1字 语料拼音 jué,待裁定
ci.清.0002.pinyin.json#423,0,34,绝,4,仄,2,平,ci.清.0002.pinyin.json 第1阕第35字 语料拼音 jué,待裁定
ci.清.0002.pinyin.json#424,0,30,长,2,平,3,仄,ci.清.0002.pinyin.json 第1阕第31字 语料拼音 zhǎng,待裁定
ci.清.0002.pinyin.json#426,0,13,绝,4,仄,2,平,ci.清.0002.pinyin.json 第1阕第14字 语料拼音 jué,待裁定
ci.清.0002.pinyin.json#429,0,12,长,2,平,3,仄,ci.清.0002.pinyin.json 第1阕第13字 语料拼音 zhǎng,待裁定
ci.清.0002.pinyin.json#436,0,12,绝,4,仄,2,平,ci.清.0002.pinyin.json 第1阕第13字 语料拼音 jué,待裁定
ci.清.0002.pinyin.json#439,0,29,长,2,平,3,仄,ci.清.0002.pinyin.json 第1阕第30字 语料拼音 zhǎng,待裁定
ci.清.0002.pinyin.json#439,1,0,长,2,平,3,仄,ci.清.0002.pinyin.json 第2阕第1字 语料拼音 zhǎng,待裁定
ci.清.0002.pinyin.json#439,1,32,甚,4,仄,2,平,ci.清.0002.pinyin.json 第2阕第33字 语料拼音 shén,待裁定
ci.清.0002.pinyin.json#449,0,20,长,2,平,3,仄,ci.清.0002.pinyin.json 第1阕第21字 语料拼音 zhǎng,待裁定
ci.清.0002.pinyin.json#452,0,2,别,4,仄,2,平,ci.清.0002.pinyin.json 第1阕第3字 语料拼音 bié,待裁定
ci.清.0002.pinyin.json#452,0,3,别,4,仄,2,平,ci.清.0002.pinyin.json 第1阕第4字 语料拼音 bié,待裁定
ci.清.0002.pinyin.json#455,0,17,别,4,仄,2,平,ci.清.0002.pinyin.json 第1阕第18字 语料拼音 bié,待裁定
ci.清.0002.pinyin.json#456,0,9,长,2,平,3,仄,ci.清.0002.pinyin.json 第1阕第10字 语料拼音 zhǎng,待裁定
ci.清.0002.pinyin.json#461,0,5,甚,4,仄,2,平,ci.清.0002.pinyin.json 第1阕第6字 语料拼音 shén,待裁定
ci.清.0002.pinyin.json#463,1,40,长,2,平,3,仄,ci.清.0002.pinyin.json 第2阕第41字 语料拼音 zhǎng,待裁定
ci.清.0002.pinyin.json#467,1,9,长,2,平,3,仄,ci.清.0002.pinyin.json 第2阕第10字 语料拼音 zhǎng,待裁定
ci.清.0002.pinyin.json#478,0,45,绝,4,仄,2,平,ci.清.0002.pinyin.json 第1阕第46字 语料拼音 jué,待裁定
ci.清.0002.pinyin.json#478,1,4,长,2,平,3,仄,ci.清.0002.pinyin.json 第2阕第5字 语料拼音 zhǎng,待裁定
ci.清.0002.pinyin.json#479,0,21,长,2,平,3,仄,ci.清.0002.pinyin.json 第1阕第22字 语料拼音 zhǎng,待裁定
ci.清.0002.pinyin.json#480,1,6,甚,4,仄,2,平,ci.清.0002.pinyin.json 第2阕第7字 语料拼音 shén,待裁定
ci.清.0002.pinyin.json#484,1,7,绝,4,仄,2,平,ci.清.0002.pinyin.json 第2阕第8字 语料拼音 jué,待裁定
ci.清.0002.pinyin.json#486,0,23,长,2,平,3,仄,ci.清.0002.pinyin.json 第1阕第24字 语料拼音 zhǎng,待裁定
ci.清.0002.pinyin.json#489,1,26,别,4,仄,2,平,ci.清.0002.pinyin.json 第2阕第27字 语料拼音 bié,待裁定
ci.清.0002.pinyin.json#490,1,32,别,4,仄,2,平,ci.清.0002.pinyin.json 第2阕第33字 语料拼音 bié,待裁定
ci.清.0002.pinyin.json#491,1,18,长,2,平,3,仄,ci.清.0002.pinyin.json 第2阕第19字 语料拼音 zhǎng,待裁定
ci.清.0002.pinyin.json#492,1,33,长,2,平,3,仄,ci.清.0002.pinyin.json 第2阕第34字 语料拼音 zhǎng,待裁定
ci.清.0002.pinyin.json#493,1,3,别,4,仄,2,平,ci.清.0002.pinyin.json 第2阕第4字 语料拼音 bié,待裁定
ci.清.0002.pinyin.json#494,0,41,甚,4,仄,2,平,ci.清.0002.pinyin.json 第1阕第42字 语料拼音 shén,待裁定
ci.清.0002.pinyin.json#494,1,41,长,2,平,3,仄,ci.清.0002.pinyin.json 第2阕第42字 语料拼音 zhǎng,待裁定
ci.清.0002.pinyin.json#496,0,8,别,4,仄,2,平,ci.清.0002.pinyin.json 第1阕第9字 语料拼音 bié,待裁定
ci.清.0002.pinyin.json#503,1,43,甚,4,仄,2,平,ci.清.0002.pinyin.json 第2阕第44字 语料拼音 shén,待裁定
ci.清.0002.pinyin.json#503,1,46,别,4,仄,2,平,ci.清.0002.pinyin.json 第2阕第47字 语料拼音 bié,待裁定
ci.清.0002.pinyin.json#504,1,13,长,2,平,3,仄,ci.清.0002.pinyin.json 第2阕第14字 语料拼音 zhǎng,待裁定
ci.清.0002.pinyin.json#507,0,38,甚,4,仄,2,平,ci.清.0002.pinyin.json 第1阕第39字 语料拼音 shén,待裁定
ci.清.0002.pinyin.json#510,1,3,别,4,仄,2,平,ci.清.0002.pinyin.json 第2阕第4字 语料拼音 bié,待裁定
ci.清.0002.pinyin.json#514,1,6,长,2,平,3,仄,ci.清.0002.pinyin.json 第2阕第7字 语料拼音 zhǎng,待裁定
ci.清.0002.pinyin.json#515,0,12,长,2,平,3,仄,ci.清.0002.pinyin.json 第1阕第13字 语料拼音 zhǎng,待裁定
ci.清.0002.pinyin.json#519,1,4,甚,4,仄,2,平,ci.清.0002.pinyin.json 第2阕第5字 语料拼音 shén,待裁定
ci.清.0002.pinyin.json#521,0,14,别,4,仄,2,平,ci.清.0002.pinyin.json 第1阕第15字 语料拼音 bié,待裁定
ci.清.0002.pinyin.json#522,0,12,长,2,平,3,仄,ci.清.0002.pinyin.json 第1阕第13字 语料拼音 zhǎng,待裁定
ci.清.0002.pinyin.json#527,0,49,长,2,平,3,仄,ci.清.0002.pinyin.json 第1阕第50字 语料拼音 zhǎng,待裁定
ci.清.0002.pinyin.json#529,1,43,长,2,平,3,仄,ci.清.0002.pinyin.json 第2阕第44字 语料拼音 zhǎng,待裁定
ci.清.0002.pinyin.json#531,0,19,别,4,仄,2,平,ci.清.0002.pinyin.json 第1阕第20字 语料拼音 bié,待裁定
ci.清.0002.pinyin.json#532,0,17,别,4,仄,2,平,ci.清.0002.pinyin.json 第1阕第18字 语料拼音 bié,待裁定
ci.清.0002.pinyin.json#540,0,6,绝,4,仄,2,平,ci.清.0002.pinyin.json 第1阕第7字 语料拼音 jué,待裁定
ci.清.0002.pinyin.json#540,1,8,长,2,平,3,仄,ci.清.0002.pinyin.json 第2阕第9字 语料拼音 zhǎng,待裁定
ci.清.0002.pinyin.json#548,1,18,长,2,平,3,仄,ci.清.0002.pinyin.json 第2阕第19字 语料拼音 zhǎng,待裁定
ci.清.0002.pinyin.json#550,0,29,绝,4,仄,2,平,ci.清.0002.pinyin.json 第1阕第30字 语料拼音 jué,待裁定
ci.清.0002.pinyin.json#555,0,10,长,2,平,3,仄,ci.清.0002.pinyin.json 第1阕第11字 语料拼音 zhǎng,待裁定
ci.清.0002.pinyin.json#555,1,25,别,4,仄,2,平,ci.清.0002.pinyin.json 第2阕第26字 语料拼音 bié,待裁定
ci.清.0002.pinyin.json#558,0,34,甚,4,仄,2,平,ci.清.0002.pinyin.json 第1阕第35字 语料拼音 shén,待裁定
ci.清.0002.pinyin.json#558,1,16,绝,4,仄,2,平,ci.清.0002.pinyin.json 第2阕第17字 语料拼音 jué,待裁定
ci.清.0002.pinyin.json#558,1,43,长,2,平,3,仄,ci.清.0002.pinyin.json 第2阕第44字 语料拼音 zhǎng,待裁定
ci.清.0002.pinyin.json#559,0,41,绝,4,仄,2,平,ci.清.0002.pinyin.json 第1阕第42字 语料拼音 jué,待裁定
ci.清.0002.pinyin.json#562,0,44,别,4,仄,2,平,ci.清.0002.pinyin.json 第1阕第45字 语料拼音 bié,待裁定
ci.清.0002.pinyin.json#565,1,9,绝,4,仄,2,平,ci.清.0002.pinyin.json 第2阕第10字 语料拼音 jué,待裁定
ci.清.0002.pinyin.json#567,0,23,甚,4,仄,2,平,ci.清.0002.pinyin.json 第1阕第24字 语料拼音 shén,待裁定
ci.清.0002.pinyin.json#571,1,36,长,2,平,3,仄,ci.清.0002.pinyin.json 第2阕第37字 语料拼音 zhǎng,待裁定
ci.清.0002.pinyin.json#572,1,19,长,2,平,3,仄,ci.清.0002.pinyin.json 第2阕第20字 语料拼音 zhǎng,待裁定
ci.清.0002.pinyin.json#574,1,6,甚,4,仄,2,平,ci.清.0002.pinyin.json 第2阕第7字 语料拼音 shén,待裁定
ci.清.0002.pinyin.json#578,0,0,甚,4,仄,2,平,ci.清.0002.pinyin.json 第1阕第1字 语料拼音 shén,待裁定
ci.清.0002.pinyin.json#579,0,0,甚,4,仄,2,平,ci.清.0002.pinyin.json 第1阕第1字 语料拼音 shén,待裁定
ci.清.0002.pinyin.json#580,1,6,长,2,平,3,仄,ci.清.0002.pinyin.json 第2阕第7字 语料拼音 zhǎng,待裁定
ci.清.0002.pinyin.json#582,2,1,绝,4,仄,2,平,ci.清.0002.pinyin.json 第3阕第2字 语料拼音 jué,待裁定
ci.清.0002.pinyin.json#582,4,5,长,2,平,3,仄,ci.清.0002.pinyin.json 第5阕第6字 语料拼音 zhǎng,待裁定
ci.清.0002.pinyin.json#588,1,14,长,2,平,3,仄,ci.清.0002.pinyin.json 第2阕第15字 语料拼音 zhǎng,待裁定
ci.清.0002.pinyin.json#589,0,50,长,2,平,3,仄,ci.清.0002.pinyin.json 第1阕第51字 语料拼音 zhǎng,待裁定
ci.清.0002.pinyin.json#590,0,47,长,2,平,3,仄,ci.清.0002.pinyin.json 第1阕第48字 语料拼音 zhǎng,待裁定
ci.清.0002.pinyin.json#590,1,5,长,2,平,3,仄,ci.清.0002.pinyin.json 第2阕第6字 语料拼音 zhǎng,待裁定
ci.清.0002.pinyin.json#591,1,31,别,4,仄,2,平,ci.清.0002.pinyin.json 第2阕第32字 语料拼音 bié,待裁定
ci.清.0002.pinyin.json#593,1,28,甚,4,仄,2,平,ci.清.0002.pinyin.json 第2阕第29字 语料拼音 shén,待裁定
ci.清.0002.pinyin.json#594,1,11,长,2,平,3,仄,ci.清.0002.pinyin.json 第2阕第12字 语料拼音 zhǎng,待裁定
ci.清.0002.pinyin.json#594,1,21,别,4,仄,2,平,ci.清.0002.pinyin.json 第2阕第22字 语料拼音 bié,待裁定
ci.清.0002.pinyin.json#598,1,30,长,2,平,3,仄,ci.清.0002.pinyin.json 第2阕第31字 语料拼音 zhǎng,待裁定
ci.清.0002.pinyin.json#599,1,44,长,2,平,3,仄,ci.清.0002.pinyin.json 第2阕第45字 语料拼音 zhǎng,待裁定
ci.清.0002.pinyin.json#603,1,54,绝,4,仄,2,平,ci.清.0002.pinyin.json 第2阕第55字 语料拼音 jué,待裁定
ci.清.0002.pinyin.json#605,1,63,长,2,平,3,仄,ci.清.0002.pinyin.json 第2阕第64字 语料拼音 zhǎng,待裁定
ci.清.0002.pinyin.json#607,1,46,甚,4,仄,2,平,ci.清.0002.pinyin.json 第2阕第47字 语料拼音 shén,待裁定
ci.清.0002.pinyin.json#612,1,5,长,2,平,3,仄,ci.清.0002.pinyin.json 第2阕第6字 语料拼音 zhǎng,待裁定
ci.清.0002.pinyin.json#615,0,26,长,2,平,3,仄,ci.清.0002.pinyin.json 第1阕第27字 语料拼音 zhǎng,待裁定
ci.清.0002.pinyin.json#616,0,20,别,4,仄,2,平,ci.清.0002.pinyin.json 第1阕第21字 语料拼音 bié,待裁定
ci.清.0002.pinyin.json#620,1,8,长,2,平,3,仄,ci.清.0002.pinyin.json 第2阕第9字 语料拼音 zhǎng,待裁定
ci.清.0002.pinyin.json#621,0,7,别,4,仄,2,平,ci.清.0002.pinyin.json 第1阕第8字 语料拼音 bié,待裁定
ci.清.0002.pinyin.json#624,0,40,长,2,平,3,仄,ci.清.0002.pinyin.json 第1阕第41字 语料拼音 zhǎng,待裁定
ci.清.0002.pinyin.json#626,0,16,别,4,仄,2,平,ci.清.0002.pinyin.json 第1阕第17字 语料拼音 bié,待裁定
ci.清.0002.pinyin.json#627,0,22,别,4,仄,2,平,ci.清.0002.pinyin.json 第1阕第23字 语料拼音 bié,待裁定
ci.清.0002.pinyin.json#627,1,15,绝,4,仄,2,平,ci.清.0002.pinyin.json 第2阕第16字 语料拼音 jué,待裁定
ci.清.0002.pinyin.json#630,1,34,长,2,平,3,仄,ci.清.0002.pinyin.json 第2阕第35字 语料拼音 zhǎng,待裁定
ci.清.0002.pinyin.json#631,0,46,别,4,仄,2,平,ci.清.0002.pinyin.json 第1阕第47字 语料拼音 bié,待裁定
ci.清.0002.pinyin.json#642,1,4,长,2,平,3,仄,ci.清.0002.pinyin.json 第2阕第5字 语料拼音 zhǎng,待裁定
ci.清.0002.pinyin.json#648,1,0,长,2,平,3,仄,ci.清.0002.pinyin.json 第2阕第1字 语料拼音 zhǎng,待裁定
ci.清.0002.pinyin.json#652,1,25,长,2,平,3,仄,ci.清.0002.pinyin.json 第2阕第26字 语料拼音 zhǎng,待裁定
ci.清.0002.pinyin.json#654,0,31,长,2,平,3,仄,ci.清.0002.pinyin.json 第1阕第32字 语料拼音 zhǎng,待裁定
ci.清.0002.pinyin.json#655,1,34,长,2,平,3,仄,ci.清.0002.pinyin.json 第2阕第35字 语料拼音 zhǎng,待裁定
ci.清.0002.pinyin.json#656,1,31,甚,4,仄,2,平,ci.清.0002.pinyin.json 第2阕第32字 语料拼音 shén,待裁定
ci.清.0002.pinyin.json#658,1,24,长,2,平,3,仄,ci.清.0002.pinyin.json 第2阕第25字 语料拼音 zhǎng,待裁定
ci.清.0002.pinyin.json#662,1,21,别,4,仄,2,平,ci.清.0002.pinyin.json 第2阕第22字 语料拼音 bié,待裁定
ci.清.0002.pinyin.json#667,0,11,别,4,仄,2,平,ci.清.0002.pinyin.json 第1阕第12字 语料拼音 bié,待裁定
ci.清.0002.pinyin.json#668,0,6,别,4,仄,2,平,ci.清.0002.pinyin.json 第1阕第7字 语料拼音 bié,待裁定
ci.清.0002.pinyin.json#669,0,13,别,4,仄,2,平,ci.清.0002.pinyin.json 第1阕第14字 语料拼音 bié,待裁定
ci.清.0002.pinyin.json#669,1,43,长,2,平,3,仄,ci.清.0002.pinyin.json 第2阕第44字 语料拼音 zhǎng,待裁定
ci.清.0002.pinyin.json#670,1,27,别,4,仄,2,平,ci.清.0002.pinyin.json 第2阕第28字 语料拼音 bié,待裁定
ci.清.0002.pinyin.json#672,1,6,别,4,仄,2,平,ci.清.0002.pinyin.json 第2阕第7字 语料拼音 bié,待裁定
ci.清.0002.pinyin.json#674,1,45,甚,4,仄,2,平,ci.清.0002.pinyin.json 第2阕第46字 语料拼音 shén,待裁定
ci.清.0002.pinyin.json#675,3,6,甚,4,仄,2,平,ci.清.0002.pinyin.json 第4阕第7字 语料拼音 shén,待裁定
ci.清.0002.pinyin.json#676,2,4,长,2,平,3,仄,ci.清.0002.pinyin.json 第3阕第5字 语料拼音 zhǎng,待裁定
ci.清.0002.pinyin.json#678,0,18,别,4,仄,2,平,ci.清.0002.pinyin.json 第1阕第19字 语料拼音 bié,待裁定
ci.清.0002.pinyin.json#679,1,0,长,2,平,3,仄,ci.清.0002.pinyin.json 第2阕第1字 语料拼音 zhǎng,待裁定
ci.清.0002.pinyin.json#684,0,14,别,4,仄,2,平,ci.清.0002.pinyin.json 第1阕第15字 语料拼音 bié,待裁定
ci.清.0002.pinyin.json#684,1,39,绝,4,仄,2,平,ci.清.0002.pinyin.json 第2阕第40字 语料拼音 jué,待裁定
ci.清.0002.pinyin.json#685,0,12,绝,4,仄,2,平,ci.清.0002.pinyin.json 第1阕第13字 语料拼音 jué,待裁定
ci.清.0002.pinyin.json#691,1,38,甚,4,仄,2,平,ci.清.0002.pinyin.json 第2阕第39字 语料拼音 shén,待裁定
ci.清.0002.pinyin.json#692,0,12,绝,4,仄,2,平,ci.清.0002.pinyin.json 第1阕第13字 语料拼音 jué,待裁定
ci.清.0002.pinyin.json#692,0,29,别,4,仄,2,平,ci.清.0002.pinyin.json 第1阕第30字 语料拼音 bié,待裁定
ci.清.0002.pinyin.json#694,1,19,长,2,平,3,仄,ci.清.0002.pinyin.json 第2阕第20字 语料拼音 zhǎng,待裁定
ci.清.0002.pinyin.json#698,0,28,别,4,仄,2,平,ci.清.0002.pinyin.json 第1阕第29字 语料拼音 bié,待裁定
ci.清.0002.pinyin.json#710,1,7,长,2,平,3,仄,ci.清.0002.pinyin.json 第2阕第8字 语料拼音 zhǎng,待裁定
ci.清.0002.pinyin.json#712,0,39,别,4,仄,2,平,ci.清.0002.pinyin.json 第1阕第40字 语料拼音 bié,待裁定
ci.清.0002.pinyin.json#721,0,33,长,2,平,3,仄,ci.清.0002.pinyin.json 第1阕第34字 语料拼音 zhǎng,待裁定
ci.清.0002.pinyin.json#738,0,16,别,4,仄,2,平,ci.清.0002.pinyin.json 第1阕第17字 语料拼音 bié,待裁定
ci.清.0002.pinyin.json#740,0,13,长,2,平,3,仄,ci.清.0002.pinyin.json 第1阕第14字 语料拼音 zhǎng,待裁定
ci.清.0002.pinyin.json#752,0,13,别,4,仄,2,平,ci.清.0002.pinyin.json 第1阕第14字 语料拼音 bié,待裁定
ci.清.0002.pinyin.json#753,0,2,长,2,平,3,仄,ci.清.0002.pinyin.json 第1阕第3字 语料拼音 zhǎng,待裁定
ci.清.0002.pinyin.json#761,0,21,长,2,平,3,仄,ci.清.0002.pinyin.json 第1阕第22字 语料拼音 zhǎng,待裁定
ci.清.0002.pinyin.json#763,1,27,绝,4,仄,2,平,ci.清.0002.pinyin.json 第2阕第28字 语料拼音 jué,待裁定
ci.清.0002.pinyin.json#770,0,33,长,2,平,3,仄,ci.清.0002.pinyin.json 第1阕第34字 语料拼音 zhǎng,待裁定
ci.清.0002.pinyin.json#771,1,9,长,2,平,3,仄,ci.清.0002.pinyin.json 第2阕第10字 语料拼音 zhǎng,待裁定
ci.清.0002.pinyin.json#772,0,5,别,4,仄,2,平,ci.清.0002.pinyin.json 第1阕第6字 语料拼音 bié,待裁定
ci.清.0002.pinyin.json#774,0,3,长,2,平,3,仄,ci.清.0002.pinyin.json 第1阕第4字 语料拼音 zhǎng,待裁定
ci.清.0002.pinyin.json#779,2,3,长,2,平,3,仄,ci.清.0002.pinyin.json 第3阕第4字 语料拼音 zhǎng,待裁定
ci.清.0002.pinyin.json#785,1,28,甚,4,仄,2,平,ci.清.0002.pinyin.json 第2阕第29字 语料拼音 shén,待裁定
ci.清.0002.pinyin.json#787,0,10,别,4,仄,2,平,ci.清.0002.pinyin.json 第1阕第11字 语料拼音 bié,待裁定
ci.清.0002.pinyin.json#787,0,28,绝,4,仄,2,平,ci.清.0002.pinyin.json 第1阕第29字 语料拼音 jué,待裁定
ci.清.0002.pinyin.json#788,0,15,别,4,仄,2,平,ci.清.0002.pinyin.json 第1阕第16字 语料拼音 bié,待裁定
ci.清.0002.pinyin.json#789,0,0,别,4,仄,2,平,ci.清.0002.pinyin.json 第1阕第1字 语料拼音 bié,待裁定
ci.清.0002.pinyin.json#790,1,3,长,2,平,3,仄,ci.清.0002.pinyin.json 第2阕第4字 语料拼音 zhǎng,待裁定
ci.清.0002.pinyin.json#790,1,36,甚,4,仄,2,平,ci.清.0002.pinyin.json 第2阕第37字 语料拼音 shén,待裁定
ci.清.0002.pinyin.json#794,0,6,长,2,平,3,仄,ci.清.0002.pinyin.json 第1阕第7字 语料拼音 zhǎng,待裁定
ci.清.0002.pinyin.json#796,0,25,长,2,平,3,仄,ci.清.0002.pinyin.json 第1阕第26字 语料拼音 zhǎng,待裁定
ci.清.0002.pinyin.json#796,1,10,长,2,平,3,仄,ci.清.0002.pinyin.json 第2阕第11字 语料拼音 zhǎng,待裁定
ci.清.0002.pinyin.json#796,1,42,长,2,平,3,仄,ci.清.0002.pinyin.json 第2阕第43字 语料拼音 zhǎng,待裁定
ci.清.0002.pinyin.json#797,1,34,长,2,平,3,仄,ci.清.0002.pinyin.json 第2阕第35字 语料拼音 zhǎng,待裁定
ci.清.0002.pinyin.json#799,0,14,绝,4,仄,2,平,ci.清.0002.pinyin.json 第1阕第15字 语料拼音 jué,待裁定
ci.清.0002.pinyin.json#799,0,55,长,2,平,3,仄,ci.清.0002.pinyin.json 第1阕第56字 语料拼音 zhǎng,待裁定
ci.清.0002.pinyin.json#799,1,8,长,2,平,3,仄,ci.清.0002.pinyin.json 第2阕第9字 语料拼音 zhǎng,待裁定
ci.清.0002.pinyin.json#799,1,46,别,4,仄,2,平,ci.清.0002.pinyin.json 第2阕第47字 语料拼音 bié,待裁定
ci.清.0002.pinyin.json#802,0,17,长,2,平,3,仄,ci.清.0002.pinyin.json 第1阕第18字 语料拼音 zhǎng,待裁定
ci.清.0002.pinyin.json#804,0,41,长,2,平,3,仄,ci.清.0002.pinyin.json 第1阕第42字 语料拼音 zhǎng,待裁定
ci.清.0002.pinyin.json#806,0,34,长,2,平,3,仄,ci.清.0002.pinyin.json 第1阕第35字 语料拼音 zhǎng,待裁定
ci.清.0002.pinyin.json#813,1,46,长,2,平,3,仄,ci.清.0002.pinyin.json 第2阕第47字 语料拼音 zhǎng,待裁定
ci.清.0002.pinyin.json#817,0,0,长,2,平,3,仄,ci.清.0002.pinyin.json 第1阕第1字 语料拼音 zhǎng,待裁定
ci.清.0002.pinyin.json#817,0,23,长,2,平,3,仄,ci.清.0002.pinyin.json 第1阕第24字 语料拼音 zhǎng,待裁定
ci.清.0002.pinyin.json#823,1,34,甚,4,仄,2,平,ci.清.0002.pinyin.json 第2阕第35字 语料拼音 shén,待裁定
ci.清.0002.pinyin.json#824,1,26,长,2,平,3,仄,ci.清.0002.pinyin.json 第2阕第27字 语料拼音 zhǎng,待裁定
ci.清.0002.pinyin.json#826,0,41,长,2,平,3,仄,ci.清.0002.pinyin.json 第1阕第42字 语料拼音 zhǎng,待裁定
ci.清.0002.pinyin.json#826,1,19,长,2,平,3,仄,ci.清.0002.pinyin.json 第2阕第20字 语料拼音 zhǎng,待裁定
ci.清.0002.pinyin.json#827,1,13,长,2,平,3,仄,ci.清.0002.pinyin.json 第2阕第14字 语料拼音 zhǎng,待裁定
ci.清.0002.pinyin.json#827,1,14,别,4,仄,2,平,ci.清.0002.pinyin.json 第2阕第15字 语料拼音 bié,待裁定
ci.清.0002.pinyin.json#827,1,30,长,2,平,3,仄,ci.清.0002.pinyin.json 第2阕第31字 语料拼音 zhǎng,待裁定
ci.清.0002.pinyin.json#829,0,10,长,2,平,3,仄,ci.清.0002.pinyin.json 第1阕第11字 语料拼音 zhǎng,待裁定
ci.清.0002.pinyin.json#829,0,17,别,4,仄,2,平,ci.清.0002.pinyin.json 第1阕第18字 语料拼音 bié,待裁定
ci.清.0002.pinyin.json#829,0,22,长,2,平,3,仄,ci.清.0002.pinyin.json 第1阕第23字 语料拼音 zhǎng,待裁定
ci.清.0002.pinyin.json#840,1,10,长,2,平,3,仄,ci.清.0002.pinyin.json 第2阕第11字 语料拼音 zhǎng,待裁定
ci.清.0002.pinyin.json#840,1,33,长,2,平,3,仄,ci.清.0002.pinyin.json 第2阕第34字 语料拼音 zhǎng,待裁定
ci.清.0002.pinyin.json#845,0,12,绝,4,仄,2,平,ci.清.0002.pinyin.json 第1阕第13字 语料拼音 jué,待裁定
ci.清.0002.pinyin.json#845,0,25,别,4,仄,2,平,ci.清.0002.pinyin.json 第1阕第26字 语料拼音 bié,待裁定
ci.清.0002.pinyin.json#845,1,31,长,2,平,3,仄,ci.清.0002.pinyin.json 第2阕第32字 语料拼音 zhǎng,待裁定
ci.清.0002.pinyin.json#847,1,13,长,2,平,3,仄,ci.清.0002.pinyin.json 第2阕第14字 语料拼音 zhǎng,待裁定
ci.清.0002.pinyin.json#848,1,5,别,4,仄,2,平,ci.清.0002.pinyin.json 第2阕第6字 语料拼音 bié,待裁定
ci.清.0002.pinyin.json#848,1,18,别,4,仄,2,平,ci.清.0002.pinyin.json 第2阕第19字 语料拼音 bié,待裁定
ci.清.0002.pinyin.json#856,0,26,长,2,平,3,仄,ci.清.0002.pinyin.json 第1阕第27字 语料拼音 zhǎng,待裁定
ci.清.0002.pinyin.json#856,1,16,别,4,仄,2,平,ci.清.0002.pinyin.json 第2阕第17字 语料拼音 bié,待裁定
ci.清.0002.pinyin.json#866,1,17,甚,4,仄,2,平,ci.清.0002.pinyin.json 第2阕第18字 语料拼音 shén,待裁定
ci.清.0002.pinyin.json#871,0,13,绝,4,仄,2,平,ci.清.0002.pinyin.json 第1阕第14字 语料拼音 jué,待裁定
ci.清.0002.pinyin.json#871,0,25,别,4,仄,2,平,ci.清.0002.pinyin.json 第1阕第26字 语料拼音 bié,待裁定
ci.清.0002.pinyin.json#875,0,15,别,4,仄,2,平,ci.清.0002.pinyin.json 第1阕第16字 语料拼音 bié,待裁定
ci.清.0002.pinyin.json#875,1,10,长,2,平,3,仄,ci.清.0002.pinyin.json 第2阕第11字 语料拼音 zhǎng,待裁定
ci.清.0002.pinyin.json#878,1,8,长,2,平,3,仄,ci.清.0002.pinyin.json 第2阕第9字 语料拼音 zhǎng,待裁定
ci.清.0002.pinyin.json#879,0,9,长,2,平,3,仄,ci.清.0002.pinyin.json 第1阕第10字 语料拼音 zhǎng,待裁定
ci.清.0002.pinyin.json#880,1,11,别,4,仄,2,平,ci.清.0002.pinyin.json 第2阕第12字 语料拼音 bié,待裁定
ci.清.0002.pinyin.json#881,1,16,别,4,仄,2,平,ci.清.0002.pinyin.json 第2阕第17字 语料拼音 bié,待裁定
ci.清.0002.pinyin.json#882,1,27,别,4,仄,2,平,ci.清.0002.pinyin.json 第2阕第28字 语料拼音 bié,待裁定
ci.清.0002.pinyin.json#890,0,18,长,2,平,3,仄,ci.清.0002.pinyin.json 第1阕第19字 语料拼音 zhǎng,待裁定
ci.清.0002.pinyin.json#890,0,23,甚,4,仄,2,平,ci.清.0002.pinyin.json 第1阕第24字 语料拼音 shén,待裁定
ci.清.0002.pinyin.json#891,0,18,长,2,平,3,仄,ci.清.0002.pinyin.json 第1阕第19字 语料拼音 zhǎng,待裁定
ci.清.0002.pinyin.json#891,1,0,别,4,仄,2,平,ci.清.0002.pinyin.json 第2阕第1字 语料拼音 bié,待裁定
ci.清.0002.pinyin.json#895,1,54,别,4,仄,2,平,ci.清.0002.pinyin.json 第2阕第55字 语料拼音 bié,待裁定
ci.清.0002.pinyin.json#898,1,18,别,4,仄,2,平,ci.清.0002.pinyin.json 第2阕第19字 语料拼音 bié,待裁定
ci.清.0002.pinyin.json#899,0,10,别,4,仄,2,平,ci.清.0002.pinyin.json 第1阕第11字 语料拼音 bié,待裁定
ci.清.0002.pinyin.json#900,0,10,绝,4,仄,2,平,ci.清.0002.pinyin.json 第1阕第11字 语料拼音 jué,待裁定
ci.清.0002.pinyin.json#903,1,0,别,4,仄,2,平,ci.清.0002.pinyin.json 第2阕第1字 语料拼音 bié,待裁定
ci.清.0002.pinyin.json#908,0,11,别,4,仄,2,平,ci.清.0002.pinyin.json 第1阕第12字 语料拼音 bié,待裁定
ci.清.0002.pinyin.json#908,0,29,长,2,平,3,仄,ci.清.0002.pinyin.json 第1阕第30字 语料拼音 zhǎng,待裁定
ci.清.0002.pinyin.json#912,1,5,长,2,平,3,仄,ci.清.0002.pinyin.json 第2阕第6字 语料拼音 zhǎng,待裁定
ci.清.0002.pinyin.json#913,0,26,别,4,仄,2,平,ci.清.0002.pinyin.json 第1阕第27字 语料拼音 bié,待裁定
ci.清.0002.pinyin.json#915,0,3,长,2,平,3,仄,ci.清.0002.pinyin.json 第1阕第4字 语料拼音 zhǎng,待裁定
ci.清.0002.pinyin.json#917,1,12,甚,4,仄,2,平,ci.清.0002.pinyin.json 第2阕第13字 语料拼音 shén,待裁定
ci.清.0002.pinyin.json#925,0,29,别,4,仄,2,平,ci.清.0002.pinyin.json 第1阕第30字 语料拼音 bié,待裁定
ci.清.0002.pinyin.json#925,1,10,长,2,平,3,仄,ci.清.0002.pinyin.json 第2阕第11字 语料拼音 zhǎng,待裁定
ci.清.0002.pinyin.json#927,1,35,长,2,平,3,仄,ci.清.0002.pinyin.json 第2阕第36字 语料拼音 zhǎng,待裁定
ci.清.0002.pinyin.json#930,0,5,别,4,仄,2,平,ci.清.0002.pinyin.json 第1阕第6字 语料拼音 bié,待裁定
ci.清.0002.pinyin.json#934,1,5,别,4,仄,2,平,ci.清.0002.pinyin.json 第2阕第6字 语料拼音 bié,待裁定
ci.清.0002.pinyin.json#937,0,6,甚,4,仄,2,平,ci.清.0002.pinyin.json 第1阕第7字 语料拼音 shén,待裁定
ci.清.0002.pinyin.json#951,1,29,长,2,平,3,仄,ci.清.0002.pinyin.json 第2阕第30字 语料拼音 zhǎng,待裁定
ci.清.0002.pinyin.json#953,1,17,长,2,平,3,仄,ci.清.0002.pinyin.json 第2阕第18字 语料拼音 zhǎng,待裁定
ci.清.0002.pinyin.json#961,0,14,绝,4,仄,2,平,ci.清.0002.pinyin.json 第1阕第15字 语料拼音 jué,待裁定
ci.清.0002.pinyin.json#964,1,5,别,4,仄,2,平,ci.清.0002.pinyin.json 第2阕第6字 语料拼音 bié,待裁定
ci.清.0002.pinyin.json#966,1,15,别,4,仄,2,平,ci.清.0002.pinyin.json 第2阕第16字 语料拼音 bié,待裁定
ci.清.0002.pinyin.json#967,4,12,长,2,平,3,仄,ci.清.0002.pinyin.json 第5阕第13字 语料拼音 zhǎng,待裁定
ci.清.0002.pinyin.json#969,2,4,别,4,仄,2,平,ci.清.0002.pinyin.json 第3阕第5字 语料拼音 bié,待裁定
ci.清.0002.pinyin.json#975,0,20,长,2,平,3,仄,ci.清.0002.pinyin.json 第1阕第21字 语料拼音 zhǎng,待裁定
ci.清.0002.pinyin.json#978,0,30,长,2,平,3,仄,ci.清.0002.pinyin.json 第1阕第31字 语料拼音 zhǎng,待裁定
ci.清.0002.pinyin.json#979,1,16,长,2,平,3,仄,ci.清.0002.pinyin.json 第2阕第17字 语料拼音 zhǎng,待裁定
ci.清.0002.pinyin.json#985,0,31,甚,4,仄,2,平,ci.清.0002.pinyin.json 第1阕第32字 语料拼音 shén,待裁定
ci.清.0002.pinyin.json#985,1,33,甚,4,仄,2,平,ci.清.0002.pinyin.json 第2阕第34字 语料拼音 shén,待裁定
ci.清.0002.pinyin.json#986,0,0,甚,4,仄,2,平,ci.清.0002.pinyin.json 第1阕第1字 语料拼音 shén,待裁定
ci.清.0002.pinyin.json#992,0,13,长,2,平,3,仄,ci.清.0002.pinyin.json 第1阕第14字 语料拼音 zhǎng,待裁定
ci.清.0002.pinyin.json#993,1,17,甚,4,仄,2,平,ci.清.0002.pinyin.json 第2阕第18字 语料拼音 shén,待裁定
ci.清.0002.pinyin.json#997,1,14,别,4,仄,2,平,ci.清.0002.pinyin.json 第2阕第15字 语料拼音 bié,待裁定
ci.清.0002.pinyin.json#998,1,12,长,2,平,3,仄,ci.清.0002.pinyin.json 第2阕第13字 语料拼音 zhǎng,待裁定
ci.清.0003.pinyin.json#4,0,20,长,2,平,3,仄,ci.清.0003.pinyin.json 第1阕第21字 语料拼音 zhǎng,待裁定
ci.清.0003.pinyin.json#7,1,37,长,2,平,3,仄,ci.清.0003.pinyin.json 第2阕第38字 语料拼音 zhǎng,待裁定
ci.清.0003.pinyin.json#8,0,17,别,4,仄,2,平,ci.清.0003.pinyin.json 第1阕第18字 语料拼音 bié,待裁定
ci.清.0003.pinyin.json#8,0,27,甚,4,仄,2,平,ci.清.0003.pinyin.json 第1阕第28字 语料拼音 shén,待裁定
ci.清.0003.pinyin.json#9,1,25,甚,4,仄,2,平,ci.清.0003.pinyin.json 第2阕第26字 语料拼音 shén,待裁定
ci.清.0003.pinyin.json#11,0,3,甚,4,仄,2,平,ci.清.0003.pinyin.json 第1阕第4字 语料拼音 shén,待裁定
ci.清.0003.pinyin.json#11,0,18,长,2,平,3,仄,ci.清.0003.pinyin.json 第1阕第19字 语料拼音 zhǎng,待裁定
ci.清.0003.pinyin.json#14,1,13,别,4,仄,2,平,ci.清.0003.pinyin.json 第2阕第14字 语料拼音 bié,待裁定
ci.清.0003.pinyin.json#14,1,40,绝,4,仄,2,平,ci.清.0003.pinyin.json 第2阕第41字 语料拼音 jué,待裁定
ci.清.0003.pinyin.json#16,1,31,甚,4,仄,2,平,ci.清.0003.pinyin.json 第2阕第32字 语料拼音 shén,待裁定
ci.清.0003.pinyin.json#18,1,37,别,4,仄,2,平,ci.清.0003.pinyin.json 第2阕第38字 语料拼音 bié,待裁定
ci.清.0003.pinyin.json#18,1,42,长,2,平,3,仄,ci.清.0003.pinyin.json 第2阕第43字 语料拼音 zhǎng,待裁定
ci.清.0003.pinyin.json#19,1,6,甚,4,仄,2,平,ci.清.0003.pinyin.json 第2阕第7字 语料拼音 shén,待裁定
ci.清.0003.pinyin.json#20,1,7,别,4,仄,2,平,ci.清.0003.pinyin.json 第2阕第8字 语料拼音 bié,待裁定
ci.清.0003.pinyin.json#21,1,16,长,2,平,3,仄,ci.清.0003.pinyin.json 第2阕第17字 语料拼音 zhǎng,待裁定
ci.清.0003.pinyin.json#22,1,39,甚,4,仄,2,平,ci.清.0003.pinyin.json 第2阕第40字 语料拼音 shén,待裁定
ci.清.0003.pinyin.json#25,0,19,长,2,平,3,仄,ci.清.0003.pinyin.json 第1阕第20字 语料拼音 zhǎng,待裁定
ci.清.0003.pinyin.json#27,1,0,别,4,仄,2,平,ci.清.0003.pinyin.json 第2阕第1字 语料拼音 bié,待裁定
ci.清.0003.pinyin.json#27,1,3,长,2,平,3,仄,ci.清.0003.pinyin.json 第2阕第4字 语料拼音 zhǎng,待裁定
ci.清.0003.pinyin.json#27,1,33,别,4,仄,2,平,ci.清.0003.pinyin.json 第2阕第34字 语料拼音 bié,待裁定
ci.清.0003.pinyin.json#35,0,16,甚,4,仄,2,平,ci.清.0003.pinyin.json 第1阕第17字 语料拼音 shén,待裁定
ci.清.0003.pinyin.json#35,1,41,长,2,平,3,仄,ci.清.0003.pinyin.json 第2阕第42字 语料拼音 zhǎng,待裁定
ci.清.0003.pinyin.json#36,0,0,甚,4,仄,2,平,ci.清.0003.pinyin.json 第1阕第1字 语料拼音 shén,待裁定
ci.清.0003.pinyin.json#36,0,11,长,2,平,3,仄,ci.清.0003.pinyin.json 第1阕第12字 语料拼音 zhǎng,待裁定
ci.清.0003.pinyin.json#40,0,10,绝,4,仄,2,平,ci.清.0003.pinyin.json 第1阕第11字 语料拼音 jué,待裁定
ci.清.0003.pinyin.json#41,0,53,甚,4,仄,2,平,ci.清.0003.pinyin.json 第1阕第54字 语料拼音 shén,待裁定
ci.清.0003.pinyin.json#42,1,16,绝,4,仄,2,平,ci.清.0003.pinyin.json 第2阕第17字 语料拼音 jué,待裁定
ci.清.0003.pinyin.json#45,0,18,甚,4,仄,2,平,ci.清.0003.pinyin.json 第1阕第19字 语料拼音 shén,待裁定
ci.清.0003.pinyin.json#46,1,15,别,4,仄,2,平,ci.清.0003.pinyin.json 第2阕第16字 语料拼音 bié,待裁定
ci.清.0003.pinyin.json#48,0,42,甚,4,仄,2,平,ci.清.0003.pinyin.json 第1阕第43字 语料拼音 shén,待裁定
ci.清.0003.pinyin.json#49,0,21,绝,4,仄,2,平,ci.清.0003.pinyin.json 第1阕第22字 语料拼音 jué,待裁定
ci.清.0003.pinyin.json#52,1,0,别,4,仄,2,平,ci.清.0003.pinyin.json 第2阕第1字 语料拼音 bié,待裁定
ci.清.0003.pinyin.json#58,0,0,甚,4,仄,2,平,ci.清.0003.pinyin.json 第1阕第1字 语料拼音 shén,待裁定
ci.清.0003.pinyin.json#63,1,19,长,2,平,3,仄,ci.清.0003.pinyin.json 第2阕第20字 语料拼音 zhǎng,待裁定
ci.清.0003.pinyin.json#67,0,16,甚,4,仄,2,平,ci.清.0003.pinyin.json 第1阕第17字 语料拼音 shén,待裁定
ci.清.0003.pinyin.json#67,0,22,绝,4,仄,2,平,ci.清.0003.pinyin.json 第1阕第23字 语料拼音 jué,待裁定
ci.清.0003.pinyin.json#71,1,9,甚,4,仄,2,平,ci.清.0003.pinyin.json 第2阕第10字 语料拼音 shén,待裁定
ci.清.0003.pinyin.json#74,0,7,别,4,仄,2,平,ci.清.0003.pinyin.json 第1阕第8字 语料拼音 bié,待裁定
ci.清.0003.pinyin.json#75,0,0,绝,4,仄,2,平,ci.清.0003.pinyin.json 第1阕第1字 语料拼音 jué,待裁定
ci.清.0003.pinyin.json#76,1,26,别,4,仄,2,平,ci.清.0003.pinyin.json 第2阕第27字 语料拼音 bié,待裁定
ci.清.0003.pinyin.json#80,0,22,长,2,平,3,仄,ci.清.0003.pinyin.json 第1阕第23字 语料拼音 zhǎng,待裁定
ci.清.0003.pinyin.json#82,0,20,甚,4,仄,2,平,ci.清.0003.pinyin.json 第1阕第21字 语料拼音 shén,待裁定
ci.清.0003.pinyin.json#82,0,42,长,2,平,3,仄,ci.清.0003.pinyin.json 第1阕第43字 语料拼音 zhǎng,待裁定
ci.清.0003.pinyin.json#82,1,30,长,2,平,3,仄,ci.清.0003.pinyin.json 第2阕第31字 语料拼音 zhǎng,待裁定
ci.清.0003.pinyin.json#91,0,21,长,2,平,3,仄,ci.清.0003.pinyin.json 第1阕第22字 语料拼音 zhǎng,待裁定
ci.清.0003.pinyin.json#95,1,5,甚,4,仄,2,平,ci.清.0003.pinyin.json 第2阕第6字 语料拼音 shén,待裁定
ci.清.0003.pinyin.json#102,0,2,绝,4,仄,2,平,ci.清.0003.pinyin.json 第1阕第3字 语料拼音 jué,待裁定
ci.清.0003.pinyin.json#106,1,2,长,2,平,3,仄,ci.清.0003.pinyin.json 第2阕第3字 语料拼音 zhǎng,待裁定
ci.清.0003.pinyin.json#111,0,37,甚,4,仄,2,平,ci.清.0003.pinyin.json 第1阕第38字 语料拼音 shén,待裁定
ci.清.0003.pinyin.json#113,0,21,长,2,平,3,仄,ci.清.0003.pinyin.json 第1阕第22字 语料拼音 zhǎng,待裁定
ci.清.0003.pinyin.json#113,0,37,甚,4,仄,2,平,ci.清.0003.pinyin.json 第1阕第38字 语料拼音 shén,待裁定
ci.清.0003.pinyin.json#116,0,7,长,2,平,3,仄,ci.清.0003.pinyin.json 第1阕第8字 语料拼音 zhǎng,待裁定
ci.清.0003.pinyin.json#116,1,57,长,2,平,3,仄,ci.清.0003.pinyin.json 第2阕第58字 语料拼音 zhǎng,待裁定
ci.清.0003.pinyin.json#117,1,8,甚,4,仄,2,平,ci.清.0003.pinyin.json 第2阕第9字 语料拼音 shén,待裁定
ci.清.0003.pinyin.json#118,0,22,甚,4,仄,2,平,ci.清.0003.pinyin.json 第1阕第23字 语料拼音 shén,待裁定
ci.清.0003.pinyin.json#125,0,0,甚,4,仄,2,平,ci.清.0003.pinyin.json 第1阕第1字 语料拼音 shén,待裁定
ci.清.0003.pinyin.json#126,0,21,甚,4,仄,2,平,ci.清.0003.pinyin.json 第1阕第22字 语料拼音 shén,待裁定
ci.清.0003.pinyin.json#127,1,11,绝,4,仄,2,平,ci.清.0003.pinyin.json 第2阕第12字 语料拼音 jué,待裁定
ci.清.0003.pinyin.json#128,0,1,别,4,仄,2,平,ci.清.0003.pinyin.json 第1阕第2字 语料拼音 bié,待裁定
ci.清.0003.pinyin.json#147,1,43,绝,4,仄,2,平,ci.清.0003.pinyin.json 第2阕第44字 语料拼音 jué,待裁定
ci.清.0003.pinyin.json#148,0,13,别,4,仄,2,平,ci.清.0003.pinyin.json 第1阕第14字 语料拼音 bié,待裁定
ci.清.0003.pinyin.json#149,1,18,别,4,仄,2,平,ci.清.0003.pinyin.json 第2阕第19字 语料拼音 bié,待裁定
ci.清.0003.pinyin.json#150,1,27,别,4,仄,2,平,ci.清.0003.pinyin.json 第2阕第28字 语料拼音 bié,待裁定
ci.清.0003.pinyin.json#156,1,48,长,2,平,3,仄,ci.清.0003.pinyin.json 第2阕第49字 语料拼音 zhǎng,待裁定
ci.清.0003.pinyin.json#158,1,6,甚,4,仄,2,平,ci.清.0003.pinyin.json 第2阕第7字 语料拼音 shén,待裁定
ci.清.0003.pinyin.json#158,1,43,绝,4,仄,2,平,ci.清.0003.pinyin.json 第2阕第44字 语料拼音 jué,待裁定
ci.清.0003.pinyin.json#160,0,15,别,4,仄,2,平,ci.清.0003.pinyin.json 第1阕第16字 语料拼音 bié,待裁定
ci.清.0003.pinyin.json#164,3,22,别,4,仄,2,平,ci.清.0003.pinyin.json 第4阕第23字 语料拼音 bié,待裁定
ci.清.0003.pinyin.json#164,3,23,别,4,仄,2,平,ci.清.0003.pinyin.json 第4阕第24字 语料拼音 bié,待裁定
ci.清.0003.pinyin.json#165,1,30,绝,4,仄,2,平,ci.清.0003.pinyin.json 第2阕第31字 语料拼音 jué,待裁定
ci.清.0003.pinyin.json#172,1,6,别,4,仄,2,平,ci.清.0003.pinyin.json 第2阕第7字 语料拼音 bié,待裁定
ci.清.0003.pinyin.json#172,1,20,长,2,平,3,仄,ci.清.0003.pinyin.json 第2阕第21字 语料拼音 zhǎng,待裁定
ci.清.0003.pinyin.json#176,0,20,别,4,仄,2,平,ci.清.0003.pinyin.json 第1阕第21字 语料拼音 bié,待裁定
ci.清.0003.pinyin.json#176,1,39,长,2,平,3,仄,ci.清.0003.pinyin.json 第2阕第40字 语料拼音 zhǎng,待裁定
ci.清.0003.pinyin.json#177,0,4,甚,4,仄,2,平,ci.清.0003.pinyin.json 第1阕第5字 语料拼音 shén,待裁定
ci.清.0003.pinyin.json#185,0,35,绝,4,仄,2,平,ci.清.0003.pinyin.json 第1阕第36字 语料拼音 jué,待裁定
ci.清.0003.pinyin.json#190,0,0,甚,4,仄,2,平,ci.清.0003.pinyin.json 第1阕第1字 语料拼音 shén,待裁定
ci.清.0003.pinyin.json#190,0,25,别,4,仄,2,平,ci.清.0003.pinyin.json 第1阕第26字 语料拼音 bié,待裁定
ci.清.0003.pinyin.json#190,0,29,绝,4,仄,2,平,ci.清.0003.pinyin.json 第1阕第30字 语料拼音 jué,待裁定
ci.清.0003.pinyin.json#191,0,43,长,2,平,3,仄,ci.清.0003.pinyin.json 第1阕第44字 语料拼音 zhǎng,待裁定
ci.清.0003.pinyin.json#192,1,6,甚,4,仄,2,平,ci.清.0003.pinyin.json 第2阕第7字 语料拼音 shén,待裁定
ci.清.0003.pinyin.json#200,0,20,长,2,平,3,仄,ci.清.0003.pinyin.json 第1阕第21字 语料拼音 zhǎng,待裁定
ci.清.0003.pinyin.json#206,1,12,别,4,仄,2,平,ci.清.0003.pinyin.json 第2阕第13字 语料拼音 bié,待裁定
ci.清.0003.pinyin.json#207,2,6,甚,4,仄,2,平,ci.清.0003.pinyin.json 第3阕第7字 语料拼音 shén,待裁定
ci.清.0003.pinyin.json#208,1,21,绝,4,仄,2,平,ci.清.0003.pinyin.json 第2阕第22字 语料拼音 jué,待裁定
ci.清.0003.pinyin.json#211,0,43,长,2,平,3,仄,ci.清.0003.pinyin.json 第1阕第44字 语料拼音 zhǎng,待裁定
ci.清.0003.pinyin.json#212,1,12,长,2,平,3,仄,ci.清.0003.pinyin.json 第2阕第13字 语料拼音 zhǎng,待裁定
ci.清.0003.pinyin.json#212,1,15,长,2,平,3,仄,ci.清.0003.pinyin.json 第2阕第16字 语料拼音 zhǎng,待裁定
ci.清.0003.pinyin.json#215,0,19,长,2,平,3,仄,ci.清.0003.pinyin.json 第1阕第20字 语料拼音 zhǎng,待裁定
ci.清.0003.pinyin.json#216,0,0,长,2,平,3,仄,ci.清.0003.pinyin.json 第1阕第1字 语料拼音 zhǎng,待裁定
ci.清.0003.pinyin.json#218,0,21,绝,4,仄,2,平,ci.清.0003.pinyin.json 第1阕第22字 语料拼音 jué,待裁定
ci.清.0003.pinyin.json#218,0,39,长,2,平,3,仄,ci.清.0003.pinyin.json 第1阕第40字 语料拼音 zhǎng,待裁定
ci.清.0003.pinyin.json#221,0,31,甚,4,仄,2,平,ci.清.0003.pinyin.json 第1阕第32字 语料拼音 shén,待裁定
ci.清.0003.pinyin.json#222,0,8,长,2,平,3,仄,ci.清.0003.pinyin.json 第1阕第9字 语料拼音 zhǎng,待裁定
ci.清.0003.pinyin.json#223,1,13,别,4,仄,2,平,ci.清.0003.pinyin.json 第2阕第14字 语料拼音 bié,待裁定
ci.清.0003.pinyin.json#224,1,15,长,2,平,3,仄,ci.清.0003.pinyin.json 第2阕第16字 语料拼音 zhǎng,待裁定
ci.清.0003.pinyin.json#227,0,12,长,2,平,3,仄,ci.清.0003.pinyin.json 第1阕第13字 语料拼音 zhǎng,待裁定
ci.清.0003.pinyin.json#227,0,19,长,2,平,3,仄,ci.清.0003.pinyin.json 第1阕第20字 语料拼音 zhǎng,待裁定
ci.清.0003.pinyin.json#227,0,27,别,4,仄,2,平,ci.清.0003.pinyin.json 第1阕第28字 语料拼音 bié,待裁定
ci.清.0003.pinyin.json#229,1,34,绝,4,仄,2,平,ci.清.0003.pinyin.json 第2阕第35字 语料拼音 jué,待裁定
ci.清.0003.pinyin.json#230,1,2,别,4,仄,2,平,ci.清.0003.pinyin.json 第2阕第3字 语料拼音 bié,待裁定
ci.清.0003.pinyin.json#230,1,4,长,2,平,3,仄,ci.清.0003.pinyin.json 第2阕第5字 语料拼音 zhǎng,待裁定
ci.清.0003.pinyin.json#233,0,17,别,4,仄,2,平,ci.清.0003.pinyin.json 第1阕第18字 语料拼音 bié,待裁定
ci.清.0003.pinyin.json#234,1,11,别,4,仄,2,平,ci.清.0003.pinyin.json 第2阕第12字 语料拼音 bié,待裁定
ci.清.0003.pinyin.json#235,1,22,长,2,平,3,仄,ci.清.0003.pinyin.json 第2阕第23字 语料拼音 zhǎng,待裁定
ci.清.0003.pinyin.json#237,0,48,甚,4,仄,2,平,ci.清.0003.pinyin.json 第1阕第49字 语料拼音 shén,待裁定
ci.清.0003.pinyin.json#239,1,14,长,2,平,3,仄,ci.清.0003.pinyin.json 第2阕第15字 语料拼音 zhǎng,待裁定
ci.清.0003.pinyin.json#239,1,33,甚,4,仄,2,平,ci.清.0003.pinyin.json 第2阕第34字 语料拼音 shén,待裁定
ci.清.0003.pinyin.json#240,0,19,别,4,仄,2,平,ci.清.0003.pinyin.json 第1阕第20字 语料拼音 bié,待裁定
ci.清.0003.pinyin.json#245,0,0,长,2,平,3,仄,ci.清.0003.pinyin.json 第1阕第1字 语料拼音 zhǎng,待裁定
ci.清.0003.pinyin.json#246,1,18,长,2,平,3,仄,ci.清.0003.pinyin.json 第2阕第19字 语料拼音 zhǎng,待裁定
ci.清.0003.pinyin.json#246,1,44,长,2,平,3,仄,ci.清.0003.pinyin.json 第2阕第45字 语料拼音 zhǎng,待裁定
ci.清.0003.pinyin.json#246,1,48,长,2,平,3,仄,ci.清.0003.pinyin.json 第2阕第49字 语料拼音 zhǎng,待裁定
ci.清.0003.pinyin.json#249,0,46,长,2,平,3,仄,ci.清.0003.pinyin.json 第1阕第47字 语料拼音 zhǎng,待裁定
ci.清.0003.pinyin.json#250,1,41,甚,4,仄,2,平,ci.清.0003.pinyin.json 第2阕第42字 语料拼音 shén,待裁定
ci.清.0003.pinyin.json#257,0,2,长,2,平,3,仄,ci.清.0003.pinyin.json 第1阕第3字 语料拼音 zhǎng,待裁定
ci.清.0003.pinyin.json#259,1,0,甚,4,仄,2,平,ci.清.0003.pinyin.json 第2阕第1字 语料拼音 shén,待裁定
ci.清.0003.pinyin.json#261,1,0,别,4,仄,2,平,ci.清.0003.pinyin.json 第2阕第1字 语料拼音 bié,待裁定
ci.清.0003.pinyin.json#262,1,4,长,2,平,3,仄,ci.清.0003.pinyin.json 第2阕第5字 语料拼音 zhǎng,待裁定
ci.清.0003.pinyin.json#264,0,45,别,4,仄,2,平,ci.清.0003.pinyin.json 第1阕第46字 语料拼音 bié,待裁定
ci.清.0003.pinyin.json#264,1,3,别,4,仄,2,平,ci.清.0003.pinyin.json 第2阕第4字 语料拼音 bié,待裁定
ci.清.0003.pinyin.json#267,0,26,长,2,平,3,仄,ci.清.0003.pinyin.json 第1阕第27字 语料拼音 zhǎng,待裁定
ci.清.0003.pinyin.json#268,1,0,甚,4,仄,2,平,ci.清.0003.pinyin.json 第2阕第1字 语料拼音 shén,待裁定
ci.清.0003.pinyin.json#275,0,10,长,2,平,3,仄,ci.清.0003.pinyin.json 第1阕第11字 语料拼音 zhǎng,待裁定
ci.清.0003.pinyin.json#279,0,4,长,2,平,3,仄,ci.清.0003.pinyin.json 第1阕第5字 语料拼音 zhǎng,待裁定
ci.清.0003.pinyin.json#280,0,38,甚,4,仄,2,平,ci.清.0003.pinyin.json 第1阕第39字 语料拼音 shén,待裁定
ci.清.0003.pinyin.json#280,1,16,别,4,仄,2,平,ci.清.0003.pinyin.json 第2阕第17字 语料拼音 bié,待裁定
ci.清.0003.pinyin.json#281,1,12,别,4,仄,2,平,ci.清.0003.pinyin.json 第2阕第13字 语料拼音 bié,待裁定
ci.清.0003.pinyin.json#281,1,45,甚,4,仄,2,平,ci.清.0003.pinyin.json 第2阕第46字 语料拼音 shén,待裁定
ci.清.0003.pinyin.json#282,0,8,别,4,仄,2,平,ci.清.0003.pinyin.json 第1阕第9字 语料拼音 bié,待裁定
ci.清.0003.pinyin.json#284,0,18,长,2,平,3,仄,ci.清.0003.pinyin.json 第1阕第19字 语料拼音 zhǎng,待裁定
ci.清.0003.pinyin.json#284,0,21,别,4,仄,2,平,ci.清.0003.pinyin.json 第1阕第22字 语料拼音 bié,待裁定
ci.清.0003.pinyin.json#285,0,2,长,2,平,3,仄,ci.清.0003.pinyin.json 第1阕第3字 语料拼音 zhǎng,待裁定
ci.清.0003.pinyin.json#285,1,52,甚,4,仄,2,平,ci.清.0003.pinyin.json 第2阕第53字 语料拼音 shén,待裁定
ci.清.0003.pinyin.json#287,1,0,长,2,平,3,仄,ci.清.0003.pinyin.json 第2阕第1字 语料拼音 zhǎng,待裁定
ci.清.0003.pinyin.json#287,2,6,长,2,平,3,仄,ci.清.0003.pinyin.json 第3阕第7字 语料拼音 zhǎng,待裁定
ci.清.0003.pinyin.json#290,0,13,长,2,平,3,仄,ci.清.0003.pinyin.json 第1阕第14字 语料拼音 zhǎng,待裁定
ci.清.0003.pinyin.json#291,1,2,绝,4,仄,2,平,ci.清.0003.pinyin.json 第2阕第3字 语料拼音 jué,待裁定
ci.清.0003.pinyin.json#298,1,17,长,2,平,3,仄,ci.清.0003.pinyin.json 第2阕第18字 语料拼音 zhǎng,待裁定
ci.清.0003.pinyin.json#299,1,37,长,2,平,3,仄,ci.清.0003.pinyin.json 第2阕第38字 语料拼音 zhǎng,待裁定
ci.清.0003.pinyin.json#301,0,16,长,2,平,3,仄,ci.清.0003.pinyin.json 第1阕第17字 语料拼音 zhǎng,待裁定
ci.清.0003.pinyin.json#305,0,14,长,2,平,3,仄,ci.清.0003.pinyin.json 第1阕第15字 语料拼音 zhǎng,待裁定
ci.清.0003.pinyin.json#313,0,9,长,2,平,3,仄,ci.清.0003.pinyin.json 第1阕第10字 语料拼音 zhǎng,待裁定
ci.清.0003.pinyin.json#319,0,22,别,4,仄,2,平,ci.清.0003.pinyin.json 第1阕第23字 语料拼音 bié,待裁定
ci.清.0003.pinyin.json#319,1,15,长,2,平,3,仄,ci.清.0003.pinyin.json 第2阕第16字 语料拼音 zhǎng,待裁定
ci.清.0003.pinyin.json#321,1,18,绝,4,仄,2,平,ci.清.0003.pinyin.json 第2阕第19字 语料拼音 jué,待裁定
ci.清.0003.pinyin.json#322,1,8,长,2,平,3,仄,ci.清.0003.pinyin.json 第2阕第9字 语料拼音 zhǎng,待裁定
ci.清.0003.pinyin.json#324,0,4,长,2,平,3,仄,ci.清.0003.pinyin.json 第1阕第5字 语料拼音 zhǎng,待裁定
ci.清.0003.pinyin.json#325,1,5,别,4,仄,2,平,ci.清.0003.pinyin.json 第2阕第6字 语料拼音 bié,待裁定
ci.清.0003.pinyin.json#327,0,19,长,2,平,3,仄,ci.清.0003.pinyin.json 第1阕第20字 语料拼音 zhǎng,待裁定
ci.清.0003.pinyin.json#327,1,13,长,2,平,3,仄,ci.清.0003.pinyin.json 第2阕第14字 语料拼音 zhǎng,待裁定
ci.清.0003.pinyin.json#333,0,3,长,2,平,3,仄,ci.清.0003.pinyin.json 第1阕第4字 语料拼音 zhǎng,待裁定
ci.清.0003.pinyin.json#338,0,18,长,2,平,3,仄,ci.清.0003.pinyin.json 第1阕第19字 语料拼音 zhǎng,待裁定
ci.清.0003.pinyin.json#344,1,13,长,2,平,3,仄,ci.清.0003.pinyin.json 第2阕第14字 语料拼音 zhǎng,待裁定
ci.清.0003.pinyin.json#346,0,13,长,2,平,3,仄,ci.清.0003.pinyin.json 第1阕第14字 语料拼音 zhǎng,待裁定
ci.清.0003.pinyin.json#350,0,0,别,4,仄,2,平,ci.清.0003.pinyin.json 第1阕第1字 语料拼音 bié,待裁定
ci.清.0003.pinyin.json#364,1,19,长,2,平,3,仄,ci.清.0003.pinyin.json 第2阕第20字 语料拼音 zhǎng,待裁定
ci.清.0003.pinyin.json#374,1,20,长,2,平,3,仄,ci.清.0003.pinyin.json 第2阕第21字 语料拼音 zhǎng,待裁定
ci.清.0003.pinyin.json#377,0,37,长,2,平,3,仄,ci.清.0003.pinyin.json 第1阕第38字 语料拼音 zhǎng,待裁定
ci.清.0003.pinyin.json#378,0,5,甚,4,仄,2,平,ci.清.0003.pinyin.json 第1阕第6字 语料拼音 shén,待裁定
ci.清.0003.pinyin.json#381,0,26,别,4,仄,2,平,ci.清.0003.pinyin.json 第1阕第27字 语料拼音 bié,待裁定
ci.清.0003.pinyin.json#381,0,32,绝,4,仄,2,平,ci.清.0003.pinyin.json 第1阕第33字 语料拼音 jué,待裁定
ci.清.0003.pinyin.json#381,1,4,别,4,仄,2,平,ci.清.0003.pinyin.json 第2阕第5字 语料拼音 bié,待裁定
ci.清.0003.pinyin.json#387,0,38,长,2,平,3,仄,ci.清.0003.pinyin.json 第1阕第39字 语料拼音 zhǎng,待裁定
ci.清.0003.pinyin.json#391,0,11,长,2,平,3,仄,ci.清.0003.pinyin.json 第1阕第12字 语料拼音 zhǎng,待裁定
ci.清.0003.pinyin.json#396,1,17,别,4,仄,2,平,ci.清.0003.pinyin.json 第2阕第18字 语料拼音 bié,待裁定
ci.清.0003.pinyin.json#399,1,6,甚,4,仄,2,平,ci.清.0003.pinyin.json 第2阕第7字 语料拼音 shén,待裁定
ci.清.0003.pinyin.json#400,0,20,甚,4,仄,2,平,ci.清.0003.pinyin.json 第1阕第21字 语料拼音 shén,待裁定
ci.清.0003.pinyin.json#402,0,36,甚,4,仄,2,平,ci.清.0003.pinyin.json 第1阕第37字 语料拼音 shén,待裁定
ci.清.0003.pinyin.json#409,1,32,长,2,平,3,仄,ci.清.0003.pinyin.json 第2阕第33字 语料拼音 zhǎng,待裁定
ci.清.0003.pinyin.json#414,1,25,长,2,平,3,仄,ci.清.0003.pinyin.json 第2阕第26字 语料拼音 zhǎng,待裁定
ci.清.0003.pinyin.json#418,0,33,长,2,平,3,仄,ci.清.0003.pinyin.json 第1阕第34字 语料拼音 zhǎng,待裁定
ci.清.0003.pinyin.json#419,1,25,别,4,仄,2,平,ci.清.0003.pinyin.json 第2阕第26字 语料拼音 bié,待裁定
ci.清.0003.pinyin.json#428,1,30,长,2,平,3,仄,ci.清.0003.pinyin.json 第2阕第31字 语料拼音 zhǎng,待裁定
ci.清.0003.pinyin.json#429,1,13,长,2,平,3,仄,ci.清.0003.pinyin.json 第2阕第14字 语料拼音 zhǎng,待裁定
ci.清.0003.pinyin.json#433,1,37,甚,4,仄,2,平,ci.清.0003.pinyin.json 第2阕第38字 语料拼音 shén,待裁定
ci.清.0003.pinyin.json#438,0,17,别,4,仄,2,平,ci.清.0003.pinyin.json 第1阕第18字 语料拼音 bié,待裁定
ci.清.0003.pinyin.json#442,1,36,长,2,平,3,仄,ci.清.0003.pinyin.json 第2阕第37字 语料拼音 zhǎng,待裁定
ci.清.0003.pinyin.json#445,0,6,长,2,平,3,仄,ci.清.0003.pinyin.json 第1阕第7字 语料拼音 zhǎng,待裁定
ci.清.0003.pinyin.json#448,1,16,长,2,平,3,仄,ci.清.0003.pinyin.json 第2阕第17字 语料拼音 zhǎng,待裁定
ci.清.0003.pinyin.json#448,1,19,长,2,平,3,仄,ci.清.0003.pinyin.json 第2阕第20字 语料拼音 zhǎng,待裁定
ci.清.0003.pinyin.json#456,1,10,长,2,平,3,仄,ci.清.0003.pinyin.json 第2阕第11字 语料拼音 zhǎng,待裁定
ci.清.0003.pinyin.json#465,0,25,长,2,平,3,仄,ci.清.0003.pinyin.json 第1阕第26字 语料拼音 zhǎng,待裁定
ci.清.0003.pinyin.json#468,1,35,长,2,平,3,仄,ci.清.0003.pinyin.json 第2阕第36字 语料拼音 zhǎng,待裁定
ci.清.0003.pinyin.json#469,0,43,长,2,平,3,仄,ci.清.0003.pinyin.json 第1阕第44字 语料拼音 zhǎng,待裁定
ci.清.0003.pinyin.json#470,1,51,别,4,仄,2,平,ci.清.0003.pinyin.json 第2阕第52字 语料拼音 bié,待裁定
ci.清.0003.pinyin.json#472,0,6,别,4,仄,2,平,ci.清.0003.pinyin.json 第1阕第7字 语料拼音 bié,待裁定
ci.清.0003.pinyin.json#474,0,30,长,2,平,3,仄,ci.清.0003.pinyin.json 第1阕第31字 语料拼音 zhǎng,待裁定
ci.清.0003.pinyin.json#475,2,13,甚,4,仄,2,平,ci.清.0003.pinyin.json 第3阕第14字 语料拼音 shén,待裁定
ci.清.0003.pinyin.json#481,1,29,长,2,平,3,仄,ci.清.0003.pinyin.json 第2阕第30字 语料拼音 zhǎng,待裁定
ci.清.0003.pinyin.json#487,0,29,绝,4,仄,2,平,ci.清.0003.pinyin.json 第1阕第30字 语料拼音 jué,待裁定
ci.清.0003.pinyin.json#490,1,1,长,2,平,3,仄,ci.清.0003.pinyin.json 第2阕第2字 语料拼音 zhǎng,待裁定
ci.清.0003.pinyin.json#494,0,14,绝,4,仄,2,平,ci.清.0003.pinyin.json 第1阕第15字 语料拼音 jué,待裁定
ci.清.0003.pinyin.json#496,1,0,别,4,仄,2,平,ci.清.0003.pinyin.json 第2阕第1字 语料拼音 bié,待裁定
ci.清.0003.pinyin.json#499,5,24,长,2,平,3,仄,ci.清.0003.pinyin.json 第6阕第25字 语料拼音 zhǎng,待裁定
ci.清.0003.pinyin.json#502,1,15,别,4,仄,2,平,ci.清.0003.pinyin.json 第2阕第16字 语料拼音 bié,待裁定
ci.清.0003.pinyin.json#503,1,11,别,4,仄,2,平,ci.清.0003.pinyin.json 第2阕第12字 语料拼音 bié,待裁定
ci.清.0003.pinyin.json#504,0,8,别,4,仄,2,平,ci.清.0003.pinyin.json 第1阕第9字 语料拼音 bié,待裁定
ci.清.0003.pinyin.json#506,0,10,别,4,仄,2,平,ci.清.0003.pinyin.json 第1阕第11字 语料拼音 bié,待裁定
ci.清.0003.pinyin.json#506,0,22,长,2,平,3,仄,ci.清.0003.pinyin.json 第1阕第23字 语料拼音 zhǎng,待裁定
ci.清.0003.pinyin.json#506,1,20,别,4,仄,2,平,ci.清.0003.pinyin.json 第2阕第21字 语料拼音 bié,待裁定
ci.清.0003.pinyin.json#507,0,15,长,2,平,3,仄,ci.清.0003.pinyin.json 第1阕第16字 语料拼音 zhǎng,待裁定
ci.清.0003.pinyin.json#509,0,23,长,2,平,3,仄,ci.清.0003.pinyin.json 第1阕第24字 语料拼音 zhǎng,待裁定
ci.清.0003.pinyin.json#510,1,21,别,4,仄,2,平,ci.清.0003.pinyin.json 第2阕第22字 语料拼音 bié,待裁定
ci.清.0003.pinyin.json#512,0,34,别,4,仄,2,平,ci.清.0003.pinyin.json 第1阕第35字 语料拼音 bié,待裁定
ci.清.0003.pinyin.json#513,1,22,长,2,平,3,仄,ci.清.0003.pinyin.json 第2阕第23字 语料拼音 zhǎng,待裁定
ci.清.0003.pinyin.json#513,1,27,长,2,平,3,仄,ci.清.0003.pinyin.json 第2阕第28字 语料拼音 zhǎng,待裁定
ci.清.0003.pinyin.json#515,1,28,绝,4,仄,2,平,ci.清.0003.pinyin.json 第2阕第29字 语料拼音 jué,待裁定
ci.清.0003.pinyin.json#516,0,25,别,4,仄,2,平,ci.清.0003.pinyin.json 第1阕第26字 语料拼音 bié,待裁定
ci.清.0003.pinyin.json#518,0,3,别,4,仄,2,平,ci.清.0003.pinyin.json 第1阕第4字 语料拼音 bié,待裁定
ci.清.0003.pinyin.json#518,0,11,长,2,平,3,仄,ci.清.0003.pinyin.json 第1阕第12字 语料拼音 zhǎng,待裁定
ci.清.0003.pinyin.json#519,0,38,长,2,平,3,仄,ci.清.0003.pinyin.json 第1阕第39字 语料拼音 zhǎng,待裁定
ci.清.0003.pinyin.json#520,0,32,别,4,仄,2,平,ci.清.0003.pinyin.json 第1阕第33字 语料拼音 bié,待裁定
ci.清.0003.pinyin.json#520,0,34,长,2,平,3,仄,ci.清.0003.pinyin.json 第1阕第35字 语料拼音 zhǎng,待裁定
ci.清.0003.pinyin.json#520,1,42,长,2,平,3,仄,ci.清.0003.pinyin.json 第2阕第43字 语料拼音 zhǎng,待裁定
ci.清.0003.pinyin.json#526,0,25,长,2,平,3,仄,ci.清.0003.pinyin.json 第1阕第26字 语料拼音 zhǎng,待裁定
ci.清.0003.pinyin.json#527,1,28,长,2,平,3,仄,ci.清.0003.pinyin.json 第2阕第29字 语料拼音 zhǎng,待裁定
ci.清.0003.pinyin.json#528,0,31,长,2,平,3,仄,ci.清.0003.pinyin.json 第1阕第32字 语料拼音 zhǎng,待裁定
ci.清.0003.pinyin.json#528,1,0,别,4,仄,2,平,ci.清.0003.pinyin.json 第2阕第1字 语料拼音 bié,待裁定
ci.清.0003.pinyin.json#531,1,33,甚,4,仄,2,平,ci.清.0003.pinyin.json 第2阕第34字 语料拼音 shén,待裁定
ci.清.0003.pinyin.json#536,0,4,长,2,平,3,仄,ci.清.0003.pinyin.json 第1阕第5字 语料拼音 zhǎng,待裁定
ci.清.0003.pinyin.json#536,0,30,绝,4,仄,2,平,ci.清.0003.pinyin.json 第1阕第31字 语料拼音 jué,待裁定
ci.清.0003.pinyin.json#539,0,36,长,2,平,3,仄,ci.清.0003.pinyin.json 第1阕第37字 语料拼音 zhǎng,待裁定
ci.清.0003.pinyin.json#539,1,26,长,2,平,3,仄,ci.清.0003.pinyin.json 第2阕第27字 语料拼音 zhǎng,待裁定
ci.清.0003.pinyin.json#547,1,48,绝,4,仄,2,平,ci.清.0003.pinyin.json 第2阕第49字 语料拼音 jué,待裁定
ci.清.0003.pinyin.json#549,0,35,长,2,平,3,仄,ci.清.0003.pinyin.json 第1阕第36字 语料拼音 zhǎng,待裁定
ci.清.0003.pinyin.json#549,1,21,别,4,仄,2,平,ci.清.0003.pinyin.json 第2阕第22字 语料拼音 bié,待裁定
ci.清.0003.pinyin.json#553,0,18,长,2,平,3,仄,ci.清.0003.pinyin.json 第1阕第19字 语料拼音 zhǎng,待裁定
ci.清.0003.pinyin.json#555,1,35,长,2,平,3,仄,ci.清.0003.pinyin.json 第2阕第36字 语料拼音 zhǎng,待裁定
ci.清.0003.pinyin.json#566,0,0,长,2,平,3,仄,ci.清.0003.pinyin.json 第1阕第1字 语料拼音 zhǎng,待裁定
ci.清.0003.pinyin.json#570,1,26,长,2,平,3,仄,ci.清.0003.pinyin.json 第2阕第27字 语料拼音 zhǎng,待裁定
ci.清.0003.pinyin.json#575,1,39,长,2,平,3,仄,ci.清.0003.pinyin.json 第2阕第40字 语料拼音 zhǎng,待裁定
ci.清.0003.pinyin.json#581,1,26,别,4,仄,2,平,ci.清.0003.pinyin.json 第2阕第27字 语料拼音 bié,待裁定
ci.清.0003.pinyin.json#582,0,27,别,4,仄,2,平,ci.清.0003.pinyin.json 第1阕第28字 语料拼音 bié,待裁定
ci.清.0003.pinyin.json#587,0,38,别,4,仄,2,平,ci.清.0003.pinyin.json 第1阕第39字 语料拼音 bié,待裁定
ci.清.0003.pinyin.json#587,0,46,甚,4,仄,2,平,ci.清.0003.pinyin.json 第1阕第47字 语料拼音 shén,待裁定
ci.清.0003.pinyin.json#587,1,4,长,2,平,3,仄,ci.清.0003.pinyin.json 第2阕第5字 语料拼音 zhǎng,待裁定
ci.清.0003.pinyin.json#587,1,50,绝,4,仄,2,平,ci.清.0003.pinyin.json 第2阕第51字 语料拼音 jué,待裁定
ci.清.0003.pinyin.json#590,1,18,别,4,仄,2,平,ci.清.0003.pinyin.json 第2阕第19字 语料拼音 bié,待裁定
ci.清.0003.pinyin.json#603,0,1,长,2,平,3,仄,ci.清.0003.pinyin.json 第1阕第2字 语料拼音 zhǎng,待裁定
ci.清.0003.pinyin.json#605,1,34,别,4,仄,2,平,ci.清.0003.pinyin.json 第2阕第35字 语料拼音 bié,待裁定
ci.清.0003.pinyin.json#618,0,1,长,2,平,3,仄,ci.清.0003.pinyin.json 第1阕第2字 语料拼音 zhǎng,待裁定
ci.清.0003.pinyin.json#625,0,0,长,2,平,3,仄,ci.清.0003.pinyin.json 第1阕第1字 语料拼音 zhǎng,待裁定
ci.清.0003.pinyin.json#627,0,32,长,2,平,3,仄,ci.清.0003.pinyin.json 第1阕第33字 语料拼音 zhǎng,待裁定
ci.清.0003.pinyin.json#639,1,41,别,4,仄,2,平,ci.清.0003.pinyin.json 第2阕第42字 语料拼音 bié,待裁定
ci.清.0003.pinyin.json#643,1,5,长,2,平,3,仄,ci.清.0003.pinyin.json 第2阕第6字 语料拼音 zhǎng,待裁定
ci.清.0003.pinyin.json#645,1,20,长,2,平,3,仄,ci.清.0003.pinyin.json 第2阕第21字 语料拼音 zhǎng,待裁定
ci.清.0003.pinyin.json#648,1,43,长,2,平,3,仄,ci.清.0003.pinyin.json 第2阕第44字 语料拼音 zhǎng,待裁定
ci.清.0003.pinyin.json#649,1,11,长,2,平,3,仄,ci.清.0003.pinyin.json 第2阕第12字 语料拼音 zhǎng,待裁定
ci.清.0003.pinyin.json#663,1,45,甚,4,仄,2,平,ci.清.0003.pinyin.json 第2阕第46字 语料拼音 shén,待裁定
ci.清.0003.pinyin.json#664,1,2,长,2,平,3,仄,ci.清.0003.pinyin.json 第2阕第3字 语料拼音 zhǎng,待裁定
ci.清.0003.pinyin.json#669,1,6,甚,4,仄,2,平,ci.清.0003.pinyin.json 第2阕第7字 语料拼音 shén,待裁定
ci.清.0003.pinyin.json#670,1,11,长,2,平,3,仄,ci.清.0003.pinyin.json 第2阕第12字 语料拼音 zhǎng,待裁定
ci.清.0003.pinyin.json#671,0,37,长,2,平,3,仄,ci.清.0003.pinyin.json 第1阕第38字 语料拼音 zhǎng,待裁定
ci.清.0003.pinyin.json#676,0,3,别,4,仄,2,平,ci.清.0003.pinyin.json 第1阕第4字 语料拼音 bié,待裁定
ci.清.0003.pinyin.json#677,1,44,别,4,仄,2,平,ci.清.0003.pinyin.json 第2阕第45字 语料拼音 bié,待裁定
ci.清.0003.pinyin.json#679,1,24,甚,4,仄,2,平,ci.清.0003.pinyin.json 第2阕第25字 语料拼音 shén,待裁定
ci.清.0003.pinyin.json#681,1,22,绝,4,仄,2,平,ci.清.0003.pinyin.json 第2阕第23字 语料拼音 jué,待裁定
ci.清.0003.pinyin.json#684,1,18,绝,4,仄,2,平,ci.清.0003.pinyin.json 第2阕第19字 语料拼音 jué,待裁定
ci.清.0003.pinyin.json#685,1,18,长,2,平,3,仄,ci.清.0003.pinyin.json 第2阕第19字 语料拼音 zhǎng,待裁定
ci.清.0003.pinyin.json#688,0,11,长,2,平,3,仄,ci.清.0003.pinyin.json 第1阕第12字 语料拼音 zhǎng,待裁定
ci.清.0003.pinyin.json#691,2,4,绝,4,仄,2,平,ci.清.0003.pinyin.json 第3阕第5字 语料拼音 jué,待裁定
ci.清.0003.pinyin.json#697,1,9,长,2,平,3,仄,ci.清.0003.pinyin.json 第2阕第10字 语料拼音 zhǎng,待裁定
ci.清.0003.pinyin.json#700,1,13,长,2,平,3,仄,ci.清.0003.pinyin.json 第2阕第14字 语料拼音 zhǎng,待裁定
ci.清.0003.pinyin.json#701,3,16,甚,4,仄,2,平,ci.清.0003.pinyin.json 第4阕第17字 语料拼音 shén,待裁定
ci.清.0003.pinyin.json#705,3,3,长,2,平,3,仄,ci.清.0003.pinyin.json 第4阕第4字 语料拼音 zhǎng,待裁定
ci.清.0003.pinyin.json#713,0,21,甚,4,仄,2,平,ci.清.0003.pinyin.json 第1阕第22字 语料拼音 shén,待裁定
ci.清.0003.pinyin.json#731,0,2,别,4,仄,2,平,ci.清.0003.pinyin.json 第1阕第3字 语料拼音 bié,待裁定
ci.清.0003.pinyin.json#731,0,21,别,4,仄,2,平,ci.清.0003.pinyin.json 第1阕第22字 语料拼音 bié,待裁定
ci.清.0003.pinyin.json#736,0,10,长,2,平,3,仄,ci.清.0003.pinyin.json 第1阕第11字 语料拼音 zhǎng,待裁定
ci.清.0003.pinyin.json#737,0,16,长,2,平,3,仄,ci.清.0003.pinyin.json 第1阕第17字 语料拼音 zhǎng,待裁定
ci.清.0003.pinyin.json#739,1,28,长,2,平,3,仄,ci.清.0003.pinyin.json 第2阕第29字 语料拼音 zhǎng,待裁定
ci.清.0003.pinyin.json#740,0,0,甚,4,仄,2,平,ci.清.0003.pinyin.json 第1阕第1字 语料拼音 shén,待裁定
ci.清.0003.pinyin.json#740,1,41,长,2,平,3,仄,ci.清.0003.pinyin.json 第2阕第42字 语料拼音 zhǎng,待裁定
ci.清.0003.pinyin.json#742,0,3,长,2,平,3,仄,ci.清.0003.pinyin.json 第1阕第4字 语料拼音 zhǎng,待裁定
ci.清.0003.pinyin.json#749,0,29,长,2,平,3,仄,ci.清.0003.pinyin.json 第1阕第30字 语料拼音 zhǎng,待裁定
ci.清.0003.pinyin.json#749,1,17,别,4,仄,2,平,ci.清.0003.pinyin.json 第2阕第18字 语料拼音 bié,待裁定
ci.清.0003.pinyin.json#750,0,46,长,2,平,3,仄,ci.清.0003.pinyin.json 第1阕第47字 语料拼音 zhǎng,待裁定
ci.清.0003.pinyin.json#752,0,0,别,4,仄,2,平,ci.清.0003.pinyin.json 第1阕第1字 语料拼音 bié,待裁定
ci.清.0003.pinyin.json#756,1,2,别,4,仄,2,平,ci.清.0003.pinyin.json 第2阕第3字 语料拼音 bié,待裁定
ci.清.0003.pinyin.json#756,1,19,绝,4,仄,2,平,ci.清.0003.pinyin.json 第2阕第20字 语料拼音 jué,待裁定
ci.清.0003.pinyin.json#758,0,7,长,2,平,3,仄,ci.清.0003.pinyin.json 第1阕第8字 语料拼音 zhǎng,待裁定
ci.清.0003.pinyin.json#762,0,21,绝,4,仄,2,平,ci.清.0003.pinyin.json 第1阕第22字 语料拼音 jué,待裁定
ci.清.0003.pinyin.json#764,0,14,绝,4,仄,2,平,ci.清.0003.pinyin.json 第1阕第15字 语料拼音 jué,待裁定
ci.清.0003.pinyin.json#766,0,21,绝,4,仄,2,平,ci.清.0003.pinyin.json 第1阕第22字 语料拼音 jué,待裁定
ci.清.0003.pinyin.json#774,0,20,甚,4,仄,2,平,ci.清.0003.pinyin.json 第1阕第21字 语料拼音 shén,待裁定
ci.清.0003.pinyin.json#776,0,20,甚,4,仄,2,平,ci.清.0003.pinyin.json 第1阕第21字 语料拼音 shén,待裁定
ci.清.0003.pinyin.json#792,1,21,绝,4,仄,2,平,ci.清.0003.pinyin.json 第2阕第22字 语料拼音 jué,待裁定
ci.清.0003.pinyin.json#792,1,35,长,2,平,3,仄,ci.清.0003.pinyin.json 第2阕第36字 语料拼音 zhǎng,待裁定
ci.清.0003.pinyin.json#794,1,27,长,2,平,3,仄,ci.清.0003.pinyin.json 第2阕第28字 语料拼音 zhǎng,待裁定
ci.清.0003.pinyin.json#798,1,11,长,2,平,3,仄,ci.清.0003.pinyin.json 第2阕第12字 语料拼音 zhǎng,待裁定
ci.清.0003.pinyin.json#799,1,3,长,2,平,3,仄,ci.清.0003.pinyin.json 第2阕第4字 语料拼音 zhǎng,待裁定
ci.清.0003.pinyin.json#799,1,45,别,4,仄,2,平,ci.清.0003.pinyin.json 第2阕第46字 语料拼音 bié,待裁定
ci.清.0003.pinyin.json#800,0,72,甚,4,仄,2,平,ci.清.0003.pinyin.json 第1阕第73字 语料拼音 shén,待裁定
ci.清.0003.pinyin.json#800,1,96,长,2,平,3,仄,ci.清.0003.pinyin.json 第2阕第97字 语料拼音 zhǎng,待裁定
ci.清.0003.pinyin.json#802,0,15,别,4,仄,2,平,ci.清.0003.pinyin.json 第1阕第16字 语料拼音 bié,待裁定
ci.清.0003.pinyin.json#806,1,10,甚,4,仄,2,平,ci.清.0003.pinyin.json 第2阕第11字 语料拼音 shén,待裁定
ci.清.0003.pinyin.json#807,1,45,绝,4,仄,2,平,ci.清.0003.pinyin.json 第2阕第46字 语料拼音 jué,待裁定
ci.清.0003.pinyin.json#811,0,24,长,2,平,3,仄,ci.清.0003.pinyin.json 第1阕第25字 语料拼音 zhǎng,待裁定
ci.清.0003.pinyin.json#812,0,43,长,2,平,3,仄,ci.清.0003.pinyin.json 第1阕第44字 语料拼音 zhǎng,待裁定
ci.清.0003.pinyin.json#813,0,35,甚,4,仄,2,平,ci.清.0003.pinyin.json 第1阕第36字 语料拼音 shén,待裁定
ci.清.0003.pinyin.json#816,0,28,绝,4,仄,2,平,ci.清.0003.pinyin.json 第1阕第29字 语料拼音 jué,待裁定
ci.清.0003.pinyin.json#820,0,46,甚,4,仄,2,平,ci.清.0003.pinyin.json 第1阕第47字 语料拼音 shén,待裁定
ci.清.0003.pinyin.json#825,3,12,长,2,平,3,仄,ci.清.0003.pinyin.json 第4阕第13字 语料拼音 zhǎng,待裁定
ci.清.0003.pinyin.json#830,1,19,长,2,平,3,仄,ci.清.0003.pinyin.json 第2阕第20字 语料拼音 zhǎng,待裁定
ci.清.0003.pinyin.json#833,0,16,甚,4,仄,2,平,ci.清.0003.pinyin.json 第1阕第17字 语料拼音 shén,待裁定
ci.清.0003.pinyin.json#835,1,18,长,2,平,3,仄,ci.清.0003.pinyin.json 第2阕第19字 语料拼音 zhǎng,待裁定
ci.清.0003.pinyin.json#837,0,2,甚,4,仄,2,平,ci.清.0003.pinyin.json 第1阕第3字 语料拼音 shén,待裁定
ci.清.0003.pinyin.json#838,0,5,长,2,平,3,仄,ci.清.0003.pinyin.json 第1阕第6字 语料拼音 zhǎng,待裁定
ci.清.0003.pinyin.json#840,0,23,长,2,平,3,仄,ci.清.0003.pinyin.json 第1阕第24字 语料拼音 zhǎng,待裁定
ci.清.0003.pinyin.json#840,1,17,长,2,平,3,仄,ci.清.0003.pinyin.json 第2阕第18字 语料拼音 zhǎng,待裁定
ci.清.0003.pinyin.json#842,0,31,甚,4,仄,2,平,ci.清.0003.pinyin.json 第1阕第32字 语料拼音 shén,待裁定
ci.清.0003.pinyin.json#842,0,35,长,2,平,3,仄,ci.清.0003.pinyin.json 第1阕第36字 语料拼音 zhǎng,待裁定
ci.清.0003.pinyin.json#845,0,19,长,2,平,3,仄,ci.清.0003.pinyin.json 第1阕第20字 语料拼音 zhǎng,待裁定
ci.清.0003.pinyin.json#847,0,45,甚,4,仄,2,平,ci.清.0003.pinyin.json 第1阕第46字 语料拼音 shén,待裁定
ci.清.0003.pinyin.json#853,0,5,长,2,平,3,仄,ci.清.0003.pinyin.json 第1阕第6字 语料拼音 zhǎng,待裁定
ci.清.0003.pinyin.json#858,1,21,长,2,平,3,仄,ci.清.0003.pinyin.json 第2阕第22字 语料拼音 zhǎng,待裁定
ci.清.0003.pinyin.json#868,0,13,甚,4,仄,2,平,ci.清.0003.pinyin.json 第1阕第14字 语料拼音 shén,待裁定
ci.清.0003.pinyin.json#870,0,26,绝,4,仄,2,平,ci.清.0003.pinyin.json 第1阕第27字 语料拼音 jué,待裁定
ci.清.0003.pinyin.json#880,1,12,长,2,平,3,仄,ci.清.0003.pinyin.json 第2阕第13字 语料拼音 zhǎng,待裁定
ci.清.0003.pinyin.json#881,1,12,长,2,平,3,仄,ci.清.0003.pinyin.json 第2阕第13字 语料拼音 zhǎng,待裁定
ci.清.0003.pinyin.json#885,0,0,长,2,平,3,仄,ci.清.0003.pinyin.json 第1阕第1字 语料拼音 zhǎng,待裁定
ci.清.0003.pinyin.json#888,1,13,长,2,平,3,仄,ci.清.0003.pinyin.json 第2阕第14字 语料拼音 zhǎng,待裁定
ci.清.0003.pinyin.json#897,0,30,甚,4,仄,2,平,ci.清.0003.pinyin.json 第1阕第31字 语料拼音 shén,待裁定
ci.清.0003.pinyin.json#899,0,11,甚,4,仄,2,平,ci.清.0003.pinyin.json 第1阕第12字 语料拼音 shén,待裁定
ci.清.0003.pinyin.json#899,1,25,长,2,平,3,仄,ci.清.0003.pinyin.json 第2阕第26字 语料拼音 zhǎng,待裁定
ci.清.0003.pinyin.json#905,1,0,长,2,平,3,仄,ci.清.0003.pinyin.json 第2阕第1字 语料拼音 zhǎng,待裁定
ci.清.0003.pinyin.json#905,1,2,长,2,平,3,仄,ci.清.0003.pinyin.json 第2阕第3字 语料拼音 zhǎng,待裁定
ci.清.0003.pinyin.json#908,0,14,长,2,平,3,仄,ci.清.0003.pinyin.json 第1阕第15字 语料拼音 zhǎng,待裁定
ci.清.0003.pinyin.json#915,0,8,长,2,平,3,仄,ci.清.0003.pinyin.json 第1阕第9字 语料拼音 zhǎng,待裁定
ci.清.0003.pinyin.json#925,0,13,长,2,平,3,仄,ci.清.0003.pinyin.json 第1阕第14字 语料拼音 zhǎng,待裁定
ci.清.0003.pinyin.json#930,0,21,长,2,平,3,仄,ci.清.0003.pinyin.json 第1阕第22字 语料拼音 zhǎng,待裁定
ci.清.0003.pinyin.json#940,1,14,长,2,平,3,仄,ci.清.0003.pinyin.json 第2阕第15字 语料拼音 zhǎng,待裁定
ci.清.0003.pinyin.json#950,0,17,长,2,平,3,仄,ci.清.0003.pinyin.json 第1阕第18字 语料拼音 zhǎng,待裁定
ci.清.0003.pinyin.json#954,0,16,长,2,平,3,仄,ci.清.0003.pinyin.json 第1阕第17字 语料拼音 zhǎng,待裁定
ci.清.0003.pinyin.json#962,0,47,长,2,平,3,仄,ci.清.0003.pinyin.json 第1阕第48字 语料拼音 zhǎng,待裁定
ci.清.0003.pinyin.json#970,0,4,别,4,仄,2,平,ci.清.0003.pinyin.json 第1阕第5字 语料拼音 bié,待裁定
ci.清.0003.pinyin.json#972,1,7,甚,4,仄,2,平,ci.清.0003.pinyin.json 第2阕第8字 语料拼音 shén,待裁定
ci.清.0003.pinyin.json#974,0,9,别,4,仄,2,平,ci.清.0003.pinyin.json 第1阕第10字 语料拼音 bié,待裁定
ci.清.0003.pinyin.json#976,0,35,长,2,平,3,仄,ci.清.0003.pinyin.json 第1阕第36字 语料拼音 zhǎng,待裁定
ci.清.0003.pinyin.json#976,1,11,甚,4,仄,2,平,ci.清.0003.pinyin.json 第2阕第12字 语料拼音 shén,待裁定
ci.清.0003.pinyin.json#978,0,20,绝,4,仄,2,平,ci.清.0003.pinyin.json 第1阕第21字 语料拼音 jué,待裁定
ci.清.0003.pinyin.json#979,1,20,长,2,平,3,仄,ci.清.0003.pinyin.json 第2阕第21字 语料拼音 zhǎng,待裁定
ci.清.0003.pinyin.json#980,0,20,别,4,仄,2,平,ci.清.0003.pinyin.json 第1阕第21字 语料拼音 bié,待裁定
ci.清.0003.pinyin.json#993,0,46,甚,4,仄,2,平,ci.清.0003.pinyin.json 第1阕第47字 语料拼音 shén,待裁定
ci.清.0003.pinyin.json#997,0,37,甚,4,仄,2,平,ci.清.0003.pinyin.json 第1阕第38字 语料拼音 shén,待裁定
ci.清.0004.pinyin.json#4,1,19,甚,4,仄,2,平,ci.清.0004.pinyin.json 第2阕第20字 语料拼音 shén,待裁定
ci.清.0004.pinyin.json#20,0,42,长,2,平,3,仄,ci.清.0004.pinyin.json 第1阕第43字 语料拼音 zhǎng,待裁定
ci.清.0004.pinyin.json#20,1,33,甚,4,仄,2,平,ci.清.0004.pinyin.json 第2阕第34字 语料拼音 shén,待裁定
ci.清.0004.pinyin.json#21,0,7,别,4,仄,2,平,ci.清.0004.pinyin.json 第1阕第8字 语料拼音 bié,待裁定
ci.清.0004.pinyin.json#21,0,26,甚,4,仄,2,平,ci.清.0004.pinyin.json 第1阕第27字 语料拼音 shén,待裁定
ci.清.0004.pinyin.json#23,0,43,甚,4,仄,2,平,ci.清.0004.pinyin.json 第1阕第44字 语料拼音 shén,待裁定
ci.清.0004.pinyin.json#23,1,52,绝,4,仄,2,平,ci.清.0004.pinyin.json 第2阕第53字 语料拼音 jué,待裁定
ci.清.0004.pinyin.json#24,1,52,绝,4,仄,2,平,ci.清.0004.pinyin.json 第2阕第53字 语料拼音 jué,待裁定
ci.清.0004.pinyin.json#25,0,18,长,2,平,3,仄,ci.清.0004.pinyin.json 第1阕第19字 语料拼音 zhǎng,待裁定
ci.清.0004.pinyin.json#25,1,52,绝,4,仄,2,平,ci.清.0004.pinyin.json 第2阕第53字 语料拼音 jué,待裁定
ci.清.0004.pinyin.json#26,0,32,甚,4,仄,2,平,ci.清.0004.pinyin.json 第1阕第33字 语料拼音 shén,待裁定
ci.清.0004.pinyin.json#32,1,0,别,4,仄,2,平,ci.清.0004.pinyin.json 第2阕第1字 语料拼音 bié,待裁定
ci.清.0004.pinyin.json#39,0,17,长,2,平,3,仄,ci.清.0004.pinyin.json 第1阕第18字 语料拼音 zhǎng,待裁定
ci.清.0004.pinyin.json#41,1,26,别,4,仄,2,平,ci.清.0004.pinyin.json 第2阕第27字 语料拼音 bié,待裁定
ci.清.0004.pinyin.json#42,0,14,甚,4,仄,2,平,ci.清.0004.pinyin.json 第1阕第15字 语料拼音 shén,待裁定
ci.清.0004.pinyin.json#42,1,13,别,4,仄,2,平,ci.清.0004.pinyin.json 第2阕第14字 语料拼音 bié,待裁定
ci.清.0004.pinyin.json#45,0,55,长,2,平,3,仄,ci.清.0004.pinyin.json 第1阕第56字 语料拼音 zhǎng,待裁定
ci.清.0004.pinyin.json#46,0,11,甚,4,仄,2,平,ci.清.0004.pinyin.json 第1阕第12字 语料拼音 shén,待裁定
ci.清.0004.pinyin.json#54,0,13,长,2,平,3,仄,ci.清.0004.pinyin.json 第1阕第14字 语料拼音 zhǎng,待裁定
ci.清.0004.pinyin.json#54,1,1,长,2,平,3,仄,ci.清.0004.pinyin.json 第2阕第2字 语料拼音 zhǎng,待裁定
ci.清.0004.pinyin.json#59,0,35,绝,4,仄,2,平,ci.清.0004.pinyin.json 第1阕第36字 语料拼音 jué,待裁定
ci.清.0004.pinyin.json#61,0,38,甚,4,仄,2,平,ci.清.0004.pinyin.json 第1阕第39字 语料拼音 shén,待裁定
ci.清.0004.pinyin.json#61,0,41,别,4,仄,2,平,ci.清.0004.pinyin.json 第1阕第42字 语料拼音 bié,待裁定
ci.清.0004.pinyin.json#61,0,84,绝,4,仄,2,平,ci.清.0004.pinyin.json 第1阕第85字 语料拼音 jué,待裁定
ci.清.0004.pinyin.json#61,1,6,长,2,平,3,仄,ci.清.0004.pinyin.json 第2阕第7字 语料拼音 zhǎng,待裁定
ci.清.0004.pinyin.json#62,0,0,长,2,平,3,仄,ci.清.0004.pinyin.json 第1阕第1字 语料拼音 zhǎng,待裁定
ci.清.0004.pinyin.json#63,1,7,甚,4,仄,2,平,ci.清.0004.pinyin.json 第2阕第8字 语料拼音 shén,待裁定
ci.清.0004.pinyin.json#68,0,2,长,2,平,3,仄,ci.清.0004.pinyin.json 第1阕第3字 语料拼音 zhǎng,待裁定
ci.清.0004.pinyin.json#71,1,8,长,2,平,3,仄,ci.清.0004.pinyin.json 第2阕第9字 语料拼音 zhǎng,待裁定
ci.清.0004.pinyin.json#76,0,29,甚,4,仄,2,平,ci.清.0004.pinyin.json 第1阕第30字 语料拼音 shén,待裁定
ci.清.0004.pinyin.json#78,1,15,绝,4,仄,2,平,ci.清.0004.pinyin.json 第2阕第16字 语料拼音 jué,待裁定
ci.清.0004.pinyin.json#79,1,9,别,4,仄,2,平,ci.清.0004.pinyin.json 第2阕第10字 语料拼音 bié,待裁定
ci.清.0004.pinyin.json#83,1,6,甚,4,仄,2,平,ci.清.0004.pinyin.json 第2阕第7字 语料拼音 shén,待裁定
ci.清.0004.pinyin.json#86,0,20,甚,4,仄,2,平,ci.清.0004.pinyin.json 第1阕第21字 语料拼音 shén,待裁定
ci.清.0004.pinyin.json#87,1,22,别,4,仄,2,平,ci.清.0004.pinyin.json 第2阕第23字 语料拼音 bié,待裁定
ci.清.0004.pinyin.json#88,0,27,甚,4,仄,2,平,ci.清.0004.pinyin.json 第1阕第28字 语料拼音 shén,待裁定
ci.清.0004.pinyin.json#92,1,6,别,4,仄,2,平,ci.清.0004.pinyin.json 第2阕第7字 语料拼音 bié,待裁定
ci.清.0004.pinyin.json#92,1,10,别,4,仄,2,平,ci.清.0004.pinyin.json 第2阕第11字 语料拼音 bié,待裁定
ci.清.0004.pinyin.json#93,0,5,甚,4,仄,2,平,ci.清.0004.pinyin.json 第1阕第6字 语料拼音 shén,待裁定
ci.清.0004.pinyin.json#93,0,15,绝,4,仄,2,平,ci.清.0004.pinyin.json 第1阕第16字 语料拼音 jué,待裁定
ci.清.0004.pinyin.json#94,0,13,长,2,平,3,仄,ci.清.0004.pinyin.json 第1阕第14字 语料拼音 zhǎng,待裁定
ci.清.0004.pinyin.json#95,0,17,别,4,仄,2,平,ci.清.0004.pinyin.json 第1阕第18字 语料拼音 bié,待裁定
ci.清.0004.pinyin.json#96,1,25,甚,4,仄,2,平,ci.清.0004.pinyin.json 第2阕第26字 语料拼音 shén,待裁定
ci.清.0004.pinyin.json#98,3,12,甚,4,仄,2,平,ci.清.0004.pinyin.json 第4阕第13字 语料拼音 shén,待裁定
ci.清.0004.pinyin.json#104,0,19,别,4,仄,2,平,ci.清.0004.pinyin.json 第1阕第20字 语料拼音 bié,待裁定
ci.清.0004.pinyin.json#105,1,37,甚,4,仄,2,平,ci.清.0004.pinyin.json 第2阕第38字 语料拼音 shén,待裁定
ci.清.0004.pinyin.json#106,1,13,长,2,平,3,仄,ci.清.0004.pinyin.json 第2阕第14字 语料拼音 zhǎng,待裁定
ci.清.0004.pinyin.json#109,0,41,长,2,平,3,仄,ci.清.0004.pinyin.json 第1阕第42字 语料拼音 zhǎng,待裁定
ci.清.0004.pinyin.json#109,1,86,甚,4,仄,2,平,ci.清.0004.pinyin.json 第2阕第87字 语料拼音 shén,待裁定
ci.清.0004.pinyin.json#112,0,19,甚,4,仄,2,平,ci.清.0004.pinyin.json 第1阕第20字 语料拼音 shén,待裁定
ci.清.0004.pinyin.json#112,1,8,别,4,仄,2,平,ci.清.0004.pinyin.json 第2阕第9字 语料拼音 bié,待裁定
ci.清.0004.pinyin.json#112,1,40,绝,4,仄,2,平,ci.清.0004.pinyin.json 第2阕第41字 语料拼音 jué,待裁定
ci.清.0004.pinyin.json#115,0,43,甚,4,仄,2,平,ci.清.0004.pinyin.json 第1阕第44字 语料拼音 shén,待裁定
ci.清.0004.pinyin.json#116,0,31,甚,4,仄,2,平,ci.清.0004.pinyin.json 第1阕第32字 语料拼音 shén,待裁定
ci.清.0004.pinyin.json#116,1,51,长,2,平,3,仄,ci.清.0004.pinyin.json 第2阕第52字 语料拼音 zhǎng,待裁定
ci.清.0004.pinyin.json#122,0,2,甚,4,仄,2,平,ci.清.0004.pinyin.json 第1阕第3字 语料拼音 shén,待裁定
ci.清.0004.pinyin.json#129,1,17,绝,4,仄,2,平,ci.清.0004.pinyin.json 第2阕第18字 语料拼音 jué,待裁定
ci.清.0004.pinyin.json#129,1,20,长,2,平,3,仄,ci.清.0004.pinyin.json 第2阕第21字 语料拼音 zhǎng,待裁定
ci.清.0004.pinyin.json#135,1,6,别,4,仄,2,平,ci.清.0004.pinyin.json 第2阕第7字 语料拼音 bié,待裁定
ci.清.0004.pinyin.json#138,1,17,绝,4,仄,2,平,ci.清.0004.pinyin.json 第2阕第18字 语料拼音 jué,待裁定
ci.清.0004.pinyin.json#140,1,8,长,2,平,3,仄,ci.清.0004.pinyin.json 第2阕第9字 语料拼音 zhǎng,待裁定
ci.清.0004.pinyin.json#147,1,25,长,2,平,3,仄,ci.清.0004.pinyin.json 第2阕第26字 语料拼音 zhǎng,待裁定
ci.清.0004.pinyin.json#148,1,38,长,2,平,3,仄,ci.清.0004.pinyin.json 第2阕第39字 语料拼音 zhǎng,待裁定
ci.清.0004.pinyin.json#149,1,47,长,2,平,3,仄,ci.清.0004.pinyin.json 第2阕第48字 语料拼音 zhǎng,待裁定
ci.清.0004.pinyin.json#150,1,5,别,4,仄,2,平,ci.清.0004.pinyin.json 第2阕第6字 语料拼音 bié,待裁定
ci.清.0004.pinyin.json#151,1,16,别,4,仄,2,平,ci.清.0004.pinyin.json 第2阕第17字 语料拼音 bié,待裁定
ci.清.0004.pinyin.json#153,0,12,长,2,平,3,仄,ci.清.0004.pinyin.json 第1阕第13字 语料拼音 zhǎng,待裁定
ci.清.0004.pinyin.json#155,0,41,长,2,平,3,仄,ci.清.0004.pinyin.json 第1阕第42字 语料拼音 zhǎng,待裁定
ci.清.0004.pinyin.json#155,1,14,甚,4,仄,2,平,ci.清.0004.pinyin.json 第2阕第15字 语料拼音 shén,待裁定
ci.清.0004.pinyin.json#155,1,36,长,2,平,3,仄,ci.清.0004.pinyin.json 第2阕第37字 语料拼音 zhǎng,待裁定
ci.清.0004.pinyin.json#157,0,41,别,4,仄,2,平,ci.清.0004.pinyin.json 第1阕第42字 语料拼音 bié,待裁定
ci.清.0004.pinyin.json#157,1,2,别,4,仄,2,平,ci.清.0004.pinyin.json 第2阕第3字 语料拼音 bié,待裁定
ci.清.0004.pinyin.json#158,1,18,别,4,仄,2,平,ci.清.0004.pinyin.json 第2阕第19字 语料拼音 bié,待裁定
ci.清.0004.pinyin.json#160,1,9,长,2,平,3,仄,ci.清.0004.pinyin.json 第2阕第10字 语料拼音 zhǎng,待裁定
ci.清.0004.pinyin.json#161,1,27,绝,4,仄,2,平,ci.清.0004.pinyin.json 第2阕第28字 语料拼音 jué,待裁定
ci.清.0004.pinyin.json#165,1,40,长,2,平,3,仄,ci.清.0004.pinyin.json 第2阕第41字 语料拼音 zhǎng,待裁定
ci.清.0004.pinyin.json#168,0,10,绝,4,仄,2,平,ci.清.0004.pinyin.json 第1阕第11字 语料拼音 jué,待裁定
ci.清.0004.pinyin.json#170,0,30,别,4,仄,2,平,ci.清.0004.pinyin.json 第1阕第31字 语料拼音 bié,待裁定
ci.清.0004.pinyin.json#171,1,0,长,2,平,3,仄,ci.清.0004.pinyin.json 第2阕第1字 语料拼音 zhǎng,待裁定
ci.清.0004.pinyin.json#181,0,17,绝,4,仄,2,平,ci.清.0004.pinyin.json 第1阕第18字 语料拼音 jué,待裁定
ci.清.0004.pinyin.json#181,0,44,长,2,平,3,仄,ci.清.0004.pinyin.json 第1阕第45字 语料拼音 zhǎng,待裁定
ci.清.0004.pinyin.json#188,1,4,绝,4,仄,2,平,ci.清.0004.pinyin.json 第2阕第5字 语料拼音 jué,待裁定
ci.清.0004.pinyin.json#190,0,9,长,2,平,3,仄,ci.清.0004.pinyin.json 第1阕第10字 语料拼音 zhǎng,待裁定
ci.清.0004.pinyin.json#191,1,2,别,4,仄,2,平,ci.清.0004.pinyin.json 第2阕第3字 语料拼音 bié,待裁定
ci.清.0004.pinyin.json#195,1,10,长,2,平,3,仄,ci.清.0004.pinyin.json 第2阕第11字 语料拼音 zhǎng,待裁定
ci.清.0004.pinyin.json#201,1,26,长,2,平,3,仄,ci.清.0004.pinyin.json 第2阕第27字 语料拼音 zhǎng,待裁定
ci.清.0004.pinyin.json#201,1,27,别,4,仄,2,平,ci.清.0004.pinyin.json 第2阕第28字 语料拼音 bié,待裁定
ci.清.0004.pinyin.json#201,1,50,绝,4,仄,2,平,ci.清.0004.pinyin.json 第2阕第51字 语料拼音 jué,待裁定
ci.清.0004.pinyin.json#202,0,24,绝,4,仄,2,平,ci.清.0004.pinyin.json 第1阕第25字 语料拼音 jué,待裁定
ci.清.0004.pinyin.json#204,0,21,别,4,仄,2,平,ci.清.0004.pinyin.json 第1阕第22字 语料拼音 bié,待裁定
ci.清.0004.pinyin.json#207,0,39,长,2,平,3,仄,ci.清.0004.pinyin.json 第1阕第40字 语料拼音 zhǎng,待裁定
ci.清.0004.pinyin.json#207,1,35,长,2,平,3,仄,ci.清.0004.pinyin.json 第2阕第36字 语料拼音 zhǎng,待裁定
ci.清.0004.pinyin.json#208,0,4,甚,4,仄,2,平,ci.清.0004.pinyin.json 第1阕第5字 语料拼音 shén,待裁定
ci.清.0004.pinyin.json#213,0,3,绝,4,仄,2,平,ci.清.0004.pinyin.json 第1阕第4字 语料拼音 jué,待裁定
ci.清.0004.pinyin.json#213,1,10,别,4,仄,2,平,ci.清.0004.pinyin.json 第2阕第11字 语料拼音 bié,待裁定
ci.清.0004.pinyin.json#216,0,30,绝,4,仄,2,平,ci.清.0004.pinyin.json 第1阕第31字 语料拼音 jué,待裁定
ci.清.0004.pinyin.json#222,1,35,绝,4,仄,2,平,ci.清.0004.pinyin.json 第2阕第36字 语料拼音 jué,待裁定
ci.清.0004.pinyin.json#228,0,13,绝,4,仄,2,平,ci.清.0004.pinyin.json 第1阕第14字 语料拼音 jué,待裁定
ci.清.0004.pinyin.json#228,0,35,长,2,平,3,仄,ci.清.0004.pinyin.json 第1阕第36字 语料拼音 zhǎng,待裁定
ci.清.0004.pinyin.json#231,1,19,别,4,仄,2,平,ci.清.0004.pinyin.json 第2阕第20字 语料拼音 bié,待裁定
ci.清.0004.pinyin.json#232,0,3,长,2,平,3,仄,ci.清.0004.pinyin.json 第1阕第4字 语料拼音 zhǎng,待裁定
ci.清.0004.pinyin.json#233,0,23,别,4,仄,2,平,ci.清.0004.pinyin.json 第1阕第24字 语料拼音 bié,待裁定
ci.清.0004.pinyin.json#237,1,54,别,4,仄,2,平,ci.清.0004.pinyin.json 第2阕第55字 语料拼音 bié,待裁定
ci.清.0004.pinyin.json#241,0,46,绝,4,仄,2,平,ci.清.0004.pinyin.json 第1阕第47字 语料拼音 jué,待裁定
ci.清.0004.pinyin.json#255,0,29,绝,4,仄,2,平,ci.清.0004.pinyin.json 第1阕第30字 语料拼音 jué,待裁定
ci.清.0004.pinyin.json#255,1,15,别,4,仄,2,平,ci.清.0004.pinyin.json 第2阕第16字 语料拼音 bié,待裁定
ci.清.0004.pinyin.json#257,0,2,别,4,仄,2,平,ci.清.0004.pinyin.json 第1阕第3字 语料拼音 bié,待裁定
ci.清.0004.pinyin.json#257,1,7,长,2,平,3,仄,ci.清.0004.pinyin.json 第2阕第8字 语料拼音 zhǎng,待裁定
ci.清.0004.pinyin.json#261,1,11,别,4,仄,2,平,ci.清.0004.pinyin.json 第2阕第12字 语料拼音 bié,待裁定
ci.清.0004.pinyin.json#265,1,45,绝,4,仄,2,平,ci.清.0004.pinyin.json 第2阕第46字 语料拼音 jué,待裁定
ci.清.0004.pinyin.json#274,1,14,长,2,平,3,仄,ci.清.0004.pinyin.json 第2阕第15字 语料拼音 zhǎng,待裁定
ci.清.0004.pinyin.json#283,1,1,绝,4,仄,2,平,ci.清.0004.pinyin.json 第2阕第2字 语料拼音 jué,待裁定
ci.清.0004.pinyin.json#286,1,3,长,2,平,3,仄,ci.清.0004.pinyin.json 第2阕第4字 语料拼音 zhǎng,待裁定
ci.清.0004.pinyin.json#289,0,31,甚,4,仄,2,平,ci.清.0004.pinyin.json 第1阕第32字 语料拼音 shén,待裁定
ci.清.0004.pinyin.json#293,1,30,甚,4,仄,2,平,ci.清.0004.pinyin.json 第2阕第31字 语料拼音 shén,待裁定
ci.清.0004.pinyin.json#295,0,4,甚,4,仄,2,平,ci.清.0004.pinyin.json 第1阕第5字 语料拼音 shén,待裁定
ci.清.0004.pinyin.json#296,1,5,长,2,平,3,仄,ci.清.0004.pinyin.json 第2阕第6字 语料拼音 zhǎng,待裁定
ci.清.0004.pinyin.json#300,1,4,长,2,平,3,仄,ci.清.0004.pinyin.json 第2阕第5字 语料拼音 zhǎng,待裁定
ci.清.0004.pinyin.json#302,1,45,长,2,平,3,仄,ci.清.0004.pinyin.json 第2阕第46字 语料拼音 zhǎng,待裁定
ci.清.0004.pinyin.json#315,0,3,长,2,平,3,仄,ci.清.0004.pinyin.json 第1阕第4字 语料拼音 zhǎng,待裁定
ci.清.0004.pinyin.json#316,3,7,长,2,平,3,仄,ci.清.0004.pinyin.json 第4阕第8字 语料拼音 zhǎng,待裁定
ci.清.0004.pinyin.json#317,1,12,长,2,平,3,仄,ci.清.0004.pinyin.json 第2阕第13字 语料拼音 zhǎng,待裁定
ci.清.0004.pinyin.json#317,1,25,长,2,平,3,仄,ci.清.0004.pinyin.json 第2阕第26字 语料拼音 zhǎng,待裁定
ci.清.0004.pinyin.json#321,1,20,绝,4,仄,2,平,ci.清.0004.pinyin.json 第2阕第21字 语料拼音 jué,待裁定
ci.清.0004.pinyin.json#321,1,27,长,2,平,3,仄,ci.清.0004.pinyin.json 第2阕第28字 语料拼音 zhǎng,待裁定
ci.清.0004.pinyin.json#322,0,45,长,2,平,3,仄,ci.清.0004.pinyin.json 第1阕第46字 语料拼音 zhǎng,待裁定
ci.清.0004.pinyin.json#322,1,38,别,4,仄,2,平,ci.清.0004.pinyin.json 第2阕第39字 语料拼音 bié,待裁定
ci.清.0004.pinyin.json#323,0,14,甚,4,仄,2,平,ci.清.0004.pinyin.json 第1阕第15字 语料拼音 shén,待裁定
ci.清.0004.pinyin.json#324,1,36,甚,4,仄,2,平,ci.清.0004.pinyin.json 第2阕第37字 语料拼音 shén,待裁定
ci.清.0004.pinyin.json#326,1,23,别,4,仄,2,平,ci.清.0004.pinyin.json 第2阕第24字 语料拼音 bié,待裁定
ci.清.0004.pinyin.json#328,1,7,长,2,平,3,仄,ci.清.0004.pinyin.json 第2阕第8字 语料拼音 zhǎng,待裁定
ci.清.0004.pinyin.json#334,1,49,别,4,仄,2,平,ci.清.0004.pinyin.json 第2阕第50字 语料拼音 bié,待裁定
ci.清.0004.pinyin.json#337,0,22,绝,4,仄,2,平,ci.清.0004.pinyin.json 第1阕第23字 语料拼音 jué,待裁定
ci.清.0004.pinyin.json#346,1,21,甚,4,仄,2,平,ci.清.0004.pinyin.json 第2阕第22字 语料拼音 shén,待裁定
ci.清.0004.pinyin.json#348,0,10,别,4,仄,2,平,ci.清.0004.pinyin.json 第1阕第11字 语料拼音 bié,待裁定
ci.清.0004.pinyin.json#348,1,31,长,2,平,3,仄,ci.清.0004.pinyin.json 第2阕第32字 语料拼音 zhǎng,待裁定
ci.清.0004.pinyin.json#352,1,0,长,2,平,3,仄,ci.清.0004.pinyin.json 第2阕第1字 语料拼音 zhǎng,待裁定
ci.清.0004.pinyin.json#355,0,26,长,2,平,3,仄,ci.清.0004.pinyin.json 第1阕第27字 语料拼音 zhǎng,待裁定
ci.清.0004.pinyin.json#357,0,45,甚,4,仄,2,平,ci.清.0004.pinyin.json 第1阕第46字 语料拼音 shén,待裁定
ci.清.0004.pinyin.json#359,0,10,绝,4,仄,2,平,ci.清.0004.pinyin.json 第1阕第11字 语料拼音 jué,待裁定
ci.清.0004.pinyin.json#362,0,36,别,4,仄,2,平,ci.清.0004.pinyin.json 第1阕第37字 语料拼音 bié,待裁定
ci.清.0004.pinyin.json#364,0,7,别,4,仄,2,平,ci.清.0004.pinyin.json 第1阕第8字 语料拼音 bié,待裁定
ci.清.0004.pinyin.json#366,0,5,长,2,平,3,仄,ci.清.0004.pinyin.json 第1阕第6字 语料拼音 zhǎng,待裁定
ci.清.0004.pinyin.json#368,0,16,别,4,仄,2,平,ci.清.0004.pinyin.json 第1阕第17字 语料拼音 bié,待裁定
ci.清.0004.pinyin.json#369,0,46,长,2,平,3,仄,ci.清.0004.pinyin.json 第1阕第47字 语料拼音 zhǎng,待裁定
ci.清.0004.pinyin.json#372,0,24,别,4,仄,2,平,ci.清.0004.pinyin.json 第1阕第25字 语料拼音 bié,待裁定
ci.清.0004.pinyin.json#373,0,26,别,4,仄,2,平,ci.清.0004.pinyin.json 第1阕第27字 语料拼音 bié,待裁定
ci.清.0004.pinyin.json#375,1,22,长,2,平,3,仄,ci.清.0004.pinyin.json 第2阕第23字 语料拼音 zhǎng,待裁定
ci.清.0004.pinyin.json#386,1,2,长,2,平,3,仄,ci.清.0004.pinyin.json 第2阕第3字 语料拼音 zhǎng,待裁定
ci.清.0004.pinyin.json#389,0,7,长,2,平,3,仄,ci.清.0004.pinyin.json 第1阕第8字 语料拼音 zhǎng,待裁定
ci.清.0004.pinyin.json#390,1,47,长,2,平,3,仄,ci.清.0004.pinyin.json 第2阕第48字 语料拼音 zhǎng,待裁定
ci.清.0004.pinyin.json#393,1,22,别,4,仄,2,平,ci.清.0004.pinyin.json 第2阕第23字 语料拼音 bié,待裁定
ci.清.0004.pinyin.json#397,1,20,长,2,平,3,仄,ci.清.0004.pinyin.json 第2阕第21字 语料拼音 zhǎng,待裁定
ci.清.0004.pinyin.json#399,0,28,长,2,平,3,仄,ci.清.0004.pinyin.json 第1阕第29字 语料拼音 zhǎng,待裁定
ci.清.0004.pinyin.json#402,0,0,绝,4,仄,2,平,ci.清.0004.pinyin.json 第1阕第1字 语料拼音 jué,待裁定
ci.清.0004.pinyin.json#403,0,11,长,2,平,3,仄,ci.清.0004.pinyin.json 第1阕第12字 语料拼音 zhǎng,待裁定
ci.清.0004.pinyin.json#405,0,2,绝,4,仄,2,平,ci.清.0004.pinyin.json 第1阕第3字 语料拼音 jué,待裁定
ci.清.0004.pinyin.json#416,1,3,长,2,平,3,仄,ci.清.0004.pinyin.json 第2阕第4字 语料拼音 zhǎng,待裁定
ci.清.0004.pinyin.json#416,4,0,长,2,平,3,仄,ci.清.0004.pinyin.json 第5阕第1字 语料拼音 zhǎng,待裁定
ci.清.0004.pinyin.json#420,0,8,别,4,仄,2,平,ci.清.0004.pinyin.json 第1阕第9字 语料拼音 bié,待裁定
ci.清.0004.pinyin.json#421,0,2,长,2,平,3,仄,ci.清.0004.pinyin.json 第1阕第3字 语料拼音 zhǎng,待裁定
ci.清.0004.pinyin.json#423,1,46,长,2,平,3,仄,ci.清.0004.pinyin.json 第2阕第47字 语料拼音 zhǎng,待裁定
ci.清.0004.pinyin.json#425,0,1,长,2,平,3,仄,ci.清.0004.pinyin.json 第1阕第2字 语料拼音 zhǎng,待裁定
ci.清.0004.pinyin.json#425,1,20,长,2,平,3,仄,ci.清.0004.pinyin.json 第2阕第21字 语料拼音 zhǎng,待裁定
ci.清.0004.pinyin.json#426,1,9,别,4,仄,2,平,ci.清.0004.pinyin.json 第2阕第10字 语料拼音 bié,待裁定
ci.清.0004.pinyin.json#429,0,19,长,2,平,3,仄,ci.清.0004.pinyin.json 第1阕第20字 语料拼音 zhǎng,待裁定
ci.清.0004.pinyin.json#431,1,32,甚,4,仄,2,平,ci.清.0004.pinyin.json 第2阕第33字 语料拼音 shén,待裁定
ci.清.0004.pinyin.json#432,0,0,甚,4,仄,2,平,ci.清.0004.pinyin.json 第1阕第1字 语料拼音 shén,待裁定
ci.清.0004.pinyin.json#435,0,12,绝,4,仄,2,平,ci.清.0004.pinyin.json 第1阕第13字 语料拼音 jué,待裁定
ci.清.0004.pinyin.json#435,0,28,别,4,仄,2,平,ci.清.0004.pinyin.json 第1阕第29字 语料拼音 bié,待裁定
ci.清.0004.pinyin.json#437,0,9,长,2,平,3,仄,ci.清.0004.pinyin.json 第1阕第10字 语料拼音 zhǎng,待裁定
ci.清.0004.pinyin.json#438,1,44,甚,4,仄,2,平,ci.清.0004.pinyin.json 第2阕第45字 语料拼音 shén,待裁定
ci.清.0004.pinyin.json#439,0,53,别,4,仄,2,平,ci.清.0004.pinyin.json 第1阕第54字 语料拼音 bié,待裁定
ci.清.0004.pinyin.json#445,0,19,绝,4,仄,2,平,ci.清.0004.pinyin.json 第1阕第20字 语料拼音 jué,待裁定
ci.清.0004.pinyin.json#447,1,9,别,4,仄,2,平,ci.清.0004.pinyin.json 第2阕第10字 语料拼音 bié,待裁定
ci.清.0004.pinyin.json#449,1,1,甚,4,仄,2,平,ci.清.0004.pinyin.json 第2阕第2字 语料拼音 shén,待裁定
ci.清.0004.pinyin.json#449,1,2,别,4,仄,2,平,ci.清.0004.pinyin.json 第2阕第3字 语料拼音 bié,待裁定
ci.清.0004.pinyin.json#450,0,17,长,2,平,3,仄,ci.清.0004.pinyin.json 第1阕第18字 语料拼音 zhǎng,待裁定
ci.清.0004.pinyin.json#453,0,0,长,2,平,3,仄,ci.清.0004.pinyin.json 第1阕第1字 语料拼音 zhǎng,待裁定
ci.清.0004.pinyin.json#456,1,16,长,2,平,3,仄,ci.清.0004.pinyin.json 第2阕第17字 语料拼音 zhǎng,待裁定
ci.清.0004.pinyin.json#459,1,58,别,4,仄,2,平,ci.清.0004.pinyin.json 第2阕第59字 语料拼音 bié,待裁定
ci.清.0004.pinyin.json#460,0,43,别,4,仄,2,平,ci.清.0004.pinyin.json 第1阕第44字 语料拼音 bié,待裁定
ci.清.0004.pinyin.json#461,0,11,绝,4,仄,2,平,ci.清.0004.pinyin.json 第1阕第12字 语料拼音 jué,待裁定
ci.清.0004.pinyin.json#463,0,23,别,4,仄,2,平,ci.清.0004.pinyin.json 第1阕第24字 语料拼音 bié,待裁定
ci.清.0004.pinyin.json#466,1,42,长,2,平,3,仄,ci.清.0004.pinyin.json 第2阕第43字 语料拼音 zhǎng,待裁定
ci.清.0004.pinyin.json#468,0,23,长,2,平,3,仄,ci.清.0004.pinyin.json 第1阕第24字 语料拼音 zhǎng,待裁定
ci.清.0004.pinyin.json#470,0,36,别,4,仄,2,平,ci.清.0004.pinyin.json 第1阕第37字 语料拼音 bié,待裁定
ci.清.0004.pinyin.json#472,0,3,长,2,平,3,仄,ci.清.0004.pinyin.json 第1阕第4字 语料拼音 zhǎng,待裁定
ci.清.0004.pinyin.json#472,1,14,甚,4,仄,2,平,ci.清.0004.pinyin.json 第2阕第15字 语料拼音 shén,待裁定
ci.清.0004.pinyin.json#473,0,18,别,4,仄,2,平,ci.清.0004.pinyin.json 第1阕第19字 语料拼音 bié,待裁定
ci.清.0004.pinyin.json#474,1,24,长,2,平,3,仄,ci.清.0004.pinyin.json 第2阕第25字 语料拼音 zhǎng,待裁定
ci.清.0004.pinyin.json#477,0,5,别,4,仄,2,平,ci.清.0004.pinyin.json 第1阕第6字 语料拼音 bié,待裁定
ci.清.0004.pinyin.json#477,0,8,长,2,平,3,仄,ci.清.0004.pinyin.json 第1阕第9字 语料拼音 zhǎng,待裁定
ci.清.0004.pinyin.json#480,0,13,长,2,平,3,仄,ci.清.0004.pinyin.json 第1阕第14字 语料拼音 zhǎng,待裁定
ci.清.0004.pinyin.json#490,1,4,别,4,仄,2,平,ci.清.0004.pinyin.json 第2阕第5字 语料拼音 bié,待裁定
ci.清.0004.pinyin.json#493,1,46,别,4,仄,2,平,ci.清.0004.pinyin.json 第2阕第47字 语料拼音 bié,待裁定
ci.清.0004.pinyin.json#494,0,0,甚,4,仄,2,平,ci.清.0004.pinyin.json 第1阕第1字 语料拼音 shén,待裁定
ci.清.0004.pinyin.json#494,1,51,别,4,仄,2,平,ci.清.0004.pinyin.json 第2阕第52字 语料拼音 bié,待裁定
ci.清.0004.pinyin.json#495,1,18,长,2,平,3,仄,ci.清.0004.pinyin.json 第2阕第19字 语料拼音 zhǎng,待裁定
ci.清.0004.pinyin.json#495,1,21,甚,4,仄,2,平,ci.清.0004.pinyin.json 第2阕第22字 语料拼音 shén,待裁定
ci.清.0004.pinyin.json#496,0,13,别,4,仄,2,平,ci.清.0004.pinyin.json 第1阕第14字 语料拼音 bié,待裁定
ci.清.0004.pinyin.json#497,1,29,绝,4,仄,2,平,ci.清.0004.pinyin.json 第2阕第30字 语料拼音 jué,待裁定
ci.清.0004.pinyin.json#499,1,6,别,4,仄,2,平,ci.清.0004.pinyin.json 第2阕第7字 语料拼音 bié,待裁定
ci.清.0004.pinyin.json#503,1,5,别,4,仄,2,平,ci.清.0004.pinyin.json 第2阕第6字 语料拼音 bié,待裁定
ci.清.0004.pinyin.json#505,0,11,绝,4,仄,2,平,ci.清.0004.pinyin.json 第1阕第12字 语料拼音 jué,待裁定
ci.清.0004.pinyin.json#507,1,6,长,2,平,3,仄,ci.清.0004.pinyin.json 第2阕第7字 语料拼音 zhǎng,待裁定
ci.清.0004.pinyin.json#511,1,38,长,2,平,3,仄,ci.清.0004.pinyin.json 第2阕第39字 语料拼音 zhǎng,待裁定
ci.清.0004.pinyin.json#512,1,31,绝,4,仄,2,平,ci.清.0004.pinyin.json 第2阕第32字 语料拼音 jué,待裁定
ci.清.0004.pinyin.json#513,0,32,绝,4,仄,2,平,ci.清.0004.pinyin.json 第1阕第33字 语料拼音 jué,待裁定
ci.清.0004.pinyin.json#514,1,0,长,2,平,3,仄,ci.清.0004.pinyin.json 第2阕第1字 语料拼音 zhǎng,待裁定
ci.清.0004.pinyin.json#517,1,17,别,4,仄,2,平,ci.清.0004.pinyin.json 第2阕第18字 语料拼音 bié,待裁定
ci.清.0004.pinyin.json#521,0,7,别,4,仄,2,平,ci.清.0004.pinyin.json 第1阕第8字 语料拼音 bié,待裁定
ci.清.0004.pinyin.json#522,0,3,绝,4,仄,2,平,ci.清.0004.pinyin.json 第1阕第4字 语料拼音 jué,待裁定
ci.清.0004.pinyin.json#522,1,0,长,2,平,3,仄,ci.清.0004.pinyin.json 第2阕第1字 语料拼音 zhǎng,待裁定
ci.清.0004.pinyin.json#523,0,31,甚,4,仄,2,平,ci.清.0004.pinyin.json 第1阕第32字 语料拼音 shén,待裁定
ci.清.0004.pinyin.json#524,1,35,甚,4,仄,2,平,ci.清.0004.pinyin.json 第2阕第36字 语料拼音 shén,待裁定
ci.清.0004.pinyin.json#525,1,33,甚,4,仄,2,平,ci.清.0004.pinyin.json 第2阕第34字 语料拼音 shén,待裁定
ci.清.0004.pinyin.json#526,1,25,别,4,仄,2,平,ci.清.0004.pinyin.json 第2阕第26字 语料拼音 bié,待裁定
ci.清.0004.pinyin.json#527,0,4,长,2,平,3,仄,ci.清.0004.pinyin.json 第1阕第5字 语料拼音 zhǎng,待裁定
ci.清.0004.pinyin.json#527,0,19,甚,4,仄,2,平,ci.清.0004.pinyin.json 第1阕第20字 语料拼音 shén,待裁定
ci.清.0004.pinyin.json#529,1,2,甚,4,仄,2,平,ci.清.0004.pinyin.json 第2阕第3字 语料拼音 shén,待裁定
ci.清.0004.pinyin.json#531,0,34,甚,4,仄,2,平,ci.清.0004.pinyin.json 第1阕第35字 语料拼音 shén,待裁定
ci.清.0004.pinyin.json#531,1,44,长,2,平,3,仄,ci.清.0004.pinyin.json 第2阕第45字 语料拼音 zhǎng,待裁定
ci.清.0004.pinyin.json#538,1,30,长,2,平,3,仄,ci.清.0004.pinyin.json 第2阕第31字 语料拼音 zhǎng,待裁定
ci.清.0004.pinyin.json#539,0,27,长,2,平,3,仄,ci.清.0004.pinyin.json 第1阕第28字 语料拼音 zhǎng,待裁定
ci.清.0004.pinyin.json#549,0,8,长,2,平,3,仄,ci.清.0004.pinyin.json 第1阕第9字 语料拼音 zhǎng,待裁定
ci.清.0004.pinyin.json#551,0,21,别,4,仄,2,平,ci.清.0004.pinyin.json 第1阕第22字 语料拼音 bié,待裁定
ci.清.0004.pinyin.json#551,1,19,长,2,平,3,仄,ci.清.0004.pinyin.json 第2阕第20字 语料拼音 zhǎng,待裁定
ci.清.0004.pinyin.json#551,1,43,长,2,平,3,仄,ci.清.0004.pinyin.json 第2阕第44字 语料拼音 zhǎng,待裁定
ci.清.0004.pinyin.json#556,0,16,长,2,平,3,仄,ci.清.0004.pinyin.json 第1阕第17字 语料拼音 zhǎng,待裁定
ci.清.0004.pinyin.json#562,1,52,绝,4,仄,2,平,ci.清.0004.pinyin.json 第2阕第53字 语料拼音 jué,待裁定
ci.清.0004.pinyin.json#565,1,37,长,2,平,3,仄,ci.清.0004.pinyin.json 第2阕第38字 语料拼音 zhǎng,待裁定
ci.清.0004.pinyin.json#572,0,2,长,2,平,3,仄,ci.清.0004.pinyin.json 第1阕第3字 语料拼音 zhǎng,待裁定
ci.清.0004.pinyin.json#572,1,17,别,4,仄,2,平,ci.清.0004.pinyin.json 第2阕第18字 语料拼音 bié,待裁定
ci.清.0004.pinyin.json#573,0,28,长,2,平,3,仄,ci.清.0004.pinyin.json 第1阕第29字 语料拼音 zhǎng,待裁定
ci.清.0004.pinyin.json#574,1,36,长,2,平,3,仄,ci.清.0004.pinyin.json 第2阕第37字 语料拼音 zhǎng,待裁定
ci.清.0004.pinyin.json#588,0,36,甚,4,仄,2,平,ci.清.0004.pinyin.json 第1阕第37字 语料拼音 shén,待裁定
ci.清.0004.pinyin.json#588,1,34,绝,4,仄,2,平,ci.清.0004.pinyin.json 第2阕第35字 语料拼音 jué,待裁定
ci.清.0004.pinyin.json#591,1,25,长,2,平,3,仄,ci.清.0004.pinyin.json 第2阕第26字 语料拼音 zhǎng,待裁定
ci.清.0004.pinyin.json#591,1,28,长,2,平,3,仄,ci.清.0004.pinyin.json 第2阕第29字 语料拼音 zhǎng,待裁定
ci.清.0004.pinyin.json#602,1,28,长,2,平,3,仄,ci.清.0004.pinyin.json 第2阕第29字 语料拼音 zhǎng,待裁定
ci.清.0004.pinyin.json#603,1,48,甚,4,仄,2,平,ci.清.0004.pinyin.json 第2阕第49字 语料拼音 shén,待裁定
ci.清.0004.pinyin.json#605,1,20,绝,4,仄,2,平,ci.清.0004.pinyin.json 第2阕第21字 语料拼音 jué,待裁定
ci.清.0004.pinyin.json#612,1,11,长,2,平,3,仄,ci.清.0004.pinyin.json 第2阕第12字 语料拼音 zhǎng,待裁定
ci.清.0004.pinyin.json#614,1,14,甚,4,仄,2,平,ci.清.0004.pinyin.json 第2阕第15字 语料拼音 shén,待裁定
ci.清.0004.pinyin.json#621,1,13,长,2,平,3,仄,ci.清.0004.pinyin.json 第2阕第14字 语料拼音 zhǎng,待裁定
ci.清.0004.pinyin.json#626,2,22,别,4,仄,2,平,ci.清.0004.pinyin.json 第3阕第23字 语料拼音 bié,待裁定
ci.清.0004.pinyin.json#627,1,6,别,4,仄,2,平,ci.清.0004.pinyin.json 第2阕第7字 语料拼音 bié,待裁定
ci.清.0004.pinyin.json#627,3,11,长,2,平,3,仄,ci.清.0004.pinyin.json 第4阕第12字 语料拼音 zhǎng,待裁定
ci.清.0004.pinyin.json#628,1,16,甚,4,仄,2,平,ci.清.0004.pinyin.json 第2阕第17字 语料拼音 shén,待裁定
ci.清.0004.pinyin.json#632,0,53,绝,4,仄,2,平,ci.清.0004.pinyin.json 第1阕第54字 语料拼音 jué,待裁定
ci.清.0004.pinyin.json#632,1,2,长,2,平,3,仄,ci.清.0004.pinyin.json 第2阕第3字 语料拼音 zhǎng,待裁定
ci.清.0004.pinyin.json#635,1,22,别,4,仄,2,平,ci.清.0004.pinyin.json 第2阕第23字 语料拼音 bié,待裁定
ci.清.0004.pinyin.json#635,1,49,长,2,平,3,仄,ci.清.0004.pinyin.json 第2阕第50字 语料拼音 zhǎng,待裁定
ci.清.0004.pinyin.json#637,1,38,长,2,平,3,仄,ci.清.0004.pinyin.json 第2阕第39字 语料拼音 zhǎng,待裁定
ci.清.0004.pinyin.json#640,1,26,长,2,平,3,仄,ci.清.0004.pinyin.json 第2阕第27字 语料拼音 zhǎng,待裁定
ci.清.0004.pinyin.json#641,1,5,别,4,仄,2,平,ci.清.0004.pinyin.json 第2阕第6字 语料拼音 bié,待裁定
ci.清.0004.pinyin.json#644,1,37,长,2,平,3,仄,ci.清.0004.pinyin.json 第2阕第38字 语料拼音 zhǎng,待裁定
ci.清.0004.pinyin.json#646,0,10,绝,4,仄,2,平,ci.清.0004.pinyin.json 第1阕第11字 语料拼音 jué,待裁定
ci.清.0004.pinyin.json#646,1,3,长,2,平,3,仄,ci.清.0004.pinyin.json 第2阕第4字 语料拼音 zhǎng,待裁定
ci.清.0004.pinyin.json#654,1,20,长,2,平,3,仄,ci.清.0004.pinyin.json 第2阕第21字 语料拼音 zhǎng,待裁定
ci.清.0004.pinyin.json#656,0,3,长,2,平,3,仄,ci.清.0004.pinyin.json 第1阕第4字 语料拼音 zhǎng,待裁定
ci.清.0004.pinyin.json#659,1,16,长,2,平,3,仄,ci.清.0004.pinyin.json 第2阕第17字 语料拼音 zhǎng,待裁定
ci.清.0004.pinyin.json#660,1,27,长,2,平,3,仄,ci.清.0004.pinyin.json 第2阕第28字 语料拼音 zhǎng,待裁定
ci.清.0004.pinyin.json#665,1,29,绝,4,仄,2,平,ci.清.0004.pinyin.json 第2阕第30字 语料拼音 jué,待裁定
ci.清.0004.pinyin.json#668,0,45,长,2,平,3,仄,ci.清.0004.pinyin.json 第1阕第46字 语料拼音 zhǎng,待裁定
ci.清.0004.pinyin.json#683,0,48,甚,4,仄,2,平,ci.清.0004.pinyin.json 第1阕第49字 语料拼音 shén,待裁定
ci.清.0004.pinyin.json#684,1,7,长,2,平,3,仄,ci.清.0004.pinyin.json 第2阕第8字 语料拼音 zhǎng,待裁定
ci.清.0004.pinyin.json#686,0,47,长,2,平,3,仄,ci.清.0004.pinyin.json 第1阕第48字 语料拼音 zhǎng,待裁定
ci.清.0004.pinyin.json#688,0,11,别,4,仄,2,平,ci.清.0004.pinyin.json 第1阕第12字 语料拼音 bié,待裁定
ci.清.0004.pinyin.json#692,1,32,别,4,仄,2,平,ci.清.0004.pinyin.json 第2阕第33字 语料拼音 bié,待裁定
ci.清.0004.pinyin.json#698,1,24,绝,4,仄,2,平,ci.清.0004.pinyin.json 第2阕第25字 语料拼音 jué,待裁定
ci.清.0004.pinyin.json#699,1,7,长,2,平,3,仄,ci.清.0004.pinyin.json 第2阕第8字 语料拼音 zhǎng,待裁定
ci.清.0004.pinyin.json#701,1,9,长,2,平,3,仄,ci.清.0004.pinyin.json 第2阕第10字 语料拼音 zhǎng,待裁定
ci.清.0004.pinyin.json#707,1,24,长,2,平,3,仄,ci.清.0004.pinyin.json 第2阕第25字 语料拼音 zhǎng,待裁定
ci.清.0004.pinyin.json#710,1,43,绝,4,仄,2,平,ci.清.0004.pinyin.json 第2阕第44字 语料拼音 jué,待裁定
ci.清.0004.pinyin.json#718,1,21,绝,4,仄,2,平,ci.清.0004.pinyin.json 第2阕第22字 语料拼音 jué,待裁定
ci.清.0004.pinyin.json#721,0,41,长,2,平,3,仄,ci.清.0004.pinyin.json 第1阕第42字 语料拼音 zhǎng,待裁定
ci.清.0004.pinyin.json#737,0,0,别,4,仄,2,平,ci.清.0004.pinyin.json 第1阕第1字 语料拼音 bié,待裁定
ci.清.0004.pinyin.json#739,0,8,别,4,仄,2,平,ci.清.0004.pinyin.json 第1阕第9字 语料拼音 bié,待裁定
ci.清.0004.pinyin.json#740,0,31,长,2,平,3,仄,ci.清.0004.pinyin.json 第1阕第32字 语料拼音 zhǎng,待裁定
ci.清.0004.pinyin.json#742,0,34,长,2,平,3,仄,ci.清.0004.pinyin.json 第1阕第35字 语料拼音 zhǎng,待裁定
ci.清.0004.pinyin.json#748,1,0,别,4,仄,2,平,ci.清.0004.pinyin.json 第2阕第1字 语料拼音 bié,待裁定
ci.清.0004.pinyin.json#749,0,1,绝,4,仄,2,平,ci.清.0004.pinyin.json 第1阕第2字 语料拼音 jué,待裁定
ci.清.0004.pinyin.json#750,0,33,别,4,仄,2,平,ci.清.0004.pinyin.json 第1阕第34字 语料拼音 bié,待裁定
ci.清.0004.pinyin.json#752,0,7,别,4,仄,2,平,ci.清.0004.pinyin.json 第1阕第8字 语料拼音 bié,待裁定
ci.清.0004.pinyin.json#752,1,12,长,2,平,3,仄,ci.清.0004.pinyin.json 第2阕第13字 语料拼音 zhǎng,待裁定
ci.清.0004.pinyin.json#754,0,37,别,4,仄,2,平,ci.清.0004.pinyin.json 第1阕第38字 语料拼音 bié,待裁定
ci.清.0004.pinyin.json#755,0,17,别,4,仄,2,平,ci.清.0004.pinyin.json 第1阕第18字 语料拼音 bié,待裁定
ci.清.0004.pinyin.json#757,0,33,别,4,仄,2,平,ci.清.0004.pinyin.json 第1阕第34字 语料拼音 bié,待裁定
ci.清.0004.pinyin.json#760,0,20,长,2,平,3,仄,ci.清.0004.pinyin.json 第1阕第21字 语料拼音 zhǎng,待裁定
ci.清.0004.pinyin.json#761,0,36,别,4,仄,2,平,ci.清.0004.pinyin.json 第1阕第37字 语料拼音 bié,待裁定
ci.清.0004.pinyin.json#762,0,3,长,2,平,3,仄,ci.清.0004.pinyin.json 第1阕第4字 语料拼音 zhǎng,待裁定
ci.清.0004.pinyin.json#762,0,53,别,4,仄,2,平,ci.清.0004.pinyin.json 第1阕第54字 语料拼音 bié,待裁定
ci.清.0004.pinyin.json#762,1,51,长,2,平,3,仄,ci.清.0004.pinyin.json 第2阕第52字 语料拼音 zhǎng,待裁定
ci.清.0004.pinyin.json#766,0,18,长,2,平,3,仄,ci.清.0004.pinyin.json 第1阕第19字 语料拼音 zhǎng,待裁定
ci.清.0004.pinyin.json#766,1,31,绝,4,仄,2,平,ci.清.0004.pinyin.json 第2阕第32字 语料拼音 jué,待裁定
ci.清.0004.pinyin.json#767,0,53,甚,4,仄,2,平,ci.清.0004.pinyin.json 第1阕第54字 语料拼音 shén,待裁定
ci.清.0004.pinyin.json#768,0,8,长,2,平,3,仄,ci.清.0004.pinyin.json 第1阕第9字 语料拼音 zhǎng,待裁定
ci.清.0004.pinyin.json#768,0,40,长,2,平,3,仄,ci.清.0004.pinyin.json 第1阕第41字 语料拼音 zhǎng,待裁定
ci.清.0004.pinyin.json#769,0,12,别,4,仄,2,平,ci.清.0004.pinyin.json 第1阕第13字 语料拼音 bié,待裁定
ci.清.0004.pinyin.json#769,0,36,绝,4,仄,2,平,ci.清.0004.pinyin.json 第1阕第37字 语料拼音 jué,待裁定
ci.清.0004.pinyin.json#770,0,43,长,2,平,3,仄,ci.清.0004.pinyin.json 第1阕第44字 语料拼音 zhǎng,待裁定
ci.清.0004.pinyin.json#770,1,44,长,2,平,3,仄,ci.清.0004.pinyin.json 第2阕第45字 语料拼音 zhǎng,待裁定
ci.清.0004.pinyin.json#772,1,25,别,4,仄,2,平,ci.清.0004.pinyin.json 第2阕第26字 语料拼音 bié,待裁定
ci.清.0004.pinyin.json#773,0,30,甚,4,仄,2,平,ci.清.0004.pinyin.json 第1阕第31字 语料拼音 shén,待裁定
ci.清.0004.pinyin.json#773,1,33,甚,4,仄,2,平,ci.清.0004.pinyin.json 第2阕第34字 语料拼音 shén,待裁定
ci.清.0004.pinyin.json#776,1,35,别,4,仄,2,平,ci.清.0004.pinyin.json 第2阕第36字 语料拼音 bié,待裁定
ci.清.0004.pinyin.json#777,1,16,长,2,平,3,仄,ci.清.0004.pinyin.json 第2阕第17字 语料拼音 zhǎng,待裁定
ci.清.0004.pinyin.json#781,1,5,绝,4,仄,2,平,ci.清.0004.pinyin.json 第2阕第6字 语料拼音 jué,待裁定
ci.清.0004.pinyin.json#782,0,20,甚,4,仄,2,平,ci.清.0004.pinyin.json 第1阕第21字 语料拼音 shén,待裁定
ci.清.0004.pinyin.json#784,0,33,绝,4,仄,2,平,ci.清.0004.pinyin.json 第1阕第34字 语料拼音 jué,待裁定
ci.清.0004.pinyin.json#790,1,6,甚,4,仄,2,平,ci.清.0004.pinyin.json 第2阕第7字 语料拼音 shén,待裁定
ci.清.0004.pinyin.json#791,0,12,绝,4,仄,2,平,ci.清.0004.pinyin.json 第1阕第13字 语料拼音 jué,待裁定
ci.清.0004.pinyin.json#791,1,14,别,4,仄,2,平,ci.清.0004.pinyin.json 第2阕第15字 语料拼音 bié,待裁定
ci.清.0004.pinyin.json#792,0,9,长,2,平,3,仄,ci.清.0004.pinyin.json 第1阕第10字 语料拼音 zhǎng,待裁定
ci.清.0004.pinyin.json#798,0,25,别,4,仄,2,平,ci.清.0004.pinyin.json 第1阕第26字 语料拼音 bié,待裁定
ci.清.0004.pinyin.json#801,0,13,甚,4,仄,2,平,ci.清.0004.pinyin.json 第1阕第14字 语料拼音 shén,待裁定
ci.清.0004.pinyin.json#802,0,2,别,4,仄,2,平,ci.清.0004.pinyin.json 第1阕第3字 语料拼音 bié,待裁定
ci.清.0004.pinyin.json#802,0,9,别,4,仄,2,平,ci.清.0004.pinyin.json 第1阕第10字 语料拼音 bié,待裁定
ci.清.0004.pinyin.json#805,0,2,长,2,平,3,仄,ci.清.0004.pinyin.json 第1阕第3字 语料拼音 zhǎng,待裁定
ci.清.0004.pinyin.json#806,1,9,长,2,平,3,仄,ci.清.0004.pinyin.json 第2阕第10字 语料拼音 zhǎng,待裁定
ci.清.0004.pinyin.json#808,1,20,长,2,平,3,仄,ci.清.0004.pinyin.json 第2阕第21字 语料拼音 zhǎng,待裁定
ci.清.0004.pinyin.json#809,0,23,长,2,平,3,仄,ci.清.0004.pinyin.json 第1阕第24字 语料拼音 zhǎng,待裁定
ci.清.0004.pinyin.json#810,0,2,别,4,仄,2,平,ci.清.0004.pinyin.json 第1阕第3字 语料拼音 bié,待裁定
ci.清.0004.pinyin.json#812,0,7,长,2,平,3,仄,ci.清.0004.pinyin.json 第1阕第8字 语料拼音 zhǎng,待裁定
ci.清.0004.pinyin.json#812,1,22,别,4,仄,2,平,ci.清.0004.pinyin.json 第2阕第23字 语料拼音 bié,待裁定
ci.清.0004.pinyin.json#814,0,30,别,4,仄,2,平,ci.清.0004.pinyin.json 第1阕第31字 语料拼音 bié,待裁定
ci.清.0004.pinyin.json#817,0,42,绝,4,仄,2,平,ci.清.0004.pinyin.json 第1阕第43字 语料拼音 jué,待裁定
ci.清.0004.pinyin.json#818,0,32,别,4,仄,2,平,ci.清.0004.pinyin.json 第1阕第33字 语料拼音 bié,待裁定
ci.清.0004.pinyin.json#818,1,23,长,2,平,3,仄,ci.清.0004.pinyin.json 第2阕第24字 语料拼音 zhǎng,待裁定
ci.清.0004.pinyin.json#820,0,39,长,2,平,3,仄,ci.清.0004.pinyin.json 第1阕第40字 语料拼音 zhǎng,待裁定
ci.清.0004.pinyin.json#823,1,12,绝,4,仄,2,平,ci.清.0004.pinyin.json 第2阕第13字 语料拼音 jué,待裁定
ci.清.0004.pinyin.json#825,0,54,长,2,平,3,仄,ci.清.0004.pinyin.json 第1阕第55字 语料拼音 zhǎng,待裁定
ci.清.0004.pinyin.json#836,1,28,绝,4,仄,2,平,ci.清.0004.pinyin.json 第2阕第29字 语料拼音 jué,待裁定
ci.清.0004.pinyin.json#837,0,0,甚,4,仄,2,平,ci.清.0004.pinyin.json 第1阕第1字 语料拼音 shén,待裁定
ci.清.0004.pinyin.json#839,1,9,长,2,平,3,仄,ci.清.0004.pinyin.json 第2阕第10字 语料拼音 zhǎng,待裁定
ci.清.0004.pinyin.json#840,0,15,别,4,仄,2,平,ci.清.0004.pinyin.json 第1阕第16字 语料拼音 bié,待裁定
ci.清.0004.pinyin.json#848,0,0,长,2,平,3,仄,ci.清.0004.pinyin.json 第1阕第1字 语料拼音 zhǎng,待裁定
ci.清.0004.pinyin.json#855,0,13,长,2,平,3,仄,ci.清.0004.pinyin.json 第1阕第14字 语料拼音 zhǎng,待裁定
ci.清.0004.pinyin.json#859,1,0,长,2,平,3,仄,ci.清.0004.pinyin.json 第2阕第1字 语料拼音 zhǎng,待裁定
ci.清.0004.pinyin.json#868,1,2,别,4,仄,2,平,ci.清.0004.pinyin.json 第2阕第3字 语料拼音 bié,待裁定
ci.清.0004.pinyin.json#873,1,21,别,4,仄,2,平,ci.清.0004.pinyin.json 第2阕第22字 语料拼音 bié,待裁定
ci.清.0004.pinyin.json#880,1,9,别,4,仄,2,平,ci.清.0004.pinyin.json 第2阕第10字 语料拼音 bié,待裁定
ci.清.0004.pinyin.json#880,1,10,长,2,平,3,仄,ci.清.0004.pinyin.json 第2阕第11字 语料拼音 zhǎng,待裁定
ci.清.0004.pinyin.json#881,0,6,别,4,仄,2,平,ci.清.0004.pinyin.json 第1阕第7字 语料拼音 bié,待裁定
ci.清.0004.pinyin.json#883,0,20,长,2,平,3,仄,ci.清.0004.pinyin.json 第1阕第21字 语料拼音 zhǎng,待裁定
ci.清.0004.pinyin.json#888,0,14,长,2,平,3,仄,ci.清.0004.pinyin.json 第1阕第15字 语料拼音 zhǎng,待裁定
ci.清.0004.pinyin.json#894,2,10,别,4,仄,2,平,ci.清.0004.pinyin.json 第3阕第11字 语料拼音 bié,待裁定
ci.清.0004.pinyin.json#896,1,1,别,4,仄,2,平,ci.清.0004.pinyin.json 第2阕第2字 语料拼音 bié,待裁定
ci.清.0004.pinyin.json#899,1,5,别,4,仄,2,平,ci.清.0004.pinyin.json 第2阕第6字 语料拼音 bié,待裁定
ci.清.0004.pinyin.json#903,1,30,长,2,平,3,仄,ci.清.0004.pinyin.json 第2阕第31字 语料拼音 zhǎng,待裁定
ci.清.0004.pinyin.json#903,1,34,别,4,仄,2,平,ci.清.0004.pinyin.json 第2阕第35字 语料拼音 bié,待裁定
ci.清.0004.pinyin.json#905,0,14,长,2,平,3,仄,ci.清.0004.pinyin.json 第1阕第15字 语料拼音 zhǎng,待裁定
ci.清.0004.pinyin.json#905,1,13,别,4,仄,2,平,ci.清.0004.pinyin.json 第2阕第14字 语料拼音 bié,待裁定
ci.清.0004.pinyin.json#905,1,20,长,2,平,3,仄,ci.清.0004.pinyin.json 第2阕第21字 语料拼音 zhǎng,待裁定
ci.清.0004.pinyin.json#906,0,8,绝,4,仄,2,平,ci.清.0004.pinyin.json 第1阕第9字 语料拼音 jué,待裁定
ci.清.0004.pinyin.json#906,0,11,别,4,仄,2,平,ci.清.0004.pinyin.json 第1阕第12字 语料拼音 bié,待裁定
ci.清.0004.pinyin.json#911,0,0,甚,4,仄,2,平,ci.清.0004.pinyin.json 第1阕第1字 语料拼音 shén,待裁定
ci.清.0004.pinyin.json#911,1,0,长,2,平,3,仄,ci.清.0004.pinyin.json 第2阕第1字 语料拼音 zhǎng,待裁定
ci.清.0004.pinyin.json#912,1,17,别,4,仄,2,平,ci.清.0004.pinyin.json 第2阕第18字 语料拼音 bié,待裁定
ci.清.0004.pinyin.json#916,0,6,长,2,平,3,仄,ci.清.0004.pinyin.json 第1阕第7字 语料拼音 zhǎng,待裁定
ci.清.0004.pinyin.json#918,1,24,长,2,平,3,仄,ci.清.0004.pinyin.json 第2阕第25字 语料拼音 zhǎng,待裁定
ci.清.0004.pinyin.json#928,1,46,甚,4,仄,2,平,ci.清.0004.pinyin.json 第2阕第47字 语料拼音 shén,待裁定
ci.清.0004.pinyin.json#929,0,2,长,2,平,3,仄,ci.清.0004.pinyin.json 第1阕第3字 语料拼音 zhǎng,待裁定
ci.清.0004.pinyin.json#929,1,16,别,4,仄,2,平,ci.清.0004.pinyin.json 第2阕第17字 语料拼音 bié,待裁定
ci.清.0004.pinyin.json#938,1,17,别,4,仄,2,平,ci.清.0004.pinyin.json 第2阕第18字 语料拼音 bié,待裁定
ci.清.0004.pinyin.json#941,1,6,绝,4,仄,2,平,ci.清.0004.pinyin.json 第2阕第7字 语料拼音 jué,待裁定
ci.清.0004.pinyin.json#942,1,39,别,4,仄,2,平,ci.清.0004.pinyin.json 第2阕第40字 语料拼音 bié,待裁定
ci.清.0004.pinyin.json#943,0,2,绝,4,仄,2,平,ci.清.0004.pinyin.json 第1阕第3字 语料拼音 jué,待裁定
ci.清.0004.pinyin.json#943,1,6,别,4,仄,2,平,ci.清.0004.pinyin.json 第2阕第7字 语料拼音 bié,待裁定
ci.清.0004.pinyin.json#944,0,11,长,2,平,3,仄,ci.清.0004.pinyin.json 第1阕第12字 语料拼音 zhǎng,待裁定
ci.清.0004.pinyin.json#946,1,12,别,4,仄,2,平,ci.清.0004.pinyin.json 第2阕第13字 语料拼音 bié,待裁定
ci.清.0004.pinyin.json#949,0,16,别,4,仄,2,平,ci.清.0004.pinyin.json 第1阕第17字 语料拼音 bié,待裁定
ci.清.0004.pinyin.json#954,0,11,别,4,仄,2,平,ci.清.0004.pinyin.json 第1阕第12字 语料拼音 bié,待裁定
ci.清.0004.pinyin.json#954,1,2,别,4,仄,2,平,ci.清.0004.pinyin.json 第2阕第3字 语料拼音 bié,待裁定
ci.清.0004.pinyin.json#955,1,0,别,4,仄,2,平,ci.清.0004.pinyin.json 第2阕第1字 语料拼音 bié,待裁定
ci.清.0004.pinyin.json#959,1,6,长,2,平,3,仄,ci.清.0004.pinyin.json 第2阕第7字 语料拼音 zhǎng,待裁定
ci.清.0004.pinyin.json#964,1,14,长,2,平,3,仄,ci.清.0004.pinyin.json 第2阕第15字 语料拼音 zhǎng,待裁定
ci.清.0004.pinyin.json#965,1,25,别,4,仄,2,平,ci.清.0004.pinyin.json 第2阕第26字 语料拼音 bié,待裁定
ci.清.0004.pinyin.json#967,0,15,长,2,平,3,仄,ci.清.0004.pinyin.json 第1阕第16字 语料拼音 zhǎng,待裁定
ci.清.0004.pinyin.json#973,0,14,别,4,仄,2,平,ci.清.0004.pinyin.json 第1阕第15字 语料拼音 bié,待裁定
ci.清.0004.pinyin.json#974,1,19,别,4,仄,2,平,ci.清.0004.pinyin.json 第2阕第20字 语料拼音 bié,待裁定
ci.清.0004.pinyin.json#975,1,2,别,4,仄,2,平,ci.清.0004.pinyin.json 第2阕第3字 语料拼音 bié,待裁定
ci.清.0004.pinyin.json#975,1,13,长,2,平,3,仄,ci.清.0004.pinyin.json 第2阕第14字 语料拼音 zhǎng,待裁定
ci.清.0004.pinyin.json#985,0,38,长,2,平,3,仄,ci.清.0004.pinyin.json 第1阕第39字 语料拼音 zhǎng,待裁定
ci.清.0004.pinyin.json#985,1,3,甚,4,仄,2,平,ci.清.0004.pinyin.json 第2阕第4字 语料拼音 shén,待裁定
ci.清.0004.pinyin.json#985,1,34,长,2,平,3,仄,ci.清.0004.pinyin.json 第2阕第35字 语料拼音 zhǎng,待裁定
ci.清.0004.pinyin.json#986,1,50,长,2,平,3,仄,ci.清.0004.pinyin.json 第2阕第51字 语料拼音 zhǎng,待裁定
ci.清.0004.pinyin.json#987,0,10,长,2,平,3,仄,ci.清.0004.pinyin.json 第1阕第11字 语料拼音 zhǎng,待裁定
ci.清.0004.pinyin.json#992,1,12,别,4,仄,2,平,ci.清.0004.pinyin.json 第2阕第13字 语料拼音 bié,待裁定
ci.清.0004.pinyin.json#995,1,0,别,4,仄,2,平,ci.清.0004.pinyin.json 第2阕第1字 语料拼音 bié,待裁定
ci.清.0004.pinyin.json#997,1,4,别,4,仄,2,平,ci.清.0004.pinyin.json 第2阕第5字 语料拼音 bié,待裁定
ci.清.0004.pinyin.json#998,0,0,别,4,仄,2,平,ci.清.0004.pinyin.json 第1阕第1字 语料拼音 bié,待裁定
ci.清.0004.pinyin.json#999,1,7,长,2,平,3,仄,ci.清.0004.pinyin.json 第2阕第8字 语料拼音 zhǎng,待裁定
ci.清.0005.pinyin.json#3,0,13,长,2,平,3,仄,ci.清.0005.pinyin.json 第1阕第14字 语料拼音 zhǎng,待裁定
ci.清.0005.pinyin.json#7,1,18,别,4,仄,2,平,ci.清.0005.pinyin.json 第2阕第19字 语料拼音 bié,待裁定
ci.清.0005.pinyin.json#10,0,2,长,2,平,3,仄,ci.清.0005.pinyin.json 第1阕第3字 语料拼音 zhǎng,待裁定
ci.清.0005.pinyin.json#10,0,5,别,4,仄,2,平,ci.清.0005.pinyin.json 第1阕第6字 语料拼音 bié,待裁定
ci.清.0005.pinyin.json#14,1,2,长,2,平,3,仄,ci.清.0005.pinyin.json 第2阕第3字 语料拼音 zhǎng,待裁定
ci.清.0005.pinyin.json#19,0,20,别,4,仄,2,平,ci.清.0005.pinyin.json 第1阕第21字 语料拼音 bié,待裁定
ci.清.0005.pinyin.json#30,1,8,绝,4,仄,2,平,ci.清.0005.pinyin.json 第2阕第9字 语料拼音 jué,待裁定
ci.清.0005.pinyin.json#33,0,12,别,4,仄,2,平,ci.清.0005.pinyin.json 第1阕第13字 语料拼音 bié,待裁定
ci.清.0005.pinyin.json#35,0,6,别,4,仄,2,平,ci.清.0005.pinyin.json 第1阕第7字 语料拼音 bié,待裁定
ci.清.0005.pinyin.json#37,0,19,长,2,平,3,仄,ci.清.0005.pinyin.json 第1阕第20字 语料拼音 zhǎng,待裁定
ci.清.0005.pinyin.json#40,1,4,别,4,仄,2,平,ci.清.0005.pinyin.json 第2阕第5字 语料拼音 bié,待裁定
ci.清.0005.pinyin.json#44,0,17,长,2,平,3,仄,ci.清.0005.pinyin.json 第1阕第18字 语料拼音 zhǎng,待裁定
ci.清.0005.pinyin.json#48,1,2,别,4,仄,2,平,ci.清.0005.pinyin.json 第2阕第3字 语料拼音 bié,待裁定
ci.清.0005.pinyin.json#48,1,19,长,2,平,3,仄,ci.清.0005.pinyin.json 第2阕第20字 语料拼音 zhǎng,待裁定
ci.清.0005.pinyin.json#49,0,14,别,4,仄,2,平,ci.清.0005.pinyin.json 第1阕第15字 语料拼音 bié,待裁定
ci.清.0005.pinyin.json#52,0,21,别,4,仄,2,平,ci.清.0005.pinyin.json 第1阕第22字 语料拼音 bié,待裁定
ci.清.0005.pinyin.json#54,1,20,长,2,平,3,仄,ci.清.0005.pinyin.json 第2阕第21字 语料拼音 zhǎng,待裁定
ci.清.0005.pinyin.json#55,0,0,别,4,仄,2,平,ci.清.0005.pinyin.json 第1阕第1字 语料拼音 bié,待裁定
ci.清.0005.pinyin.json#58,0,13,别,4,仄,2,平,ci.清.0005.pinyin.json 第1阕第14字 语料拼音 bié,待裁定
ci.清.0005.pinyin.json#59,0,14,别,4,仄,2,平,ci.清.0005.pinyin.json 第1阕第15字 语料拼音 bié,待裁定
ci.清.0005.pinyin.json#60,1,0,别,4,仄,2,平,ci.清.0005.pinyin.json 第2阕第1字 语料拼音 bié,待裁定
ci.清.0005.pinyin.json#63,1,17,长,2,平,3,仄,ci.清.0005.pinyin.json 第2阕第18字 语料拼音 zhǎng,待裁定
ci.清.0005.pinyin.json#66,1,12,别,4,仄,2,平,ci.清.0005.pinyin.json 第2阕第13字 语料拼音 bié,待裁定
ci.清.0005.pinyin.json#67,0,21,别,4,仄,2,平,ci.清.0005.pinyin.json 第1阕第22字 语料拼音 bié,待裁定
ci.清.0005.pinyin.json#67,1,0,长,2,平,3,仄,ci.清.0005.pinyin.json 第2阕第1字 语料拼音 zhǎng,待裁定
ci.清.0005.pinyin.json#70,0,3,绝,4,仄,2,平,ci.清.0005.pinyin.json 第1阕第4字 语料拼音 jué,待裁定
ci.清.0005.pinyin.json#77,1,22,长,2,平,3,仄,ci.清.0005.pinyin.json 第2阕第23字 语料拼音 zhǎng,待裁定
ci.清.0005.pinyin.json#78,0,25,别,4,仄,2,平,ci.清.0005.pinyin.json 第1阕第26字 语料拼音 bié,待裁定
ci.清.0005.pinyin.json#78,1,17,别,4,仄,2,平,ci.清.0005.pinyin.json 第2阕第18字 语料拼音 bié,待裁定
ci.清.0005.pinyin.json#80,1,0,别,4,仄,2,平,ci.清.0005.pinyin.json 第2阕第1字 语料拼音 bié,待裁定
ci.清.0005.pinyin.json#90,1,4,长,2,平,3,仄,ci.清.0005.pinyin.json 第2阕第5字 语料拼音 zhǎng,待裁定
ci.清.0005.pinyin.json#100,0,13,长,2,平,3,仄,ci.清.0005.pinyin.json 第1阕第14字 语料拼音 zhǎng,待裁定
ci.清.0005.pinyin.json#103,0,10,长,2,平,3,仄,ci.清.0005.pinyin.json 第1阕第11字 语料拼音 zhǎng,待裁定
ci.清.0005.pinyin.json#105,1,16,长,2,平,3,仄,ci.清.0005.pinyin.json 第2阕第17字 语料拼音 zhǎng,待裁定
ci.清.0005.pinyin.json#107,0,0,长,2,平,3,仄,ci.清.0005.pinyin.json 第1阕第1字 语料拼音 zhǎng,待裁定
ci.清.0005.pinyin.json#109,0,1,绝,4,仄,2,平,ci.清.0005.pinyin.json 第1阕第2字 语料拼音 jué,待裁定
ci.清.0005.pinyin.json#110,0,11,别,4,仄,2,平,ci.清.0005.pinyin.json 第1阕第12字 语料拼音 bié,待裁定
ci.清.0005.pinyin.json#111,1,11,别,4,仄,2,平,ci.清.0005.pinyin.json 第2阕第12字 语料拼音 bié,待裁定
ci.清.0005.pinyin.json#112,0,9,别,4,仄,2,平,ci.清.0005.pinyin.json 第1阕第10字 语料拼音 bié,待裁定
ci.清.0005.pinyin.json#113,0,15,别,4,仄,2,平,ci.清.0005.pinyin.json 第1阕第16字 语料拼音 bié,待裁定
ci.清.0005.pinyin.json#116,0,16,别,4,仄,2,平,ci.清.0005.pinyin.json 第1阕第17字 语料拼音 bié,待裁定
ci.清.0005.pinyin.json#117,1,2,长,2,平,3,仄,ci.清.0005.pinyin.json 第2阕第3字 语料拼音 zhǎng,待裁定
ci.清.0005.pinyin.json#121,1,2,别,4,仄,2,平,ci.清.0005.pinyin.json 第2阕第3字 语料拼音 bié,待裁定
ci.清.0005.pinyin.json#127,0,6,长,2,平,3,仄,ci.清.0005.pinyin.json 第1阕第7字 语料拼音 zhǎng,待裁定
ci.清.0005.pinyin.json#130,0,12,别,4,仄,2,平,ci.清.0005.pinyin.json 第1阕第13字 语料拼音 bié,待裁定
ci.清.0005.pinyin.json#140,1,2,绝,4,仄,2,平,ci.清.0005.pinyin.json 第2阕第3字 语料拼音 jué,待裁定
ci.清.0005.pinyin.json#142,0,13,甚,4,仄,2,平,ci.清.0005.pinyin.json 第1阕第14字 语料拼音 shén,待裁定
ci.清.0005.pinyin.json#143,1,7,别,4,仄,2,平,ci.清.0005.pinyin.json 第2阕第8字 语料拼音 bié,待裁定
ci.清.0005.pinyin.json#147,0,5,别,4,仄,2,平,ci.清.0005.pinyin.json 第1阕第6字 语料拼音 bié,待裁定
ci.清.0005.pinyin.json#148,1,10,长,2,平,3,仄,ci.清.0005.pinyin.json 第2阕第11字 语料拼音 zhǎng,待裁定
ci.清.0005.pinyin.json#148,1,14,长,2,平,3,仄,ci.清.0005.pinyin.json 第2阕第15字 语料拼音 zhǎng,待裁定
ci.清.0005.pinyin.json#151,0,19,长,2,平,3,仄,ci.清.0005.pinyin.json 第1阕第20字 语料拼音 zhǎng,待裁定
ci.清.0005.pinyin.json#157,0,0,长,2,平,3,仄,ci.清.0005.pinyin.json 第1阕第1字 语料拼音 zhǎng,待裁定
ci.清.0005.pinyin.json#159,1,29,绝,4,仄,2,平,ci.清.0005.pinyin.json 第2阕第30字 语料拼音 jué,待裁定
ci.清.0005.pinyin.json#162,0,22,别,4,仄,2,平,ci.清.0005.pinyin.json 第1阕第23字 语料拼音 bié,待裁定
ci.清.0005.pinyin.json#163,1,39,甚,4,仄,2,平,ci.清.0005.pinyin.json 第2阕第40字 语料拼音 shén,待裁定
ci.清.0005.pinyin.json#164,0,30,甚,4,仄,2,平,ci.清.0005.pinyin.json 第1阕第31字 语料拼音 shén,待裁定
ci.清.0005.pinyin.json#164,0,44,别,4,仄,2,平,ci.清.0005.pinyin.json 第1阕第45字 语料拼音 bié,待裁定
ci.清.0005.pinyin.json#171,0,26,别,4,仄,2,平,ci.清.0005.pinyin.json 第1阕第27字 语料拼音 bié,待裁定
ci.清.0005.pinyin.json#174,0,5,绝,4,仄,2,平,ci.清.0005.pinyin.json 第1阕第6字 语料拼音 jué,待裁定
ci.清.0005.pinyin.json#178,0,24,别,4,仄,2,平,ci.清.0005.pinyin.json 第1阕第25字 语料拼音 bié,待裁定
ci.清.0005.pinyin.json#190,0,38,绝,4,仄,2,平,ci.清.0005.pinyin.json 第1阕第39字 语料拼音 jué,待裁定
ci.清.0005.pinyin.json#191,1,13,长,2,平,3,仄,ci.清.0005.pinyin.json 第2阕第14字 语料拼音 zhǎng,待裁定
ci.清.0005.pinyin.json#193,0,36,甚,4,仄,2,平,ci.清.0005.pinyin.json 第1阕第37字 语料拼音 shén,待裁定
ci.清.0005.pinyin.json#194,0,40,绝,4,仄,2,平,ci.清.0005.pinyin.json 第1阕第41字 语料拼音 jué,待裁定
ci.清.0005.pinyin.json#194,1,36,别,4,仄,2,平,ci.清.0005.pinyin.json 第2阕第37字 语料拼音 bié,待裁定
ci.清.0005.pinyin.json#196,0,16,绝,4,仄,2,平,ci.清.0005.pinyin.json 第1阕第17字 语料拼音 jué,待裁定
ci.清.0005.pinyin.json#198,1,14,长,2,平,3,仄,ci.清.0005.pinyin.json 第2阕第15字 语料拼音 zhǎng,待裁定
ci.清.0005.pinyin.json#200,1,0,别,4,仄,2,平,ci.清.0005.pinyin.json 第2阕第1字 语料拼音 bié,待裁定
ci.清.0005.pinyin.json#200,1,56,长,2,平,3,仄,ci.清.0005.pinyin.json 第2阕第57字 语料拼音 zhǎng,待裁定
ci.清.0005.pinyin.json#203,0,0,长,2,平,3,仄,ci.清.0005.pinyin.json 第1阕第1字 语料拼音 zhǎng,待裁定
ci.清.0005.pinyin.json#204,0,4,甚,4,仄,2,平,ci.清.0005.pinyin.json 第1阕第5字 语料拼音 shén,待裁定
ci.清.0005.pinyin.json#206,0,22,绝,4,仄,2,平,ci.清.0005.pinyin.json 第1阕第23字 语料拼音 jué,待裁定
ci.清.0005.pinyin.json#206,0,29,别,4,仄,2,平,ci.清.0005.pinyin.json 第1阕第30字 语料拼音 bié,待裁定
ci.清.0005.pinyin.json#208,1,25,长,2,平,3,仄,ci.清.0005.pinyin.json 第2阕第26字 语料拼音 zhǎng,待裁定
ci.清.0005.pinyin.json#209,1,11,长,2,平,3,仄,ci.清.0005.pinyin.json 第2阕第12字 语料拼音 zhǎng,待裁定
ci.清.0005.pinyin.json#210,1,17,绝,4,仄,2,平,ci.清.0005.pinyin.json 第2阕第18字 语料拼音 jué,待裁定
ci.清.0005.pinyin.json#211,1,2,别,4,仄,2,平,ci.清.0005.pinyin.json 第2阕第3字 语料拼音 bié,待裁定
ci.清.0005.pinyin.json#212,0,28,长,2,平,3,仄,ci.清.0005.pinyin.json 第1阕第29字 语料拼音 zhǎng,待裁定
ci.清.0005.pinyin.json#213,1,38,甚,4,仄,2,平,ci.清.0005.pinyin.json 第2阕第39字 语料拼音 shén,待裁定
ci.清.0005.pinyin.json#217,0,3,长,2,平,3,仄,ci.清.0005.pinyin.json 第1阕第4字 语料拼音 zhǎng,待裁定
ci.清.0005.pinyin.json#217,0,26,长,2,平,3,仄,ci.清.0005.pinyin.json 第1阕第27字 语料拼音 zhǎng,待裁定
ci.清.0005.pinyin.json#217,1,46,长,2,平,3,仄,ci.清.0005.pinyin.json 第2阕第47字 语料拼音 zhǎng,待裁定
ci.清.0005.pinyin.json#219,0,17,别,4,仄,2,平,ci.清.0005.pinyin.json 第1阕第18字 语料拼音 bié,待裁定
ci.清.0005.pinyin.json#219,1,20,绝,4,仄,2,平,ci.清.0005.pinyin.json 第2阕第21字 语料拼音 jué,待裁定
ci.清.0005.pinyin.json#223,1,46,别,4,仄,2,平,ci.清.0005.pinyin.json 第2阕第47字 语料拼音 bié,待裁定
ci.清.0005.pinyin.json#225,0,10,绝,4,仄,2,平,ci.清.0005.pinyin.json 第1阕第11字 语料拼音 jué,待裁定
ci.清.0005.pinyin.json#226,0,20,别,4,仄,2,平,ci.清.0005.pinyin.json 第1阕第21字 语料拼音 bié,待裁定
ci.清.0005.pinyin.json#227,0,0,别,4,仄,2,平,ci.清.0005.pinyin.json 第1阕第1字 语料拼音 bié,待裁定
ci.清.0005.pinyin.json#228,1,4,长,2,平,3,仄,ci.清.0005.pinyin.json 第2阕第5字 语料拼音 zhǎng,待裁定
ci.清.0005.pinyin.json#228,1,52,绝,4,仄,2,平,ci.清.0005.pinyin.json 第2阕第53字 语料拼音 jué,待裁定
ci.清.0005.pinyin.json#230,0,27,长,2,平,3,仄,ci.清.0005.pinyin.json 第1阕第28字 语料拼音 zhǎng,待裁定
ci.清.0005.pinyin.json#230,0,28,别,4,仄,2,平,ci.清.0005.pinyin.json 第1阕第29字 语料拼音 bié,待裁定
ci.清.0005.pinyin.json#230,1,52,绝,4,仄,2,平,ci.清.0005.pinyin.json 第2阕第53字 语料拼音 jué,待裁定
ci.清.0005.pinyin.json#231,1,15,别,4,仄,2,平,ci.清.0005.pinyin.json 第2阕第16字 语料拼音 bié,待裁定
ci.清.0005.pinyin.json#232,0,13,别,4,仄,2,平,ci.清.0005.pinyin.json 第1阕第14字 语料拼音 bié,待裁定
ci.清.0005.pinyin.json#233,0,29,长,2,平,3,仄,ci.清.0005.pinyin.json 第1阕第30字 语料拼音 zhǎng,待裁定
ci.清.0005.pinyin.json#234,1,39,别,4,仄,2,平,ci.清.0005.pinyin.json 第2阕第40字 语料拼音 bié,待裁定
ci.清.0005.pinyin.json#236,0,18,绝,4,仄,2,平,ci.清.0005.pinyin.json 第1阕第19字 语料拼音 jué,待裁定
ci.清.0005.pinyin.json#238,0,10,别,4,仄,2,平,ci.清.0005.pinyin.json 第1阕第11字 语料拼音 bié,待裁定
ci.清.0005.pinyin.json#247,1,14,甚,4,仄,2,平,ci.清.0005.pinyin.json 第2阕第15字 语料拼音 shén,待裁定
ci.清.0005.pinyin.json#247,1,37,绝,4,仄,2,平,ci.清.0005.pinyin.json 第2阕第38字 语料拼音 jué,待裁定
ci.清.0005.pinyin.json#248,1,13,长,2,平,3,仄,ci.清.0005.pinyin.json 第2阕第14字 语料拼音 zhǎng,待裁定
ci.清.0005.pinyin.json#249,1,48,绝,4,仄,2,平,ci.清.0005.pinyin.json 第2阕第49字 语料拼音 jué,待裁定
ci.清.0005.pinyin.json#250,0,50,长,2,平,3,仄,ci.清.0005.pinyin.json 第1阕第51字 语料拼音 zhǎng,待裁定
ci.清.0005.pinyin.json#250,1,12,别,4,仄,2,平,ci.清.0005.pinyin.json 第2阕第13字 语料拼音 bié,待裁定
ci.清.0005.pinyin.json#251,0,14,长,2,平,3,仄,ci.清.0005.pinyin.json 第1阕第15字 语料拼音 zhǎng,待裁定
ci.清.0005.pinyin.json#254,0,12,绝,4,仄,2,平,ci.清.0005.pinyin.json 第1阕第13字 语料拼音 jué,待裁定
ci.清.0005.pinyin.json#258,0,17,绝,4,仄,2,平,ci.清.0005.pinyin.json 第1阕第18字 语料拼音 jué,待裁定
ci.清.0005.pinyin.json#258,1,18,长,2,平,3,仄,ci.清.0005.pinyin.json 第2阕第19字 语料拼音 zhǎng,待裁定
ci.清.0005.pinyin.json#260,0,45,别,4,仄,2,平,ci.清.0005.pinyin.json 第1阕第46字 语料拼音 bié,待裁定
ci.清.0005.pinyin.json#272,0,20,长,2,平,3,仄,ci.清.0005.pinyin.json 第1阕第21字 语料拼音 zhǎng,待裁定
ci.清.0005.pinyin.json#273,0,6,长,2,平,3,仄,ci.清.0005.pinyin.json 第1阕第7字 语料拼音 zhǎng,待裁定
ci.清.0005.pinyin.json#274,0,10,长,2,平,3,仄,ci.清.0005.pinyin.json 第1阕第11字 语料拼音 zhǎng,待裁定
ci.清.0005.pinyin.json#275,0,8,长,2,平,3,仄,ci.清.0005.pinyin.json 第1阕第9字 语料拼音 zhǎng,待裁定
ci.清.0005.pinyin.json#278,1,3,长,2,平,3,仄,ci.清.0005.pinyin.json 第2阕第4字 语料拼音 zhǎng,待裁定
ci.清.0005.pinyin.json#280,0,1,长,2,平,3,仄,ci.清.0005.pinyin.json 第1阕第2字 语料拼音 zhǎng,待裁定
ci.清.0005.pinyin.json#284,1,2,长,2,平,3,仄,ci.清.0005.pinyin.json 第2阕第3字 语料拼音 zhǎng,待裁定
ci.清.0005.pinyin.json#298,1,12,长,2,平,3,仄,ci.清.0005.pinyin.json 第2阕第13字 语料拼音 zhǎng,待裁定
ci.清.0005.pinyin.json#310,0,17,长,2,平,3,仄,ci.清.0005.pinyin.json 第1阕第18字 语料拼音 zhǎng,待裁定
ci.清.0005.pinyin.json#310,1,10,长,2,平,3,仄,ci.清.0005.pinyin.json 第2阕第11字 语料拼音 zhǎng,待裁定
ci.清.0005.pinyin.json#326,0,15,长,2,平,3,仄,ci.清.0005.pinyin.json 第1阕第16字 语料拼音 zhǎng,待裁定
ci.清.0005.pinyin.json#333,0,8,别,4,仄,2,平,ci.清.0005.pinyin.json 第1阕第9字 语料拼音 bié,待裁定
ci.清.0005.pinyin.json#335,0,8,长,2,平,3,仄,ci.清.0005.pinyin.json 第1阕第9字 语料拼音 zhǎng,待裁定
ci.清.0005.pinyin.json#337,0,2,别,4,仄,2,平,ci.清.0005.pinyin.json 第1阕第3字 语料拼音 bié,待裁定
ci.清.0005.pinyin.json#337,0,6,长,2,平,3,仄,ci.清.0005.pinyin.json 第1阕第7字 语料拼音 zhǎng,待裁定
ci.清.0005.pinyin.json#337,1,1,长,2,平,3,仄,ci.清.0005.pinyin.json 第2阕第2字 语料拼音 zhǎng,待裁定
ci.清.0005.pinyin.json#345,0,6,长,2,平,3,仄,ci.清.0005.pinyin.json 第1阕第7字 语料拼音 zhǎng,待裁定
ci.清.0005.pinyin.json#345,0,17,别,4,仄,2,平,ci.清.0005.pinyin.json 第1阕第18字 语料拼音 bié,待裁定
ci.清.0005.pinyin.json#355,1,27,别,4,仄,2,平,ci.清.0005.pinyin.json 第2阕第28字 语料拼音 bié,待裁定
ci.清.0005.pinyin.json#358,1,8,别,4,仄,2,平,ci.清.0005.pinyin.json 第2阕第9字 语料拼音 bié,待裁定
ci.清.0005.pinyin.json#359,0,3,别,4,仄,2,平,ci.清.0005.pinyin.json 第1阕第4字 语料拼音 bié,待裁定
ci.清.0005.pinyin.json#361,1,8,绝,4,仄,2,平,ci.清.0005.pinyin.json 第2阕第9字 语料拼音 jué,待裁定
ci.清.0005.pinyin.json#364,1,4,长,2,平,3,仄,ci.清.0005.pinyin.json 第2阕第5字 语料拼音 zhǎng,待裁定
ci.清.0005.pinyin.json#367,1,15,别,4,仄,2,平,ci.清.0005.pinyin.json 第2阕第16字 语料拼音 bié,待裁定
ci.清.0005.pinyin.json#371,0,11,长,2,平,3,仄,ci.清.0005.pinyin.json 第1阕第12字 语料拼音 zhǎng,待裁定
ci.清.0005.pinyin.json#372,0,14,长,2,平,3,仄,ci.清.0005.pinyin.json 第1阕第15字 语料拼音 zhǎng,待裁定
ci.清.0005.pinyin.json#373,0,0,长,2,平,3,仄,ci.清.0005.pinyin.json 第1阕第1字 语料拼音 zhǎng,待裁定
ci.清.0005.pinyin.json#373,0,12,长,2,平,3,仄,ci.清.0005.pinyin.json 第1阕第13字 语料拼音 zhǎng,待裁定
ci.清.0005.pinyin.json#375,1,11,别,4,仄,2,平,ci.清.0005.pinyin.json 第2阕第12字 语料拼音 bié,待裁定
ci.清.0005.pinyin.json#377,0,25,长,2,平,3,仄,ci.清.0005.pinyin.json 第1阕第26字 语料拼音 zhǎng,待裁定
ci.清.0005.pinyin.json#378,1,4,长,2,平,3,仄,ci.清.0005.pinyin.json 第2阕第5字 语料拼音 zhǎng,待裁定
ci.清.0005.pinyin.json#382,1,38,绝,4,仄,2,平,ci.清.0005.pinyin.json 第2阕第39字 语料拼音 jué,待裁定
ci.清.0005.pinyin.json#389,1,33,长,2,平,3,仄,ci.清.0005.pinyin.json 第2阕第34字 语料拼音 zhǎng,待裁定
ci.清.0005.pinyin.json#390,0,7,长,2,平,3,仄,ci.清.0005.pinyin.json 第1阕第8字 语料拼音 zhǎng,待裁定
ci.清.0005.pinyin.json#397,0,38,长,2,平,3,仄,ci.清.0005.pinyin.json 第1阕第39字 语料拼音 zhǎng,待裁定
ci.清.0005.pinyin.json#397,0,42,长,2,平,3,仄,ci.清.0005.pinyin.json 第1阕第43字 语料拼音 zhǎng,待裁定
ci.清.0005.pinyin.json#397,0,46,长,2,平,3,仄,ci.清.0005.pinyin.json 第1阕第47字 语料拼音 zhǎng,待裁定
ci.清.0005.pinyin.json#403,0,11,长,2,平,3,仄,ci.清.0005.pinyin.json 第1阕第12字 语料拼音 zhǎng,待裁定
ci.清.0005.pinyin.json#403,1,46,长,2,平,3,仄,ci.清.0005.pinyin.json 第2阕第47字 语料拼音 zhǎng,待裁定
ci.清.0005.pinyin.json#404,0,0,别,4,仄,2,平,ci.清.0005.pinyin.json 第1阕第1字 语料拼音 bié,待裁定
ci.清.0005.pinyin.json#404,0,28,别,4,仄,2,平,ci.清.0005.pinyin.json 第1阕第29字 语料拼音 bié,待裁定
ci.清.0005.pinyin.json#408,0,16,长,2,平,3,仄,ci.清.0005.pinyin.json 第1阕第17字 语料拼音 zhǎng,待裁定
ci.清.0005.pinyin.json#411,1,14,别,4,仄,2,平,ci.清.0005.pinyin.json 第2阕第15字 语料拼音 bié,待裁定
ci.清.0005.pinyin.json#413,0,11,长,2,平,3,仄,ci.清.0005.pinyin.json 第1阕第12字 语料拼音 zhǎng,待裁定
ci.清.0005.pinyin.json#415,0,38,绝,4,仄,2,平,ci.清.0005.pinyin.json 第1阕第39字 语料拼音 jué,待裁定
ci.清.0005.pinyin.json#416,0,20,别,4,仄,2,平,ci.清.0005.pinyin.json 第1阕第21字 语料拼音 bié,待裁定
ci.清.0005.pinyin.json#424,1,30,绝,4,仄,2,平,ci.清.0005.pinyin.json 第2阕第31字 语料拼音 jué,待裁定
ci.清.0005.pinyin.json#425,1,29,长,2,平,3,仄,ci.清.0005.pinyin.json 第2阕第30字 语料拼音 zhǎng,待裁定
ci.清.0005.pinyin.json#427,0,37,长,2,平,3,仄,ci.清.0005.pinyin.json 第1阕第38字 语料拼音 zhǎng,待裁定
ci.清.0005.pinyin.json#427,1,17,长,2,平,3,仄,ci.清.0005.pinyin.json 第2阕第18字 语料拼音 zhǎng,待裁定
ci.清.0005.pinyin.json#428,1,56,长,2,平,3,仄,ci.清.0005.pinyin.json 第2阕第57字 语料拼音 zhǎng,待裁定
ci.清.0005.pinyin.json#429,1,61,长,2,平,3,仄,ci.清.0005.pinyin.json 第2阕第62字 语料拼音 zhǎng,待裁定
ci.清.0005.pinyin.json#430,0,2,长,2,平,3,仄,ci.清.0005.pinyin.json 第1阕第3字 语料拼音 zhǎng,待裁定
ci.清.0005.pinyin.json#430,1,0,长,2,平,3,仄,ci.清.0005.pinyin.json 第2阕第1字 语料拼音 zhǎng,待裁定
ci.清.0005.pinyin.json#431,0,0,长,2,平,3,仄,ci.清.0005.pinyin.json 第1阕第1字 语料拼音 zhǎng,待裁定
ci.清.0005.pinyin.json#432,0,30,长,2,平,3,仄,ci.清.0005.pinyin.json 第1阕第31字 语料拼音 zhǎng,待裁定
ci.清.0005.pinyin.json#433,0,13,长,2,平,3,仄,ci.清.0005.pinyin.json 第1阕第14字 语料拼音 zhǎng,待裁定
ci.清.0005.pinyin.json#434,0,13,长,2,平,3,仄,ci.清.0005.pinyin.json 第1阕第14字 语料拼音 zhǎng,待裁定
ci.清.0005.pinyin.json#441,0,27,长,2,平,3,仄,ci.清.0005.pinyin.json 第1阕第28字 语料拼音 zhǎng,待裁定
ci.清.0005.pinyin.json#442,0,0,长,2,平,3,仄,ci.清.0005.pinyin.json 第1阕第1字 语料拼音 zhǎng,待裁定
ci.清.0005.pinyin.json#443,0,20,别,4,仄,2,平,ci.清.0005.pinyin.json 第1阕第21字 语料拼音 bié,待裁定
ci.清.0005.pinyin.json#444,0,7,别,4,仄,2,平,ci.清.0005.pinyin.json 第1阕第8字 语料拼音 bié,待裁定
ci.清.0005.pinyin.json#470,1,23,长,2,平,3,仄,ci.清.0005.pinyin.json 第2阕第24字 语料拼音 zhǎng,待裁定
ci.清.0005.pinyin.json#471,0,4,长,2,平,3,仄,ci.清.0005.pinyin.json 第1阕第5字 语料拼音 zhǎng,待裁定
ci.清.0005.pinyin.json#474,1,26,别,4,仄,2,平,ci.清.0005.pinyin.json 第2阕第27字 语料拼音 bié,待裁定
ci.清.0005.pinyin.json#476,1,6,甚,4,仄,2,平,ci.清.0005.pinyin.json 第2阕第7字 语料拼音 shén,待裁定
ci.清.0005.pinyin.json#478,0,49,甚,4,仄,2,平,ci.清.0005.pinyin.json 第1阕第50字 语料拼音 shén,待裁定
ci.清.0005.pinyin.json#480,1,5,别,4,仄,2,平,ci.清.0005.pinyin.json 第2阕第6字 语料拼音 bié,待裁定
ci.清.0005.pinyin.json#484,1,47,长,2,平,3,仄,ci.清.0005.pinyin.json 第2阕第48字 语料拼音 zhǎng,待裁定
ci.清.0005.pinyin.json#490,1,2,长,2,平,3,仄,ci.清.0005.pinyin.json 第2阕第3字 语料拼音 zhǎng,待裁定
ci.清.0005.pinyin.json#490,1,31,别,4,仄,2,平,ci.清.0005.pinyin.json 第2阕第32字 语料拼音 bié,待裁定
ci.清.0005.pinyin.json#492,1,5,绝,4,仄,2,平,ci.清.0005.pinyin.json 第2阕第6字 语料拼音 jué,待裁定
ci.清.0005.pinyin.json#492,1,44,长,2,平,3,仄,ci.清.0005.pinyin.json 第2阕第45字 语料拼音 zhǎng,待裁定
ci.清.0005.pinyin.json#493,1,26,别,4,仄,2,平,ci.清.0005.pinyin.json 第2阕第27字 语料拼音 bié,待裁定
ci.清.0005.pinyin.json#494,0,12,绝,4,仄,2,平,ci.清.0005.pinyin.json 第1阕第13字 语料拼音 jué,待裁定
ci.清.0005.pinyin.json#494,1,14,别,4,仄,2,平,ci.清.0005.pinyin.json 第2阕第15字 语料拼音 bié,待裁定
ci.清.0005.pinyin.json#495,2,12,绝,4,仄,2,平,ci.清.0005.pinyin.json 第3阕第13字 语料拼音 jué,待裁定
ci.清.0005.pinyin.json#496,0,39,甚,4,仄,2,平,ci.清.0005.pinyin.json 第1阕第40字 语料拼音 shén,待裁定
ci.清.0005.pinyin.json#497,0,0,绝,4,仄,2,平,ci.清.0005.pinyin.json 第1阕第1字 语料拼音 jué,待裁定
ci.清.0005.pinyin.json#502,0,0,别,4,仄,2,平,ci.清.0005.pinyin.json 第1阕第1字 语料拼音 bié,待裁定
ci.清.0005.pinyin.json#504,0,17,甚,4,仄,2,平,ci.清.0005.pinyin.json 第1阕第18字 语料拼音 shén,待裁定
ci.清.0005.pinyin.json#504,1,35,长,2,平,3,仄,ci.清.0005.pinyin.json 第2阕第36字 语料拼音 zhǎng,待裁定
ci.清.0005.pinyin.json#505,1,14,别,4,仄,2,平,ci.清.0005.pinyin.json 第2阕第15字 语料拼音 bié,待裁定
ci.清.0005.pinyin.json#506,0,22,长,2,平,3,仄,ci.清.0005.pinyin.json 第1阕第23字 语料拼音 zhǎng,待裁定
ci.清.0005.pinyin.json#513,1,2,长,2,平,3,仄,ci.清.0005.pinyin.json 第2阕第3字 语料拼音 zhǎng,待裁定
ci.清.0005.pinyin.json#514,1,2,别,4,仄,2,平,ci.清.0005.pinyin.json 第2阕第3字 语料拼音 bié,待裁定
ci.清.0005.pinyin.json#514,1,16,长,2,平,3,仄,ci.清.0005.pinyin.json 第2阕第17字 语料拼音 zhǎng,待裁定
ci.清.0005.pinyin.json#515,1,18,甚,4,仄,2,平,ci.清.0005.pinyin.json 第2阕第19字 语料拼音 shén,待裁定
ci.清.0005.pinyin.json#519,0,41,长,2,平,3,仄,ci.清.0005.pinyin.json 第1阕第42字 语料拼音 zhǎng,待裁定
ci.清.0005.pinyin.json#519,1,37,绝,4,仄,2,平,ci.清.0005.pinyin.json 第2阕第38字 语料拼音 jué,待裁定
ci.清.0005.pinyin.json#520,1,6,甚,4,仄,2,平,ci.清.0005.pinyin.json 第2阕第7字 语料拼音 shén,待裁定
ci.清.0005.pinyin.json#524,1,29,别,4,仄,2,平,ci.清.0005.pinyin.json 第2阕第30字 语料拼音 bié,待裁定
ci.清.0005.pinyin.json#527,1,23,长,2,平,3,仄,ci.清.0005.pinyin.json 第2阕第24字 语料拼音 zhǎng,待裁定
ci.清.0005.pinyin.json#536,1,15,别,4,仄,2,平,ci.清.0005.pinyin.json 第2阕第16字 语料拼音 bié,待裁定
ci.清.0005.pinyin.json#539,1,37,甚,4,仄,2,平,ci.清.0005.pinyin.json 第2阕第38字 语料拼音 shén,待裁定
ci.清.0005.pinyin.json#541,1,36,长,2,平,3,仄,ci.清.0005.pinyin.json 第2阕第37字 语料拼音 zhǎng,待裁定
ci.清.0005.pinyin.json#543,0,4,甚,4,仄,2,平,ci.清.0005.pinyin.json 第1阕第5字 语料拼音 shén,待裁定
ci.清.0005.pinyin.json#545,0,13,绝,4,仄,2,平,ci.清.0005.pinyin.json 第1阕第14字 语料拼音 jué,待裁定
ci.清.0005.pinyin.json#546,1,1,绝,4,仄,2,平,ci.清.0005.pinyin.json 第2阕第2字 语料拼音 jué,待裁定
ci.清.0005.pinyin.json#546,1,13,别,4,仄,2,平,ci.清.0005.pinyin.json 第2阕第14字 语料拼音 bié,待裁定
ci.清.0005.pinyin.json#547,1,7,甚,4,仄,2,平,ci.清.0005.pinyin.json 第2阕第8字 语料拼音 shén,待裁定
ci.清.0005.pinyin.json#548,0,2,长,2,平,3,仄,ci.清.0005.pinyin.json 第1阕第3字 语料拼音 zhǎng,待裁定
ci.清.0005.pinyin.json#549,2,6,甚,4,仄,2,平,ci.清.0005.pinyin.json 第3阕第7字 语料拼音 shén,待裁定
ci.清.0005.pinyin.json#553,1,1,别,4,仄,2,平,ci.清.0005.pinyin.json 第2阕第2字 语料拼音 bié,待裁定
ci.清.0005.pinyin.json#554,1,0,别,4,仄,2,平,ci.清.0005.pinyin.json 第2阕第1字 语料拼音 bié,待裁定
ci.清.0005.pinyin.json#555,1,16,别,4,仄,2,平,ci.清.0005.pinyin.json 第2阕第17字 语料拼音 bié,待裁定
ci.清.0005.pinyin.json#557,1,5,绝,4,仄,2,平,ci.清.0005.pinyin.json 第2阕第6字 语料拼音 jué,待裁定
ci.清.0005.pinyin.json#558,0,11,甚,4,仄,2,平,ci.清.0005.pinyin.json 第1阕第12字 语料拼音 shén,待裁定
ci.清.0005.pinyin.json#559,0,4,甚,4,仄,2,平,ci.清.0005.pinyin.json 第1阕第5字 语料拼音 shén,待裁定
ci.清.0005.pinyin.json#563,0,20,长,2,平,3,仄,ci.清.0005.pinyin.json 第1阕第21字 语料拼音 zhǎng,待裁定
ci.清.0005.pinyin.json#566,1,0,长,2,平,3,仄,ci.清.0005.pinyin.json 第2阕第1字 语料拼音 zhǎng,待裁定
ci.清.0005.pinyin.json#566,1,4,长,2,平,3,仄,ci.清.0005.pinyin.json 第2阕第5字 语料拼音 zhǎng,待裁定
ci.清.0005.pinyin.json#568,0,14,别,4,仄,2,平,ci.清.0005.pinyin.json 第1阕第15字 语料拼音 bié,待裁定
ci.清.0005.pinyin.json#574,1,2,别,4,仄,2,平,ci.清.0005.pinyin.json 第2阕第3字 语料拼音 bié,待裁定
ci.清.0005.pinyin.json#575,1,19,长,2,平,3,仄,ci.清.0005.pinyin.json 第2阕第20字 语料拼音 zhǎng,待裁定
ci.清.0005.pinyin.json#576,1,3,别,4,仄,2,平,ci.清.0005.pinyin.json 第2阕第4字 语料拼音 bié,待裁定
ci.清.0005.pinyin.json#579,0,21,别,4,仄,2,平,ci.清.0005.pinyin.json 第1阕第22字 语料拼音 bié,待裁定
ci.清.0005.pinyin.json#597,1,21,长,2,平,3,仄,ci.清.0005.pinyin.json 第2阕第22字 语料拼音 zhǎng,待裁定
ci.清.0005.pinyin.json#598,1,4,长,2,平,3,仄,ci.清.0005.pinyin.json 第2阕第5字 语料拼音 zhǎng,待裁定
ci.清.0005.pinyin.json#600,1,19,绝,4,仄,2,平,ci.清.0005.pinyin.json 第2阕第20字 语料拼音 jué,待裁定
ci.清.0005.pinyin.json#600,1,31,甚,4,仄,2,平,ci.清.0005.pinyin.json 第2阕第32字 语料拼音 shén,待裁定
ci.清.0005.pinyin.json#606,1,8,别,4,仄,2,平,ci.清.0005.pinyin.json 第2阕第9字 语料拼音 bié,待裁定
ci.清.0005.pinyin.json#607,0,17,别,4,仄,2,平,ci.清.0005.pinyin.json 第1阕第18字 语料拼音 bié,待裁定
ci.清.0005.pinyin.json#616,1,26,长,2,平,3,仄,ci.清.0005.pinyin.json 第2阕第27字 语料拼音 zhǎng,待裁定
ci.清.0005.pinyin.json#617,0,7,长,2,平,3,仄,ci.清.0005.pinyin.json 第1阕第8字 语料拼音 zhǎng,待裁定
ci.清.0005.pinyin.json#622,1,6,长,2,平,3,仄,ci.清.0005.pinyin.json 第2阕第7字 语料拼音 zhǎng,待裁定
ci.清.0005.pinyin.json#623,0,0,长,2,平,3,仄,ci.清.0005.pinyin.json 第1阕第1字 语料拼音 zhǎng,待裁定
ci.清.0005.pinyin.json#623,0,2,长,2,平,3,仄,ci.清.0005.pinyin.json 第1阕第3字 语料拼音 zhǎng,待裁定
ci.清.0005.pinyin.json#623,0,9,绝,4,仄,2,平,ci.清.0005.pinyin.json 第1阕第10字 语料拼音 jué,待裁定
ci.清.0005.pinyin.json#623,1,15,别,4,仄,2,平,ci.清.0005.pinyin.json 第2阕第16字 语料拼音 bié,待裁定
ci.清.0005.pinyin.json#625,1,33,绝,4,仄,2,平,ci.清.0005.pinyin.json 第2阕第34字 语料拼音 jué,待裁定
ci.清.0005.pinyin.json#629,1,18,别,4,仄,2,平,ci.清.0005.pinyin.json 第2阕第19字 语料拼音 bié,待裁定
ci.清.0005.pinyin.json#630,0,24,别,4,仄,2,平,ci.清.0005.pinyin.json 第1阕第25字 语料拼音 bié,待裁定
ci.清.0005.pinyin.json#630,1,9,长,2,平,3,仄,ci.清.0005.pinyin.json 第2阕第10字 语料拼音 zhǎng,待裁定
ci.清.0005.pinyin.json#630,1,20,绝,4,仄,2,平,ci.清.0005.pinyin.json 第2阕第21字 语料拼音 jué,待裁定
ci.清.0005.pinyin.json#632,1,1,长,2,平,3,仄,ci.清.0005.pinyin.json 第2阕第2字 语料拼音 zhǎng,待裁定
ci.清.0005.pinyin.json#633,0,37,别,4,仄,2,平,ci.清.0005.pinyin.json 第1阕第38字 语料拼音 bié,待裁定
ci.清.0005.pinyin.json#633,1,1,长,2,平,3,仄,ci.清.0005.pinyin.json 第2阕第2字 语料拼音 zhǎng,待裁定
ci.清.0005.pinyin.json#634,0,44,长,2,平,3,仄,ci.清.0005.pinyin.json 第1阕第45字 语料拼音 zhǎng,待裁定
ci.清.0005.pinyin.json#635,0,12,长,2,平,3,仄,ci.清.0005.pinyin.json 第1阕第13字 语料拼音 zhǎng,待裁定
ci.清.0005.pinyin.json#641,1,15,长,2,平,3,仄,ci.清.0005.pinyin.json 第2阕第16字 语料拼音 zhǎng,待裁定
ci.清.0005.pinyin.json#645,0,2,别,4,仄,2,平,ci.清.0005.pinyin.json 第1阕第3字 语料拼音 bié,待裁定
ci.清.0005.pinyin.json#647,1,22,长,2,平,3,仄,ci.清.0005.pinyin.json 第2阕第23字 语料拼音 zhǎng,待裁定
ci.清.0005.pinyin.json#649,1,1,绝,4,仄,2,平,ci.清.0005.pinyin.json 第2阕第2字 语料拼音 jué,待裁定
ci.清.0005.pinyin.json#651,0,38,绝,4,仄,2,平,ci.清.0005.pinyin.json 第1阕第39字 语料拼音 jué,待裁定
ci.清.0005.pinyin.json#651,1,27,别,4,仄,2,平,ci.清.0005.pinyin.json 第2阕第28字 语料拼音 bié,待裁定
ci.清.0005.pinyin.json#652,0,12,长,2,平,3,仄,ci.清.0005.pinyin.json 第1阕第13字 语料拼音 zhǎng,待裁定
ci.清.0005.pinyin.json#659,1,14,长,2,平,3,仄,ci.清.0005.pinyin.json 第2阕第15字 语料拼音 zhǎng,待裁定
ci.清.0005.pinyin.json#667,0,0,甚,4,仄,2,平,ci.清.0005.pinyin.json 第1阕第1字 语料拼音 shén,待裁定
ci.清.0005.pinyin.json#667,1,0,绝,4,仄,2,平,ci.清.0005.pinyin.json 第2阕第1字 语料拼音 jué,待裁定
ci.清.0005.pinyin.json#668,2,5,别,4,仄,2,平,ci.清.0005.pinyin.json 第3阕第6字 语料拼音 bié,待裁定
ci.清.0005.pinyin.json#679,0,0,长,2,平,3,仄,ci.清.0005.pinyin.json 第1阕第1字 语料拼音 zhǎng,待裁定
ci.清.0005.pinyin.json#688,1,4,甚,4,仄,2,平,ci.清.0005.pinyin.json 第2阕第5字 语料拼音 shén,待裁定
ci.清.0005.pinyin.json#695,0,24,别,4,仄,2,平,ci.清.0005.pinyin.json 第1阕第25字 语料拼音 bié,待裁定
ci.清.0005.pinyin.json#697,0,20,别,4,仄,2,平,ci.清.0005.pinyin.json 第1阕第21字 语料拼音 bié,待裁定
ci.清.0005.pinyin.json#697,1,1,别,4,仄,2,平,ci.清.0005.pinyin.json 第2阕第2字 语料拼音 bié,待裁定
ci.清.0005.pinyin.json#697,1,3,别,4,仄,2,平,ci.清.0005.pinyin.json 第2阕第4字 语料拼音 bié,待裁定
ci.清.0005.pinyin.json#714,1,5,长,2,平,3,仄,ci.清.0005.pinyin.json 第2阕第6字 语料拼音 zhǎng,待裁定
ci.清.0005.pinyin.json#723,1,11,别,4,仄,2,平,ci.清.0005.pinyin.json 第2阕第12字 语料拼音 bié,待裁定
ci.清.0005.pinyin.json#730,0,8,别,4,仄,2,平,ci.清.0005.pinyin.json 第1阕第9字 语料拼音 bié,待裁定
ci.清.0005.pinyin.json#731,1,11,长,2,平,3,仄,ci.清.0005.pinyin.json 第2阕第12字 语料拼音 zhǎng,待裁定
ci.清.0005.pinyin.json#734,0,11,别,4,仄,2,平,ci.清.0005.pinyin.json 第1阕第12字 语料拼音 bié,待裁定
ci.清.0005.pinyin.json#741,0,21,长,2,平,3,仄,ci.清.0005.pinyin.json 第1阕第22字 语料拼音 zhǎng,待裁定
ci.清.0005.pinyin.json#747,1,8,别,4,仄,2,平,ci.清.0005.pinyin.json 第2阕第9字 语料拼音 bié,待裁定
ci.清.0005.pinyin.json#750,0,20,长,2,平,3,仄,ci.清.0005.pinyin.json 第1阕第21字 语料拼音 zhǎng,待裁定
ci.清.0005.pinyin.json#756,1,14,长,2,平,3,仄,ci.清.0005.pinyin.json 第2阕第15字 语料拼音 zhǎng,待裁定
ci.清.0005.pinyin.json#758,1,7,长,2,平,3,仄,ci.清.0005.pinyin.json 第2阕第8字 语料拼音 zhǎng,待裁定
ci.清.0005.pinyin.json#759,1,14,别,4,仄,2,平,ci.清.0005.pinyin.json 第2阕第15字 语料拼音 bié,待裁定
ci.清.0005.pinyin.json#765,1,12,别,4,仄,2,平,ci.清.0005.pinyin.json 第2阕第13字 语料拼音 bié,待裁定
ci.清.0005.pinyin.json#765,1,15,长,2,平,3,仄,ci.清.0005.pinyin.json 第2阕第16字 语料拼音 zhǎng,待裁定
ci.清.0005.pinyin.json#765,1,22,别,4,仄,2,平,ci.清.0005.pinyin.json 第2阕第23字 语料拼音 bié,待裁定
ci.清.0005.pinyin.json#766,0,7,别,4,仄,2,平,ci.清.0005.pinyin.json 第1阕第8字 语料拼音 bié,待裁定
ci.清.0005.pinyin.json#767,0,25,长,2,平,3,仄,ci.清.0005.pinyin.json 第1阕第26字 语料拼音 zhǎng,待裁定
ci.清.0005.pinyin.json#772,0,12,别,4,仄,2,平,ci.清.0005.pinyin.json 第1阕第13字 语料拼音 bié,待裁定
ci.清.0005.pinyin.json#777,1,11,别,4,仄,2,平,ci.清.0005.pinyin.json 第2阕第12字 语料拼音 bié,待裁定
ci.清.0005.pinyin.json#779,1,22,长,2,平,3,仄,ci.清.0005.pinyin.json 第2阕第23字 语料拼音 zhǎng,待裁定
ci.清.0005.pinyin.json#791,0,30,别,4,仄,2,平,ci.清.0005.pinyin.json 第1阕第31字 语料拼音 bié,待裁定
ci.清.0005.pinyin.json#793,1,14,长,2,平,3,仄,ci.清.0005.pinyin.json 第2阕第15字 语料拼音 zhǎng,待裁定
ci.清.0005.pinyin.json#793,1,17,长,2,平,3,仄,ci.清.0005.pinyin.json 第2阕第18字 语料拼音 zhǎng,待裁定
ci.清.0005.pinyin.json#794,0,25,长,2,平,3,仄,ci.清.0005.pinyin.json 第1阕第26字 语料拼音 zhǎng,待裁定
ci.清.0005.pinyin.json#795,0,22,别,4,仄,2,平,ci.清.0005.pinyin.json 第1阕第23字 语料拼音 bié,待裁定
ci.清.0005.pinyin.json#795,1,8,长,2,平,3,仄,ci.清.0005.pinyin.json 第2阕第9字 语料拼音 zhǎng,待裁定
ci.清.0005.pinyin.json#801,1,4,长,2,平,3,仄,ci.清.0005.pinyin.json 第2阕第5字 语料拼音 zhǎng,待裁定
ci.清.0005.pinyin.json#804,1,11,别,4,仄,2,平,ci.清.0005.pinyin.json 第2阕第12字 语料拼音 bié,待裁定
ci.清.0005.pinyin.json#807,1,22,长,2,平,3,仄,ci.清.0005.pinyin.json 第2阕第23字 语料拼音 zhǎng,待裁定
ci.清.0005.pinyin.json#809,0,12,别,4,仄,2,平,ci.清.0005.pinyin.json 第1阕第13字 语料拼音 bié,待裁定
ci.清.0005.pinyin.json#810,1,12,别,4,仄,2,平,ci.清.0005.pinyin.json 第2阕第13字 语料拼音 bié,待裁定
ci.清.0005.pinyin.json#819,0,2,别,4,仄,2,平,ci.清.0005.pinyin.json 第1阕第3字 语料拼音 bié,待裁定
ci.清.0005.pinyin.json#820,0,9,长,2,平,3,仄,ci.清.0005.pinyin.json 第1阕第10字 语料拼音 zhǎng,待裁定
ci.清.0005.pinyin.json#831,1,19,甚,4,仄,2,平,ci.清.0005.pinyin.json 第2阕第20字 语料拼音 shén,待裁定
ci.清.0005.pinyin.json#835,0,13,甚,4,仄,2,平,ci.清.0005.pinyin.json 第1阕第14字 语料拼音 shén,待裁定
ci.清.0005.pinyin.json#835,1,17,长,2,平,3,仄,ci.清.0005.pinyin.json 第2阕第18字 语料拼音 zhǎng,待裁定
ci.清.0005.pinyin.json#837,1,0,别,4,仄,2,平,ci.清.0005.pinyin.json 第2阕第1字 语料拼音 bié,待裁定
ci.清.0005.pinyin.json#839,0,31,别,4,仄,2,平,ci.清.0005.pinyin.json 第1阕第32字 语料拼音 bié,待裁定
ci.清.0005.pinyin.json#840,0,13,甚,4,仄,2,平,ci.清.0005.pinyin.json 第1阕第14字 语料拼音 shén,待裁定
ci.清.0005.pinyin.json#843,1,2,长,2,平,3,仄,ci.清.0005.pinyin.json 第2阕第3字 语料拼音 zhǎng,待裁定
ci.清.0005.pinyin.json#847,0,45,长,2,平,3,仄,ci.清.0005.pinyin.json 第1阕第46字 语料拼音 zhǎng,待裁定
ci.清.0005.pinyin.json#849,1,27,别,4,仄,2,平,ci.清.0005.pinyin.json 第2阕第28字 语料拼音 bié,待裁定
ci.清.0005.pinyin.json#849,1,36,长,2,平,3,仄,ci.清.0005.pinyin.json 第2阕第37字 语料拼音 zhǎng,待裁定
ci.清.0005.pinyin.json#850,1,43,长,2,平,3,仄,ci.清.0005.pinyin.json 第2阕第44字 语料拼音 zhǎng,待裁定
ci.清.0005.pinyin.json#852,1,41,长,2,平,3,仄,ci.清.0005.pinyin.json 第2阕第42字 语料拼音 zhǎng,待裁定
ci.清.0005.pinyin.json#855,0,27,长,2,平,3,仄,ci.清.0005.pinyin.json 第1阕第28字 语料拼音 zhǎng,待裁定
ci.清.0005.pinyin.json#856,0,34,长,2,平,3,仄,ci.清.0005.pinyin.json 第1阕第35字 语料拼音 zhǎng,待裁定
ci.清.0005.pinyin.json#859,0,39,别,4,仄,2,平,ci.清.0005.pinyin.json 第1阕第40字 语料拼音 bié,待裁定
ci.清.0005.pinyin.json#859,1,22,长,2,平,3,仄,ci.清.0005.pinyin.json 第2阕第23字 语料拼音 zhǎng,待裁定
ci.清.0005.pinyin.json#863,0,43,长,2,平,3,仄,ci.清.0005.pinyin.json 第1阕第44字 语料拼音 zhǎng,待裁定
ci.清.0005.pinyin.json#868,1,38,长,2,平,3,仄,ci.清.0005.pinyin.json 第2阕第39字 语料拼音 zhǎng,待裁定
ci.清.0005.pinyin.json#872,1,46,长,2,平,3,仄,ci.清.0005.pinyin.json 第2阕第47字 语料拼音 zhǎng,待裁定
ci.清.0005.pinyin.json#875,0,12,绝,4,仄,2,平,ci.清.0005.pinyin.json 第1阕第13字 语料拼音 jué,待裁定
ci.清.0005.pinyin.json#875,0,43,长,2,平,3,仄,ci.清.0005.pinyin.json 第1阕第44字 语料拼音 zhǎng,待裁定
ci.清.0005.pinyin.json#875,1,14,别,4,仄,2,平,ci.清.0005.pinyin.json 第2阕第15字 语料拼音 bié,待裁定
ci.清.0005.pinyin.json#875,1,30,长,2,平,3,仄,ci.清.0005.pinyin.json 第2阕第31字 语料拼音 zhǎng,待裁定
ci.清.0005.pinyin.json#878,1,0,别,4,仄,2,平,ci.清.0005.pinyin.json 第2阕第1字 语料拼音 bié,待裁定
ci.清.0005.pinyin.json#879,0,3,甚,4,仄,2,平,ci.清.0005.pinyin.json 第1阕第4字 语料拼音 shén,待裁定
ci.清.0005.pinyin.json#883,0,12,长,2,平,3,仄,ci.清.0005.pinyin.json 第1阕第13字 语料拼音 zhǎng,待裁定
ci.清.0005.pinyin.json#885,0,37,甚,4,仄,2,平,ci.清.0005.pinyin.json 第1阕第38字 语料拼音 shén,待裁定
ci.清.0005.pinyin.json#889,0,5,长,2,平,3,仄,ci.清.0005.pinyin.json 第1阕第6字 语料拼音 zhǎng,待裁定
ci.清.0005.pinyin.json#890,0,56,别,4,仄,2,平,ci.清.0005.pinyin.json 第1阕第57字 语料拼音 bié,待裁定
ci.清.0005.pinyin.json#892,0,38,甚,4,仄,2,平,ci.清.0005.pinyin.json 第1阕第39字 语料拼音 shén,待裁定
ci.清.0005.pinyin.json#893,1,46,长,2,平,3,仄,ci.清.0005.pinyin.json 第2阕第47字 语料拼音 zhǎng,待裁定
ci.清.0005.pinyin.json#894,0,31,长,2,平,3,仄,ci.清.0005.pinyin.json 第1阕第32字 语料拼音 zhǎng,待裁定
ci.清.0005.pinyin.json#895,1,31,长,2,平,3,仄,ci.清.0005.pinyin.json 第2阕第32字 语料拼音 zhǎng,待裁定
ci.清.0005.pinyin.json#895,1,40,长,2,平,3,仄,ci.清.0005.pinyin.json 第2阕第41字 语料拼音 zhǎng,待裁定
ci.清.0005.pinyin.json#896,0,23,长,2,平,3,仄,ci.清.0005.pinyin.json 第1阕第24字 语料拼音 zhǎng,待裁定
ci.清.0005.pinyin.json#896,1,16,绝,4,仄,2,平,ci.清.0005.pinyin.json 第2阕第17字 语料拼音 jué,待裁定
ci.清.0005.pinyin.json#898,0,22,别,4,仄,2,平,ci.清.0005.pinyin.json 第1阕第23字 语料拼音 bié,待裁定
ci.清.0005.pinyin.json#898,1,24,长,2,平,3,仄,ci.清.0005.pinyin.json 第2阕第25字 语料拼音 zhǎng,待裁定
ci.清.0005.pinyin.json#901,1,10,绝,4,仄,2,平,ci.清.0005.pinyin.json 第2阕第11字 语料拼音 jué,待裁定
ci.清.0005.pinyin.json#901,1,35,别,4,仄,2,平,ci.清.0005.pinyin.json 第2阕第36字 语料拼音 bié,待裁定
ci.清.0005.pinyin.json#905,0,5,长,2,平,3,仄,ci.清.0005.pinyin.json 第1阕第6字 语料拼音 zhǎng,待裁定
ci.清.0005.pinyin.json#906,0,8,绝,4,仄,2,平,ci.清.0005.pinyin.json 第1阕第9字 语料拼音 jué,待裁定
ci.清.0005.pinyin.json#907,1,20,别,4,仄,2,平,ci.清.0005.pinyin.json 第2阕第21字 语料拼音 bié,待裁定
ci.清.0005.pinyin.json#908,1,9,绝,4,仄,2,平,ci.清.0005.pinyin.json 第2阕第10字 语料拼音 jué,待裁定
ci.清.0005.pinyin.json#913,1,9,长,2,平,3,仄,ci.清.0005.pinyin.json 第2阕第10字 语料拼音 zhǎng,待裁定
ci.清.0005.pinyin.json#927,0,2,长,2,平,3,仄,ci.清.0005.pinyin.json 第1阕第3字 语料拼音 zhǎng,待裁定
ci.清.0005.pinyin.json#932,1,25,长,2,平,3,仄,ci.清.0005.pinyin.json 第2阕第26字 语料拼音 zhǎng,待裁定
ci.清.0005.pinyin.json#936,1,1,别,4,仄,2,平,ci.清.0005.pinyin.json 第2阕第2字 语料拼音 bié,待裁定
ci.清.0005.pinyin.json#938,0,8,长,2,平,3,仄,ci.清.0005.pinyin.json 第1阕第9字 语料拼音 zhǎng,待裁定
ci.清.0005.pinyin.json#938,1,9,长,2,平,3,仄,ci.清.0005.pinyin.json 第2阕第10字 语料拼音 zhǎng,待裁定
ci.清.0005.pinyin.json#939,1,0,长,2,平,3,仄,ci.清.0005.pinyin.json 第2阕第1字 语料拼音 zhǎng,待裁定
ci.清.0005.pinyin.json#945,0,19,绝,4,仄,2,平,ci.清.0005.pinyin.json 第1阕第20字 语料拼音 jué,待裁定
ci.清.0005.pinyin.json#951,0,13,别,4,仄,2,平,ci.清.0005.pinyin.json 第1阕第14字 语料拼音 bié,待裁定
ci.清.0005.pinyin.json#954,0,17,长,2,平,3,仄,ci.清.0005.pinyin.json 第1阕第18字 语料拼音 zhǎng,待裁定
ci.清.0005.pinyin.json#958,1,8,长,2,平,3,仄,ci.清.0005.pinyin.json 第2阕第9字 语料拼音 zhǎng,待裁定
ci.清.0005.pinyin.json#959,1,13,别,4,仄,2,平,ci.清.0005.pinyin.json 第2阕第14字 语料拼音 bié,待裁定
ci.清.0005.pinyin.json#959,1,23,绝,4,仄,2,平,ci.清.0005.pinyin.json 第2阕第24字 语料拼音 jué,待裁定
ci.清.0005.pinyin.json#960,1,48,长,2,平,3,仄,ci.清.0005.pinyin.json 第2阕第49字 语料拼音 zhǎng,待裁定
ci.清.0005.pinyin.json#969,1,6,别,4,仄,2,平,ci.清.0005.pinyin.json 第2阕第7字 语料拼音 bié,待裁定
ci.清.0005.pinyin.json#969,1,37,绝,4,仄,2,平,ci.清.0005.pinyin.json 第2阕第38字 语料拼音 jué,待裁定
ci.清.0005.pinyin.json#969,1,43,甚,4,仄,2,平,ci.清.0005.pinyin.json 第2阕第44字 语料拼音 shén,待裁定
ci.清.0005.pinyin.json#978,1,20,绝,4,仄,2,平,ci.清.0005.pinyin.json 第2阕第21字 语料拼音 jué,待裁定
ci.清.0005.pinyin.json#997,1,2,甚,4,仄,2,平,ci.清.0005.pinyin.json 第2阕第3字 语料拼音 shén,待裁定
ci.清.0005.pinyin.json#998,1,4,甚,4,仄,2,平,ci.清.0005.pinyin.json 第2阕第5字 语料拼音 shén,待裁定
ci.清.0006.pinyin.json#0,1,12,甚,4,仄,2,平,ci.清.0006.pinyin.json 第2阕第13字 语料拼音 shén,待裁定
ci.清.0006.pinyin.json#1,0,17,长,2,平,3,仄,ci.清.0006.pinyin.json 第1阕第18字 语料拼音 zhǎng,待裁定
ci.清.0006.pinyin.json#3,0,46,绝,4,仄,2,平,ci.清.0006.pinyin.json 第1阕第47字 语料拼音 jué,待裁定
ci.清.0006.pinyin.json#3,1,26,长,2,平,3,仄,ci.清.0006.pinyin.json 第2阕第27字 语料拼音 zhǎng,待裁定
ci.清.0006.pinyin.json#8,1,2,长,2,平,3,仄,ci.清.0006.pinyin.json 第2阕第3字 语料拼音 zhǎng,待裁定
ci.清.0006.pinyin.json#11,1,4,长,2,平,3,仄,ci.清.0006.pinyin.json 第2阕第5字 语料拼音 zhǎng,待裁定
ci.清.0006.pinyin.json#12,0,44,甚,4,仄,2,平,ci.清.0006.pinyin.json 第1阕第45字 语料拼音 shén,待裁定
ci.清.0006.pinyin.json#12,1,0,长,2,平,3,仄,ci.清.0006.pinyin.json 第2阕第1字 语料拼音 zhǎng,待裁定
ci.清.0006.pinyin.json#12,1,16,长,2,平,3,仄,ci.清.0006.pinyin.json 第2阕第17字 语料拼音 zhǎng,待裁定
ci.清.0006.pinyin.json#16,0,7,甚,4,仄,2,平,ci.清.0006.pinyin.json 第1阕第8字 语料拼音 shén,待裁定
ci.清.0006.pinyin.json#19,0,22,别,4,仄,2,平,ci.清.0006.pinyin.json 第1阕第23字 语料拼音 bié,待裁定
ci.清.0006.pinyin.json#19,1,32,甚,4,仄,2,平,ci.清.0006.pinyin.json 第2阕第33字 语料拼音 shén,待裁定
ci.清.0006.pinyin.json#20,1,5,长,2,平,3,仄,ci.清.0006.pinyin.json 第2阕第6字 语料拼音 zhǎng,待裁定
ci.清.0006.pinyin.json#25,0,34,长,2,平,3,仄,ci.清.0006.pinyin.json 第1阕第35字 语料拼音 zhǎng,待裁定
ci.清.0006.pinyin.json#25,1,20,甚,4,仄,2,平,ci.清.0006.pinyin.json 第2阕第21字 语料拼音 shén,待裁定
ci.清.0006.pinyin.json#26,0,38,长,2,平,3,仄,ci.清.0006.pinyin.json 第1阕第39字 语料拼音 zhǎng,待裁定
ci.清.0006.pinyin.json#28,1,9,长,2,平,3,仄,ci.清.0006.pinyin.json 第2阕第10字 语料拼音 zhǎng,待裁定
ci.清.0006.pinyin.json#31,1,11,别,4,仄,2,平,ci.清.0006.pinyin.json 第2阕第12字 语料拼音 bié,待裁定
ci.清.0006.pinyin.json#33,1,9,长,2,平,3,仄,ci.清.0006.pinyin.json 第2阕第10字 语料拼音 zhǎng,待裁定
ci.清.0006.pinyin.json#33,1,15,甚,4,仄,2,平,ci.清.0006.pinyin.json 第2阕第16字 语料拼音 shén,待裁定
ci.清.0006.pinyin.json#33,1,22,长,2,平,3,仄,ci.清.0006.pinyin.json 第2阕第23字 语料拼音 zhǎng,待裁定
ci.清.0006.pinyin.json#34,4,1,甚,4,仄,2,平,ci.清.0006.pinyin.json 第5阕第2字 语料拼音 shén,待裁定
ci.清.0006.pinyin.json#38,0,2,绝,4,仄,2,平,ci.清.0006.pinyin.json 第1阕第3字 语料拼音 jué,待裁定
ci.清.0006.pinyin.json#39,1,13,绝,4,仄,2,平,ci.清.0006.pinyin.json 第2阕第14字 语料拼音 jué,待裁定
ci.清.0006.pinyin.json#44,0,27,绝,4,仄,2,平,ci.清.0006.pinyin.json 第1阕第28字 语料拼音 jué,待裁定
ci.清.0006.pinyin.json#51,0,38,甚,4,仄,2,平,ci.清.0006.pinyin.json 第1阕第39字 语料拼音 shén,待裁定
ci.清.0006.pinyin.json#52,1,22,别,4,仄,2,平,ci.清.0006.pinyin.json 第2阕第23字 语料拼音 bié,待裁定
ci.清.0006.pinyin.json#53,0,23,绝,4,仄,2,平,ci.清.0006.pinyin.json 第1阕第24字 语料拼音 jué,待裁定
ci.清.0006.pinyin.json#53,1,39,别,4,仄,2,平,ci.清.0006.pinyin.json 第2阕第40字 语料拼音 bié,待裁定
ci.清.0006.pinyin.json#54,0,31,长,2,平,3,仄,ci.清.0006.pinyin.json 第1阕第32字 语料拼音 zhǎng,待裁定
ci.清.0006.pinyin.json#54,1,47,绝,4,仄,2,平,ci.清.0006.pinyin.json 第2阕第48字 语料拼音 jué,待裁定
ci.清.0006.pinyin.json#58,0,35,绝,4,仄,2,平,ci.清.0006.pinyin.json 第1阕第36字 语料拼音 jué,待裁定
ci.清.0006.pinyin.json#58,1,14,别,4,仄,2,平,ci.清.0006.pinyin.json 第2阕第15字 语料拼音 bié,待裁定
ci.清.0006.pinyin.json#63,0,44,别,4,仄,2,平,ci.清.0006.pinyin.json 第1阕第45字 语料拼音 bié,待裁定
ci.清.0006.pinyin.json#67,0,19,长,2,平,3,仄,ci.清.0006.pinyin.json 第1阕第20字 语料拼音 zhǎng,待裁定
ci.清.0006.pinyin.json#73,1,0,长,2,平,3,仄,ci.清.0006.pinyin.json 第2阕第1字 语料拼音 zhǎng,待裁定
ci.清.0006.pinyin.json#80,1,0,长,2,平,3,仄,ci.清.0006.pinyin.json 第2阕第1字 语料拼音 zhǎng,待裁定
ci.清.0006.pinyin.json#80,1,43,长,2,平,3,仄,ci.清.0006.pinyin.json 第2阕第44字 语料拼音 zhǎng,待裁定
ci.清.0006.pinyin.json#81,1,14,长,2,平,3,仄,ci.清.0006.pinyin.json 第2阕第15字 语料拼音 zhǎng,待裁定
ci.清.0006.pinyin.json#83,1,46,长,2,平,3,仄,ci.清.0006.pinyin.json 第2阕第47字 语料拼音 zhǎng,待裁定
ci.清.0006.pinyin.json#84,1,0,长,2,平,3,仄,ci.清.0006.pinyin.json 第2阕第1字 语料拼音 zhǎng,待裁定
ci.清.0006.pinyin.json#84,1,21,绝,4,仄,2,平,ci.清.0006.pinyin.json 第2阕第22字 语料拼音 jué,待裁定
ci.清.0006.pinyin.json#85,0,20,别,4,仄,2,平,ci.清.0006.pinyin.json 第1阕第21字 语料拼音 bié,待裁定
ci.清.0006.pinyin.json#101,1,16,长,2,平,3,仄,ci.清.0006.pinyin.json 第2阕第17字 语料拼音 zhǎng,待裁定
ci.清.0006.pinyin.json#102,0,13,别,4,仄,2,平,ci.清.0006.pinyin.json 第1阕第14字 语料拼音 bié,待裁定
ci.清.0006.pinyin.json#102,0,17,长,2,平,3,仄,ci.清.0006.pinyin.json 第1阕第18字 语料拼音 zhǎng,待裁定
ci.清.0006.pinyin.json#106,0,27,绝,4,仄,2,平,ci.清.0006.pinyin.json 第1阕第28字 语料拼音 jué,待裁定
ci.清.0006.pinyin.json#117,1,18,长,2,平,3,仄,ci.清.0006.pinyin.json 第2阕第19字 语料拼音 zhǎng,待裁定
ci.清.0006.pinyin.json#120,0,10,别,4,仄,2,平,ci.清.0006.pinyin.json 第1阕第11字 语料拼音 bié,待裁定
ci.清.0006.pinyin.json#122,0,29,绝,4,仄,2,平,ci.清.0006.pinyin.json 第1阕第30字 语料拼音 jué,待裁定
ci.清.0006.pinyin.json#122,1,7,长,2,平,3,仄,ci.清.0006.pinyin.json 第2阕第8字 语料拼音 zhǎng,待裁定
ci.清.0006.pinyin.json#133,1,11,长,2,平,3,仄,ci.清.0006.pinyin.json 第2阕第12字 语料拼音 zhǎng,待裁定
ci.清.0006.pinyin.json#133,1,19,长,2,平,3,仄,ci.清.0006.pinyin.json 第2阕第20字 语料拼音 zhǎng,待裁定
ci.清.0006.pinyin.json#137,0,6,别,4,仄,2,平,ci.清.0006.pinyin.json 第1阕第7字 语料拼音 bié,待裁定
ci.清.0006.pinyin.json#137,0,9,长,2,平,3,仄,ci.清.0006.pinyin.json 第1阕第10字 语料拼音 zhǎng,待裁定
ci.清.0006.pinyin.json#145,1,26,长,2,平,3,仄,ci.清.0006.pinyin.json 第2阕第27字 语料拼音 zhǎng,待裁定
ci.清.0006.pinyin.json#146,1,4,绝,4,仄,2,平,ci.清.0006.pinyin.json 第2阕第5字 语料拼音 jué,待裁定
ci.清.0006.pinyin.json#150,0,37,甚,4,仄,2,平,ci.清.0006.pinyin.json 第1阕第38字 语料拼音 shén,待裁定
ci.清.0006.pinyin.json#152,1,6,别,4,仄,2,平,ci.清.0006.pinyin.json 第2阕第7字 语料拼音 bié,待裁定
ci.清.0006.pinyin.json#160,0,16,长,2,平,3,仄,ci.清.0006.pinyin.json 第1阕第17字 语料拼音 zhǎng,待裁定
ci.清.0006.pinyin.json#160,1,20,长,2,平,3,仄,ci.清.0006.pinyin.json 第2阕第21字 语料拼音 zhǎng,待裁定
ci.清.0006.pinyin.json#171,1,4,长,2,平,3,仄,ci.清.0006.pinyin.json 第2阕第5字 语料拼音 zhǎng,待裁定
ci.清.0006.pinyin.json#172,1,4,长,2,平,3,仄,ci.清.0006.pinyin.json 第2阕第5字 语料拼音 zhǎng,待裁定
ci.清.0006.pinyin.json#172,1,14,绝,4,仄,2,平,ci.清.0006.pinyin.json 第2阕第15字 语料拼音 jué,待裁定
ci.清.0006.pinyin.json#176,1,7,长,2,平,3,仄,ci.清.0006.pinyin.json 第2阕第8字 语料拼音 zhǎng,待裁定
ci.清.0006.pinyin.json#178,1,2,别,4,仄,2,平,ci.清.0006.pinyin.json 第2阕第3字 语料拼音 bié,待裁定
ci.清.0006.pinyin.json#180,0,4,甚,4,仄,2,平,ci.清.0006.pinyin.json 第1阕第5字 语料拼音 shén,待裁定
ci.清.0006.pinyin.json#180,0,36,别,4,仄,2,平,ci.清.0006.pinyin.json 第1阕第37字 语料拼音 bié,待裁定
ci.清.0006.pinyin.json#180,0,48,绝,4,仄,2,平,ci.清.0006.pinyin.json 第1阕第49字 语料拼音 jué,待裁定
ci.清.0006.pinyin.json#181,1,28,甚,4,仄,2,平,ci.清.0006.pinyin.json 第2阕第29字 语料拼音 shén,待裁定
ci.清.0006.pinyin.json#188,1,5,绝,4,仄,2,平,ci.清.0006.pinyin.json 第2阕第6字 语料拼音 jué,待裁定
ci.清.0006.pinyin.json#189,1,6,别,4,仄,2,平,ci.清.0006.pinyin.json 第2阕第7字 语料拼音 bié,待裁定
ci.清.0006.pinyin.json#190,3,10,长,2,平,3,仄,ci.清.0006.pinyin.json 第4阕第11字 语料拼音 zhǎng,待裁定
ci.清.0006.pinyin.json#193,0,18,绝,4,仄,2,平,ci.清.0006.pinyin.json 第1阕第19字 语料拼音 jué,待裁定
ci.清.0006.pinyin.json#195,0,34,长,2,平,3,仄,ci.清.0006.pinyin.json 第1阕第35字 语料拼音 zhǎng,待裁定
ci.清.0006.pinyin.json#197,0,35,绝,4,仄,2,平,ci.清.0006.pinyin.json 第1阕第36字 语料拼音 jué,待裁定
ci.清.0006.pinyin.json#198,0,36,长,2,平,3,仄,ci.清.0006.pinyin.json 第1阕第37字 语料拼音 zhǎng,待裁定
ci.清.0006.pinyin.json#200,0,43,长,2,平,3,仄,ci.清.0006.pinyin.json 第1阕第44字 语料拼音 zhǎng,待裁定
ci.清.0006.pinyin.json#201,1,47,长,2,平,3,仄,ci.清.0006.pinyin.json 第2阕第48字 语料拼音 zhǎng,待裁定
ci.清.0006.pinyin.json#202,1,36,绝,4,仄,2,平,ci.清.0006.pinyin.json 第2阕第37字 语料拼音 jué,待裁定
ci.清.0006.pinyin.json#203,1,12,长,2,平,3,仄,ci.清.0006.pinyin.json 第2阕第13字 语料拼音 zhǎng,待裁定
ci.清.0006.pinyin.json#217,0,7,别,4,仄,2,平,ci.清.0006.pinyin.json 第1阕第8字 语料拼音 bié,待裁定
ci.清.0006.pinyin.json#220,0,36,甚,4,仄,2,平,ci.清.0006.pinyin.json 第1阕第37字 语料拼音 shén,待裁定
ci.清.0006.pinyin.json#220,0,42,长,2,平,3,仄,ci.清.0006.pinyin.json 第1阕第43字 语料拼音 zhǎng,待裁定
ci.清.0006.pinyin.json#222,1,42,甚,4,仄,2,平,ci.清.0006.pinyin.json 第2阕第43字 语料拼音 shén,待裁定
ci.清.0006.pinyin.json#225,1,15,别,4,仄,2,平,ci.清.0006.pinyin.json 第2阕第16字 语料拼音 bié,待裁定
ci.清.0006.pinyin.json#227,0,41,甚,4,仄,2,平,ci.清.0006.pinyin.json 第1阕第42字 语料拼音 shén,待裁定
ci.清.0006.pinyin.json#230,1,51,绝,4,仄,2,平,ci.清.0006.pinyin.json 第2阕第52字 语料拼音 jué,待裁定
ci.清.0006.pinyin.json#231,0,3,别,4,仄,2,平,ci.清.0006.pinyin.json 第1阕第4字 语料拼音 bié,待裁定
ci.清.0006.pinyin.json#231,1,42,绝,4,仄,2,平,ci.清.0006.pinyin.json 第2阕第43字 语料拼音 jué,待裁定
ci.清.0006.pinyin.json#238,0,29,长,2,平,3,仄,ci.清.0006.pinyin.json 第1阕第30字 语料拼音 zhǎng,待裁定
ci.清.0006.pinyin.json#239,0,22,绝,4,仄,2,平,ci.清.0006.pinyin.json 第1阕第23字 语料拼音 jué,待裁定
ci.清.0006.pinyin.json#242,1,14,长,2,平,3,仄,ci.清.0006.pinyin.json 第2阕第15字 语料拼音 zhǎng,待裁定
ci.清.0006.pinyin.json#245,1,9,绝,4,仄,2,平,ci.清.0006.pinyin.json 第2阕第10字 语料拼音 jué,待裁定
ci.清.0006.pinyin.json#256,1,20,别,4,仄,2,平,ci.清.0006.pinyin.json 第2阕第21字 语料拼音 bié,待裁定
ci.清.0006.pinyin.json#257,0,26,长,2,平,3,仄,ci.清.0006.pinyin.json 第1阕第27字 语料拼音 zhǎng,待裁定
ci.清.0006.pinyin.json#258,1,10,长,2,平,3,仄,ci.清.0006.pinyin.json 第2阕第11字 语料拼音 zhǎng,待裁定
ci.清.0006.pinyin.json#261,1,20,甚,4,仄,2,平,ci.清.0006.pinyin.json 第2阕第21字 语料拼音 shén,待裁定
ci.清.0006.pinyin.json#262,0,10,长,2,平,3,仄,ci.清.0006.pinyin.json 第1阕第11字 语料拼音 zhǎng,待裁定
ci.清.0006.pinyin.json#265,1,10,绝,4,仄,2,平,ci.清.0006.pinyin.json 第2阕第11字 语料拼音 jué,待裁定
ci.清.0006.pinyin.json#267,1,26,长,2,平,3,仄,ci.清.0006.pinyin.json 第2阕第27字 语料拼音 zhǎng,待裁定
ci.清.0006.pinyin.json#269,1,12,甚,4,仄,2,平,ci.清.0006.pinyin.json 第2阕第13字 语料拼音 shén,待裁定
ci.清.0006.pinyin.json#271,0,28,甚,4,仄,2,平,ci.清.0006.pinyin.json 第1阕第29字 语料拼音 shén,待裁定
ci.清.0006.pinyin.json#282,1,13,绝,4,仄,2,平,ci.清.0006.pinyin.json 第2阕第14字 语料拼音 jué,待裁定
ci.清.0006.pinyin.json#282,1,38,别,4,仄,2,平,ci.清.0006.pinyin.json 第2阕第39字 语料拼音 bié,待裁定
ci.清.0006.pinyin.json#285,1,17,绝,4,仄,2,平,ci.清.0006.pinyin.json 第2阕第18字 语料拼音 jué,待裁定
ci.清.0006.pinyin.json#292,1,5,别,4,仄,2,平,ci.清.0006.pinyin.json 第2阕第6字 语料拼音 bié,待裁定
ci.清.0006.pinyin.json#293,1,14,别,4,仄,2,平,ci.清.0006.pinyin.json 第2阕第15字 语料拼音 bié,待裁定
ci.清.0006.pinyin.json#294,1,40,别,4,仄,2,平,ci.清.0006.pinyin.json 第2阕第41字 语料拼音 bié,待裁定
ci.清.0006.pinyin.json#300,1,13,绝,4,仄,2,平,ci.清.0006.pinyin.json 第2阕第14字 语料拼音 jué,待裁定
ci.清.0006.pinyin.json#303,0,17,绝,4,仄,2,平,ci.清.0006.pinyin.json 第1阕第18字 语料拼音 jué,待裁定
ci.清.0006.pinyin.json#308,1,3,绝,4,仄,2,平,ci.清.0006.pinyin.json 第2阕第4字 语料拼音 jué,待裁定
ci.清.0006.pinyin.json#311,1,19,别,4,仄,2,平,ci.清.0006.pinyin.json 第2阕第20字 语料拼音 bié,待裁定
ci.清.0006.pinyin.json#313,1,5,绝,4,仄,2,平,ci.清.0006.pinyin.json 第2阕第6字 语料拼音 jué,待裁定
ci.清.0006.pinyin.json#322,0,5,长,2,平,3,仄,ci.清.0006.pinyin.json 第1阕第6字 语料拼音 zhǎng,待裁定
ci.清.0006.pinyin.json#328,0,19,长,2,平,3,仄,ci.清.0006.pinyin.json 第1阕第20字 语料拼音 zhǎng,待裁定
ci.清.0006.pinyin.json#330,0,13,长,2,平,3,仄,ci.清.0006.pinyin.json 第1阕第14字 语料拼音 zhǎng,待裁定
ci.清.0006.pinyin.json#333,0,11,别,4,仄,2,平,ci.清.0006.pinyin.json 第1阕第12字 语料拼音 bié,待裁定
ci.清.0006.pinyin.json#335,0,18,长,2,平,3,仄,ci.清.0006.pinyin.json 第1阕第19字 语料拼音 zhǎng,待裁定
ci.清.0006.pinyin.json#337,0,18,长,2,平,3,仄,ci.清.0006.pinyin.json 第1阕第19字 语料拼音 zhǎng,待裁定
ci.清.0006.pinyin.json#340,0,8,长,2,平,3,仄,ci.清.0006.pinyin.json 第1阕第9字 语料拼音 zhǎng,待裁定
ci.清.0006.pinyin.json#341,0,27,长,2,平,3,仄,ci.清.0006.pinyin.json 第1阕第28字 语料拼音 zhǎng,待裁定
ci.清.0006.pinyin.json#345,0,20,别,4,仄,2,平,ci.清.0006.pinyin.json 第1阕第21字 语料拼音 bié,待裁定
ci.清.0006.pinyin.json#350,0,6,长,2,平,3,仄,ci.清.0006.pinyin.json 第1阕第7字 语料拼音 zhǎng,待裁定
ci.清.0006.pinyin.json#351,0,18,甚,4,仄,2,平,ci.清.0006.pinyin.json 第1阕第19字 语料拼音 shén,待裁定
ci.清.0006.pinyin.json#356,1,4,别,4,仄,2,平,ci.清.0006.pinyin.json 第2阕第5字 语料拼音 bié,待裁定
ci.清.0006.pinyin.json#358,1,16,长,2,平,3,仄,ci.清.0006.pinyin.json 第2阕第17字 语料拼音 zhǎng,待裁定
ci.清.0006.pinyin.json#362,0,15,长,2,平,3,仄,ci.清.0006.pinyin.json 第1阕第16字 语料拼音 zhǎng,待裁定
ci.清.0006.pinyin.json#362,0,20,别,4,仄,2,平,ci.清.0006.pinyin.json 第1阕第21字 语料拼音 bié,待裁定
ci.清.0006.pinyin.json#362,0,41,绝,4,仄,2,平,ci.清.0006.pinyin.json 第1阕第42字 语料拼音 jué,待裁定
ci.清.0006.pinyin.json#362,1,12,长,2,平,3,仄,ci.清.0006.pinyin.json 第2阕第13字 语料拼音 zhǎng,待裁定
ci.清.0006.pinyin.json#364,0,11,长,2,平,3,仄,ci.清.0006.pinyin.json 第1阕第12字 语料拼音 zhǎng,待裁定
ci.清.0006.pinyin.json#364,1,10,别,4,仄,2,平,ci.清.0006.pinyin.json 第2阕第11字 语料拼音 bié,待裁定
ci.清.0006.pinyin.json#367,0,10,绝,4,仄,2,平,ci.清.0006.pinyin.json 第1阕第11字 语料拼音 jué,待裁定
ci.清.0006.pinyin.json#368,0,35,别,4,仄,2,平,ci.清.0006.pinyin.json 第1阕第36字 语料拼音 bié,待裁定
ci.清.0006.pinyin.json#369,0,6,别,4,仄,2,平,ci.清.0006.pinyin.json 第1阕第7字 语料拼音 bié,待裁定
ci.清.0006.pinyin.json#369,1,0,别,4,仄,2,平,ci.清.0006.pinyin.json 第2阕第1字 语料拼音 bié,待裁定
ci.清.0006.pinyin.json#370,0,1,别,4,仄,2,平,ci.清.0006.pinyin.json 第1阕第2字 语料拼音 bié,待裁定
ci.清.0006.pinyin.json#375,0,14,别,4,仄,2,平,ci.清.0006.pinyin.json 第1阕第15字 语料拼音 bié,待裁定
ci.清.0006.pinyin.json#376,0,12,别,4,仄,2,平,ci.清.0006.pinyin.json 第1阕第13字 语料拼音 bié,待裁定
ci.清.0006.pinyin.json#376,1,17,绝,4,仄,2,平,ci.清.0006.pinyin.json 第2阕第18字 语料拼音 jué,待裁定
ci.清.0006.pinyin.json#377,1,18,别,4,仄,2,平,ci.清.0006.pinyin.json 第2阕第19字 语料拼音 bié,待裁定
ci.清.0006.pinyin.json#380,0,21,长,2,平,3,仄,ci.清.0006.pinyin.json 第1阕第22字 语料拼音 zhǎng,待裁定
ci.清.0006.pinyin.json#383,0,10,长,2,平,3,仄,ci.清.0006.pinyin.json 第1阕第11字 语料拼音 zhǎng,待裁定
ci.清.0006.pinyin.json#383,0,15,绝,4,仄,2,平,ci.清.0006.pinyin.json 第1阕第16字 语料拼音 jué,待裁定
ci.清.0006.pinyin.json#383,0,30,甚,4,仄,2,平,ci.清.0006.pinyin.json 第1阕第31字 语料拼音 shén,待裁定
ci.清.0006.pinyin.json#383,1,14,长,2,平,3,仄,ci.清.0006.pinyin.json 第2阕第15字 语料拼音 zhǎng,待裁定
ci.清.0006.pinyin.json#384,0,50,甚,4,仄,2,平,ci.清.0006.pinyin.json 第1阕第51字 语料拼音 shén,待裁定
ci.清.0006.pinyin.json#384,0,51,长,2,平,3,仄,ci.清.0006.pinyin.json 第1阕第52字 语料拼音 zhǎng,待裁定
ci.清.0006.pinyin.json#385,1,27,别,4,仄,2,平,ci.清.0006.pinyin.json 第2阕第28字 语料拼音 bié,待裁定
ci.清.0006.pinyin.json#386,0,21,别,4,仄,2,平,ci.清.0006.pinyin.json 第1阕第22字 语料拼音 bié,待裁定
ci.清.0006.pinyin.json#386,1,37,长,2,平,3,仄,ci.清.0006.pinyin.json 第2阕第38字 语料拼音 zhǎng,待裁定
ci.清.0006.pinyin.json#387,1,9,别,4,仄,2,平,ci.清.0006.pinyin.json 第2阕第10字 语料拼音 bié,待裁定
ci.清.0006.pinyin.json#388,1,28,别,4,仄,2,平,ci.清.0006.pinyin.json 第2阕第29字 语料拼音 bié,待裁定
ci.清.0006.pinyin.json#389,1,11,长,2,平,3,仄,ci.清.0006.pinyin.json 第2阕第12字 语料拼音 zhǎng,待裁定
ci.清.0006.pinyin.json#397,3,15,绝,4,仄,2,平,ci.清.0006.pinyin.json 第4阕第16字 语料拼音 jué,待裁定
ci.清.0006.pinyin.json#403,0,0,长,2,平,3,仄,ci.清.0006.pinyin.json 第1阕第1字 语料拼音 zhǎng,待裁定
ci.清.0006.pinyin.json#408,0,44,长,2,平,3,仄,ci.清.0006.pinyin.json 第1阕第45字 语料拼音 zhǎng,待裁定
ci.清.0006.pinyin.json#411,0,1,别,4,仄,2,平,ci.清.0006.pinyin.json 第1阕第2字 语料拼音 bié,待裁定
ci.清.0006.pinyin.json#412,0,12,别,4,仄,2,平,ci.清.0006.pinyin.json 第1阕第13字 语料拼音 bié,待裁定
ci.清.0006.pinyin.json#412,0,13,长,2,平,3,仄,ci.清.0006.pinyin.json 第1阕第14字 语料拼音 zhǎng,待裁定
ci.清.0006.pinyin.json#413,0,23,长,2,平,3,仄,ci.清.0006.pinyin.json 第1阕第24字 语料拼音 zhǎng,待裁定
ci.清.0006.pinyin.json#413,1,9,别,4,仄,2,平,ci.清.0006.pinyin.json 第2阕第10字 语料拼音 bié,待裁定
ci.清.0006.pinyin.json#425,1,4,长,2,平,3,仄,ci.清.0006.pinyin.json 第2阕第5字 语料拼音 zhǎng,待裁定
ci.清.0006.pinyin.json#431,1,10,绝,4,仄,2,平,ci.清.0006.pinyin.json 第2阕第11字 语料拼音 jué,待裁定
ci.清.0006.pinyin.json#432,1,21,长,2,平,3,仄,ci.清.0006.pinyin.json 第2阕第22字 语料拼音 zhǎng,待裁定
ci.清.0006.pinyin.json#433,0,26,别,4,仄,2,平,ci.清.0006.pinyin.json 第1阕第27字 语料拼音 bié,待裁定
ci.清.0006.pinyin.json#433,1,41,长,2,平,3,仄,ci.清.0006.pinyin.json 第2阕第42字 语料拼音 zhǎng,待裁定
ci.清.0006.pinyin.json#435,1,34,长,2,平,3,仄,ci.清.0006.pinyin.json 第2阕第35字 语料拼音 zhǎng,待裁定
ci.清.0006.pinyin.json#436,1,40,甚,4,仄,2,平,ci.清.0006.pinyin.json 第2阕第41字 语料拼音 shén,待裁定
ci.清.0006.pinyin.json#437,0,38,甚,4,仄,2,平,ci.清.0006.pinyin.json 第1阕第39字 语料拼音 shén,待裁定
ci.清.0006.pinyin.json#440,0,48,长,2,平,3,仄,ci.清.0006.pinyin.json 第1阕第49字 语料拼音 zhǎng,待裁定
ci.清.0006.pinyin.json#440,0,53,甚,4,仄,2,平,ci.清.0006.pinyin.json 第1阕第54字 语料拼音 shén,待裁定
ci.清.0006.pinyin.json#443,1,5,绝,4,仄,2,平,ci.清.0006.pinyin.json 第2阕第6字 语料拼音 jué,待裁定
ci.清.0006.pinyin.json#444,1,57,长,2,平,3,仄,ci.清.0006.pinyin.json 第2阕第58字 语料拼音 zhǎng,待裁定
ci.清.0006.pinyin.json#462,1,7,长,2,平,3,仄,ci.清.0006.pinyin.json 第2阕第8字 语料拼音 zhǎng,待裁定
ci.清.0006.pinyin.json#465,1,9,长,2,平,3,仄,ci.清.0006.pinyin.json 第2阕第10字 语料拼音 zhǎng,待裁定
ci.清.0006.pinyin.json#467,0,1,别,4,仄,2,平,ci.清.0006.pinyin.json 第1阕第2字 语料拼音 bié,待裁定
ci.清.0006.pinyin.json#469,1,30,长,2,平,3,仄,ci.清.0006.pinyin.json 第2阕第31字 语料拼音 zhǎng,待裁定
ci.清.0006.pinyin.json#470,1,13,甚,4,仄,2,平,ci.清.0006.pinyin.json 第2阕第14字 语料拼音 shén,待裁定
ci.清.0006.pinyin.json#475,0,2,别,4,仄,2,平,ci.清.0006.pinyin.json 第1阕第3字 语料拼音 bié,待裁定
ci.清.0006.pinyin.json#476,0,47,长,2,平,3,仄,ci.清.0006.pinyin.json 第1阕第48字 语料拼音 zhǎng,待裁定
ci.清.0006.pinyin.json#478,1,11,绝,4,仄,2,平,ci.清.0006.pinyin.json 第2阕第12字 语料拼音 jué,待裁定
ci.清.0006.pinyin.json#479,1,6,绝,4,仄,2,平,ci.清.0006.pinyin.json 第2阕第7字 语料拼音 jué,待裁定
ci.清.0006.pinyin.json#479,1,15,别,4,仄,2,平,ci.清.0006.pinyin.json 第2阕第16字 语料拼音 bié,待裁定
ci.清.0006.pinyin.json#480,1,13,别,4,仄,2,平,ci.清.0006.pinyin.json 第2阕第14字 语料拼音 bié,待裁定
ci.清.0006.pinyin.json#481,0,14,长,2,平,3,仄,ci.清.0006.pinyin.json 第1阕第15字 语料拼音 zhǎng,待裁定
ci.清.0006.pinyin.json#482,0,40,长,2,平,3,仄,ci.清.0006.pinyin.json 第1阕第41字 语料拼音 zhǎng,待裁定
ci.清.0006.pinyin.json#485,1,1,长,2,平,3,仄,ci.清.0006.pinyin.json 第2阕第2字 语料拼音 zhǎng,待裁定
ci.清.0006.pinyin.json#487,0,20,别,4,仄,2,平,ci.清.0006.pinyin.json 第1阕第21字 语料拼音 bié,待裁定
ci.清.0006.pinyin.json#491,1,40,长,2,平,3,仄,ci.清.0006.pinyin.json 第2阕第41字 语料拼音 zhǎng,待裁定
ci.清.0006.pinyin.json#493,0,20,别,4,仄,2,平,ci.清.0006.pinyin.json 第1阕第21字 语料拼音 bié,待裁定
ci.清.0006.pinyin.json#494,0,25,长,2,平,3,仄,ci.清.0006.pinyin.json 第1阕第26字 语料拼音 zhǎng,待裁定
ci.清.0006.pinyin.json#496,1,5,绝,4,仄,2,平,ci.清.0006.pinyin.json 第2阕第6字 语料拼音 jué,待裁定
ci.清.0006.pinyin.json#498,0,3,长,2,平,3,仄,ci.清.0006.pinyin.json 第1阕第4字 语料拼音 zhǎng,待裁定
ci.清.0006.pinyin.json#498,0,4,长,2,平,3,仄,ci.清.0006.pinyin.json 第1阕第5字 语料拼音 zhǎng,待裁定
ci.清.0006.pinyin.json#501,0,38,别,4,仄,2,平,ci.清.0006.pinyin.json 第1阕第39字 语料拼音 bié,待裁定
ci.清.0006.pinyin.json#504,0,11,别,4,仄,2,平,ci.清.0006.pinyin.json 第1阕第12字 语料拼音 bié,待裁定
ci.清.0006.pinyin.json#507,0,0,绝,4,仄,2,平,ci.清.0006.pinyin.json 第1阕第1字 语料拼音 jué,待裁定
ci.清.0006.pinyin.json#509,0,31,别,4,仄,2,平,ci.清.0006.pinyin.json 第1阕第32字 语料拼音 bié,待裁定
ci.清.0006.pinyin.json#510,1,21,长,2,平,3,仄,ci.清.0006.pinyin.json 第2阕第22字 语料拼音 zhǎng,待裁定
ci.清.0006.pinyin.json#510,1,46,长,2,平,3,仄,ci.清.0006.pinyin.json 第2阕第47字 语料拼音 zhǎng,待裁定
ci.清.0006.pinyin.json#513,1,0,长,2,平,3,仄,ci.清.0006.pinyin.json 第2阕第1字 语料拼音 zhǎng,待裁定
ci.清.0006.pinyin.json#513,1,25,别,4,仄,2,平,ci.清.0006.pinyin.json 第2阕第26字 语料拼音 bié,待裁定
ci.清.0006.pinyin.json#514,0,27,长,2,平,3,仄,ci.清.0006.pinyin.json 第1阕第28字 语料拼音 zhǎng,待裁定
ci.清.0006.pinyin.json#514,0,38,甚,4,仄,2,平,ci.清.0006.pinyin.json 第1阕第39字 语料拼音 shén,待裁定
ci.清.0006.pinyin.json#515,0,36,甚,4,仄,2,平,ci.清.0006.pinyin.json 第1阕第37字 语料拼音 shén,待裁定
ci.清.0006.pinyin.json#516,0,50,绝,4,仄,2,平,ci.清.0006.pinyin.json 第1阕第51字 语料拼音 jué,待裁定
ci.清.0006.pinyin.json#516,1,21,别,4,仄,2,平,ci.清.0006.pinyin.json 第2阕第22字 语料拼音 bié,待裁定
ci.清.0006.pinyin.json#516,1,64,甚,4,仄,2,平,ci.清.0006.pinyin.json 第2阕第65字 语料拼音 shén,待裁定
ci.清.0006.pinyin.json#517,1,13,绝,4,仄,2,平,ci.清.0006.pinyin.json 第2阕第14字 语料拼音 jué,待裁定
ci.清.0006.pinyin.json#517,1,41,别,4,仄,2,平,ci.清.0006.pinyin.json 第2阕第42字 语料拼音 bié,待裁定
ci.清.0006.pinyin.json#518,0,13,绝,4,仄,2,平,ci.清.0006.pinyin.json 第1阕第14字 语料拼音 jué,待裁定
ci.清.0006.pinyin.json#518,0,49,别,4,仄,2,平,ci.清.0006.pinyin.json 第1阕第50字 语料拼音 bié,待裁定
ci.清.0006.pinyin.json#519,0,20,绝,4,仄,2,平,ci.清.0006.pinyin.json 第1阕第21字 语料拼音 jué,待裁定
ci.清.0006.pinyin.json#520,0,6,甚,4,仄,2,平,ci.清.0006.pinyin.json 第1阕第7字 语料拼音 shén,待裁定
ci.清.0006.pinyin.json#521,1,32,别,4,仄,2,平,ci.清.0006.pinyin.json 第2阕第33字 语料拼音 bié,待裁定
ci.清.0006.pinyin.json#522,0,51,长,2,平,3,仄,ci.清.0006.pinyin.json 第1阕第52字 语料拼音 zhǎng,待裁定
ci.清.0006.pinyin.json#523,1,6,别,4,仄,2,平,ci.清.0006.pinyin.json 第2阕第7字 语料拼音 bié,待裁定
ci.清.0006.pinyin.json#524,0,15,长,2,平,3,仄,ci.清.0006.pinyin.json 第1阕第16字 语料拼音 zhǎng,待裁定
ci.清.0006.pinyin.json#525,0,21,长,2,平,3,仄,ci.清.0006.pinyin.json 第1阕第22字 语料拼音 zhǎng,待裁定
ci.清.0006.pinyin.json#528,0,4,绝,4,仄,2,平,ci.清.0006.pinyin.json 第1阕第5字 语料拼音 jué,待裁定
ci.清.0006.pinyin.json#528,0,26,别,4,仄,2,平,ci.清.0006.pinyin.json 第1阕第27字 语料拼音 bié,待裁定
ci.清.0006.pinyin.json#529,0,2,长,2,平,3,仄,ci.清.0006.pinyin.json 第1阕第3字 语料拼音 zhǎng,待裁定
ci.清.0006.pinyin.json#530,0,14,长,2,平,3,仄,ci.清.0006.pinyin.json 第1阕第15字 语料拼音 zhǎng,待裁定
ci.清.0006.pinyin.json#535,0,40,长,2,平,3,仄,ci.清.0006.pinyin.json 第1阕第41字 语料拼音 zhǎng,待裁定
ci.清.0006.pinyin.json#536,0,40,绝,4,仄,2,平,ci.清.0006.pinyin.json 第1阕第41字 语料拼音 jué,待裁定
ci.清.0006.pinyin.json#538,2,16,甚,4,仄,2,平,ci.清.0006.pinyin.json 第3阕第17字 语料拼音 shén,待裁定
ci.清.0006.pinyin.json#539,0,5,长,2,平,3,仄,ci.清.0006.pinyin.json 第1阕第6字 语料拼音 zhǎng,待裁定
ci.清.0006.pinyin.json#539,0,20,别,4,仄,2,平,ci.清.0006.pinyin.json 第1阕第21字 语料拼音 bié,待裁定
ci.清.0006.pinyin.json#540,1,27,别,4,仄,2,平,ci.清.0006.pinyin.json 第2阕第28字 语料拼音 bié,待裁定
ci.清.0006.pinyin.json#541,1,0,长,2,平,3,仄,ci.清.0006.pinyin.json 第2阕第1字 语料拼音 zhǎng,待裁定
ci.清.0006.pinyin.json#541,1,40,绝,4,仄,2,平,ci.清.0006.pinyin.json 第2阕第41字 语料拼音 jué,待裁定
ci.清.0006.pinyin.json#542,1,32,甚,4,仄,2,平,ci.清.0006.pinyin.json 第2阕第33字 语料拼音 shén,待裁定
ci.清.0006.pinyin.json#547,1,19,绝,4,仄,2,平,ci.清.0006.pinyin.json 第2阕第20字 语料拼音 jué,待裁定
ci.清.0006.pinyin.json#549,0,25,甚,4,仄,2,平,ci.清.0006.pinyin.json 第1阕第26字 语料拼音 shén,待裁定
ci.清.0006.pinyin.json#550,1,8,别,4,仄,2,平,ci.清.0006.pinyin.json 第2阕第9字 语料拼音 bié,待裁定
ci.清.0006.pinyin.json#553,1,5,别,4,仄,2,平,ci.清.0006.pinyin.json 第2阕第6字 语料拼音 bié,待裁定
ci.清.0006.pinyin.json#557,1,30,别,4,仄,2,平,ci.清.0006.pinyin.json 第2阕第31字 语料拼音 bié,待裁定
ci.清.0006.pinyin.json#558,1,9,绝,4,仄,2,平,ci.清.0006.pinyin.json 第2阕第10字 语料拼音 jué,待裁定
ci.清.0006.pinyin.json#559,1,14,别,4,仄,2,平,ci.清.0006.pinyin.json 第2阕第15字 语料拼音 bié,待裁定
ci.清.0006.pinyin.json#561,1,13,长,2,平,3,仄,ci.清.0006.pinyin.json 第2阕第14字 语料拼音 zhǎng,待裁定
ci.清.0006.pinyin.json#561,1,34,别,4,仄,2,平,ci.清.0006.pinyin.json 第2阕第35字 语料拼音 bié,待裁定
ci.清.0006.pinyin.json#564,1,42,长,2,平,3,仄,ci.清.0006.pinyin.json 第2阕第43字 语料拼音 zhǎng,待裁定
ci.清.0006.pinyin.json#566,1,0,别,4,仄,2,平,ci.清.0006.pinyin.json 第2阕第1字 语料拼音 bié,待裁定
ci.清.0006.pinyin.json#570,0,25,别,4,仄,2,平,ci.清.0006.pinyin.json 第1阕第26字 语料拼音 bié,待裁定
ci.清.0006.pinyin.json#573,1,26,长,2,平,3,仄,ci.清.0006.pinyin.json 第2阕第27字 语料拼音 zhǎng,待裁定
ci.清.0006.pinyin.json#574,1,14,长,2,平,3,仄,ci.清.0006.pinyin.json 第2阕第15字 语料拼音 zhǎng,待裁定
ci.清.0006.pinyin.json#577,0,17,长,2,平,3,仄,ci.清.0006.pinyin.json 第1阕第18字 语料拼音 zhǎng,待裁定
ci.清.0006.pinyin.json#577,1,28,长,2,平,3,仄,ci.清.0006.pinyin.json 第2阕第29字 语料拼音 zhǎng,待裁定
ci.清.0006.pinyin.json#580,1,26,别,4,仄,2,平,ci.清.0006.pinyin.json 第2阕第27字 语料拼音 bié,待裁定
ci.清.0006.pinyin.json#583,0,28,长,2,平,3,仄,ci.清.0006.pinyin.json 第1阕第29字 语料拼音 zhǎng,待裁定
ci.清.0006.pinyin.json#584,0,8,别,4,仄,2,平,ci.清.0006.pinyin.json 第1阕第9字 语料拼音 bié,待裁定
ci.清.0006.pinyin.json#584,0,32,长,2,平,3,仄,ci.清.0006.pinyin.json 第1阕第33字 语料拼音 zhǎng,待裁定
ci.清.0006.pinyin.json#586,1,34,甚,4,仄,2,平,ci.清.0006.pinyin.json 第2阕第35字 语料拼音 shén,待裁定
ci.清.0006.pinyin.json#588,1,18,长,2,平,3,仄,ci.清.0006.pinyin.json 第2阕第19字 语料拼音 zhǎng,待裁定
ci.清.0006.pinyin.json#592,1,33,长,2,平,3,仄,ci.清.0006.pinyin.json 第2阕第34字 语料拼音 zhǎng,待裁定
ci.清.0006.pinyin.json#594,0,43,甚,4,仄,2,平,ci.清.0006.pinyin.json 第1阕第44字 语料拼音 shén,待裁定
ci.清.0006.pinyin.json#595,0,7,长,2,平,3,仄,ci.清.0006.pinyin.json 第1阕第8字 语料拼音 zhǎng,待裁定
ci.清.0006.pinyin.json#596,0,9,长,2,平,3,仄,ci.清.0006.pinyin.json 第1阕第10字 语料拼音 zhǎng,待裁定
ci.清.0006.pinyin.json#597,0,44,长,2,平,3,仄,ci.清.0006.pinyin.json 第1阕第45字 语料拼音 zhǎng,待裁定
ci.清.0006.pinyin.json#597,1,25,绝,4,仄,2,平,ci.清.0006.pinyin.json 第2阕第26字 语料拼音 jué,待裁定
ci.清.0006.pinyin.json#597,1,40,长,2,平,3,仄,ci.清.0006.pinyin.json 第2阕第41字 语料拼音 zhǎng,待裁定
ci.清.0006.pinyin.json#598,0,1,绝,4,仄,2,平,ci.清.0006.pinyin.json 第1阕第2字 语料拼音 jué,待裁定
ci.清.0006.pinyin.json#598,0,7,别,4,仄,2,平,ci.清.0006.pinyin.json 第1阕第8字 语料拼音 bié,待裁定
ci.清.0006.pinyin.json#598,0,19,别,4,仄,2,平,ci.清.0006.pinyin.json 第1阕第20字 语料拼音 bié,待裁定
ci.清.0006.pinyin.json#599,1,15,别,4,仄,2,平,ci.清.0006.pinyin.json 第2阕第16字 语料拼音 bié,待裁定
ci.清.0006.pinyin.json#600,1,7,长,2,平,3,仄,ci.清.0006.pinyin.json 第2阕第8字 语料拼音 zhǎng,待裁定
ci.清.0006.pinyin.json#604,0,54,长,2,平,3,仄,ci.清.0006.pinyin.json 第1阕第55字 语料拼音 zhǎng,待裁定
ci.清.0006.pinyin.json#605,0,97,长,2,平,3,仄,ci.清.0006.pinyin.json 第1阕第98字 语料拼音 zhǎng,待裁定
ci.清.0006.pinyin.json#605,1,62,长,2,平,3,仄,ci.清.0006.pinyin.json 第2阕第63字 语料拼音 zhǎng,待裁定
ci.清.0006.pinyin.json#605,1,79,长,2,平,3,仄,ci.清.0006.pinyin.json 第2阕第80字 语料拼音 zhǎng,待裁定
ci.清.0006.pinyin.json#606,0,61,长,2,平,3,仄,ci.清.0006.pinyin.json 第1阕第62字 语料拼音 zhǎng,待裁定
ci.清.0006.pinyin.json#606,0,65,长,2,平,3,仄,ci.清.0006.pinyin.json 第1阕第66字 语料拼音 zhǎng,待裁定
ci.清.0006.pinyin.json#606,0,69,长,2,平,3,仄,ci.清.0006.pinyin.json 第1阕第70字 语料拼音 zhǎng,待裁定
ci.清.0006.pinyin.json#606,0,88,长,2,平,3,仄,ci.清.0006.pinyin.json 第1阕第89字 语料拼音 zhǎng,待裁定
ci.清.0006.pinyin.json#606,1,59,长,2,平,3,仄,ci.清.0006.pinyin.json 第2阕第60字 语料拼音 zhǎng,待裁定
ci.清.0006.pinyin.json#606,1,63,长,2,平,3,仄,ci.清.0006.pinyin.json 第2阕第64字 语料拼音 zhǎng,待裁定
ci.清.0006.pinyin.json#608,0,20,别,4,仄,2,平,ci.清.0006.pinyin.json 第1阕第21字 语料拼音 bié,待裁定
ci.清.0006.pinyin.json#609,1,41,长,2,平,3,仄,ci.清.0006.pinyin.json 第2阕第42字 语料拼音 zhǎng,待裁定
ci.清.0006.pinyin.json#610,0,57,长,2,平,3,仄,ci.清.0006.pinyin.json 第1阕第58字 语料拼音 zhǎng,待裁定
ci.清.0006.pinyin.json#610,1,13,别,4,仄,2,平,ci.清.0006.pinyin.json 第2阕第14字 语料拼音 bié,待裁定
ci.清.0006.pinyin.json#610,1,65,绝,4,仄,2,平,ci.清.0006.pinyin.json 第2阕第66字 语料拼音 jué,待裁定
ci.清.0006.pinyin.json#617,0,36,长,2,平,3,仄,ci.清.0006.pinyin.json 第1阕第37字 语料拼音 zhǎng,待裁定
ci.清.0006.pinyin.json#622,1,46,长,2,平,3,仄,ci.清.0006.pinyin.json 第2阕第47字 语料拼音 zhǎng,待裁定
ci.清.0006.pinyin.json#624,0,24,长,2,平,3,仄,ci.清.0006.pinyin.json 第1阕第25字 语料拼音 zhǎng,待裁定
ci.清.0006.pinyin.json#624,1,47,长,2,平,3,仄,ci.清.0006.pinyin.json 第2阕第48字 语料拼音 zhǎng,待裁定
ci.清.0006.pinyin.json#632,1,6,甚,4,仄,2,平,ci.清.0006.pinyin.json 第2阕第7字 语料拼音 shén,待裁定
ci.清.0006.pinyin.json#639,0,0,别,4,仄,2,平,ci.清.0006.pinyin.json 第1阕第1字 语料拼音 bié,待裁定
ci.清.0006.pinyin.json#642,1,0,长,2,平,3,仄,ci.清.0006.pinyin.json 第2阕第1字 语料拼音 zhǎng,待裁定
ci.清.0006.pinyin.json#643,0,26,长,2,平,3,仄,ci.清.0006.pinyin.json 第1阕第27字 语料拼音 zhǎng,待裁定
ci.清.0006.pinyin.json#644,1,16,长,2,平,3,仄,ci.清.0006.pinyin.json 第2阕第17字 语料拼音 zhǎng,待裁定
ci.清.0006.pinyin.json#645,1,10,长,2,平,3,仄,ci.清.0006.pinyin.json 第2阕第11字 语料拼音 zhǎng,待裁定
ci.清.0006.pinyin.json#646,1,4,长,2,平,3,仄,ci.清.0006.pinyin.json 第2阕第5字 语料拼音 zhǎng,待裁定
ci.清.0006.pinyin.json#647,0,31,甚,4,仄,2,平,ci.清.0006.pinyin.json 第1阕第32字 语料拼音 shén,待裁定
ci.清.0006.pinyin.json#651,0,6,长,2,平,3,仄,ci.清.0006.pinyin.json 第1阕第7字 语料拼音 zhǎng,待裁定
ci.清.0006.pinyin.json#651,0,14,长,2,平,3,仄,ci.清.0006.pinyin.json 第1阕第15字 语料拼音 zhǎng,待裁定
ci.清.0006.pinyin.json#652,1,13,别,4,仄,2,平,ci.清.0006.pinyin.json 第2阕第14字 语料拼音 bié,待裁定
ci.清.0006.pinyin.json#653,1,22,长,2,平,3,仄,ci.清.0006.pinyin.json 第2阕第23字 语料拼音 zhǎng,待裁定
ci.清.0006.pinyin.json#662,1,32,别,4,仄,2,平,ci.清.0006.pinyin.json 第2阕第33字 语料拼音 bié,待裁定
ci.清.0006.pinyin.json#665,1,0,长,2,平,3,仄,ci.清.0006.pinyin.json 第2阕第1字 语料拼音 zhǎng,待裁定
ci.清.0006.pinyin.json#666,1,48,甚,4,仄,2,平,ci.清.0006.pinyin.json 第2阕第49字 语料拼音 shén,待裁定
ci.清.0006.pinyin.json#671,0,17,长,2,平,3,仄,ci.清.0006.pinyin.json 第1阕第18字 语料拼音 zhǎng,待裁定
ci.清.0006.pinyin.json#677,1,19,长,2,平,3,仄,ci.清.0006.pinyin.json 第2阕第20字 语料拼音 zhǎng,待裁定
ci.清.0006.pinyin.json#679,0,0,长,2,平,3,仄,ci.清.0006.pinyin.json 第1阕第1字 语料拼音 zhǎng,待裁定
ci.清.0006.pinyin.json#679,1,4,长,2,平,3,仄,ci.清.0006.pinyin.json 第2阕第5字 语料拼音 zhǎng,待裁定
ci.清.0006.pinyin.json#686,0,23,长,2,平,3,仄,ci.清.0006.pinyin.json 第1阕第24字 语料拼音 zhǎng,待裁定
ci.清.0006.pinyin.json#694,1,16,别,4,仄,2,平,ci.清.0006.pinyin.json 第2阕第17字 语料拼音 bié,待裁定
ci.清.0006.pinyin.json#699,0,0,长,2,平,3,仄,ci.清.0006.pinyin.json 第1阕第1字 语料拼音 zhǎng,待裁定
ci.清.0006.pinyin.json#708,1,23,别,4,仄,2,平,ci.清.0006.pinyin.json 第2阕第24字 语料拼音 bié,待裁定
ci.清.0006.pinyin.json#709,1,17,长,2,平,3,仄,ci.清.0006.pinyin.json 第2阕第18字 语料拼音 zhǎng,待裁定
ci.清.0006.pinyin.json#715,0,38,甚,4,仄,2,平,ci.清.0006.pinyin.json 第1阕第39字 语料拼音 shén,待裁定
ci.清.0006.pinyin.json#717,0,9,绝,4,仄,2,平,ci.清.0006.pinyin.json 第1阕第10字 语料拼音 jué,待裁定
ci.清.0006.pinyin.json#718,0,12,绝,4,仄,2,平,ci.清.0006.pinyin.json 第1阕第13字 语料拼音 jué,待裁定
ci.清.0006.pinyin.json#722,0,8,长,2,平,3,仄,ci.清.0006.pinyin.json 第1阕第9字 语料拼音 zhǎng,待裁定
ci.清.0006.pinyin.json#730,0,41,绝,4,仄,2,平,ci.清.0006.pinyin.json 第1阕第42字 语料拼音 jué,待裁定
ci.清.0006.pinyin.json#730,1,8,绝,4,仄,2,平,ci.清.0006.pinyin.json 第2阕第9字 语料拼音 jué,待裁定
ci.清.0006.pinyin.json#735,0,12,别,4,仄,2,平,ci.清.0006.pinyin.json 第1阕第13字 语料拼音 bié,待裁定
ci.清.0006.pinyin.json#736,0,20,长,2,平,3,仄,ci.清.0006.pinyin.json 第1阕第21字 语料拼音 zhǎng,待裁定
ci.清.0006.pinyin.json#738,0,16,绝,4,仄,2,平,ci.清.0006.pinyin.json 第1阕第17字 语料拼音 jué,待裁定
ci.清.0006.pinyin.json#738,0,49,长,2,平,3,仄,ci.清.0006.pinyin.json 第1阕第50字 语料拼音 zhǎng,待裁定
ci.清.0006.pinyin.json#740,1,4,别,4,仄,2,平,ci.清.0006.pinyin.json 第2阕第5字 语料拼音 bié,待裁定
ci.清.0006.pinyin.json#741,1,15,绝,4,仄,2,平,ci.清.0006.pinyin.json 第2阕第16字 语料拼音 jué,待裁定
ci.清.0006.pinyin.json#742,1,1,长,2,平,3,仄,ci.清.0006.pinyin.json 第2阕第2字 语料拼音 zhǎng,待裁定
ci.清.0006.pinyin.json#744,0,55,长,2,平,3,仄,ci.清.0006.pinyin.json 第1阕第56字 语料拼音 zhǎng,待裁定
ci.清.0006.pinyin.json#746,0,33,长,2,平,3,仄,ci.清.0006.pinyin.json 第1阕第34字 语料拼音 zhǎng,待裁定
ci.清.0006.pinyin.json#747,0,30,别,4,仄,2,平,ci.清.0006.pinyin.json 第1阕第31字 语料拼音 bié,待裁定
ci.清.0006.pinyin.json#748,1,35,长,2,平,3,仄,ci.清.0006.pinyin.json 第2阕第36字 语料拼音 zhǎng,待裁定
ci.清.0006.pinyin.json#755,1,8,别,4,仄,2,平,ci.清.0006.pinyin.json 第2阕第9字 语料拼音 bié,待裁定
ci.清.0006.pinyin.json#760,0,35,长,2,平,3,仄,ci.清.0006.pinyin.json 第1阕第36字 语料拼音 zhǎng,待裁定
ci.清.0006.pinyin.json#767,0,26,长,2,平,3,仄,ci.清.0006.pinyin.json 第1阕第27字 语料拼音 zhǎng,待裁定
ci.清.0006.pinyin.json#772,0,54,长,2,平,3,仄,ci.清.0006.pinyin.json 第1阕第55字 语料拼音 zhǎng,待裁定
ci.清.0006.pinyin.json#774,0,23,别,4,仄,2,平,ci.清.0006.pinyin.json 第1阕第24字 语料拼音 bié,待裁定
ci.清.0006.pinyin.json#779,1,37,别,4,仄,2,平,ci.清.0006.pinyin.json 第2阕第38字 语料拼音 bié,待裁定
ci.清.0006.pinyin.json#786,0,2,长,2,平,3,仄,ci.清.0006.pinyin.json 第1阕第3字 语料拼音 zhǎng,待裁定
ci.清.0006.pinyin.json#791,1,0,长,2,平,3,仄,ci.清.0006.pinyin.json 第2阕第1字 语料拼音 zhǎng,待裁定
ci.清.0006.pinyin.json#798,0,57,绝,4,仄,2,平,ci.清.0006.pinyin.json 第1阕第58字 语料拼音 jué,待裁定
ci.清.0006.pinyin.json#802,1,6,甚,4,仄,2,平,ci.清.0006.pinyin.json 第2阕第7字 语料拼音 shén,待裁定
ci.清.0006.pinyin.json#803,0,15,别,4,仄,2,平,ci.清.0006.pinyin.json 第1阕第16字 语料拼音 bié,待裁定
ci.清.0006.pinyin.json#804,1,4,长,2,平,3,仄,ci.清.0006.pinyin.json 第2阕第5字 语料拼音 zhǎng,待裁定
ci.清.0006.pinyin.json#811,1,15,绝,4,仄,2,平,ci.清.0006.pinyin.json 第2阕第16字 语料拼音 jué,待裁定
ci.清.0006.pinyin.json#816,1,6,绝,4,仄,2,平,ci.清.0006.pinyin.json 第2阕第7字 语料拼音 jué,待裁定
ci.清.0006.pinyin.json#824,0,5,长,2,平,3,仄,ci.清.0006.pinyin.json 第1阕第6字 语料拼音 zhǎng,待裁定
ci.清.0006.pinyin.json#824,0,35,绝,4,仄,2,平,ci.清.0006.pinyin.json 第1阕第36字 语料拼音 jué,待裁定
ci.清.0006.pinyin.json#824,1,14,别,4,仄,2,平,ci.清.0006.pinyin.json 第2阕第15字 语料拼音 bié,待裁定
ci.清.0006.pinyin.json#826,1,3,绝,4,仄,2,平,ci.清.0006.pinyin.json 第2阕第4字 语料拼音 jué,待裁定
ci.清.0006.pinyin.json#827,0,5,甚,4,仄,2,平,ci.清.0006.pinyin.json 第1阕第6字 语料拼音 shén,待裁定
ci.清.0006.pinyin.json#828,0,12,长,2,平,3,仄,ci.清.0006.pinyin.json 第1阕第13字 语料拼音 zhǎng,待裁定
ci.清.0006.pinyin.json#829,0,22,别,4,仄,2,平,ci.清.0006.pinyin.json 第1阕第23字 语料拼音 bié,待裁定
ci.清.0006.pinyin.json#832,0,29,甚,4,仄,2,平,ci.清.0006.pinyin.json 第1阕第30字 语料拼音 shén,待裁定
ci.清.0006.pinyin.json#835,0,11,长,2,平,3,仄,ci.清.0006.pinyin.json 第1阕第12字 语料拼音 zhǎng,待裁定
ci.清.0006.pinyin.json#839,0,44,长,2,平,3,仄,ci.清.0006.pinyin.json 第1阕第45字 语料拼音 zhǎng,待裁定
ci.清.0006.pinyin.json#841,0,46,绝,4,仄,2,平,ci.清.0006.pinyin.json 第1阕第47字 语料拼音 jué,待裁定
ci.清.0006.pinyin.json#844,0,37,别,4,仄,2,平,ci.清.0006.pinyin.json 第1阕第38字 语料拼音 bié,待裁定
ci.清.0006.pinyin.json#855,0,22,别,4,仄,2,平,ci.清.0006.pinyin.json 第1阕第23字 语料拼音 bié,待裁定
ci.清.0006.pinyin.json#855,0,36,别,4,仄,2,平,ci.清.0006.pinyin.json 第1阕第37字 语料拼音 bié,待裁定
ci.清.0006.pinyin.json#856,1,42,别,4,仄,2,平,ci.清.0006.pinyin.json 第2阕第43字 语料拼音 bié,待裁定
ci.清.0006.pinyin.json#861,0,5,长,2,平,3,仄,ci.清.0006.pinyin.json 第1阕第6字 语料拼音 zhǎng,待裁定
ci.清.0006.pinyin.json#865,0,8,长,2,平,3,仄,ci.清.0006.pinyin.json 第1阕第9字 语料拼音 zhǎng,待裁定
ci.清.0006.pinyin.json#866,1,19,长,2,平,3,仄,ci.清.0006.pinyin.json 第2阕第20字 语料拼音 zhǎng,待裁定
ci.清.0006.pinyin.json#868,0,25,长,2,平,3,仄,ci.清.0006.pinyin.json 第1阕第26字 语料拼音 zhǎng,待裁定
ci.清.0006.pinyin.json#873,2,12,绝,4,仄,2,平,ci.清.0006.pinyin.json 第3阕第13字 语料拼音 jué,待裁定
ci.清.0006.pinyin.json#873,3,12,别,4,仄,2,平,ci.清.0006.pinyin.json 第4阕第13字 语料拼音 bié,待裁定
ci.清.0006.pinyin.json#874,0,2,长,2,平,3,仄,ci.清.0006.pinyin.json 第1阕第3字 语料拼音 zhǎng,待裁定
ci.清.0006.pinyin.json#875,0,37,甚,4,仄,2,平,ci.清.0006.pinyin.json 第1阕第38字 语料拼音 shén,待裁定
ci.清.0006.pinyin.json#876,0,31,别,4,仄,2,平,ci.清.0006.pinyin.json 第1阕第32字 语料拼音 bié,待裁定
ci.清.0006.pinyin.json#877,1,2,长,2,平,3,仄,ci.清.0006.pinyin.json 第2阕第3字 语料拼音 zhǎng,待裁定
ci.清.0006.pinyin.json#882,0,41,长,2,平,3,仄,ci.清.0006.pinyin.json 第1阕第42字 语料拼音 zhǎng,待裁定
ci.清.0006.pinyin.json#882,0,44,长,2,平,3,仄,ci.清.0006.pinyin.json 第1阕第45字 语料拼音 zhǎng,待裁定
ci.清.0006.pinyin.json#883,1,27,长,2,平,3,仄,ci.清.0006.pinyin.json 第2阕第28字 语料拼音 zhǎng,待裁定
ci.清.0006.pinyin.json#883,1,47,甚,4,仄,2,平,ci.清.0006.pinyin.json 第2阕第48字 语料拼音 shén,待裁定
ci.清.0006.pinyin.json#884,1,0,长,2,平,3,仄,ci.清.0006.pinyin.json 第2阕第1字 语料拼音 zhǎng,待裁定
ci.清.0006.pinyin.json#893,1,63,长,2,平,3,仄,ci.清.0006.pinyin.json 第2阕第64字 语料拼音 zhǎng,待裁定
ci.清.0006.pinyin.json#895,0,3,长,2,平,3,仄,ci.清.0006.pinyin.json 第1阕第4字 语料拼音 zhǎng,待裁定
ci.清.0006.pinyin.json#896,0,46,甚,4,仄,2,平,ci.清.0006.pinyin.json 第1阕第47字 语料拼音 shén,待裁定
ci.清.0006.pinyin.json#899,0,54,别,4,仄,2,平,ci.清.0006.pinyin.json 第1阕第55字 语料拼音 bié,待裁定
ci.清.0006.pinyin.json#903,0,20,长,2,平,3,仄,ci.清.0006.pinyin.json 第1阕第21字 语料拼音 zhǎng,待裁定
ci.清.0006.pinyin.json#904,0,21,长,2,平,3,仄,ci.清.0006.pinyin.json 第1阕第22字 语料拼音 zhǎng,待裁定
ci.清.0006.pinyin.json#904,1,21,长,2,平,3,仄,ci.清.0006.pinyin.json 第2阕第22字 语料拼音 zhǎng,待裁定
ci.清.0006.pinyin.json#906,1,14,别,4,仄,2,平,ci.清.0006.pinyin.json 第2阕第15字 语料拼音 bié,待裁定
ci.清.0006.pinyin.json#910,4,24,别,4,仄,2,平,ci.清.0006.pinyin.json 第5阕第25字 语料拼音 bié,待裁定
ci.清.0006.pinyin.json#914,0,68,别,4,仄,2,平,ci.清.0006.pinyin.json 第1阕第69字 语料拼音 bié,待裁定
ci.清.0006.pinyin.json#914,1,31,绝,4,仄,2,平,ci.清.0006.pinyin.json 第2阕第32字 语料拼音 jué,待裁定
ci.清.0006.pinyin.json#916,3,2,长,2,平,3,仄,ci.清.0006.pinyin.json 第4阕第3字 语料拼音 zhǎng,待裁定
ci.清.0006.pinyin.json#922,0,42,绝,4,仄,2,平,ci.清.0006.pinyin.json 第1阕第43字 语料拼音 jué,待裁定
ci.清.0006.pinyin.json#926,4,2,长,2,平,3,仄,ci.清.0006.pinyin.json 第5阕第3字 语料拼音 zhǎng,待裁定
ci.清.0006.pinyin.json#927,1,23,别,4,仄,2,平,ci.清.0006.pinyin.json 第2阕第24字 语料拼音 bié,待裁定
ci.清.0006.pinyin.json#929,1,15,长,2,平,3,仄,ci.清.0006.pinyin.json 第2阕第16字 语料拼音 zhǎng,待裁定
ci.清.0006.pinyin.json#933,0,2,长,2,平,3,仄,ci.清.0006.pinyin.json 第1阕第3字 语料拼音 zhǎng,待裁定
ci.清.0006.pinyin.json#934,0,13,长,2,平,3,仄,ci.清.0006.pinyin.json 第1阕第14字 语料拼音 zhǎng,待裁定
ci.清.0006.pinyin.json#943,0,18,长,2,平,3,仄,ci.清.0006.pinyin.json 第1阕第19字 语料拼音 zhǎng,待裁定
ci.清.0006.pinyin.json#944,0,6,别,4,仄,2,平,ci.清.0006.pinyin.json 第1阕第7字 语料拼音 bié,待裁定
ci.清.0006.pinyin.json#944,1,6,长,2,平,3,仄,ci.清.0006.pinyin.json 第2阕第7字 语料拼音 zhǎng,待裁定
ci.清.0006.pinyin.json#948,1,18,别,4,仄,2,平,ci.清.0006.pinyin.json 第2阕第19字 语料拼音 bié,待裁定
ci.清.0006.pinyin.json#948,1,28,甚,4,仄,2,平,ci.清.0006.pinyin.json 第2阕第29字 语料拼音 shén,待裁定
ci.清.0006.pinyin.json#949,0,29,别,4,仄,2,平,ci.清.0006.pinyin.json 第1阕第30字 语料拼音 bié,待裁定
ci.清.0006.pinyin.json#967,1,22,绝,4,仄,2,平,ci.清.0006.pinyin.json 第2阕第23字 语料拼音 jué,待裁定
ci.清.0006.pinyin.json#973,1,31,长,2,平,3,仄,ci.清.0006.pinyin.json 第2阕第32字 语料拼音 zhǎng,待裁定
ci.清.0006.pinyin.json#979,1,11,长,2,平,3,仄,ci.清.0006.pinyin.json 第2阕第12字 语料拼音 zhǎng,待裁定
ci.清.0006.pinyin.json#980,0,14,长,2,平,3,仄,ci.清.0006.pinyin.json 第1阕第15字 语料拼音 zhǎng,待裁定
ci.清.0006.pinyin.json#982,0,11,长,2,平,3,仄,ci.清.0006.pinyin.json 第1阕第12字 语料拼音 zhǎng,待裁定
ci.清.0006.pinyin.json#985,0,19,绝,4,仄,2,平,ci.清.0006.pinyin.json 第1阕第20字 语料拼音 jué,待裁定
ci.清.0006.pinyin.json#985,1,10,别,4,仄,2,平,ci.清.0006.pinyin.json 第2阕第11字 语料拼音 bié,待裁定
ci.清.0006.pinyin.json#987,0,16,长,2,平,3,仄,ci.清.0006.pinyin.json 第1阕第17字 语料拼音 zhǎng,待裁定
ci.清.0006.pinyin.json#990,0,26,别,4,仄,2,平,ci.清.0006.pinyin.json 第1阕第27字 语料拼音 bié,待裁定
ci.清.0006.pinyin.json#990,0,29,长,2,平,3,仄,ci.清.0006.pinyin.json 第1阕第30字 语料拼音 zhǎng,待裁定
ci.清.0006.pinyin.json#991,1,16,绝,4,仄,2,平,ci.清.0006.pinyin.json 第2阕第17字 语料拼音 jué,待裁定
ci.清.0006.pinyin.json#991,1,34,甚,4,仄,2,平,ci.清.0006.pinyin.json 第2阕第35字 语料拼音 shén,待裁定
ci.清.0006.pinyin.json#994,0,51,别,4,仄,2,平,ci.清.0006.pinyin.json 第1阕第52字 语料拼音 bié,待裁定
ci.清.0006.pinyin.json#994,1,37,长,2,平,3,仄,ci.清.0006.pinyin.json 第2阕第38字 语料拼音 zhǎng,待裁定
ci.清.0006.pinyin.json#997,1,14,别,4,仄,2,平,ci.清.0006.pinyin.json 第2阕第15字 语料拼音 bié,待裁定
ci.清.0006.pinyin.json#999,0,50,别,4,仄,2,平,ci.清.0006.pinyin.json 第1阕第51字 语料拼音 bié,待裁定
ci.清.0006.pinyin.json#999,0,71,绝,4,仄,2,平,ci.清.0006.pinyin.json 第1阕第72字 语料拼音 jué,待裁定
ci.清.0007.pinyin.json#0,0,3,别,4,仄,2,平,ci.清.0007.pinyin.json 第1阕第4字 语料拼音 bié,待裁定
ci.清.0007.pinyin.json#2,1,20,甚,4,仄,2,平,ci.清.0007.pinyin.json 第2阕第21字 语料拼音 shén,待裁定
ci.清.0007.pinyin.json#3,1,28,长,2,平,3,仄,ci.清.0007.pinyin.json 第2阕第29字 语料拼音 zhǎng,待裁定
ci.清.0007.pinyin.json#4,1,44,长,2,平,3,仄,ci.清.0007.pinyin.json 第2阕第45字 语料拼音 zhǎng,待裁定
ci.清.0007.pinyin.json#8,0,37,别,4,仄,2,平,ci.清.0007.pinyin.json 第1阕第38字 语料拼音 bié,待裁定
ci.清.0007.pinyin.json#8,1,2,甚,4,仄,2,平,ci.清.0007.pinyin.json 第2阕第3字 语料拼音 shén,待裁定
ci.清.0007.pinyin.json#19,0,11,别,4,仄,2,平,ci.清.0007.pinyin.json 第1阕第12字 语料拼音 bié,待裁定
ci.清.0007.pinyin.json#20,1,8,别,4,仄,2,平,ci.清.0007.pinyin.json 第2阕第9字 语料拼音 bié,待裁定
ci.清.0007.pinyin.json#38,7,18,绝,4,仄,2,平,ci.清.0007.pinyin.json 第8阕第19字 语料拼音 jué,待裁定
ci.清.0007.pinyin.json#41,1,21,甚,4,仄,2,平,ci.清.0007.pinyin.json 第2阕第22字 语料拼音 shén,待裁定
ci.清.0007.pinyin.json#44,1,3,甚,4,仄,2,平,ci.清.0007.pinyin.json 第2阕第4字 语料拼音 shén,待裁定
ci.清.0007.pinyin.json#48,1,24,甚,4,仄,2,平,ci.清.0007.pinyin.json 第2阕第25字 语料拼音 shén,待裁定
ci.清.0007.pinyin.json#48,1,35,长,2,平,3,仄,ci.清.0007.pinyin.json 第2阕第36字 语料拼音 zhǎng,待裁定
ci.清.0007.pinyin.json#52,0,8,长,2,平,3,仄,ci.清.0007.pinyin.json 第1阕第9字 语料拼音 zhǎng,待裁定
ci.清.0007.pinyin.json#52,1,6,别,4,仄,2,平,ci.清.0007.pinyin.json 第2阕第7字 语料拼音 bié,待裁定
ci.清.0007.pinyin.json#65,0,30,长,2,平,3,仄,ci.清.0007.pinyin.json 第1阕第31字 语料拼音 zhǎng,待裁定
ci.清.0007.pinyin.json#68,1,0,长,2,平,3,仄,ci.清.0007.pinyin.json 第2阕第1字 语料拼音 zhǎng,待裁定
ci.清.0007.pinyin.json#68,1,24,绝,4,仄,2,平,ci.清.0007.pinyin.json 第2阕第25字 语料拼音 jué,待裁定
ci.清.0007.pinyin.json#68,1,30,别,4,仄,2,平,ci.清.0007.pinyin.json 第2阕第31字 语料拼音 bié,待裁定
ci.清.0007.pinyin.json#69,0,5,绝,4,仄,2,平,ci.清.0007.pinyin.json 第1阕第6字 语料拼音 jué,待裁定
ci.清.0007.pinyin.json#72,1,23,长,2,平,3,仄,ci.清.0007.pinyin.json 第2阕第24字 语料拼音 zhǎng,待裁定
ci.清.0007.pinyin.json#74,0,16,长,2,平,3,仄,ci.清.0007.pinyin.json 第1阕第17字 语料拼音 zhǎng,待裁定
ci.清.0007.pinyin.json#82,1,10,长,2,平,3,仄,ci.清.0007.pinyin.json 第2阕第11字 语料拼音 zhǎng,待裁定
ci.清.0007.pinyin.json#86,1,9,绝,4,仄,2,平,ci.清.0007.pinyin.json 第2阕第10字 语料拼音 jué,待裁定
ci.清.0007.pinyin.json#87,4,15,甚,4,仄,2,平,ci.清.0007.pinyin.json 第5阕第16字 语料拼音 shén,待裁定
ci.清.0007.pinyin.json#87,4,25,别,4,仄,2,平,ci.清.0007.pinyin.json 第5阕第26字 语料拼音 bié,待裁定
ci.清.0007.pinyin.json#89,1,3,甚,4,仄,2,平,ci.清.0007.pinyin.json 第2阕第4字 语料拼音 shén,待裁定
ci.清.0007.pinyin.json#93,0,35,长,2,平,3,仄,ci.清.0007.pinyin.json 第1阕第36字 语料拼音 zhǎng,待裁定
ci.清.0007.pinyin.json#94,1,4,甚,4,仄,2,平,ci.清.0007.pinyin.json 第2阕第5字 语料拼音 shén,待裁定
ci.清.0007.pinyin.json#96,1,33,甚,4,仄,2,平,ci.清.0007.pinyin.json 第2阕第34字 语料拼音 shén,待裁定
ci.清.0007.pinyin.json#97,1,0,甚,4,仄,2,平,ci.清.0007.pinyin.json 第2阕第1字 语料拼音 shén,待裁定
ci.清.0007.pinyin.json#98,1,45,长,2,平,3,仄,ci.清.0007.pinyin.json 第2阕第46字 语料拼音 zhǎng,待裁定
ci.清.0007.pinyin.json#99,0,13,甚,4,仄,2,平,ci.清.0007.pinyin.json 第1阕第14字 语料拼音 shén,待裁定
ci.清.0007.pinyin.json#101,0,38,甚,4,仄,2,平,ci.清.0007.pinyin.json 第1阕第39字 语料拼音 shén,待裁定
ci.清.0007.pinyin.json#103,0,31,甚,4,仄,2,平,ci.清.0007.pinyin.json 第1阕第32字 语料拼音 shén,待裁定
ci.清.0007.pinyin.json#106,1,9,绝,4,仄,2,平,ci.清.0007.pinyin.json 第2阕第10字 语料拼音 jué,待裁定
ci.清.0007.pinyin.json#107,0,24,甚,4,仄,2,平,ci.清.0007.pinyin.json 第1阕第25字 语料拼音 shén,待裁定
ci.清.0007.pinyin.json#113,0,22,绝,4,仄,2,平,ci.清.0007.pinyin.json 第1阕第23字 语料拼音 jué,待裁定
ci.清.0007.pinyin.json#114,1,6,甚,4,仄,2,平,ci.清.0007.pinyin.json 第2阕第7字 语料拼音 shén,待裁定
ci.清.0007.pinyin.json#125,1,21,长,2,平,3,仄,ci.清.0007.pinyin.json 第2阕第22字 语料拼音 zhǎng,待裁定
ci.清.0007.pinyin.json#129,1,30,绝,4,仄,2,平,ci.清.0007.pinyin.json 第2阕第31字 语料拼音 jué,待裁定
ci.清.0007.pinyin.json#132,0,19,甚,4,仄,2,平,ci.清.0007.pinyin.json 第1阕第20字 语料拼音 shén,待裁定
ci.清.0007.pinyin.json#138,1,30,长,2,平,3,仄,ci.清.0007.pinyin.json 第2阕第31字 语料拼音 zhǎng,待裁定
ci.清.0007.pinyin.json#139,1,7,甚,4,仄,2,平,ci.清.0007.pinyin.json 第2阕第8字 语料拼音 shén,待裁定
ci.清.0007.pinyin.json#145,0,16,长,2,平,3,仄,ci.清.0007.pinyin.json 第1阕第17字 语料拼音 zhǎng,待裁定
ci.清.0007.pinyin.json#145,1,20,长,2,平,3,仄,ci.清.0007.pinyin.json 第2阕第21字 语料拼音 zhǎng,待裁定
ci.清.0007.pinyin.json#147,1,20,长,2,平,3,仄,ci.清.0007.pinyin.json 第2阕第21字 语料拼音 zhǎng,待裁定
ci.清.0007.pinyin.json#148,1,11,别,4,仄,2,平,ci.清.0007.pinyin.json 第2阕第12字 语料拼音 bié,待裁定
ci.清.0007.pinyin.json#148,1,20,长,2,平,3,仄,ci.清.0007.pinyin.json 第2阕第21字 语料拼音 zhǎng,待裁定
ci.清.0007.pinyin.json#149,0,22,长,2,平,3,仄,ci.清.0007.pinyin.json 第1阕第23字 语料拼音 zhǎng,待裁定
ci.清.0007.pinyin.json#150,0,10,长,2,平,3,仄,ci.清.0007.pinyin.json 第1阕第11字 语料拼音 zhǎng,待裁定
ci.清.0007.pinyin.json#150,1,24,甚,4,仄,2,平,ci.清.0007.pinyin.json 第2阕第25字 语料拼音 shén,待裁定
ci.清.0007.pinyin.json#152,0,10,长,2,平,3,仄,ci.清.0007.pinyin.json 第1阕第11字 语料拼音 zhǎng,待裁定
ci.清.0007.pinyin.json#154,0,1,别,4,仄,2,平,ci.清.0007.pinyin.json 第1阕第2字 语料拼音 bié,待裁定
ci.清.0007.pinyin.json#176,1,5,别,4,仄,2,平,ci.清.0007.pinyin.json 第2阕第6字 语料拼音 bié,待裁定
ci.清.0007.pinyin.json#177,1,19,别,4,仄,2,平,ci.清.0007.pinyin.json 第2阕第20字 语料拼音 bié,待裁定
ci.清.0007.pinyin.json#179,0,18,长,2,平,3,仄,ci.清.0007.pinyin.json 第1阕第19字 语料拼音 zhǎng,待裁定
ci.清.0007.pinyin.json#180,1,33,长,2,平,3,仄,ci.清.0007.pinyin.json 第2阕第34字 语料拼音 zhǎng,待裁定
ci.清.0007.pinyin.json#183,1,8,长,2,平,3,仄,ci.清.0007.pinyin.json 第2阕第9字 语料拼音 zhǎng,待裁定
ci.清.0007.pinyin.json#191,0,41,别,4,仄,2,平,ci.清.0007.pinyin.json 第1阕第42字 语料拼音 bié,待裁定
ci.清.0007.pinyin.json#191,1,43,别,4,仄,2,平,ci.清.0007.pinyin.json 第2阕第44字 语料拼音 bié,待裁定
ci.清.0007.pinyin.json#191,1,50,长,2,平,3,仄,ci.清.0007.pinyin.json 第2阕第51字 语料拼音 zhǎng,待裁定
ci.清.0007.pinyin.json#193,0,45,别,4,仄,2,平,ci.清.0007.pinyin.json 第1阕第46字 语料拼音 bié,待裁定
ci.清.0007.pinyin.json#206,1,40,甚,4,仄,2,平,ci.清.0007.pinyin.json 第2阕第41字 语料拼音 shén,待裁定
ci.清.0007.pinyin.json#210,1,1,长,2,平,3,仄,ci.清.0007.pinyin.json 第2阕第2字 语料拼音 zhǎng,待裁定
ci.清.0007.pinyin.json#216,0,19,甚,4,仄,2,平,ci.清.0007.pinyin.json 第1阕第20字 语料拼音 shén,待裁定
ci.清.0007.pinyin.json#217,0,4,甚,4,仄,2,平,ci.清.0007.pinyin.json 第1阕第5字 语料拼音 shén,待裁定
ci.清.0007.pinyin.json#219,1,28,别,4,仄,2,平,ci.清.0007.pinyin.json 第2阕第29字 语料拼音 bié,待裁定
ci.清.0007.pinyin.json#221,1,6,长,2,平,3,仄,ci.清.0007.pinyin.json 第2阕第7字 语料拼音 zhǎng,待裁定
ci.清.0007.pinyin.json#224,1,1,别,4,仄,2,平,ci.清.0007.pinyin.json 第2阕第2字 语料拼音 bié,待裁定
ci.清.0007.pinyin.json#226,0,6,长,2,平,3,仄,ci.清.0007.pinyin.json 第1阕第7字 语料拼音 zhǎng,待裁定
ci.清.0007.pinyin.json#230,1,11,别,4,仄,2,平,ci.清.0007.pinyin.json 第2阕第12字 语料拼音 bié,待裁定
ci.清.0007.pinyin.json#231,1,19,长,2,平,3,仄,ci.清.0007.pinyin.json 第2阕第20字 语料拼音 zhǎng,待裁定
ci.清.0007.pinyin.json#232,1,19,长,2,平,3,仄,ci.清.0007.pinyin.json 第2阕第20字 语料拼音 zhǎng,待裁定
ci.清.0007.pinyin.json#234,0,46,别,4,仄,2,平,ci.清.0007.pinyin.json 第1阕第47字 语料拼音 bié,待裁定
ci.清.0007.pinyin.json#235,0,16,别,4,仄,2,平,ci.清.0007.pinyin.json 第1阕第17字 语料拼音 bié,待裁定
ci.清.0007.pinyin.json#235,0,22,甚,4,仄,2,平,ci.清.0007.pinyin.json 第1阕第23字 语料拼音 shén,待裁定
ci.清.0007.pinyin.json#236,1,20,别,4,仄,2,平,ci.清.0007.pinyin.json 第2阕第21字 语料拼音 bié,待裁定
ci.清.0007.pinyin.json#237,0,53,绝,4,仄,2,平,ci.清.0007.pinyin.json 第1阕第54字 语料拼音 jué,待裁定
ci.清.0007.pinyin.json#237,1,14,别,4,仄,2,平,ci.清.0007.pinyin.json 第2阕第15字 语料拼音 bié,待裁定
ci.清.0007.pinyin.json#237,1,33,甚,4,仄,2,平,ci.清.0007.pinyin.json 第2阕第34字 语料拼音 shén,待裁定
ci.清.0007.pinyin.json#239,0,46,甚,4,仄,2,平,ci.清.0007.pinyin.json 第1阕第47字 语料拼音 shén,待裁定
ci.清.0007.pinyin.json#242,0,33,绝,4,仄,2,平,ci.清.0007.pinyin.json 第1阕第34字 语料拼音 jué,待裁定
ci.清.0007.pinyin.json#243,1,25,长,2,平,3,仄,ci.清.0007.pinyin.json 第2阕第26字 语料拼音 zhǎng,待裁定
ci.清.0007.pinyin.json#245,0,50,长,2,平,3,仄,ci.清.0007.pinyin.json 第1阕第51字 语料拼音 zhǎng,待裁定
ci.清.0007.pinyin.json#245,1,8,长,2,平,3,仄,ci.清.0007.pinyin.json 第2阕第9字 语料拼音 zhǎng,待裁定
ci.清.0007.pinyin.json#246,0,28,长,2,平,3,仄,ci.清.0007.pinyin.json 第1阕第29字 语料拼音 zhǎng,待裁定
ci.清.0007.pinyin.json#248,0,25,别,4,仄,2,平,ci.清.0007.pinyin.json 第1阕第26字 语料拼音 bié,待裁定
ci.清.0007.pinyin.json#254,1,19,长,2,平,3,仄,ci.清.0007.pinyin.json 第2阕第20字 语料拼音 zhǎng,待裁定
ci.清.0007.pinyin.json#255,0,23,别,4,仄,2,平,ci.清.0007.pinyin.json 第1阕第24字 语料拼音 bié,待裁定
ci.清.0007.pinyin.json#256,1,27,甚,4,仄,2,平,ci.清.0007.pinyin.json 第2阕第28字 语料拼音 shén,待裁定
ci.清.0007.pinyin.json#269,1,45,绝,4,仄,2,平,ci.清.0007.pinyin.json 第2阕第46字 语料拼音 jué,待裁定
ci.清.0007.pinyin.json#277,0,15,别,4,仄,2,平,ci.清.0007.pinyin.json 第1阕第16字 语料拼音 bié,待裁定
ci.清.0007.pinyin.json#277,1,6,绝,4,仄,2,平,ci.清.0007.pinyin.json 第2阕第7字 语料拼音 jué,待裁定
ci.清.0007.pinyin.json#278,1,18,长,2,平,3,仄,ci.清.0007.pinyin.json 第2阕第19字 语料拼音 zhǎng,待裁定
ci.清.0007.pinyin.json#279,0,46,绝,4,仄,2,平,ci.清.0007.pinyin.json 第1阕第47字 语料拼音 jué,待裁定
ci.清.0007.pinyin.json#283,0,18,甚,4,仄,2,平,ci.清.0007.pinyin.json 第1阕第19字 语料拼音 shén,待裁定
ci.清.0007.pinyin.json#284,0,43,别,4,仄,2,平,ci.清.0007.pinyin.json 第1阕第44字 语料拼音 bié,待裁定
ci.清.0007.pinyin.json#284,1,9,别,4,仄,2,平,ci.清.0007.pinyin.json 第2阕第10字 语料拼音 bié,待裁定
ci.清.0007.pinyin.json#287,0,35,别,4,仄,2,平,ci.清.0007.pinyin.json 第1阕第36字 语料拼音 bié,待裁定
ci.清.0007.pinyin.json#287,0,36,甚,4,仄,2,平,ci.清.0007.pinyin.json 第1阕第37字 语料拼音 shén,待裁定
ci.清.0007.pinyin.json#287,1,11,绝,4,仄,2,平,ci.清.0007.pinyin.json 第2阕第12字 语料拼音 jué,待裁定
ci.清.0007.pinyin.json#294,0,8,别,4,仄,2,平,ci.清.0007.pinyin.json 第1阕第9字 语料拼音 bié,待裁定
ci.清.0007.pinyin.json#296,0,21,别,4,仄,2,平,ci.清.0007.pinyin.json 第1阕第22字 语料拼音 bié,待裁定
ci.清.0007.pinyin.json#297,0,27,长,2,平,3,仄,ci.清.0007.pinyin.json 第1阕第28字 语料拼音 zhǎng,待裁定
ci.清.0007.pinyin.json#299,1,25,长,2,平,3,仄,ci.清.0007.pinyin.json 第2阕第26字 语料拼音 zhǎng,待裁定
ci.清.0007.pinyin.json#303,0,16,长,2,平,3,仄,ci.清.0007.pinyin.json 第1阕第17字 语料拼音 zhǎng,待裁定
ci.清.0007.pinyin.json#303,0,23,甚,4,仄,2,平,ci.清.0007.pinyin.json 第1阕第24字 语料拼音 shén,待裁定
ci.清.0007.pinyin.json#304,0,12,甚,4,仄,2,平,ci.清.0007.pinyin.json 第1阕第13字 语料拼音 shén,待裁定
ci.清.0007.pinyin.json#305,0,22,甚,4,仄,2,平,ci.清.0007.pinyin.json 第1阕第23字 语料拼音 shén,待裁定
ci.清.0007.pinyin.json#308,0,16,别,4,仄,2,平,ci.清.0007.pinyin.json 第1阕第17字 语料拼音 bié,待裁定
ci.清.0007.pinyin.json#313,0,7,别,4,仄,2,平,ci.清.0007.pinyin.json 第1阕第8字 语料拼音 bié,待裁定
ci.清.0007.pinyin.json#313,2,0,长,2,平,3,仄,ci.清.0007.pinyin.json 第3阕第1字 语料拼音 zhǎng,待裁定
ci.清.0007.pinyin.json#313,3,11,长,2,平,3,仄,ci.清.0007.pinyin.json 第4阕第12字 语料拼音 zhǎng,待裁定
ci.清.0007.pinyin.json#317,1,5,别,4,仄,2,平,ci.清.0007.pinyin.json 第2阕第6字 语料拼音 bié,待裁定
ci.清.0007.pinyin.json#328,0,13,长,2,平,3,仄,ci.清.0007.pinyin.json 第1阕第14字 语料拼音 zhǎng,待裁定
ci.清.0007.pinyin.json#336,1,5,绝,4,仄,2,平,ci.清.0007.pinyin.json 第2阕第6字 语料拼音 jué,待裁定
ci.清.0007.pinyin.json#340,0,28,甚,4,仄,2,平,ci.清.0007.pinyin.json 第1阕第29字 语料拼音 shén,待裁定
ci.清.0007.pinyin.json#343,0,21,甚,4,仄,2,平,ci.清.0007.pinyin.json 第1阕第22字 语料拼音 shén,待裁定
ci.清.0007.pinyin.json#344,3,3,长,2,平,3,仄,ci.清.0007.pinyin.json 第4阕第4字 语料拼音 zhǎng,待裁定
ci.清.0007.pinyin.json#345,1,22,绝,4,仄,2,平,ci.清.0007.pinyin.json 第2阕第23字 语料拼音 jué,待裁定
ci.清.0007.pinyin.json#353,0,4,长,2,平,3,仄,ci.清.0007.pinyin.json 第1阕第5字 语料拼音 zhǎng,待裁定
ci.清.0007.pinyin.json#357,1,16,绝,4,仄,2,平,ci.清.0007.pinyin.json 第2阕第17字 语料拼音 jué,待裁定
ci.清.0007.pinyin.json#357,1,29,别,4,仄,2,平,ci.清.0007.pinyin.json 第2阕第30字 语料拼音 bié,待裁定
ci.清.0007.pinyin.json#358,0,24,绝,4,仄,2,平,ci.清.0007.pinyin.json 第1阕第25字 语料拼音 jué,待裁定
ci.清.0007.pinyin.json#360,0,4,长,2,平,3,仄,ci.清.0007.pinyin.json 第1阕第5字 语料拼音 zhǎng,待裁定
ci.清.0007.pinyin.json#360,1,30,甚,4,仄,2,平,ci.清.0007.pinyin.json 第2阕第31字 语料拼音 shén,待裁定
ci.清.0007.pinyin.json#362,1,0,长,2,平,3,仄,ci.清.0007.pinyin.json 第2阕第1字 语料拼音 zhǎng,待裁定
ci.清.0007.pinyin.json#363,0,19,绝,4,仄,2,平,ci.清.0007.pinyin.json 第1阕第20字 语料拼音 jué,待裁定
ci.清.0007.pinyin.json#363,0,38,绝,4,仄,2,平,ci.清.0007.pinyin.json 第1阕第39字 语料拼音 jué,待裁定
ci.清.0007.pinyin.json#364,0,10,别,4,仄,2,平,ci.清.0007.pinyin.json 第1阕第11字 语料拼音 bié,待裁定
ci.清.0007.pinyin.json#364,0,46,绝,4,仄,2,平,ci.清.0007.pinyin.json 第1阕第47字 语料拼音 jué,待裁定
ci.清.0007.pinyin.json#364,1,18,别,4,仄,2,平,ci.清.0007.pinyin.json 第2阕第19字 语料拼音 bié,待裁定
ci.清.0007.pinyin.json#369,1,13,别,4,仄,2,平,ci.清.0007.pinyin.json 第2阕第14字 语料拼音 bié,待裁定
ci.清.0007.pinyin.json#370,1,36,长,2,平,3,仄,ci.清.0007.pinyin.json 第2阕第37字 语料拼音 zhǎng,待裁定
ci.清.0007.pinyin.json#371,1,11,甚,4,仄,2,平,ci.清.0007.pinyin.json 第2阕第12字 语料拼音 shén,待裁定
ci.清.0007.pinyin.json#373,0,21,甚,4,仄,2,平,ci.清.0007.pinyin.json 第1阕第22字 语料拼音 shén,待裁定
ci.清.0007.pinyin.json#373,1,2,别,4,仄,2,平,ci.清.0007.pinyin.json 第2阕第3字 语料拼音 bié,待裁定
ci.清.0007.pinyin.json#375,1,37,别,4,仄,2,平,ci.清.0007.pinyin.json 第2阕第38字 语料拼音 bié,待裁定
ci.清.0007.pinyin.json#377,1,26,绝,4,仄,2,平,ci.清.0007.pinyin.json 第2阕第27字 语料拼音 jué,待裁定
ci.清.0007.pinyin.json#379,0,21,长,2,平,3,仄,ci.清.0007.pinyin.json 第1阕第22字 语料拼音 zhǎng,待裁定
ci.清.0007.pinyin.json#381,0,26,别,4,仄,2,平,ci.清.0007.pinyin.json 第1阕第27字 语料拼音 bié,待裁定
ci.清.0007.pinyin.json#389,0,11,别,4,仄,2,平,ci.清.0007.pinyin.json 第1阕第12字 语料拼音 bié,待裁定
ci.清.0007.pinyin.json#390,1,6,别,4,仄,2,平,ci.清.0007.pinyin.json 第2阕第7字 语料拼音 bié,待裁定
ci.清.0007.pinyin.json#395,1,14,长,2,平,3,仄,ci.清.0007.pinyin.json 第2阕第15字 语料拼音 zhǎng,待裁定
ci.清.0007.pinyin.json#397,1,30,长,2,平,3,仄,ci.清.0007.pinyin.json 第2阕第31字 语料拼音 zhǎng,待裁定
ci.清.0007.pinyin.json#398,1,41,别,4,仄,2,平,ci.清.0007.pinyin.json 第2阕第42字 语料拼音 bié,待裁定
ci.清.0007.pinyin.json#399,0,13,长,2,平,3,仄,ci.清.0007.pinyin.json 第1阕第14字 语料拼音 zhǎng,待裁定
ci.清.0007.pinyin.json#407,1,47,长,2,平,3,仄,ci.清.0007.pinyin.json 第2阕第48字 语料拼音 zhǎng,待裁定
ci.清.0007.pinyin.json#411,1,25,别,4,仄,2,平,ci.清.0007.pinyin.json 第2阕第26字 语料拼音 bié,待裁定
ci.清.0007.pinyin.json#412,1,0,绝,4,仄,2,平,ci.清.0007.pinyin.json 第2阕第1字 语料拼音 jué,待裁定
ci.清.0007.pinyin.json#413,0,31,甚,4,仄,2,平,ci.清.0007.pinyin.json 第1阕第32字 语料拼音 shén,待裁定
ci.清.0007.pinyin.json#419,0,19,绝,4,仄,2,平,ci.清.0007.pinyin.json 第1阕第20字 语料拼音 jué,待裁定
ci.清.0007.pinyin.json#436,1,10,长,2,平,3,仄,ci.清.0007.pinyin.json 第2阕第11字 语料拼音 zhǎng,待裁定
ci.清.0007.pinyin.json#438,0,38,甚,4,仄,2,平,ci.清.0007.pinyin.json 第1阕第39字 语料拼音 shén,待裁定
ci.清.0007.pinyin.json#439,1,35,长,2,平,3,仄,ci.清.0007.pinyin.json 第2阕第36字 语料拼音 zhǎng,待裁定
ci.清.0007.pinyin.json#442,0,15,绝,4,仄,2,平,ci.清.0007.pinyin.json 第1阕第16字 语料拼音 jué,待裁定
ci.清.0007.pinyin.json#450,1,29,长,2,平,3,仄,ci.清.0007.pinyin.json 第2阕第30字 语料拼音 zhǎng,待裁定
ci.清.0007.pinyin.json#452,1,23,别,4,仄,2,平,ci.清.0007.pinyin.json 第2阕第24字 语料拼音 bié,待裁定
ci.清.0007.pinyin.json#452,1,31,甚,4,仄,2,平,ci.清.0007.pinyin.json 第2阕第32字 语料拼音 shén,待裁定
ci.清.0007.pinyin.json#454,1,0,长,2,平,3,仄,ci.清.0007.pinyin.json 第2阕第1字 语料拼音 zhǎng,待裁定
ci.清.0007.pinyin.json#455,1,43,长,2,平,3,仄,ci.清.0007.pinyin.json 第2阕第44字 语料拼音 zhǎng,待裁定
ci.清.0007.pinyin.json#464,1,0,绝,4,仄,2,平,ci.清.0007.pinyin.json 第2阕第1字 语料拼音 jué,待裁定
ci.清.0007.pinyin.json#464,1,19,长,2,平,3,仄,ci.清.0007.pinyin.json 第2阕第20字 语料拼音 zhǎng,待裁定
ci.清.0007.pinyin.json#467,1,21,绝,4,仄,2,平,ci.清.0007.pinyin.json 第2阕第22字 语料拼音 jué,待裁定
ci.清.0007.pinyin.json#470,0,0,长,2,平,3,仄,ci.清.0007.pinyin.json 第1阕第1字 语料拼音 zhǎng,待裁定
ci.清.0007.pinyin.json#471,0,17,长,2,平,3,仄,ci.清.0007.pinyin.json 第1阕第18字 语料拼音 zhǎng,待裁定
ci.清.0007.pinyin.json#471,1,23,绝,4,仄,2,平,ci.清.0007.pinyin.json 第2阕第24字 语料拼音 jué,待裁定
ci.清.0007.pinyin.json#472,0,4,长,2,平,3,仄,ci.清.0007.pinyin.json 第1阕第5字 语料拼音 zhǎng,待裁定
ci.清.0007.pinyin.json#476,0,5,别,4,仄,2,平,ci.清.0007.pinyin.json 第1阕第6字 语料拼音 bié,待裁定
ci.清.0007.pinyin.json#479,0,6,长,2,平,3,仄,ci.清.0007.pinyin.json 第1阕第7字 语料拼音 zhǎng,待裁定
ci.清.0007.pinyin.json#480,0,0,绝,4,仄,2,平,ci.清.0007.pinyin.json 第1阕第1字 语料拼音 jué,待裁定
ci.清.0007.pinyin.json#481,1,34,绝,4,仄,2,平,ci.清.0007.pinyin.json 第2阕第35字 语料拼音 jué,待裁定
ci.清.0007.pinyin.json#485,0,1,长,2,平,3,仄,ci.清.0007.pinyin.json 第1阕第2字 语料拼音 zhǎng,待裁定
ci.清.0007.pinyin.json#489,0,1,长,2,平,3,仄,ci.清.0007.pinyin.json 第1阕第2字 语料拼音 zhǎng,待裁定
ci.清.0007.pinyin.json#492,0,27,绝,4,仄,2,平,ci.清.0007.pinyin.json 第1阕第28字 语料拼音 jué,待裁定
ci.清.0007.pinyin.json#492,1,18,甚,4,仄,2,平,ci.清.0007.pinyin.json 第2阕第19字 语料拼音 shén,待裁定
ci.清.0007.pinyin.json#493,0,20,绝,4,仄,2,平,ci.清.0007.pinyin.json 第1阕第21字 语料拼音 jué,待裁定
ci.清.0007.pinyin.json#495,1,14,别,4,仄,2,平,ci.清.0007.pinyin.json 第2阕第15字 语料拼音 bié,待裁定
ci.清.0007.pinyin.json#497,0,0,绝,4,仄,2,平,ci.清.0007.pinyin.json 第1阕第1字 语料拼音 jué,待裁定
ci.清.0007.pinyin.json#502,1,17,绝,4,仄,2,平,ci.清.0007.pinyin.json 第2阕第18字 语料拼音 jué,待裁定
ci.清.0007.pinyin.json#503,0,14,绝,4,仄,2,平,ci.清.0007.pinyin.json 第1阕第15字 语料拼音 jué,待裁定
ci.清.0007.pinyin.json#504,1,0,长,2,平,3,仄,ci.清.0007.pinyin.json 第2阕第1字 语料拼音 zhǎng,待裁定
ci.清.0007.pinyin.json#507,1,2,长,2,平,3,仄,ci.清.0007.pinyin.json 第2阕第3字 语料拼音 zhǎng,待裁定
ci.清.0007.pinyin.json#510,1,16,别,4,仄,2,平,ci.清.0007.pinyin.json 第2阕第17字 语料拼音 bié,待裁定
ci.清.0007.pinyin.json#519,1,12,长,2,平,3,仄,ci.清.0007.pinyin.json 第2阕第13字 语料拼音 zhǎng,待裁定
ci.清.0007.pinyin.json#524,0,34,绝,4,仄,2,平,ci.清.0007.pinyin.json 第1阕第35字 语料拼音 jué,待裁定
ci.清.0007.pinyin.json#524,1,25,长,2,平,3,仄,ci.清.0007.pinyin.json 第2阕第26字 语料拼音 zhǎng,待裁定
ci.清.0007.pinyin.json#528,0,4,甚,4,仄,2,平,ci.清.0007.pinyin.json 第1阕第5字 语料拼音 shén,待裁定
ci.清.0007.pinyin.json#528,0,12,长,2,平,3,仄,ci.清.0007.pinyin.json 第1阕第13字 语料拼音 zhǎng,待裁定
ci.清.0007.pinyin.json#529,0,12,长,2,平,3,仄,ci.清.0007.pinyin.json 第1阕第13字 语料拼音 zhǎng,待裁定
ci.清.0007.pinyin.json#532,1,1,绝,4,仄,2,平,ci.清.0007.pinyin.json 第2阕第2字 语料拼音 jué,待裁定
ci.清.0007.pinyin.json#532,1,3,绝,4,仄,2,平,ci.清.0007.pinyin.json 第2阕第4字 语料拼音 jué,待裁定
ci.清.0007.pinyin.json#554,0,3,长,2,平,3,仄,ci.清.0007.pinyin.json 第1阕第4字 语料拼音 zhǎng,待裁定
ci.清.0007.pinyin.json#566,1,19,长,2,平,3,仄,ci.清.0007.pinyin.json 第2阕第20字 语料拼音 zhǎng,待裁定
ci.清.0007.pinyin.json#567,0,19,甚,4,仄,2,平,ci.清.0007.pinyin.json 第1阕第20字 语料拼音 shén,待裁定
ci.清.0007.pinyin.json#567,0,22,长,2,平,3,仄,ci.清.0007.pinyin.json 第1阕第23字 语料拼音 zhǎng,待裁定
ci.清.0007.pinyin.json#573,1,21,长,2,平,3,仄,ci.清.0007.pinyin.json 第2阕第22字 语料拼音 zhǎng,待裁定
ci.清.0007.pinyin.json#576,1,2,长,2,平,3,仄,ci.清.0007.pinyin.json 第2阕第3字 语料拼音 zhǎng,待裁定
ci.清.0007.pinyin.json#582,0,4,长,2,平,3,仄,ci.清.0007.pinyin.json 第1阕第5字 语料拼音 zhǎng,待裁定
ci.清.0007.pinyin.json#583,0,8,绝,4,仄,2,平,ci.清.0007.pinyin.json 第1阕第9字 语料拼音 jué,待裁定
ci.清.0007.pinyin.json#584,0,25,长,2,平,3,仄,ci.清.0007.pinyin.json 第1阕第26字 语料拼音 zhǎng,待裁定
ci.清.0007.pinyin.json#587,1,0,长,2,平,3,仄,ci.清.0007.pinyin.json 第2阕第1字 语料拼音 zhǎng,待裁定
ci.清.0007.pinyin.json#592,0,13,长,2,平,3,仄,ci.清.0007.pinyin.json 第1阕第14字 语料拼音 zhǎng,待裁定
ci.清.0007.pinyin.json#592,1,5,长,2,平,3,仄,ci.清.0007.pinyin.json 第2阕第6字 语料拼音 zhǎng,待裁定
ci.清.0007.pinyin.json#596,0,14,绝,4,仄,2,平,ci.清.0007.pinyin.json 第1阕第15字 语料拼音 jué,待裁定
ci.清.0007.pinyin.json#598,0,8,甚,4,仄,2,平,ci.清.0007.pinyin.json 第1阕第9字 语料拼音 shén,待裁定
ci.清.0007.pinyin.json#601,0,9,长,2,平,3,仄,ci.清.0007.pinyin.json 第1阕第10字 语料拼音 zhǎng,待裁定
ci.清.0007.pinyin.json#601,0,12,甚,4,仄,2,平,ci.清.0007.pinyin.json 第1阕第13字 语料拼音 shén,待裁定
ci.清.0007.pinyin.json#602,0,5,甚,4,仄,2,平,ci.清.0007.pinyin.json 第1阕第6字 语料拼音 shén,待裁定
ci.清.0007.pinyin.json#602,0,18,长,2,平,3,仄,ci.清.0007.pinyin.json 第1阕第19字 语料拼音 zhǎng,待裁定
ci.清.0007.pinyin.json#604,0,5,绝,4,仄,2,平,ci.清.0007.pinyin.json 第1阕第6字 语料拼音 jué,待裁定
ci.清.0007.pinyin.json#617,1,31,别,4,仄,2,平,ci.清.0007.pinyin.json 第2阕第32字 语料拼音 bié,待裁定
ci.清.0007.pinyin.json#622,1,22,别,4,仄,2,平,ci.清.0007.pinyin.json 第2阕第23字 语料拼音 bié,待裁定
ci.清.0007.pinyin.json#627,0,0,长,2,平,3,仄,ci.清.0007.pinyin.json 第1阕第1字 语料拼音 zhǎng,待裁定
ci.清.0007.pinyin.json#629,1,45,长,2,平,3,仄,ci.清.0007.pinyin.json 第2阕第46字 语料拼音 zhǎng,待裁定
ci.清.0007.pinyin.json#630,0,12,绝,4,仄,2,平,ci.清.0007.pinyin.json 第1阕第13字 语料拼音 jué,待裁定
ci.清.0007.pinyin.json#630,1,14,别,4,仄,2,平,ci.清.0007.pinyin.json 第2阕第15字 语料拼音 bié,待裁定
ci.清.0007.pinyin.json#632,0,7,长,2,平,3,仄,ci.清.0007.pinyin.json 第1阕第8字 语料拼音 zhǎng,待裁定
ci.清.0007.pinyin.json#632,1,21,绝,4,仄,2,平,ci.清.0007.pinyin.json 第2阕第22字 语料拼音 jué,待裁定
ci.清.0007.pinyin.json#636,1,7,别,4,仄,2,平,ci.清.0007.pinyin.json 第2阕第8字 语料拼音 bié,待裁定
ci.清.0007.pinyin.json#641,1,1,甚,4,仄,2,平,ci.清.0007.pinyin.json 第2阕第2字 语料拼音 shén,待裁定
ci.清.0007.pinyin.json#645,0,6,别,4,仄,2,平,ci.清.0007.pinyin.json 第1阕第7字 语料拼音 bié,待裁定
ci.清.0007.pinyin.json#650,1,0,别,4,仄,2,平,ci.清.0007.pinyin.json 第2阕第1字 语料拼音 bié,待裁定
ci.清.0007.pinyin.json#654,1,48,绝,4,仄,2,平,ci.清.0007.pinyin.json 第2阕第49字 语料拼音 jué,待裁定
ci.清.0007.pinyin.json#657,0,35,别,4,仄,2,平,ci.清.0007.pinyin.json 第1阕第36字 语料拼音 bié,待裁定
ci.清.0007.pinyin.json#659,0,41,绝,4,仄,2,平,ci.清.0007.pinyin.json 第1阕第42字 语料拼音 jué,待裁定
ci.清.0007.pinyin.json#659,1,2,绝,4,仄,2,平,ci.清.0007.pinyin.json 第2阕第3字 语料拼音 jué,待裁定
ci.清.0007.pinyin.json#661,0,5,甚,4,仄,2,平,ci.清.0007.pinyin.json 第1阕第6字 语料拼音 shén,待裁定
ci.清.0007.pinyin.json#661,0,8,长,2,平,3,仄,ci.清.0007.pinyin.json 第1阕第9字 语料拼音 zhǎng,待裁定
ci.清.0007.pinyin.json#664,1,26,别,4,仄,2,平,ci.清.0007.pinyin.json 第2阕第27字 语料拼音 bié,待裁定
ci.清.0007.pinyin.json#673,1,32,绝,4,仄,2,平,ci.清.0007.pinyin.json 第2阕第33字 语料拼音 jué,待裁定
ci.清.0007.pinyin.json#678,0,15,别,4,仄,2,平,ci.清.0007.pinyin.json 第1阕第16字 语料拼音 bié,待裁定
ci.清.0007.pinyin.json#685,0,14,绝,4,仄,2,平,ci.清.0007.pinyin.json 第1阕第15字 语料拼音 jué,待裁定
ci.清.0007.pinyin.json#686,1,48,别,4,仄,2,平,ci.清.0007.pinyin.json 第2阕第49字 语料拼音 bié,待裁定
ci.清.0007.pinyin.json#688,1,35,别,4,仄,2,平,ci.清.0007.pinyin.json 第2阕第36字 语料拼音 bié,待裁定
ci.清.0007.pinyin.json#690,1,20,长,2,平,3,仄,ci.清.0007.pinyin.json 第2阕第21字 语料拼音 zhǎng,待裁定
ci.清.0007.pinyin.json#692,0,30,甚,4,仄,2,平,ci.清.0007.pinyin.json 第1阕第31字 语料拼音 shén,待裁定
ci.清.0007.pinyin.json#693,1,6,绝,4,仄,2,平,ci.清.0007.pinyin.json 第2阕第7字 语料拼音 jué,待裁定
ci.清.0007.pinyin.json#696,1,13,长,2,平,3,仄,ci.清.0007.pinyin.json 第2阕第14字 语料拼音 zhǎng,待裁定
ci.清.0007.pinyin.json#699,1,7,长,2,平,3,仄,ci.清.0007.pinyin.json 第2阕第8字 语料拼音 zhǎng,待裁定
ci.清.0007.pinyin.json#700,4,13,长,2,平,3,仄,ci.清.0007.pinyin.json 第5阕第14字 语料拼音 zhǎng,待裁定
ci.清.0007.pinyin.json#703,3,3,别,4,仄,2,平,ci.清.0007.pinyin.json 第4阕第4字 语料拼音 bié,待裁定
ci.清.0007.pinyin.json#704,1,17,绝,4,仄,2,平,ci.清.0007.pinyin.json 第2阕第18字 语料拼音 jué,待裁定
ci.清.0007.pinyin.json#707,0,23,甚,4,仄,2,平,ci.清.0007.pinyin.json 第1阕第24字 语料拼音 shén,待裁定
ci.清.0007.pinyin.json#708,0,33,别,4,仄,2,平,ci.清.0007.pinyin.json 第1阕第34字 语料拼音 bié,待裁定
ci.清.0007.pinyin.json#708,1,17,长,2,平,3,仄,ci.清.0007.pinyin.json 第2阕第18字 语料拼音 zhǎng,待裁定
ci.清.0007.pinyin.json#711,0,38,别,4,仄,2,平,ci.清.0007.pinyin.json 第1阕第39字 语料拼音 bié,待裁定
ci.清.0007.pinyin.json#712,0,15,别,4,仄,2,平,ci.清.0007.pinyin.json 第1阕第16字 语料拼音 bié,待裁定
ci.清.0007.pinyin.json#713,0,37,别,4,仄,2,平,ci.清.0007.pinyin.json 第1阕第38字 语料拼音 bié,待裁定
ci.清.0007.pinyin.json#713,1,25,别,4,仄,2,平,ci.清.0007.pinyin.json 第2阕第26字 语料拼音 bié,待裁定
ci.清.0007.pinyin.json#714,0,3,别,4,仄,2,平,ci.清.0007.pinyin.json 第1阕第4字 语料拼音 bié,待裁定
ci.清.0007.pinyin.json#716,1,22,别,4,仄,2,平,ci.清.0007.pinyin.json 第2阕第23字 语料拼音 bié,待裁定
ci.清.0007.pinyin.json#717,0,17,长,2,平,3,仄,ci.清.0007.pinyin.json 第1阕第18字 语料拼音 zhǎng,待裁定
ci.清.0007.pinyin.json#721,0,9,别,4,仄,2,平,ci.清.0007.pinyin.json 第1阕第10字 语料拼音 bié,待裁定
ci.清.0007.pinyin.json#722,0,13,别,4,仄,2,平,ci.清.0007.pinyin.json 第1阕第14字 语料拼音 bié,待裁定
ci.清.0007.pinyin.json#724,1,15,长,2,平,3,仄,ci.清.0007.pinyin.json 第2阕第16字 语料拼音 zhǎng,待裁定
ci.清.0007.pinyin.json#725,0,2,长,2,平,3,仄,ci.清.0007.pinyin.json 第1阕第3字 语料拼音 zhǎng,待裁定
ci.清.0007.pinyin.json#725,0,21,别,4,仄,2,平,ci.清.0007.pinyin.json 第1阕第22字 语料拼音 bié,待裁定
ci.清.0007.pinyin.json#727,1,7,别,4,仄,2,平,ci.清.0007.pinyin.json 第2阕第8字 语料拼音 bié,待裁定
ci.清.0007.pinyin.json#729,0,52,别,4,仄,2,平,ci.清.0007.pinyin.json 第1阕第53字 语料拼音 bié,待裁定
ci.清.0007.pinyin.json#730,0,26,别,4,仄,2,平,ci.清.0007.pinyin.json 第1阕第27字 语料拼音 bié,待裁定
ci.清.0007.pinyin.json#734,0,2,长,2,平,3,仄,ci.清.0007.pinyin.json 第1阕第3字 语料拼音 zhǎng,待裁定
ci.清.0007.pinyin.json#738,1,1,绝,4,仄,2,平,ci.清.0007.pinyin.json 第2阕第2字 语料拼音 jué,待裁定
ci.清.0007.pinyin.json#746,0,9,长,2,平,3,仄,ci.清.0007.pinyin.json 第1阕第10字 语料拼音 zhǎng,待裁定
ci.清.0007.pinyin.json#746,0,19,别,4,仄,2,平,ci.清.0007.pinyin.json 第1阕第20字 语料拼音 bié,待裁定
ci.清.0007.pinyin.json#751,0,20,长,2,平,3,仄,ci.清.0007.pinyin.json 第1阕第21字 语料拼音 zhǎng,待裁定
ci.清.0007.pinyin.json#751,1,32,绝,4,仄,2,平,ci.清.0007.pinyin.json 第2阕第33字 语料拼音 jué,待裁定
ci.清.0007.pinyin.json#760,0,42,绝,4,仄,2,平,ci.清.0007.pinyin.json 第1阕第43字 语料拼音 jué,待裁定
ci.清.0007.pinyin.json#760,1,44,甚,4,仄,2,平,ci.清.0007.pinyin.json 第2阕第45字 语料拼音 shén,待裁定
ci.清.0007.pinyin.json#764,0,17,长,2,平,3,仄,ci.清.0007.pinyin.json 第1阕第18字 语料拼音 zhǎng,待裁定
ci.清.0007.pinyin.json#767,1,29,长,2,平,3,仄,ci.清.0007.pinyin.json 第2阕第30字 语料拼音 zhǎng,待裁定
ci.清.0007.pinyin.json#770,1,23,别,4,仄,2,平,ci.清.0007.pinyin.json 第2阕第24字 语料拼音 bié,待裁定
ci.清.0007.pinyin.json#771,0,8,长,2,平,3,仄,ci.清.0007.pinyin.json 第1阕第9字 语料拼音 zhǎng,待裁定
ci.清.0007.pinyin.json#774,1,27,绝,4,仄,2,平,ci.清.0007.pinyin.json 第2阕第28字 语料拼音 jué,待裁定
ci.清.0007.pinyin.json#776,1,13,长,2,平,3,仄,ci.清.0007.pinyin.json 第2阕第14字 语料拼音 zhǎng,待裁定
ci.清.0007.pinyin.json#776,1,42,长,2,平,3,仄,ci.清.0007.pinyin.json 第2阕第43字 语料拼音 zhǎng,待裁定
ci.清.0007.pinyin.json#784,0,7,长,2,平,3,仄,ci.清.0007.pinyin.json 第1阕第8字 语料拼音 zhǎng,待裁定
ci.清.0007.pinyin.json#790,0,15,长,2,平,3,仄,ci.清.0007.pinyin.json 第1阕第16字 语料拼音 zhǎng,待裁定
ci.清.0007.pinyin.json#791,0,6,甚,4,仄,2,平,ci.清.0007.pinyin.json 第1阕第7字 语料拼音 shén,待裁定
ci.清.0007.pinyin.json#794,1,11,长,2,平,3,仄,ci.清.0007.pinyin.json 第2阕第12字 语料拼音 zhǎng,待裁定
ci.清.0007.pinyin.json#805,0,4,甚,4,仄,2,平,ci.清.0007.pinyin.json 第1阕第5字 语料拼音 shén,待裁定
ci.清.0007.pinyin.json#805,0,26,绝,4,仄,2,平,ci.清.0007.pinyin.json 第1阕第27字 语料拼音 jué,待裁定
ci.清.0007.pinyin.json#805,1,14,别,4,仄,2,平,ci.清.0007.pinyin.json 第2阕第15字 语料拼音 bié,待裁定
ci.清.0007.pinyin.json#807,1,47,长,2,平,3,仄,ci.清.0007.pinyin.json 第2阕第48字 语料拼音 zhǎng,待裁定
ci.清.0007.pinyin.json#808,2,1,绝,4,仄,2,平,ci.清.0007.pinyin.json 第3阕第2字 语料拼音 jué,待裁定
ci.清.0007.pinyin.json#819,0,14,长,2,平,3,仄,ci.清.0007.pinyin.json 第1阕第15字 语料拼音 zhǎng,待裁定
ci.清.0007.pinyin.json#820,1,2,长,2,平,3,仄,ci.清.0007.pinyin.json 第2阕第3字 语料拼音 zhǎng,待裁定
ci.清.0007.pinyin.json#826,0,28,长,2,平,3,仄,ci.清.0007.pinyin.json 第1阕第29字 语料拼音 zhǎng,待裁定
ci.清.0007.pinyin.json#828,1,17,长,2,平,3,仄,ci.清.0007.pinyin.json 第2阕第18字 语料拼音 zhǎng,待裁定
ci.清.0007.pinyin.json#828,1,49,长,2,平,3,仄,ci.清.0007.pinyin.json 第2阕第50字 语料拼音 zhǎng,待裁定
ci.清.0007.pinyin.json#829,4,25,长,2,平,3,仄,ci.清.0007.pinyin.json 第5阕第26字 语料拼音 zhǎng,待裁定
ci.清.0007.pinyin.json#831,1,14,长,2,平,3,仄,ci.清.0007.pinyin.json 第2阕第15字 语料拼音 zhǎng,待裁定
ci.清.0007.pinyin.json#831,4,24,长,2,平,3,仄,ci.清.0007.pinyin.json 第5阕第25字 语料拼音 zhǎng,待裁定
ci.清.0007.pinyin.json#832,0,47,长,2,平,3,仄,ci.清.0007.pinyin.json 第1阕第48字 语料拼音 zhǎng,待裁定
ci.清.0007.pinyin.json#833,0,39,长,2,平,3,仄,ci.清.0007.pinyin.json 第1阕第40字 语料拼音 zhǎng,待裁定
ci.清.0007.pinyin.json#833,0,43,长,2,平,3,仄,ci.清.0007.pinyin.json 第1阕第44字 语料拼音 zhǎng,待裁定
ci.清.0007.pinyin.json#835,0,30,甚,4,仄,2,平,ci.清.0007.pinyin.json 第1阕第31字 语料拼音 shén,待裁定
ci.清.0007.pinyin.json#842,1,22,别,4,仄,2,平,ci.清.0007.pinyin.json 第2阕第23字 语料拼音 bié,待裁定
ci.清.0007.pinyin.json#845,0,10,长,2,平,3,仄,ci.清.0007.pinyin.json 第1阕第11字 语料拼音 zhǎng,待裁定
ci.清.0007.pinyin.json#850,0,9,长,2,平,3,仄,ci.清.0007.pinyin.json 第1阕第10字 语料拼音 zhǎng,待裁定
ci.清.0007.pinyin.json#852,0,7,长,2,平,3,仄,ci.清.0007.pinyin.json 第1阕第8字 语料拼音 zhǎng,待裁定
ci.清.0007.pinyin.json#859,0,24,长,2,平,3,仄,ci.清.0007.pinyin.json 第1阕第25字 语料拼音 zhǎng,待裁定
ci.清.0007.pinyin.json#861,0,3,长,2,平,3,仄,ci.清.0007.pinyin.json 第1阕第4字 语料拼音 zhǎng,待裁定
ci.清.0007.pinyin.json#863,1,9,别,4,仄,2,平,ci.清.0007.pinyin.json 第2阕第10字 语料拼音 bié,待裁定
ci.清.0007.pinyin.json#879,1,25,长,2,平,3,仄,ci.清.0007.pinyin.json 第2阕第26字 语料拼音 zhǎng,待裁定
ci.清.0007.pinyin.json#881,1,13,绝,4,仄,2,平,ci.清.0007.pinyin.json 第2阕第14字 语料拼音 jué,待裁定
ci.清.0007.pinyin.json#881,1,19,别,4,仄,2,平,ci.清.0007.pinyin.json 第2阕第20字 语料拼音 bié,待裁定
ci.清.0007.pinyin.json#881,1,28,长,2,平,3,仄,ci.清.0007.pinyin.json 第2阕第29字 语料拼音 zhǎng,待裁定
ci.清.0007.pinyin.json#902,1,6,甚,4,仄,2,平,ci.清.0007.pinyin.json 第2阕第7字 语料拼音 shén,待裁定
ci.清.0007.pinyin.json#903,1,15,绝,4,仄,2,平,ci.清.0007.pinyin.json 第2阕第16字 语料拼音 jué,待裁定
ci.清.0007.pinyin.json#908,1,13,别,4,仄,2,平,ci.清.0007.pinyin.json 第2阕第14字 语料拼音 bié,待裁定
ci.清.0007.pinyin.json#911,0,22,别,4,仄,2,平,ci.清.0007.pinyin.json 第1阕第23字 语料拼音 bié,待裁定
ci.清.0007.pinyin.json#912,1,37,别,4,仄,2,平,ci.清.0007.pinyin.json 第2阕第38字 语料拼音 bié,待裁定
ci.清.0007.pinyin.json#913,1,36,绝,4,仄,2,平,ci.清.0007.pinyin.json 第2阕第37字 语料拼音 jué,待裁定
ci.清.0007.pinyin.json#913,1,44,甚,4,仄,2,平,ci.清.0007.pinyin.json 第2阕第45字 语料拼音 shén,待裁定
ci.清.0007.pinyin.json#916,0,37,别,4,仄,2,平,ci.清.0007.pinyin.json 第1阕第38字 语料拼音 bié,待裁定
ci.清.0007.pinyin.json#916,1,42,长,2,平,3,仄,ci.清.0007.pinyin.json 第2阕第43字 语料拼音 zhǎng,待裁定
ci.清.0007.pinyin.json#917,0,27,甚,4,仄,2,平,ci.清.0007.pinyin.json 第1阕第28字 语料拼音 shén,待裁定
ci.清.0007.pinyin.json#919,1,39,别,4,仄,2,平,ci.清.0007.pinyin.json 第2阕第40字 语料拼音 bié,待裁定
ci.清.0007.pinyin.json#922,0,54,长,2,平,3,仄,ci.清.0007.pinyin.json 第1阕第55字 语料拼音 zhǎng,待裁定
ci.清.0007.pinyin.json#924,1,2,长,2,平,3,仄,ci.清.0007.pinyin.json 第2阕第3字 语料拼音 zhǎng,待裁定
ci.清.0007.pinyin.json#925,1,4,长,2,平,3,仄,ci.清.0007.pinyin.json 第2阕第5字 语料拼音 zhǎng,待裁定
ci.清.0007.pinyin.json#926,0,38,长,2,平,3,仄,ci.清.0007.pinyin.json 第1阕第39字 语料拼音 zhǎng,待裁定
ci.清.0007.pinyin.json#927,1,26,甚,4,仄,2,平,ci.清.0007.pinyin.json 第2阕第27字 语料拼音 shén,待裁定
ci.清.0007.pinyin.json#928,1,26,甚,4,仄,2,平,ci.清.0007.pinyin.json 第2阕第27字 语料拼音 shén,待裁定
ci.清.0007.pinyin.json#929,0,0,别,4,仄,2,平,ci.清.0007.pinyin.json 第1阕第1字 语料拼音 bié,待裁定
ci.清.0007.pinyin.json#929,0,30,长,2,平,3,仄,ci.清.0007.pinyin.json 第1阕第31字 语料拼音 zhǎng,待裁定
ci.清.0007.pinyin.json#931,0,27,长,2,平,3,仄,ci.清.0007.pinyin.json 第1阕第28字 语料拼音 zhǎng,待裁定
ci.清.0007.pinyin.json#935,0,46,甚,4,仄,2,平,ci.清.0007.pinyin.json 第1阕第47字 语料拼音 shén,待裁定
ci.清.0007.pinyin.json#936,0,44,长,2,平,3,仄,ci.清.0007.pinyin.json 第1阕第45字 语料拼音 zhǎng,待裁定
ci.清.0007.pinyin.json#936,1,19,长,2,平,3,仄,ci.清.0007.pinyin.json 第2阕第20字 语料拼音 zhǎng,待裁定
ci.清.0007.pinyin.json#937,1,11,绝,4,仄,2,平,ci.清.0007.pinyin.json 第2阕第12字 语料拼音 jué,待裁定
ci.清.0007.pinyin.json#938,0,13,别,4,仄,2,平,ci.清.0007.pinyin.json 第1阕第14字 语料拼音 bié,待裁定
ci.清.0007.pinyin.json#939,0,2,长,2,平,3,仄,ci.清.0007.pinyin.json 第1阕第3字 语料拼音 zhǎng,待裁定
ci.清.0007.pinyin.json#939,0,45,长,2,平,3,仄,ci.清.0007.pinyin.json 第1阕第46字 语料拼音 zhǎng,待裁定
ci.清.0007.pinyin.json#939,1,52,甚,4,仄,2,平,ci.清.0007.pinyin.json 第2阕第53字 语料拼音 shén,待裁定
ci.清.0007.pinyin.json#942,0,8,别,4,仄,2,平,ci.清.0007.pinyin.json 第1阕第9字 语料拼音 bié,待裁定
ci.清.0007.pinyin.json#944,1,27,甚,4,仄,2,平,ci.清.0007.pinyin.json 第2阕第28字 语料拼音 shén,待裁定
ci.清.0007.pinyin.json#945,0,25,甚,4,仄,2,平,ci.清.0007.pinyin.json 第1阕第26字 语料拼音 shén,待裁定
ci.清.0007.pinyin.json#947,1,33,长,2,平,3,仄,ci.清.0007.pinyin.json 第2阕第34字 语料拼音 zhǎng,待裁定
ci.清.0007.pinyin.json#948,1,2,别,4,仄,2,平,ci.清.0007.pinyin.json 第2阕第3字 语料拼音 bié,待裁定
ci.清.0007.pinyin.json#950,1,26,甚,4,仄,2,平,ci.清.0007.pinyin.json 第2阕第27字 语料拼音 shén,待裁定
ci.清.0007.pinyin.json#951,0,46,甚,4,仄,2,平,ci.清.0007.pinyin.json 第1阕第47字 语料拼音 shén,待裁定
ci.清.0007.pinyin.json#951,0,48,别,4,仄,2,平,ci.清.0007.pinyin.json 第1阕第49字 语料拼音 bié,待裁定
ci.清.0007.pinyin.json#951,0,54,长,2,平,3,仄,ci.清.0007.pinyin.json 第1阕第55字 语料拼音 zhǎng,待裁定
ci.清.0007.pinyin.json#952,1,19,长,2,平,3,仄,ci.清.0007.pinyin.json 第2阕第20字 语料拼音 zhǎng,待裁定
ci.清.0007.pinyin.json#953,0,35,绝,4,仄,2,平,ci.清.0007.pinyin.json 第1阕第36字 语料拼音 jué,待裁定
ci.清.0007.pinyin.json#953,1,8,别,4,仄,2,平,ci.清.0007.pinyin.json 第2阕第9字 语料拼音 bié,待裁定
ci.清.0007.pinyin.json#954,0,54,长,2,平,3,仄,ci.清.0007.pinyin.json 第1阕第55字 语料拼音 zhǎng,待裁定
ci.清.0007.pinyin.json#954,1,35,长,2,平,3,仄,ci.清.0007.pinyin.json 第2阕第36字 语料拼音 zhǎng,待裁定
ci.清.0007.pinyin.json#955,0,33,别,4,仄,2,平,ci.清.0007.pinyin.json 第1阕第34字 语料拼音 bié,待裁定
ci.清.0007.pinyin.json#955,1,11,甚,4,仄,2,平,ci.清.0007.pinyin.json 第2阕第12字 语料拼音 shén,待裁定
ci.清.0007.pinyin.json#957,1,47,长,2,平,3,仄,ci.清.0007.pinyin.json 第2阕第48字 语料拼音 zhǎng,待裁定
ci.清.0007.pinyin.json#959,0,46,甚,4,仄,2,平,ci.清.0007.pinyin.json 第1阕第47字 语料拼音 shén,待裁定
ci.清.0007.pinyin.json#960,0,25,长,2,平,3,仄,ci.清.0007.pinyin.json 第1阕第26字 语料拼音 zhǎng,待裁定
ci.清.0007.pinyin.json#961,1,6,长,2,平,3,仄,ci.清.0007.pinyin.json 第2阕第7字 语料拼音 zhǎng,待裁定
ci.清.0007.pinyin.json#963,1,4,长,2,平,3,仄,ci.清.0007.pinyin.json 第2阕第5字 语料拼音 zhǎng,待裁定
ci.清.0007.pinyin.json#963,1,48,甚,4,仄,2,平,ci.清.0007.pinyin.json 第2阕第49字 语料拼音 shén,待裁定
ci.清.0007.pinyin.json#964,0,1,甚,4,仄,2,平,ci.清.0007.pinyin.json 第1阕第2字 语料拼音 shén,待裁定
ci.清.0007.pinyin.json#964,0,6,长,2,平,3,仄,ci.清.0007.pinyin.json 第1阕第7字 语料拼音 zhǎng,待裁定
ci.清.0007.pinyin.json#964,0,41,绝,4,仄,2,平,ci.清.0007.pinyin.json 第1阕第42字 语料拼音 jué,待裁定
ci.清.0007.pinyin.json#965,0,9,别,4,仄,2,平,ci.清.0007.pinyin.json 第1阕第10字 语料拼音 bié,待裁定
ci.清.0007.pinyin.json#965,0,55,长,2,平,3,仄,ci.清.0007.pinyin.json 第1阕第56字 语料拼音 zhǎng,待裁定
ci.清.0007.pinyin.json#965,1,19,长,2,平,3,仄,ci.清.0007.pinyin.json 第2阕第20字 语料拼音 zhǎng,待裁定
ci.清.0007.pinyin.json#966,1,38,甚,4,仄,2,平,ci.清.0007.pinyin.json 第2阕第39字 语料拼音 shén,待裁定
ci.清.0007.pinyin.json#968,0,16,甚,4,仄,2,平,ci.清.0007.pinyin.json 第1阕第17字 语料拼音 shén,待裁定
ci.清.0007.pinyin.json#968,1,50,长,2,平,3,仄,ci.清.0007.pinyin.json 第2阕第51字 语料拼音 zhǎng,待裁定
ci.清.0007.pinyin.json#970,1,11,长,2,平,3,仄,ci.清.0007.pinyin.json 第2阕第12字 语料拼音 zhǎng,待裁定
ci.清.0007.pinyin.json#971,1,48,绝,4,仄,2,平,ci.清.0007.pinyin.json 第2阕第49字 语料拼音 jué,待裁定
ci.清.0007.pinyin.json#972,0,46,甚,4,仄,2,平,ci.清.0007.pinyin.json 第1阕第47字 语料拼音 shén,待裁定
ci.清.0007.pinyin.json#974,0,46,甚,4,仄,2,平,ci.清.0007.pinyin.json 第1阕第47字 语料拼音 shén,待裁定
ci.清.0007.pinyin.json#975,0,42,绝,4,仄,2,平,ci.清.0007.pinyin.json 第1阕第43字 语料拼音 jué,待裁定
ci.清.0007.pinyin.json#977,0,31,长,2,平,3,仄,ci.清.0007.pinyin.json 第1阕第32字 语料拼音 zhǎng,待裁定
ci.清.0007.pinyin.json#977,1,53,别,4,仄,2,平,ci.清.0007.pinyin.json 第2阕第54字 语料拼音 bié,待裁定
ci.清.0007.pinyin.json#980,1,47,长,2,平,3,仄,ci.清.0007.pinyin.json 第2阕第48字 语料拼音 zhǎng,待裁定
ci.清.0007.pinyin.json#981,0,46,甚,4,仄,2,平,ci.清.0007.pinyin.json 第1阕第47字 语料拼音 shén,待裁定
ci.清.0007.pinyin.json#983,0,3,长,2,平,3,仄,ci.清.0007.pinyin.json 第1阕第4字 语料拼音 zhǎng,待裁定
ci.清.0007.pinyin.json#983,0,43,长,2,平,3,仄,ci.清.0007.pinyin.json 第1阕第44字 语料拼音 zhǎng,待裁定
ci.清.0007.pinyin.json#984,1,1,长,2,平,3,仄,ci.清.0007.pinyin.json 第2阕第2字 语料拼音 zhǎng,待裁定
ci.清.0007.pinyin.json#986,1,12,长,2,平,3,仄,ci.清.0007.pinyin.json 第2阕第13字 语料拼音 zhǎng,待裁定
ci.清.0007.pinyin.json#992,0,10,别,4,仄,2,平,ci.清.0007.pinyin.json 第1阕第11字 语料拼音 bié,待裁定
ci.清.0008.pinyin.json#1,0,9,长,2,平,3,仄,ci.清.0008.pinyin.json 第1阕第10字 语料拼音 zhǎng,待裁定
ci.清.0008.pinyin.json#4,1,4,绝,4,仄,2,平,ci.清.0008.pinyin.json 第2阕第5字 语料拼音 jué,待裁定
ci.清.0008.pinyin.json#9,1,10,别,4,仄,2,平,ci.清.0008.pinyin.json 第2阕第11字 语料拼音 bié,待裁定
ci.清.0008.pinyin.json#10,0,17,别,4,仄,2,平,ci.清.0008.pinyin.json 第1阕第18字 语料拼音 bié,待裁定
ci.清.0008.pinyin.json#22,1,26,别,4,仄,2,平,ci.清.0008.pinyin.json 第2阕第27字 语料拼音 bié,待裁定
ci.清.0008.pinyin.json#24,0,7,长,2,平,3,仄,ci.清.0008.pinyin.json 第1阕第8字 语料拼音 zhǎng,待裁定
ci.清.0008.pinyin.json#25,1,19,长,2,平,3,仄,ci.清.0008.pinyin.json 第2阕第20字 语料拼音 zhǎng,待裁定
ci.清.0008.pinyin.json#26,1,4,长,2,平,3,仄,ci.清.0008.pinyin.json 第2阕第5字 语料拼音 zhǎng,待裁定
ci.清.0008.pinyin.json#31,0,12,长,2,平,3,仄,ci.清.0008.pinyin.json 第1阕第13字 语料拼音 zhǎng,待裁定
ci.清.0008.pinyin.json#40,1,2,长,2,平,3,仄,ci.清.0008.pinyin.json 第2阕第3字 语料拼音 zhǎng,待裁定
ci.清.0008.pinyin.json#41,0,4,绝,4,仄,2,平,ci.清.0008.pinyin.json 第1阕第5字 语料拼音 jué,待裁定
ci.清.0008.pinyin.json#41,3,10,长,2,平,3,仄,ci.清.0008.pinyin.json 第4阕第11字 语料拼音 zhǎng,待裁定
ci.清.0008.pinyin.json#42,0,18,别,4,仄,2,平,ci.清.0008.pinyin.json 第1阕第19字 语料拼音 bié,待裁定
ci.清.0008.pinyin.json#43,1,29,长,2,平,3,仄,ci.清.0008.pinyin.json 第2阕第30字 语料拼音 zhǎng,待裁定
ci.清.0008.pinyin.json#46,0,31,长,2,平,3,仄,ci.清.0008.pinyin.json 第1阕第32字 语料拼音 zhǎng,待裁定
ci.清.0008.pinyin.json#47,0,2,长,2,平,3,仄,ci.清.0008.pinyin.json 第1阕第3字 语料拼音 zhǎng,待裁定
ci.清.0008.pinyin.json#48,1,44,长,2,平,3,仄,ci.清.0008.pinyin.json 第2阕第45字 语料拼音 zhǎng,待裁定
ci.清.0008.pinyin.json#50,0,13,甚,4,仄,2,平,ci.清.0008.pinyin.json 第1阕第14字 语料拼音 shén,待裁定
ci.清.0008.pinyin.json#51,0,11,长,2,平,3,仄,ci.清.0008.pinyin.json 第1阕第12字 语料拼音 zhǎng,待裁定
ci.清.0008.pinyin.json#55,1,13,长,2,平,3,仄,ci.清.0008.pinyin.json 第2阕第14字 语料拼音 zhǎng,待裁定
ci.清.0008.pinyin.json#60,0,12,绝,4,仄,2,平,ci.清.0008.pinyin.json 第1阕第13字 语料拼音 jué,待裁定
ci.清.0008.pinyin.json#63,1,4,长,2,平,3,仄,ci.清.0008.pinyin.json 第2阕第5字 语料拼音 zhǎng,待裁定
ci.清.0008.pinyin.json#71,0,27,绝,4,仄,2,平,ci.清.0008.pinyin.json 第1阕第28字 语料拼音 jué,待裁定
ci.清.0008.pinyin.json#73,1,8,长,2,平,3,仄,ci.清.0008.pinyin.json 第2阕第9字 语料拼音 zhǎng,待裁定
ci.清.0008.pinyin.json#78,0,20,长,2,平,3,仄,ci.清.0008.pinyin.json 第1阕第21字 语料拼音 zhǎng,待裁定
ci.清.0008.pinyin.json#79,1,0,绝,4,仄,2,平,ci.清.0008.pinyin.json 第2阕第1字 语料拼音 jué,待裁定
ci.清.0008.pinyin.json#81,1,9,长,2,平,3,仄,ci.清.0008.pinyin.json 第2阕第10字 语料拼音 zhǎng,待裁定
ci.清.0008.pinyin.json#85,0,38,别,4,仄,2,平,ci.清.0008.pinyin.json 第1阕第39字 语料拼音 bié,待裁定
ci.清.0008.pinyin.json#86,0,7,别,4,仄,2,平,ci.清.0008.pinyin.json 第1阕第8字 语料拼音 bié,待裁定
ci.清.0008.pinyin.json#86,1,41,绝,4,仄,2,平,ci.清.0008.pinyin.json 第2阕第42字 语料拼音 jué,待裁定
ci.清.0008.pinyin.json#88,1,14,长,2,平,3,仄,ci.清.0008.pinyin.json 第2阕第15字 语料拼音 zhǎng,待裁定
ci.清.0008.pinyin.json#90,0,23,绝,4,仄,2,平,ci.清.0008.pinyin.json 第1阕第24字 语料拼音 jué,待裁定
ci.清.0008.pinyin.json#90,1,25,别,4,仄,2,平,ci.清.0008.pinyin.json 第2阕第26字 语料拼音 bié,待裁定
ci.清.0008.pinyin.json#91,1,36,长,2,平,3,仄,ci.清.0008.pinyin.json 第2阕第37字 语料拼音 zhǎng,待裁定
ci.清.0008.pinyin.json#95,0,40,长,2,平,3,仄,ci.清.0008.pinyin.json 第1阕第41字 语料拼音 zhǎng,待裁定
ci.清.0008.pinyin.json#95,1,14,长,2,平,3,仄,ci.清.0008.pinyin.json 第2阕第15字 语料拼音 zhǎng,待裁定
ci.清.0008.pinyin.json#101,0,10,绝,4,仄,2,平,ci.清.0008.pinyin.json 第1阕第11字 语料拼音 jué,待裁定
ci.清.0008.pinyin.json#108,1,11,长,2,平,3,仄,ci.清.0008.pinyin.json 第2阕第12字 语料拼音 zhǎng,待裁定
ci.清.0008.pinyin.json#109,1,21,长,2,平,3,仄,ci.清.0008.pinyin.json 第2阕第22字 语料拼音 zhǎng,待裁定
ci.清.0008.pinyin.json#111,0,24,别,4,仄,2,平,ci.清.0008.pinyin.json 第1阕第25字 语料拼音 bié,待裁定
ci.清.0008.pinyin.json#111,1,1,长,2,平,3,仄,ci.清.0008.pinyin.json 第2阕第2字 语料拼音 zhǎng,待裁定
ci.清.0008.pinyin.json#112,1,10,长,2,平,3,仄,ci.清.0008.pinyin.json 第2阕第11字 语料拼音 zhǎng,待裁定
ci.清.0008.pinyin.json#114,0,45,别,4,仄,2,平,ci.清.0008.pinyin.json 第1阕第46字 语料拼音 bié,待裁定
ci.清.0008.pinyin.json#114,1,56,长,2,平,3,仄,ci.清.0008.pinyin.json 第2阕第57字 语料拼音 zhǎng,待裁定
ci.清.0008.pinyin.json#115,1,29,长,2,平,3,仄,ci.清.0008.pinyin.json 第2阕第30字 语料拼音 zhǎng,待裁定
ci.清.0008.pinyin.json#116,0,41,绝,4,仄,2,平,ci.清.0008.pinyin.json 第1阕第42字 语料拼音 jué,待裁定
ci.清.0008.pinyin.json#116,1,7,长,2,平,3,仄,ci.清.0008.pinyin.json 第2阕第8字 语料拼音 zhǎng,待裁定
ci.清.0008.pinyin.json#119,0,44,长,2,平,3,仄,ci.清.0008.pinyin.json 第1阕第45字 语料拼音 zhǎng,待裁定
ci.清.0008.pinyin.json#119,1,6,别,4,仄,2,平,ci.清.0008.pinyin.json 第2阕第7字 语料拼音 bié,待裁定
ci.清.0008.pinyin.json#119,1,37,绝,4,仄,2,平,ci.清.0008.pinyin.json 第2阕第38字 语料拼音 jué,待裁定
ci.清.0008.pinyin.json#120,0,53,甚,4,仄,2,平,ci.清.0008.pinyin.json 第1阕第54字 语料拼音 shén,待裁定
ci.清.0008.pinyin.json#120,1,6,别,4,仄,2,平,ci.清.0008.pinyin.json 第2阕第7字 语料拼音 bié,待裁定
ci.清.0008.pinyin.json#120,1,37,绝,4,仄,2,平,ci.清.0008.pinyin.json 第2阕第38字 语料拼音 jué,待裁定
ci.清.0008.pinyin.json#121,1,6,别,4,仄,2,平,ci.清.0008.pinyin.json 第2阕第7字 语料拼音 bié,待裁定
ci.清.0008.pinyin.json#121,1,37,绝,4,仄,2,平,ci.清.0008.pinyin.json 第2阕第38字 语料拼音 jué,待裁定
ci.清.0008.pinyin.json#122,1,6,别,4,仄,2,平,ci.清.0008.pinyin.json 第2阕第7字 语料拼音 bié,待裁定
ci.清.0008.pinyin.json#122,1,37,绝,4,仄,2,平,ci.清.0008.pinyin.json 第2阕第38字 语料拼音 jué,待裁定
ci.清.0008.pinyin.json#123,1,6,别,4,仄,2,平,ci.清.0008.pinyin.json 第2阕第7字 语料拼音 bié,待裁定
ci.清.0008.pinyin.json#123,1,37,绝,4,仄,2,平,ci.清.0008.pinyin.json 第2阕第38字 语料拼音 jué,待裁定
ci.清.0008.pinyin.json#126,1,53,长,2,平,3,仄,ci.清.0008.pinyin.json 第2阕第54字 语料拼音 zhǎng,待裁定
ci.清.0008.pinyin.json#129,1,2,绝,4,仄,2,平,ci.清.0008.pinyin.json 第2阕第3字 语料拼音 jué,待裁定
ci.清.0008.pinyin.json#132,1,32,长,2,平,3,仄,ci.清.0008.pinyin.json 第2阕第33字 语料拼音 zhǎng,待裁定
ci.清.0008.pinyin.json#133,1,14,甚,4,仄,2,平,ci.清.0008.pinyin.json 第2阕第15字 语料拼音 shén,待裁定
ci.清.0008.pinyin.json#135,0,28,别,4,仄,2,平,ci.清.0008.pinyin.json 第1阕第29字 语料拼音 bié,待裁定
ci.清.0008.pinyin.json#135,1,30,绝,4,仄,2,平,ci.清.0008.pinyin.json 第2阕第31字 语料拼音 jué,待裁定
ci.清.0008.pinyin.json#139,1,21,长,2,平,3,仄,ci.清.0008.pinyin.json 第2阕第22字 语料拼音 zhǎng,待裁定
ci.清.0008.pinyin.json#145,0,40,长,2,平,3,仄,ci.清.0008.pinyin.json 第1阕第41字 语料拼音 zhǎng,待裁定
ci.清.0008.pinyin.json#145,0,72,别,4,仄,2,平,ci.清.0008.pinyin.json 第1阕第73字 语料拼音 bié,待裁定
ci.清.0008.pinyin.json#146,0,69,别,4,仄,2,平,ci.清.0008.pinyin.json 第1阕第70字 语料拼音 bié,待裁定
ci.清.0008.pinyin.json#146,1,10,长,2,平,3,仄,ci.清.0008.pinyin.json 第2阕第11字 语料拼音 zhǎng,待裁定
ci.清.0008.pinyin.json#146,1,29,别,4,仄,2,平,ci.清.0008.pinyin.json 第2阕第30字 语料拼音 bié,待裁定
ci.清.0008.pinyin.json#148,0,36,长,2,平,3,仄,ci.清.0008.pinyin.json 第1阕第37字 语料拼音 zhǎng,待裁定
ci.清.0008.pinyin.json#148,1,93,长,2,平,3,仄,ci.清.0008.pinyin.json 第2阕第94字 语料拼音 zhǎng,待裁定
ci.清.0008.pinyin.json#149,0,76,长,2,平,3,仄,ci.清.0008.pinyin.json 第1阕第77字 语料拼音 zhǎng,待裁定
ci.清.0008.pinyin.json#149,1,48,长,2,平,3,仄,ci.清.0008.pinyin.json 第2阕第49字 语料拼音 zhǎng,待裁定
ci.清.0008.pinyin.json#150,4,15,长,2,平,3,仄,ci.清.0008.pinyin.json 第5阕第16字 语料拼音 zhǎng,待裁定
ci.清.0008.pinyin.json#154,1,11,长,2,平,3,仄,ci.清.0008.pinyin.json 第2阕第12字 语料拼音 zhǎng,待裁定
ci.清.0008.pinyin.json#169,0,14,长,2,平,3,仄,ci.清.0008.pinyin.json 第1阕第15字 语料拼音 zhǎng,待裁定
ci.清.0008.pinyin.json#172,1,19,长,2,平,3,仄,ci.清.0008.pinyin.json 第2阕第20字 语料拼音 zhǎng,待裁定
ci.清.0008.pinyin.json#174,1,2,长,2,平,3,仄,ci.清.0008.pinyin.json 第2阕第3字 语料拼音 zhǎng,待裁定
ci.清.0008.pinyin.json#176,0,0,长,2,平,3,仄,ci.清.0008.pinyin.json 第1阕第1字 语料拼音 zhǎng,待裁定
ci.清.0008.pinyin.json#188,0,27,绝,4,仄,2,平,ci.清.0008.pinyin.json 第1阕第28字 语料拼音 jué,待裁定
ci.清.0008.pinyin.json#191,1,29,长,2,平,3,仄,ci.清.0008.pinyin.json 第2阕第30字 语料拼音 zhǎng,待裁定
ci.清.0008.pinyin.json#192,1,19,长,2,平,3,仄,ci.清.0008.pinyin.json 第2阕第20字 语料拼音 zhǎng,待裁定
ci.清.0008.pinyin.json#194,1,24,长,2,平,3,仄,ci.清.0008.pinyin.json 第2阕第25字 语料拼音 zhǎng,待裁定
ci.清.0008.pinyin.json#195,0,8,绝,4,仄,2,平,ci.清.0008.pinyin.json 第1阕第9字 语料拼音 jué,待裁定
ci.清.0008.pinyin.json#200,1,34,长,2,平,3,仄,ci.清.0008.pinyin.json 第2阕第35字 语料拼音 zhǎng,待裁定
ci.清.0008.pinyin.json#201,1,21,长,2,平,3,仄,ci.清.0008.pinyin.json 第2阕第22字 语料拼音 zhǎng,待裁定
ci.清.0008.pinyin.json#202,1,32,长,2,平,3,仄,ci.清.0008.pinyin.json 第2阕第33字 语料拼音 zhǎng,待裁定
ci.清.0008.pinyin.json#207,1,14,长,2,平,3,仄,ci.清.0008.pinyin.json 第2阕第15字 语料拼音 zhǎng,待裁定
ci.清.0008.pinyin.json#212,0,16,长,2,平,3,仄,ci.清.0008.pinyin.json 第1阕第17字 语料拼音 zhǎng,待裁定
ci.清.0008.pinyin.json#213,0,8,长,2,平,3,仄,ci.清.0008.pinyin.json 第1阕第9字 语料拼音 zhǎng,待裁定
ci.清.0008.pinyin.json#214,1,31,长,2,平,3,仄,ci.清.0008.pinyin.json 第2阕第32字 语料拼音 zhǎng,待裁定
ci.清.0008.pinyin.json#215,0,22,别,4,仄,2,平,ci.清.0008.pinyin.json 第1阕第23字 语料拼音 bié,待裁定
ci.清.0008.pinyin.json#215,1,2,别,4,仄,2,平,ci.清.0008.pinyin.json 第2阕第3字 语料拼音 bié,待裁定
ci.清.0008.pinyin.json#220,0,6,长,2,平,3,仄,ci.清.0008.pinyin.json 第1阕第7字 语料拼音 zhǎng,待裁定
ci.清.0008.pinyin.json#220,0,23,绝,4,仄,2,平,ci.清.0008.pinyin.json 第1阕第24字 语料拼音 jué,待裁定
ci.清.0008.pinyin.json#220,1,45,甚,4,仄,2,平,ci.清.0008.pinyin.json 第2阕第46字 语料拼音 shén,待裁定
ci.清.0008.pinyin.json#221,1,8,别,4,仄,2,平,ci.清.0008.pinyin.json 第2阕第9字 语料拼音 bié,待裁定
ci.清.0008.pinyin.json#221,1,12,长,2,平,3,仄,ci.清.0008.pinyin.json 第2阕第13字 语料拼音 zhǎng,待裁定
ci.清.0008.pinyin.json#224,1,6,别,4,仄,2,平,ci.清.0008.pinyin.json 第2阕第7字 语料拼音 bié,待裁定
ci.清.0008.pinyin.json#226,1,43,长,2,平,3,仄,ci.清.0008.pinyin.json 第2阕第44字 语料拼音 zhǎng,待裁定
ci.清.0008.pinyin.json#228,1,28,长,2,平,3,仄,ci.清.0008.pinyin.json 第2阕第29字 语料拼音 zhǎng,待裁定
ci.清.0008.pinyin.json#229,0,49,绝,4,仄,2,平,ci.清.0008.pinyin.json 第1阕第50字 语料拼音 jué,待裁定
ci.清.0008.pinyin.json#229,1,50,别,4,仄,2,平,ci.清.0008.pinyin.json 第2阕第51字 语料拼音 bié,待裁定
ci.清.0008.pinyin.json#230,0,34,甚,4,仄,2,平,ci.清.0008.pinyin.json 第1阕第35字 语料拼音 shén,待裁定
ci.清.0008.pinyin.json#231,0,10,别,4,仄,2,平,ci.清.0008.pinyin.json 第1阕第11字 语料拼音 bié,待裁定
ci.清.0008.pinyin.json#232,1,47,甚,4,仄,2,平,ci.清.0008.pinyin.json 第2阕第48字 语料拼音 shén,待裁定
ci.清.0008.pinyin.json#233,1,43,长,2,平,3,仄,ci.清.0008.pinyin.json 第2阕第44字 语料拼音 zhǎng,待裁定
ci.清.0008.pinyin.json#234,1,32,长,2,平,3,仄,ci.清.0008.pinyin.json 第2阕第33字 语料拼音 zhǎng,待裁定
ci.清.0008.pinyin.json#238,0,20,长,2,平,3,仄,ci.清.0008.pinyin.json 第1阕第21字 语料拼音 zhǎng,待裁定
ci.清.0008.pinyin.json#244,0,52,长,2,平,3,仄,ci.清.0008.pinyin.json 第1阕第53字 语料拼音 zhǎng,待裁定
ci.清.0008.pinyin.json#244,1,26,长,2,平,3,仄,ci.清.0008.pinyin.json 第2阕第27字 语料拼音 zhǎng,待裁定
ci.清.0008.pinyin.json#247,0,23,别,4,仄,2,平,ci.清.0008.pinyin.json 第1阕第24字 语料拼音 bié,待裁定
ci.清.0008.pinyin.json#249,1,45,别,4,仄,2,平,ci.清.0008.pinyin.json 第2阕第46字 语料拼音 bié,待裁定
ci.清.0008.pinyin.json#251,1,54,长,2,平,3,仄,ci.清.0008.pinyin.json 第2阕第55字 语料拼音 zhǎng,待裁定
ci.清.0008.pinyin.json#252,1,27,长,2,平,3,仄,ci.清.0008.pinyin.json 第2阕第28字 语料拼音 zhǎng,待裁定
ci.清.0008.pinyin.json#255,0,56,绝,4,仄,2,平,ci.清.0008.pinyin.json 第1阕第57字 语料拼音 jué,待裁定
ci.清.0008.pinyin.json#256,3,5,别,4,仄,2,平,ci.清.0008.pinyin.json 第4阕第6字 语料拼音 bié,待裁定
ci.清.0008.pinyin.json#261,0,1,别,4,仄,2,平,ci.清.0008.pinyin.json 第1阕第2字 语料拼音 bié,待裁定
ci.清.0008.pinyin.json#261,0,49,长,2,平,3,仄,ci.清.0008.pinyin.json 第1阕第50字 语料拼音 zhǎng,待裁定
ci.清.0008.pinyin.json#262,0,2,长,2,平,3,仄,ci.清.0008.pinyin.json 第1阕第3字 语料拼音 zhǎng,待裁定
ci.清.0008.pinyin.json#264,1,35,长,2,平,3,仄,ci.清.0008.pinyin.json 第2阕第36字 语料拼音 zhǎng,待裁定
ci.清.0008.pinyin.json#265,0,19,长,2,平,3,仄,ci.清.0008.pinyin.json 第1阕第20字 语料拼音 zhǎng,待裁定
ci.清.0008.pinyin.json#265,0,68,别,4,仄,2,平,ci.清.0008.pinyin.json 第1阕第69字 语料拼音 bié,待裁定
ci.清.0008.pinyin.json#266,3,23,长,2,平,3,仄,ci.清.0008.pinyin.json 第4阕第24字 语料拼音 zhǎng,待裁定
ci.清.0008.pinyin.json#267,1,35,绝,4,仄,2,平,ci.清.0008.pinyin.json 第2阕第36字 语料拼音 jué,待裁定
ci.清.0008.pinyin.json#268,0,60,长,2,平,3,仄,ci.清.0008.pinyin.json 第1阕第61字 语料拼音 zhǎng,待裁定
ci.清.0008.pinyin.json#268,1,31,绝,4,仄,2,平,ci.清.0008.pinyin.json 第2阕第32字 语料拼音 jué,待裁定
ci.清.0008.pinyin.json#269,1,63,长,2,平,3,仄,ci.清.0008.pinyin.json 第2阕第64字 语料拼音 zhǎng,待裁定
ci.清.0008.pinyin.json#272,0,1,长,2,平,3,仄,ci.清.0008.pinyin.json 第1阕第2字 语料拼音 zhǎng,待裁定
ci.清.0008.pinyin.json#273,1,4,长,2,平,3,仄,ci.清.0008.pinyin.json 第2阕第5字 语料拼音 zhǎng,待裁定
ci.清.0008.pinyin.json#273,1,9,绝,4,仄,2,平,ci.清.0008.pinyin.json 第2阕第10字 语料拼音 jué,待裁定
ci.清.0008.pinyin.json#273,1,100,长,2,平,3,仄,ci.清.0008.pinyin.json 第2阕第101字 语料拼音 zhǎng,待裁定
ci.清.0008.pinyin.json#275,1,19,长,2,平,3,仄,ci.清.0008.pinyin.json 第2阕第20字 语料拼音 zhǎng,待裁定
ci.清.0008.pinyin.json#278,1,10,别,4,仄,2,平,ci.清.0008.pinyin.json 第2阕第11字 语料拼音 bié,待裁定
ci.清.0008.pinyin.json#279,0,31,长,2,平,3,仄,ci.清.0008.pinyin.json 第1阕第32字 语料拼音 zhǎng,待裁定
ci.清.0008.pinyin.json#284,0,17,长,2,平,3,仄,ci.清.0008.pinyin.json 第1阕第18字 语料拼音 zhǎng,待裁定
ci.清.0008.pinyin.json#284,1,6,长,2,平,3,仄,ci.清.0008.pinyin.json 第2阕第7字 语料拼音 zhǎng,待裁定
ci.清.0008.pinyin.json#285,1,14,别,4,仄,2,平,ci.清.0008.pinyin.json 第2阕第15字 语料拼音 bié,待裁定
ci.清.0008.pinyin.json#285,1,32,长,2,平,3,仄,ci.清.0008.pinyin.json 第2阕第33字 语料拼音 zhǎng,待裁定
ci.清.0008.pinyin.json#289,0,6,别,4,仄,2,平,ci.清.0008.pinyin.json 第1阕第7字 语料拼音 bié,待裁定
ci.清.0008.pinyin.json#289,1,6,绝,4,仄,2,平,ci.清.0008.pinyin.json 第2阕第7字 语料拼音 jué,待裁定
ci.清.0008.pinyin.json#303,0,18,长,2,平,3,仄,ci.清.0008.pinyin.json 第1阕第19字 语料拼音 zhǎng,待裁定
ci.清.0008.pinyin.json#304,0,71,长,2,平,3,仄,ci.清.0008.pinyin.json 第1阕第72字 语料拼音 zhǎng,待裁定
ci.清.0008.pinyin.json#304,1,1,绝,4,仄,2,平,ci.清.0008.pinyin.json 第2阕第2字 语料拼音 jué,待裁定
ci.清.0008.pinyin.json#310,1,47,长,2,平,3,仄,ci.清.0008.pinyin.json 第2阕第48字 语料拼音 zhǎng,待裁定
ci.清.0008.pinyin.json#317,1,17,长,2,平,3,仄,ci.清.0008.pinyin.json 第2阕第18字 语料拼音 zhǎng,待裁定
ci.清.0008.pinyin.json#326,1,2,长,2,平,3,仄,ci.清.0008.pinyin.json 第2阕第3字 语料拼音 zhǎng,待裁定
ci.清.0008.pinyin.json#329,1,14,长,2,平,3,仄,ci.清.0008.pinyin.json 第2阕第15字 语料拼音 zhǎng,待裁定
ci.清.0008.pinyin.json#330,0,15,别,4,仄,2,平,ci.清.0008.pinyin.json 第1阕第16字 语料拼音 bié,待裁定
ci.清.0008.pinyin.json#336,1,24,长,2,平,3,仄,ci.清.0008.pinyin.json 第2阕第25字 语料拼音 zhǎng,待裁定
ci.清.0008.pinyin.json#339,0,13,长,2,平,3,仄,ci.清.0008.pinyin.json 第1阕第14字 语料拼音 zhǎng,待裁定
ci.清.0008.pinyin.json#339,1,6,长,2,平,3,仄,ci.清.0008.pinyin.json 第2阕第7字 语料拼音 zhǎng,待裁定
ci.清.0008.pinyin.json#344,0,15,绝,4,仄,2,平,ci.清.0008.pinyin.json 第1阕第16字 语料拼音 jué,待裁定
ci.清.0008.pinyin.json#344,1,4,长,2,平,3,仄,ci.清.0008.pinyin.json 第2阕第5字 语料拼音 zhǎng,待裁定
ci.清.0008.pinyin.json#347,1,14,别,4,仄,2,平,ci.清.0008.pinyin.json 第2阕第15字 语料拼音 bié,待裁定
ci.清.0008.pinyin.json#349,0,0,长,2,平,3,仄,ci.清.0008.pinyin.json 第1阕第1字 语料拼音 zhǎng,待裁定
ci.清.0008.pinyin.json#351,0,19,别,4,仄,2,平,ci.清.0008.pinyin.json 第1阕第20字 语料拼音 bié,待裁定
ci.清.0008.pinyin.json#351,1,17,长,2,平,3,仄,ci.清.0008.pinyin.json 第2阕第18字 语料拼音 zhǎng,待裁定
ci.清.0008.pinyin.json#352,1,24,绝,4,仄,2,平,ci.清.0008.pinyin.json 第2阕第25字 语料拼音 jué,待裁定
ci.清.0008.pinyin.json#354,0,27,别,4,仄,2,平,ci.清.0008.pinyin.json 第1阕第28字 语料拼音 bié,待裁定
ci.清.0008.pinyin.json#355,1,15,长,2,平,3,仄,ci.清.0008.pinyin.json 第2阕第16字 语料拼音 zhǎng,待裁定
ci.清.0008.pinyin.json#355,1,48,长,2,平,3,仄,ci.清.0008.pinyin.json 第2阕第49字 语料拼音 zhǎng,待裁定
ci.清.0008.pinyin.json#359,1,11,绝,4,仄,2,平,ci.清.0008.pinyin.json 第2阕第12字 语料拼音 jué,待裁定
ci.清.0008.pinyin.json#360,0,5,甚,4,仄,2,平,ci.清.0008.pinyin.json 第1阕第6字 语料拼音 shén,待裁定
ci.清.0008.pinyin.json#367,0,23,别,4,仄,2,平,ci.清.0008.pinyin.json 第1阕第24字 语料拼音 bié,待裁定
ci.清.0008.pinyin.json#369,0,3,别,4,仄,2,平,ci.清.0008.pinyin.json 第1阕第4字 语料拼音 bié,待裁定
ci.清.0008.pinyin.json#369,1,0,长,2,平,3,仄,ci.清.0008.pinyin.json 第2阕第1字 语料拼音 zhǎng,待裁定
ci.清.0008.pinyin.json#369,1,14,绝,4,仄,2,平,ci.清.0008.pinyin.json 第2阕第15字 语料拼音 jué,待裁定
ci.清.0008.pinyin.json#369,1,44,甚,4,仄,2,平,ci.清.0008.pinyin.json 第2阕第45字 语料拼音 shén,待裁定
ci.清.0008.pinyin.json#370,0,21,长,2,平,3,仄,ci.清.0008.pinyin.json 第1阕第22字 语料拼音 zhǎng,待裁定
ci.清.0008.pinyin.json#377,0,12,别,4,仄,2,平,ci.清.0008.pinyin.json 第1阕第13字 语料拼音 bié,待裁定
ci.清.0008.pinyin.json#378,1,52,别,4,仄,2,平,ci.清.0008.pinyin.json 第2阕第53字 语料拼音 bié,待裁定
ci.清.0008.pinyin.json#379,1,23,长,2,平,3,仄,ci.清.0008.pinyin.json 第2阕第24字 语料拼音 zhǎng,待裁定
ci.清.0008.pinyin.json#380,0,11,甚,4,仄,2,平,ci.清.0008.pinyin.json 第1阕第12字 语料拼音 shén,待裁定
ci.清.0008.pinyin.json#382,1,3,长,2,平,3,仄,ci.清.0008.pinyin.json 第2阕第4字 语料拼音 zhǎng,待裁定
ci.清.0008.pinyin.json#385,1,42,长,2,平,3,仄,ci.清.0008.pinyin.json 第2阕第43字 语料拼音 zhǎng,待裁定
ci.清.0008.pinyin.json#386,1,1,甚,4,仄,2,平,ci.清.0008.pinyin.json 第2阕第2字 语料拼音 shén,待裁定
ci.清.0008.pinyin.json#387,0,6,别,4,仄,2,平,ci.清.0008.pinyin.json 第1阕第7字 语料拼音 bié,待裁定
ci.清.0008.pinyin.json#387,3,0,甚,4,仄,2,平,ci.清.0008.pinyin.json 第4阕第1字 语料拼音 shén,待裁定
ci.清.0008.pinyin.json#396,1,22,甚,4,仄,2,平,ci.清.0008.pinyin.json 第2阕第23字 语料拼音 shén,待裁定
ci.清.0008.pinyin.json#397,0,10,长,2,平,3,仄,ci.清.0008.pinyin.json 第1阕第11字 语料拼音 zhǎng,待裁定
ci.清.0008.pinyin.json#398,0,19,长,2,平,3,仄,ci.清.0008.pinyin.json 第1阕第20字 语料拼音 zhǎng,待裁定
ci.清.0008.pinyin.json#399,1,5,长,2,平,3,仄,ci.清.0008.pinyin.json 第2阕第6字 语料拼音 zhǎng,待裁定
ci.清.0008.pinyin.json#402,0,13,别,4,仄,2,平,ci.清.0008.pinyin.json 第1阕第14字 语料拼音 bié,待裁定
ci.清.0008.pinyin.json#402,0,17,长,2,平,3,仄,ci.清.0008.pinyin.json 第1阕第18字 语料拼音 zhǎng,待裁定
ci.清.0008.pinyin.json#404,0,25,长,2,平,3,仄,ci.清.0008.pinyin.json 第1阕第26字 语料拼音 zhǎng,待裁定
ci.清.0008.pinyin.json#404,0,52,别,4,仄,2,平,ci.清.0008.pinyin.json 第1阕第53字 语料拼音 bié,待裁定
ci.清.0008.pinyin.json#405,1,8,长,2,平,3,仄,ci.清.0008.pinyin.json 第2阕第9字 语料拼音 zhǎng,待裁定
ci.清.0008.pinyin.json#406,1,27,甚,4,仄,2,平,ci.清.0008.pinyin.json 第2阕第28字 语料拼音 shén,待裁定
ci.清.0008.pinyin.json#412,0,13,绝,4,仄,2,平,ci.清.0008.pinyin.json 第1阕第14字 语料拼音 jué,待裁定
ci.清.0008.pinyin.json#413,1,3,绝,4,仄,2,平,ci.清.0008.pinyin.json 第2阕第4字 语料拼音 jué,待裁定
ci.清.0008.pinyin.json#414,0,16,长,2,平,3,仄,ci.清.0008.pinyin.json 第1阕第17字 语料拼音 zhǎng,待裁定
ci.清.0008.pinyin.json#417,1,15,长,2,平,3,仄,ci.清.0008.pinyin.json 第2阕第16字 语料拼音 zhǎng,待裁定
ci.清.0008.pinyin.json#421,1,20,别,4,仄,2,平,ci.清.0008.pinyin.json 第2阕第21字 语料拼音 bié,待裁定
ci.清.0008.pinyin.json#425,0,9,长,2,平,3,仄,ci.清.0008.pinyin.json 第1阕第10字 语料拼音 zhǎng,待裁定
ci.清.0008.pinyin.json#428,0,0,长,2,平,3,仄,ci.清.0008.pinyin.json 第1阕第1字 语料拼音 zhǎng,待裁定
ci.清.0008.pinyin.json#434,0,23,别,4,仄,2,平,ci.清.0008.pinyin.json 第1阕第24字 语料拼音 bié,待裁定
ci.清.0008.pinyin.json#436,0,46,长,2,平,3,仄,ci.清.0008.pinyin.json 第1阕第47字 语料拼音 zhǎng,待裁定
ci.清.0008.pinyin.json#437,1,20,长,2,平,3,仄,ci.清.0008.pinyin.json 第2阕第21字 语料拼音 zhǎng,待裁定
ci.清.0008.pinyin.json#438,0,4,甚,4,仄,2,平,ci.清.0008.pinyin.json 第1阕第5字 语料拼音 shén,待裁定
ci.清.0008.pinyin.json#441,1,43,长,2,平,3,仄,ci.清.0008.pinyin.json 第2阕第44字 语料拼音 zhǎng,待裁定
ci.清.0008.pinyin.json#442,0,4,甚,4,仄,2,平,ci.清.0008.pinyin.json 第1阕第5字 语料拼音 shén,待裁定
ci.清.0008.pinyin.json#444,0,10,别,4,仄,2,平,ci.清.0008.pinyin.json 第1阕第11字 语料拼音 bié,待裁定
ci.清.0008.pinyin.json#445,1,19,长,2,平,3,仄,ci.清.0008.pinyin.json 第2阕第20字 语料拼音 zhǎng,待裁定
ci.清.0008.pinyin.json#449,0,21,甚,4,仄,2,平,ci.清.0008.pinyin.json 第1阕第22字 语料拼音 shén,待裁定
ci.清.0008.pinyin.json#451,0,9,长,2,平,3,仄,ci.清.0008.pinyin.json 第1阕第10字 语料拼音 zhǎng,待裁定
ci.清.0008.pinyin.json#457,1,51,别,4,仄,2,平,ci.清.0008.pinyin.json 第2阕第52字 语料拼音 bié,待裁定
ci.清.0008.pinyin.json#458,0,24,长,2,平,3,仄,ci.清.0008.pinyin.json 第1阕第25字 语料拼音 zhǎng,待裁定
ci.清.0008.pinyin.json#458,0,26,别,4,仄,2,平,ci.清.0008.pinyin.json 第1阕第27字 语料拼音 bié,待裁定
ci.清.0008.pinyin.json#459,1,3,长,2,平,3,仄,ci.清.0008.pinyin.json 第2阕第4字 语料拼音 zhǎng,待裁定
ci.清.0008.pinyin.json#460,1,24,长,2,平,3,仄,ci.清.0008.pinyin.json 第2阕第25字 语料拼音 zhǎng,待裁定
ci.清.0008.pinyin.json#469,0,7,长,2,平,3,仄,ci.清.0008.pinyin.json 第1阕第8字 语料拼音 zhǎng,待裁定
ci.清.0008.pinyin.json#472,0,24,长,2,平,3,仄,ci.清.0008.pinyin.json 第1阕第25字 语料拼音 zhǎng,待裁定
ci.清.0008.pinyin.json#477,0,33,长,2,平,3,仄,ci.清.0008.pinyin.json 第1阕第34字 语料拼音 zhǎng,待裁定
ci.清.0008.pinyin.json#477,0,36,甚,4,仄,2,平,ci.清.0008.pinyin.json 第1阕第37字 语料拼音 shén,待裁定
ci.清.0008.pinyin.json#479,0,17,别,4,仄,2,平,ci.清.0008.pinyin.json 第1阕第18字 语料拼音 bié,待裁定
ci.清.0008.pinyin.json#479,0,22,长,2,平,3,仄,ci.清.0008.pinyin.json 第1阕第23字 语料拼音 zhǎng,待裁定
ci.清.0008.pinyin.json#481,1,9,长,2,平,3,仄,ci.清.0008.pinyin.json 第2阕第10字 语料拼音 zhǎng,待裁定
ci.清.0008.pinyin.json#486,0,6,甚,4,仄,2,平,ci.清.0008.pinyin.json 第1阕第7字 语料拼音 shén,待裁定
ci.清.0008.pinyin.json#487,3,20,长,2,平,3,仄,ci.清.0008.pinyin.json 第4阕第21字 语料拼音 zhǎng,待裁定
ci.清.0008.pinyin.json#487,4,4,甚,4,仄,2,平,ci.清.0008.pinyin.json 第5阕第5字 语料拼音 shén,待裁定
ci.清.0008.pinyin.json#488,0,2,长,2,平,3,仄,ci.清.0008.pinyin.json 第1阕第3字 语料拼音 zhǎng,待裁定
ci.清.0008.pinyin.json#489,0,25,别,4,仄,2,平,ci.清.0008.pinyin.json 第1阕第26字 语料拼音 bié,待裁定
ci.清.0008.pinyin.json#491,0,42,长,2,平,3,仄,ci.清.0008.pinyin.json 第1阕第43字 语料拼音 zhǎng,待裁定
ci.清.0008.pinyin.json#498,0,23,甚,4,仄,2,平,ci.清.0008.pinyin.json 第1阕第24字 语料拼音 shén,待裁定
ci.清.0008.pinyin.json#504,0,0,甚,4,仄,2,平,ci.清.0008.pinyin.json 第1阕第1字 语料拼音 shén,待裁定
ci.清.0008.pinyin.json#504,0,4,长,2,平,3,仄,ci.清.0008.pinyin.json 第1阕第5字 语料拼音 zhǎng,待裁定
ci.清.0008.pinyin.json#505,4,7,长,2,平,3,仄,ci.清.0008.pinyin.json 第5阕第8字 语料拼音 zhǎng,待裁定
ci.清.0008.pinyin.json#506,0,43,长,2,平,3,仄,ci.清.0008.pinyin.json 第1阕第44字 语料拼音 zhǎng,待裁定
ci.清.0008.pinyin.json#513,1,39,长,2,平,3,仄,ci.清.0008.pinyin.json 第2阕第40字 语料拼音 zhǎng,待裁定
ci.清.0008.pinyin.json#514,1,33,绝,4,仄,2,平,ci.清.0008.pinyin.json 第2阕第34字 语料拼音 jué,待裁定
ci.清.0008.pinyin.json#514,1,41,别,4,仄,2,平,ci.清.0008.pinyin.json 第2阕第42字 语料拼音 bié,待裁定
ci.清.0008.pinyin.json#515,0,23,长,2,平,3,仄,ci.清.0008.pinyin.json 第1阕第24字 语料拼音 zhǎng,待裁定
ci.清.0008.pinyin.json#516,0,6,别,4,仄,2,平,ci.清.0008.pinyin.json 第1阕第7字 语料拼音 bié,待裁定
ci.清.0008.pinyin.json#518,1,26,甚,4,仄,2,平,ci.清.0008.pinyin.json 第2阕第27字 语料拼音 shén,待裁定
ci.清.0008.pinyin.json#520,0,6,绝,4,仄,2,平,ci.清.0008.pinyin.json 第1阕第7字 语料拼音 jué,待裁定
ci.清.0008.pinyin.json#522,1,12,别,4,仄,2,平,ci.清.0008.pinyin.json 第2阕第13字 语料拼音 bié,待裁定
ci.清.0008.pinyin.json#522,1,42,甚,4,仄,2,平,ci.清.0008.pinyin.json 第2阕第43字 语料拼音 shén,待裁定
ci.清.0008.pinyin.json#534,0,20,甚,4,仄,2,平,ci.清.0008.pinyin.json 第1阕第21字 语料拼音 shén,待裁定
ci.清.0008.pinyin.json#535,0,4,别,4,仄,2,平,ci.清.0008.pinyin.json 第1阕第5字 语料拼音 bié,待裁定
ci.清.0008.pinyin.json#548,0,11,别,4,仄,2,平,ci.清.0008.pinyin.json 第1阕第12字 语料拼音 bié,待裁定
ci.清.0008.pinyin.json#561,0,2,绝,4,仄,2,平,ci.清.0008.pinyin.json 第1阕第3字 语料拼音 jué,待裁定
ci.清.0008.pinyin.json#565,0,26,别,4,仄,2,平,ci.清.0008.pinyin.json 第1阕第27字 语料拼音 bié,待裁定
ci.清.0008.pinyin.json#565,1,2,长,2,平,3,仄,ci.清.0008.pinyin.json 第2阕第3字 语料拼音 zhǎng,待裁定
ci.清.0008.pinyin.json#566,2,7,长,2,平,3,仄,ci.清.0008.pinyin.json 第3阕第8字 语料拼音 zhǎng,待裁定
ci.清.0008.pinyin.json#569,0,33,长,2,平,3,仄,ci.清.0008.pinyin.json 第1阕第34字 语料拼音 zhǎng,待裁定
ci.清.0008.pinyin.json#572,0,23,长,2,平,3,仄,ci.清.0008.pinyin.json 第1阕第24字 语料拼音 zhǎng,待裁定
ci.清.0008.pinyin.json#572,0,25,甚,4,仄,2,平,ci.清.0008.pinyin.json 第1阕第26字 语料拼音 shén,待裁定
ci.清.0008.pinyin.json#574,0,25,长,2,平,3,仄,ci.清.0008.pinyin.json 第1阕第26字 语料拼音 zhǎng,待裁定
ci.清.0008.pinyin.json#580,0,38,甚,4,仄,2,平,ci.清.0008.pinyin.json 第1阕第39字 语料拼音 shén,待裁定
ci.清.0008.pinyin.json#582,0,34,甚,4,仄,2,平,ci.清.0008.pinyin.json 第1阕第35字 语料拼音 shén,待裁定
ci.清.0008.pinyin.json#583,1,28,长,2,平,3,仄,ci.清.0008.pinyin.json 第2阕第29字 语料拼音 zhǎng,待裁定
ci.清.0008.pinyin.json#584,1,6,甚,4,仄,2,平,ci.清.0008.pinyin.json 第2阕第7字 语料拼音 shén,待裁定
ci.清.0008.pinyin.json#584,1,33,长,2,平,3,仄,ci.清.0008.pinyin.json 第2阕第34字 语料拼音 zhǎng,待裁定
ci.清.0008.pinyin.json#586,0,26,长,2,平,3,仄,ci.清.0008.pinyin.json 第1阕第27字 语料拼音 zhǎng,待裁定
ci.清.0008.pinyin.json#586,1,45,长,2,平,3,仄,ci.清.0008.pinyin.json 第2阕第46字 语料拼音 zhǎng,待裁定
ci.清.0008.pinyin.json#592,1,6,长,2,平,3,仄,ci.清.0008.pinyin.json 第2阕第7字 语料拼音 zhǎng,待裁定
ci.清.0008.pinyin.json#592,1,32,甚,4,仄,2,平,ci.清.0008.pinyin.json 第2阕第33字 语料拼音 shén,待裁定
ci.清.0008.pinyin.json#599,0,23,长,2,平,3,仄,ci.清.0008.pinyin.json 第1阕第24字 语料拼音 zhǎng,待裁定
ci.清.0008.pinyin.json#605,0,1,别,4,仄,2,平,ci.清.0008.pinyin.json 第1阕第2字 语料拼音 bié,待裁定
ci.清.0008.pinyin.json#607,1,12,甚,4,仄,2,平,ci.清.0008.pinyin.json 第2阕第13字 语料拼音 shén,待裁定
ci.清.0008.pinyin.json#607,1,45,别,4,仄,2,平,ci.清.0008.pinyin.json 第2阕第46字 语料拼音 bié,待裁定
ci.清.0008.pinyin.json#611,0,32,别,4,仄,2,平,ci.清.0008.pinyin.json 第1阕第33字 语料拼音 bié,待裁定
ci.清.0008.pinyin.json#618,0,15,长,2,平,3,仄,ci.清.0008.pinyin.json 第1阕第16字 语料拼音 zhǎng,待裁定
ci.清.0008.pinyin.json#619,0,21,别,4,仄,2,平,ci.清.0008.pinyin.json 第1阕第22字 语料拼音 bié,待裁定
ci.清.0008.pinyin.json#623,1,35,长,2,平,3,仄,ci.清.0008.pinyin.json 第2阕第36字 语料拼音 zhǎng,待裁定
ci.清.0008.pinyin.json#625,0,12,长,2,平,3,仄,ci.清.0008.pinyin.json 第1阕第13字 语料拼音 zhǎng,待裁定
ci.清.0008.pinyin.json#631,1,1,别,4,仄,2,平,ci.清.0008.pinyin.json 第2阕第2字 语料拼音 bié,待裁定
ci.清.0008.pinyin.json#631,1,17,长,2,平,3,仄,ci.清.0008.pinyin.json 第2阕第18字 语料拼音 zhǎng,待裁定
ci.清.0008.pinyin.json#634,0,36,甚,4,仄,2,平,ci.清.0008.pinyin.json 第1阕第37字 语料拼音 shén,待裁定
ci.清.0008.pinyin.json#634,1,23,长,2,平,3,仄,ci.清.0008.pinyin.json 第2阕第24字 语料拼音 zhǎng,待裁定
ci.清.0008.pinyin.json#639,1,45,长,2,平,3,仄,ci.清.0008.pinyin.json 第2阕第46字 语料拼音 zhǎng,待裁定
ci.清.0008.pinyin.json#640,0,45,长,2,平,3,仄,ci.清.0008.pinyin.json 第1阕第46字 语料拼音 zhǎng,待裁定
ci.清.0008.pinyin.json#640,1,15,长,2,平,3,仄,ci.清.0008.pinyin.json 第2阕第16字 语料拼音 zhǎng,待裁定
ci.清.0008.pinyin.json#645,0,4,长,2,平,3,仄,ci.清.0008.pinyin.json 第1阕第5字 语料拼音 zhǎng,待裁定
ci.清.0008.pinyin.json#645,1,52,长,2,平,3,仄,ci.清.0008.pinyin.json 第2阕第53字 语料拼音 zhǎng,待裁定
ci.清.0008.pinyin.json#646,1,6,别,4,仄,2,平,ci.清.0008.pinyin.json 第2阕第7字 语料拼音 bié,待裁定
ci.清.0008.pinyin.json#647,1,33,甚,4,仄,2,平,ci.清.0008.pinyin.json 第2阕第34字 语料拼音 shén,待裁定
ci.清.0008.pinyin.json#648,1,25,长,2,平,3,仄,ci.清.0008.pinyin.json 第2阕第26字 语料拼音 zhǎng,待裁定
ci.清.0008.pinyin.json#652,1,40,长,2,平,3,仄,ci.清.0008.pinyin.json 第2阕第41字 语料拼音 zhǎng,待裁定
ci.清.0008.pinyin.json#653,0,26,长,2,平,3,仄,ci.清.0008.pinyin.json 第1阕第27字 语料拼音 zhǎng,待裁定
ci.清.0008.pinyin.json#655,1,27,长,2,平,3,仄,ci.清.0008.pinyin.json 第2阕第28字 语料拼音 zhǎng,待裁定
ci.清.0008.pinyin.json#661,0,20,长,2,平,3,仄,ci.清.0008.pinyin.json 第1阕第21字 语料拼音 zhǎng,待裁定
ci.清.0008.pinyin.json#662,0,13,长,2,平,3,仄,ci.清.0008.pinyin.json 第1阕第14字 语料拼音 zhǎng,待裁定
ci.清.0008.pinyin.json#672,1,38,长,2,平,3,仄,ci.清.0008.pinyin.json 第2阕第39字 语料拼音 zhǎng,待裁定
ci.清.0008.pinyin.json#673,1,38,长,2,平,3,仄,ci.清.0008.pinyin.json 第2阕第39字 语料拼音 zhǎng,待裁定
ci.清.0008.pinyin.json#678,0,28,长,2,平,3,仄,ci.清.0008.pinyin.json 第1阕第29字 语料拼音 zhǎng,待裁定
ci.清.0008.pinyin.json#680,1,1,别,4,仄,2,平,ci.清.0008.pinyin.json 第2阕第2字 语料拼音 bié,待裁定
ci.清.0008.pinyin.json#686,0,36,长,2,平,3,仄,ci.清.0008.pinyin.json 第1阕第37字 语料拼音 zhǎng,待裁定
ci.清.0008.pinyin.json#687,0,26,别,4,仄,2,平,ci.清.0008.pinyin.json 第1阕第27字 语料拼音 bié,待裁定
ci.清.0008.pinyin.json#687,1,0,长,2,平,3,仄,ci.清.0008.pinyin.json 第2阕第1字 语料拼音 zhǎng,待裁定
ci.清.0008.pinyin.json#688,1,29,长,2,平,3,仄,ci.清.0008.pinyin.json 第2阕第30字 语料拼音 zhǎng,待裁定
ci.清.0008.pinyin.json#689,1,50,长,2,平,3,仄,ci.清.0008.pinyin.json 第2阕第51字 语料拼音 zhǎng,待裁定
ci.清.0008.pinyin.json#690,0,36,别,4,仄,2,平,ci.清.0008.pinyin.json 第1阕第37字 语料拼音 bié,待裁定
ci.清.0008.pinyin.json#690,1,45,甚,4,仄,2,平,ci.清.0008.pinyin.json 第2阕第46字 语料拼音 shén,待裁定
ci.清.0008.pinyin.json#691,0,13,长,2,平,3,仄,ci.清.0008.pinyin.json 第1阕第14字 语料拼音 zhǎng,待裁定
ci.清.0008.pinyin.json#694,0,1,长,2,平,3,仄,ci.清.0008.pinyin.json 第1阕第2字 语料拼音 zhǎng,待裁定
ci.清.0008.pinyin.json#694,1,6,甚,4,仄,2,平,ci.清.0008.pinyin.json 第2阕第7字 语料拼音 shén,待裁定
ci.清.0008.pinyin.json#694,1,23,长,2,平,3,仄,ci.清.0008.pinyin.json 第2阕第24字 语料拼音 zhǎng,待裁定
ci.清.0008.pinyin.json#702,1,7,长,2,平,3,仄,ci.清.0008.pinyin.json 第2阕第8字 语料拼音 zhǎng,待裁定
ci.清.0008.pinyin.json#703,1,29,长,2,平,3,仄,ci.清.0008.pinyin.json 第2阕第30字 语料拼音 zhǎng,待裁定
ci.清.0008.pinyin.json#705,0,26,别,4,仄,2,平,ci.清.0008.pinyin.json 第1阕第27字 语料拼音 bié,待裁定
ci.清.0008.pinyin.json#705,0,31,甚,4,仄,2,平,ci.清.0008.pinyin.json 第1阕第32字 语料拼音 shén,待裁定
ci.清.0008.pinyin.json#706,0,10,别,4,仄,2,平,ci.清.0008.pinyin.json 第1阕第11字 语料拼音 bié,待裁定
ci.清.0008.pinyin.json#706,0,47,长,2,平,3,仄,ci.清.0008.pinyin.json 第1阕第48字 语料拼音 zhǎng,待裁定
ci.清.0008.pinyin.json#707,1,39,长,2,平,3,仄,ci.清.0008.pinyin.json 第2阕第40字 语料拼音 zhǎng,待裁定
ci.清.0008.pinyin.json#708,1,9,长,2,平,3,仄,ci.清.0008.pinyin.json 第2阕第10字 语料拼音 zhǎng,待裁定
ci.清.0008.pinyin.json#713,1,47,长,2,平,3,仄,ci.清.0008.pinyin.json 第2阕第48字 语料拼音 zhǎng,待裁定
ci.清.0008.pinyin.json#715,1,8,长,2,平,3,仄,ci.清.0008.pinyin.json 第2阕第9字 语料拼音 zhǎng,待裁定
ci.清.0008.pinyin.json#720,1,23,长,2,平,3,仄,ci.清.0008.pinyin.json 第2阕第24字 语料拼音 zhǎng,待裁定
ci.清.0008.pinyin.json#721,1,47,长,2,平,3,仄,ci.清.0008.pinyin.json 第2阕第48字 语料拼音 zhǎng,待裁定
ci.清.0008.pinyin.json#733,0,3,甚,4,仄,2,平,ci.清.0008.pinyin.json 第1阕第4字 语料拼音 shén,待裁定
ci.清.0008.pinyin.json#733,1,13,长,2,平,3,仄,ci.清.0008.pinyin.json 第2阕第14字 语料拼音 zhǎng,待裁定
ci.清.0008.pinyin.json#734,0,28,长,2,平,3,仄,ci.清.0008.pinyin.json 第1阕第29字 语料拼音 zhǎng,待裁定
ci.清.0008.pinyin.json#734,1,40,甚,4,仄,2,平,ci.清.0008.pinyin.json 第2阕第41字 语料拼音 shén,待裁定
ci.清.0008.pinyin.json#737,1,12,别,4,仄,2,平,ci.清.0008.pinyin.json 第2阕第13字 语料拼音 bié,待裁定
ci.清.0008.pinyin.json#738,0,7,长,2,平,3,仄,ci.清.0008.pinyin.json 第1阕第8字 语料拼音 zhǎng,待裁定
ci.清.0008.pinyin.json#738,1,19,长,2,平,3,仄,ci.清.0008.pinyin.json 第2阕第20字 语料拼音 zhǎng,待裁定
ci.清.0008.pinyin.json#745,0,13,长,2,平,3,仄,ci.清.0008.pinyin.json 第1阕第14字 语料拼音 zhǎng,待裁定
ci.清.0008.pinyin.json#750,0,33,甚,4,仄,2,平,ci.清.0008.pinyin.json 第1阕第34字 语料拼音 shén,待裁定
ci.清.0008.pinyin.json#752,0,52,长,2,平,3,仄,ci.清.0008.pinyin.json 第1阕第53字 语料拼音 zhǎng,待裁定
ci.清.0008.pinyin.json#755,0,40,长,2,平,3,仄,ci.清.0008.pinyin.json 第1阕第41字 语料拼音 zhǎng,待裁定
ci.清.0008.pinyin.json#756,0,22,别,4,仄,2,平,ci.清.0008.pinyin.json 第1阕第23字 语料拼音 bié,待裁定
ci.清.0008.pinyin.json#756,0,52,长,2,平,3,仄,ci.清.0008.pinyin.json 第1阕第53字 语料拼音 zhǎng,待裁定
ci.清.0008.pinyin.json#759,0,52,长,2,平,3,仄,ci.清.0008.pinyin.json 第1阕第53字 语料拼音 zhǎng,待裁定
ci.清.0008.pinyin.json#762,0,22,长,2,平,3,仄,ci.清.0008.pinyin.json 第1阕第23字 语料拼音 zhǎng,待裁定
ci.清.0008.pinyin.json#764,1,48,长,2,平,3,仄,ci.清.0008.pinyin.json 第2阕第49字 语料拼音 zhǎng,待裁定
ci.清.0008.pinyin.json#765,0,15,别,4,仄,2,平,ci.清.0008.pinyin.json 第1阕第16字 语料拼音 bié,待裁定
ci.清.0008.pinyin.json#777,1,8,甚,4,仄,2,平,ci.清.0008.pinyin.json 第2阕第9字 语料拼音 shén,待裁定
ci.清.0008.pinyin.json#798,1,13,长,2,平,3,仄,ci.清.0008.pinyin.json 第2阕第14字 语料拼音 zhǎng,待裁定
ci.清.0008.pinyin.json#800,0,25,甚,4,仄,2,平,ci.清.0008.pinyin.json 第1阕第26字 语料拼音 shén,待裁定
ci.清.0008.pinyin.json#800,1,3,别,4,仄,2,平,ci.清.0008.pinyin.json 第2阕第4字 语料拼音 bié,待裁定
ci.清.0008.pinyin.json#804,1,47,长,2,平,3,仄,ci.清.0008.pinyin.json 第2阕第48字 语料拼音 zhǎng,待裁定
ci.清.0008.pinyin.json#805,1,2,别,4,仄,2,平,ci.清.0008.pinyin.json 第2阕第3字 语料拼音 bié,待裁定
ci.清.0008.pinyin.json#806,0,26,长,2,平,3,仄,ci.清.0008.pinyin.json 第1阕第27字 语料拼音 zhǎng,待裁定
ci.清.0008.pinyin.json#807,1,2,甚,4,仄,2,平,ci.清.0008.pinyin.json 第2阕第3字 语料拼音 shén,待裁定
ci.清.0008.pinyin.json#809,1,27,甚,4,仄,2,平,ci.清.0008.pinyin.json 第2阕第28字 语料拼音 shén,待裁定
ci.清.0008.pinyin.json#809,1,71,长,2,平,3,仄,ci.清.0008.pinyin.json 第2阕第72字 语料拼音 zhǎng,待裁定
ci.清.0008.pinyin.json#810,0,38,别,4,仄,2,平,ci.清.0008.pinyin.json 第1阕第39字 语料拼音 bié,待裁定
ci.清.0008.pinyin.json#810,1,13,绝,4,仄,2,平,ci.清.0008.pinyin.json 第2阕第14字 语料拼音 jué,待裁定
ci.清.0008.pinyin.json#811,0,37,甚,4,仄,2,平,ci.清.0008.pinyin.json 第1阕第38字 语料拼音 shén,待裁定
ci.清.0008.pinyin.json#814,1,22,长,2,平,3,仄,ci.清.0008.pinyin.json 第2阕第23字 语料拼音 zhǎng,待裁定
ci.清.0008.pinyin.json#820,0,9,别,4,仄,2,平,ci.清.0008.pinyin.json 第1阕第10字 语料拼音 bié,待裁定
ci.清.0008.pinyin.json#825,0,54,长,2,平,3,仄,ci.清.0008.pinyin.json 第1阕第55字 语料拼音 zhǎng,待裁定
ci.清.0008.pinyin.json#828,1,15,别,4,仄,2,平,ci.清.0008.pinyin.json 第2阕第16字 语料拼音 bié,待裁定
ci.清.0008.pinyin.json#828,1,41,长,2,平,3,仄,ci.清.0008.pinyin.json 第2阕第42字 语料拼音 zhǎng,待裁定
ci.清.0008.pinyin.json#829,1,27,长,2,平,3,仄,ci.清.0008.pinyin.json 第2阕第28字 语料拼音 zhǎng,待裁定
ci.清.0008.pinyin.json#829,1,29,长,2,平,3,仄,ci.清.0008.pinyin.json 第2阕第30字 语料拼音 zhǎng,待裁定
ci.清.0008.pinyin.json#830,0,45,长,2,平,3,仄,ci.清.0008.pinyin.json 第1阕第46字 语料拼音 zhǎng,待裁定
ci.清.0008.pinyin.json#832,0,9,长,2,平,3,仄,ci.清.0008.pinyin.json 第1阕第10字 语料拼音 zhǎng,待裁定
ci.清.0008.pinyin.json#833,1,53,别,4,仄,2,平,ci.清.0008.pinyin.json 第2阕第54字 语料拼音 bié,待裁定
ci.清.0008.pinyin.json#835,0,25,绝,4,仄,2,平,ci.清.0008.pinyin.json 第1阕第26字 语料拼音 jué,待裁定
ci.清.0008.pinyin.json#836,1,19,长,2,平,3,仄,ci.清.0008.pinyin.json 第2阕第20字 语料拼音 zhǎng,待裁定
ci.清.0008.pinyin.json#838,0,20,长,2,平,3,仄,ci.清.0008.pinyin.json 第1阕第21字 语料拼音 zhǎng,待裁定
ci.清.0008.pinyin.json#843,0,35,长,2,平,3,仄,ci.清.0008.pinyin.json 第1阕第36字 语料拼音 zhǎng,待裁定
ci.清.0008.pinyin.json#849,1,41,长,2,平,3,仄,ci.清.0008.pinyin.json 第2阕第42字 语料拼音 zhǎng,待裁定
ci.清.0008.pinyin.json#852,1,26,别,4,仄,2,平,ci.清.0008.pinyin.json 第2阕第27字 语料拼音 bié,待裁定
ci.清.0008.pinyin.json#856,1,4,甚,4,仄,2,平,ci.清.0008.pinyin.json 第2阕第5字 语料拼音 shén,待裁定
ci.清.0008.pinyin.json#857,0,18,长,2,平,3,仄,ci.清.0008.pinyin.json 第1阕第19字 语料拼音 zhǎng,待裁定
ci.清.0008.pinyin.json#858,0,1,长,2,平,3,仄,ci.清.0008.pinyin.json 第1阕第2字 语料拼音 zhǎng,待裁定
ci.清.0008.pinyin.json#860,0,8,别,4,仄,2,平,ci.清.0008.pinyin.json 第1阕第9字 语料拼音 bié,待裁定
ci.清.0008.pinyin.json#862,0,6,长,2,平,3,仄,ci.清.0008.pinyin.json 第1阕第7字 语料拼音 zhǎng,待裁定
ci.清.0008.pinyin.json#864,1,25,长,2,平,3,仄,ci.清.0008.pinyin.json 第2阕第26字 语料拼音 zhǎng,待裁定
ci.清.0008.pinyin.json#865,1,3,长,2,平,3,仄,ci.清.0008.pinyin.json 第2阕第4字 语料拼音 zhǎng,待裁定
ci.清.0008.pinyin.json#865,1,11,长,2,平,3,仄,ci.清.0008.pinyin.json 第2阕第12字 语料拼音 zhǎng,待裁定
ci.清.0008.pinyin.json#866,1,30,长,2,平,3,仄,ci.清.0008.pinyin.json 第2阕第31字 语料拼音 zhǎng,待裁定
ci.清.0008.pinyin.json#868,1,25,长,2,平,3,仄,ci.清.0008.pinyin.json 第2阕第26字 语料拼音 zhǎng,待裁定
ci.清.0008.pinyin.json#870,1,6,甚,4,仄,2,平,ci.清.0008.pinyin.json 第2阕第7字 语料拼音 shén,待裁定
ci.清.0008.pinyin.json#870,1,12,别,4,仄,2,平,ci.清.0008.pinyin.json 第2阕第13字 语料拼音 bié,待裁定
ci.清.0008.pinyin.json#872,0,10,别,4,仄,2,平,ci.清.0008.pinyin.json 第1阕第11字 语料拼音 bié,待裁定
ci.清.0008.pinyin.json#872,1,33,长,2,平,3,仄,ci.清.0008.pinyin.json 第2阕第34字 语料拼音 zhǎng,待裁定
ci.清.0008.pinyin.json#886,1,26,甚,4,仄,2,平,ci.清.0008.pinyin.json 第2阕第27字 语料拼音 shén,待裁定
ci.清.0008.pinyin.json#888,0,7,长,2,平,3,仄,ci.清.0008.pinyin.json 第1阕第8字 语料拼音 zhǎng,待裁定
ci.清.0008.pinyin.json#890,0,5,长,2,平,3,仄,ci.清.0008.pinyin.json 第1阕第6字 语料拼音 zhǎng,待裁定
ci.清.0008.pinyin.json#891,0,31,别,4,仄,2,平,ci.清.0008.pinyin.json 第1阕第32字 语料拼音 bié,待裁定
ci.清.0008.pinyin.json#892,0,18,甚,4,仄,2,平,ci.清.0008.pinyin.json 第1阕第19字 语料拼音 shén,待裁定
ci.清.0008.pinyin.json#893,0,42,别,4,仄,2,平,ci.清.0008.pinyin.json 第1阕第43字 语料拼音 bié,待裁定
ci.清.0008.pinyin.json#894,0,14,别,4,仄,2,平,ci.清.0008.pinyin.json 第1阕第15字 语料拼音 bié,待裁定
ci.清.0008.pinyin.json#896,0,0,甚,4,仄,2,平,ci.清.0008.pinyin.json 第1阕第1字 语料拼音 shén,待裁定
ci.清.0008.pinyin.json#896,1,21,长,2,平,3,仄,ci.清.0008.pinyin.json 第2阕第22字 语料拼音 zhǎng,待裁定
ci.清.0008.pinyin.json#897,1,26,长,2,平,3,仄,ci.清.0008.pinyin.json 第2阕第27字 语料拼音 zhǎng,待裁定
ci.清.0008.pinyin.json#902,1,0,长,2,平,3,仄,ci.清.0008.pinyin.json 第2阕第1字 语料拼音 zhǎng,待裁定
ci.清.0008.pinyin.json#903,0,40,甚,4,仄,2,平,ci.清.0008.pinyin.json 第1阕第41字 语料拼音 shén,待裁定
ci.清.0008.pinyin.json#908,1,4,甚,4,仄,2,平,ci.清.0008.pinyin.json 第2阕第5字 语料拼音 shén,待裁定
ci.清.0008.pinyin.json#910,0,14,长,2,平,3,仄,ci.清.0008.pinyin.json 第1阕第15字 语料拼音 zhǎng,待裁定
ci.清.0008.pinyin.json#913,0,5,长,2,平,3,仄,ci.清.0008.pinyin.json 第1阕第6字 语料拼音 zhǎng,待裁定
ci.清.0008.pinyin.json#916,0,20,长,2,平,3,仄,ci.清.0008.pinyin.json 第1阕第21字 语料拼音 zhǎng,待裁定
ci.清.0008.pinyin.json#916,0,38,甚,4,仄,2,平,ci.清.0008.pinyin.json 第1阕第39字 语料拼音 shén,待裁定
ci.清.0008.pinyin.json#917,0,9,长,2,平,3,仄,ci.清.0008.pinyin.json 第1阕第10字 语料拼音 zhǎng,待裁定
ci.清.0008.pinyin.json#933,0,3,长,2,平,3,仄,ci.清.0008.pinyin.json 第1阕第4字 语料拼音 zhǎng,待裁定
ci.清.0008.pinyin.json#933,0,5,甚,4,仄,2,平,ci.清.0008.pinyin.json 第1阕第6字 语料拼音 shén,待裁定
ci.清.0008.pinyin.json#935,0,19,长,2,平,3,仄,ci.清.0008.pinyin.json 第1阕第20字 语料拼音 zhǎng,待裁定
ci.清.0008.pinyin.json#936,1,15,长,2,平,3,仄,ci.清.0008.pinyin.json 第2阕第16字 语料拼音 zhǎng,待裁定
ci.清.0008.pinyin.json#938,0,8,别,4,仄,2,平,ci.清.0008.pinyin.json 第1阕第9字 语料拼音 bié,待裁定
ci.清.0008.pinyin.json#939,1,32,绝,4,仄,2,平,ci.清.0008.pinyin.json 第2阕第33字 语料拼音 jué,待裁定
ci.清.0008.pinyin.json#944,1,6,别,4,仄,2,平,ci.清.0008.pinyin.json 第2阕第7字 语料拼音 bié,待裁定
ci.清.0008.pinyin.json#948,0,7,长,2,平,3,仄,ci.清.0008.pinyin.json 第1阕第8字 语料拼音 zhǎng,待裁定
ci.清.0008.pinyin.json#951,0,7,长,2,平,3,仄,ci.清.0008.pinyin.json 第1阕第8字 语料拼音 zhǎng,待裁定
ci.清.0008.pinyin.json#954,1,8,甚,4,仄,2,平,ci.清.0008.pinyin.json 第2阕第9字 语料拼音 shén,待裁定
ci.清.0008.pinyin.json#959,0,2,别,4,仄,2,平,ci.清.0008.pinyin.json 第1阕第3字 语料拼音 bié,待裁定
ci.清.0008.pinyin.json#959,0,8,绝,4,仄,2,平,ci.清.0008.pinyin.json 第1阕第9字 语料拼音 jué,待裁定
ci.清.0008.pinyin.json#960,0,13,长,2,平,3,仄,ci.清.0008.pinyin.json 第1阕第14字 语料拼音 zhǎng,待裁定
ci.清.0008.pinyin.json#964,0,0,长,2,平,3,仄,ci.清.0008.pinyin.json 第1阕第1字 语料拼音 zhǎng,待裁定
ci.清.0008.pinyin.json#965,1,44,长,2,平,3,仄,ci.清.0008.pinyin.json 第2阕第45字 语料拼音 zhǎng,待裁定
ci.清.0008.pinyin.json#967,1,26,长,2,平,3,仄,ci.清.0008.pinyin.json 第2阕第27字 语料拼音 zhǎng,待裁定
ci.清.0008.pinyin.json#969,1,48,别,4,仄,2,平,ci.清.0008.pinyin.json 第2阕第49字 语料拼音 bié,待裁定
ci.清.0008.pinyin.json#974,1,9,长,2,平,3,仄,ci.清.0008.pinyin.json 第2阕第10字 语料拼音 zhǎng,待裁定
ci.清.0008.pinyin.json#978,0,42,长,2,平,3,仄,ci.清.0008.pinyin.json 第1阕第43字 语料拼音 zhǎng,待裁定
ci.清.0008.pinyin.json#986,1,15,别,4,仄,2,平,ci.清.0008.pinyin.json 第2阕第16字 语料拼音 bié,待裁定
ci.清.0008.pinyin.json#988,1,1,别,4,仄,2,平,ci.清.0008.pinyin.json 第2阕第2字 语料拼音 bié,待裁定
ci.清.0008.pinyin.json#988,1,46,长,2,平,3,仄,ci.清.0008.pinyin.json 第2阕第47字 语料拼音 zhǎng,待裁定
ci.清.0008.pinyin.json#991,0,22,长,2,平,3,仄,ci.清.0008.pinyin.json 第1阕第23字 语料拼音 zhǎng,待裁定
ci.清.0008.pinyin.json#994,1,43,绝,4,仄,2,平,ci.清.0008.pinyin.json 第2阕第44字 语料拼音 jué,待裁定
ci.清.0008.pinyin.json#994,1,49,长,2,平,3,仄,ci.清.0008.pinyin.json 第2阕第50字 语料拼音 zhǎng,待裁定
ci.清.0009.pinyin.json#1,1,11,绝,4,仄,2,平,ci.清.0009.pinyin.json 第2阕第12字 语料拼音 jué,待裁定
ci.清.0009.pinyin.json#3,0,46,甚,4,仄,2,平,ci.清.0009.pinyin.json 第1阕第47字 语料拼音 shén,待裁定
ci.清.0009.pinyin.json#4,1,53,绝,4,仄,2,平,ci.清.0009.pinyin.json 第2阕第54字 语料拼音 jué,待裁定
ci.清.0009.pinyin.json#7,1,10,甚,4,仄,2,平,ci.清.0009.pinyin.json 第2阕第11字 语料拼音 shén,待裁定
ci.清.0009.pinyin.json#8,1,30,绝,4,仄,2,平,ci.清.0009.pinyin.json 第2阕第31字 语料拼音 jué,待裁定
ci.清.0009.pinyin.json#9,1,6,甚,4,仄,2,平,ci.清.0009.pinyin.json 第2阕第7字 语料拼音 shén,待裁定
ci.清.0009.pinyin.json#11,1,0,长,2,平,3,仄,ci.清.0009.pinyin.json 第2阕第1字 语料拼音 zhǎng,待裁定
ci.清.0009.pinyin.json#11,1,15,别,4,仄,2,平,ci.清.0009.pinyin.json 第2阕第16字 语料拼音 bié,待裁定
ci.清.0009.pinyin.json#15,1,6,长,2,平,3,仄,ci.清.0009.pinyin.json 第2阕第7字 语料拼音 zhǎng,待裁定
ci.清.0009.pinyin.json#25,0,2,别,4,仄,2,平,ci.清.0009.pinyin.json 第1阕第3字 语料拼音 bié,待裁定
ci.清.0009.pinyin.json#25,0,23,长,2,平,3,仄,ci.清.0009.pinyin.json 第1阕第24字 语料拼音 zhǎng,待裁定
ci.清.0009.pinyin.json#26,0,9,长,2,平,3,仄,ci.清.0009.pinyin.json 第1阕第10字 语料拼音 zhǎng,待裁定
ci.清.0009.pinyin.json#27,1,0,长,2,平,3,仄,ci.清.0009.pinyin.json 第2阕第1字 语料拼音 zhǎng,待裁定
ci.清.0009.pinyin.json#29,1,10,长,2,平,3,仄,ci.清.0009.pinyin.json 第2阕第11字 语料拼音 zhǎng,待裁定
ci.清.0009.pinyin.json#42,0,20,别,4,仄,2,平,ci.清.0009.pinyin.json 第1阕第21字 语料拼音 bié,待裁定
ci.清.0009.pinyin.json#53,0,24,长,2,平,3,仄,ci.清.0009.pinyin.json 第1阕第25字 语料拼音 zhǎng,待裁定
ci.清.0009.pinyin.json#56,1,7,别,4,仄,2,平,ci.清.0009.pinyin.json 第2阕第8字 语料拼音 bié,待裁定
ci.清.0009.pinyin.json#67,0,12,长,2,平,3,仄,ci.清.0009.pinyin.json 第1阕第13字 语料拼音 zhǎng,待裁定
ci.清.0009.pinyin.json#70,1,2,别,4,仄,2,平,ci.清.0009.pinyin.json 第2阕第3字 语料拼音 bié,待裁定
ci.清.0009.pinyin.json#71,1,2,别,4,仄,2,平,ci.清.0009.pinyin.json 第2阕第3字 语料拼音 bié,待裁定
ci.清.0009.pinyin.json#74,1,2,别,4,仄,2,平,ci.清.0009.pinyin.json 第2阕第3字 语料拼音 bié,待裁定
ci.清.0009.pinyin.json#89,0,5,别,4,仄,2,平,ci.清.0009.pinyin.json 第1阕第6字 语料拼音 bié,待裁定
ci.清.0009.pinyin.json#90,1,9,长,2,平,3,仄,ci.清.0009.pinyin.json 第2阕第10字 语料拼音 zhǎng,待裁定
ci.清.0009.pinyin.json#91,0,17,别,4,仄,2,平,ci.清.0009.pinyin.json 第1阕第18字 语料拼音 bié,待裁定
ci.清.0009.pinyin.json#100,1,11,甚,4,仄,2,平,ci.清.0009.pinyin.json 第2阕第12字 语料拼音 shén,待裁定
ci.清.0009.pinyin.json#101,0,28,长,2,平,3,仄,ci.清.0009.pinyin.json 第1阕第29字 语料拼音 zhǎng,待裁定
ci.清.0009.pinyin.json#116,1,31,长,2,平,3,仄,ci.清.0009.pinyin.json 第2阕第32字 语料拼音 zhǎng,待裁定
ci.清.0009.pinyin.json#117,0,10,别,4,仄,2,平,ci.清.0009.pinyin.json 第1阕第11字 语料拼音 bié,待裁定
ci.清.0009.pinyin.json#123,1,14,长,2,平,3,仄,ci.清.0009.pinyin.json 第2阕第15字 语料拼音 zhǎng,待裁定
ci.清.0009.pinyin.json#125,1,30,别,4,仄,2,平,ci.清.0009.pinyin.json 第2阕第31字 语料拼音 bié,待裁定
ci.清.0009.pinyin.json#126,1,2,长,2,平,3,仄,ci.清.0009.pinyin.json 第2阕第3字 语料拼音 zhǎng,待裁定
ci.清.0009.pinyin.json#130,1,30,长,2,平,3,仄,ci.清.0009.pinyin.json 第2阕第31字 语料拼音 zhǎng,待裁定
ci.清.0009.pinyin.json#134,0,27,别,4,仄,2,平,ci.清.0009.pinyin.json 第1阕第28字 语料拼音 bié,待裁定
ci.清.0009.pinyin.json#136,0,7,长,2,平,3,仄,ci.清.0009.pinyin.json 第1阕第8字 语料拼音 zhǎng,待裁定
ci.清.0009.pinyin.json#137,0,18,长,2,平,3,仄,ci.清.0009.pinyin.json 第1阕第19字 语料拼音 zhǎng,待裁定
ci.清.0009.pinyin.json#140,0,40,长,2,平,3,仄,ci.清.0009.pinyin.json 第1阕第41字 语料拼音 zhǎng,待裁定
ci.清.0009.pinyin.json#142,1,48,长,2,平,3,仄,ci.清.0009.pinyin.json 第2阕第49字 语料拼音 zhǎng,待裁定
ci.清.0009.pinyin.json#144,0,14,绝,4,仄,2,平,ci.清.0009.pinyin.json 第1阕第15字 语料拼音 jué,待裁定
ci.清.0009.pinyin.json#147,3,10,长,2,平,3,仄,ci.清.0009.pinyin.json 第4阕第11字 语料拼音 zhǎng,待裁定
ci.清.0009.pinyin.json#147,4,1,别,4,仄,2,平,ci.清.0009.pinyin.json 第5阕第2字 语料拼音 bié,待裁定
ci.清.0009.pinyin.json#148,1,5,长,2,平,3,仄,ci.清.0009.pinyin.json 第2阕第6字 语料拼音 zhǎng,待裁定
ci.清.0009.pinyin.json#148,1,16,长,2,平,3,仄,ci.清.0009.pinyin.json 第2阕第17字 语料拼音 zhǎng,待裁定
ci.清.0009.pinyin.json#161,1,32,长,2,平,3,仄,ci.清.0009.pinyin.json 第2阕第33字 语料拼音 zhǎng,待裁定
ci.清.0009.pinyin.json#162,1,20,长,2,平,3,仄,ci.清.0009.pinyin.json 第2阕第21字 语料拼音 zhǎng,待裁定
ci.清.0009.pinyin.json#165,1,44,绝,4,仄,2,平,ci.清.0009.pinyin.json 第2阕第45字 语料拼音 jué,待裁定
ci.清.0009.pinyin.json#166,1,29,别,4,仄,2,平,ci.清.0009.pinyin.json 第2阕第30字 语料拼音 bié,待裁定
ci.清.0009.pinyin.json#167,0,38,别,4,仄,2,平,ci.清.0009.pinyin.json 第1阕第39字 语料拼音 bié,待裁定
ci.清.0009.pinyin.json#173,1,3,绝,4,仄,2,平,ci.清.0009.pinyin.json 第2阕第4字 语料拼音 jué,待裁定
ci.清.0009.pinyin.json#176,1,31,绝,4,仄,2,平,ci.清.0009.pinyin.json 第2阕第32字 语料拼音 jué,待裁定
ci.清.0009.pinyin.json#178,1,7,绝,4,仄,2,平,ci.清.0009.pinyin.json 第2阕第8字 语料拼音 jué,待裁定
ci.清.0009.pinyin.json#182,0,16,长,2,平,3,仄,ci.清.0009.pinyin.json 第1阕第17字 语料拼音 zhǎng,待裁定
ci.清.0009.pinyin.json#182,1,2,长,2,平,3,仄,ci.清.0009.pinyin.json 第2阕第3字 语料拼音 zhǎng,待裁定
ci.清.0009.pinyin.json#183,1,50,长,2,平,3,仄,ci.清.0009.pinyin.json 第2阕第51字 语料拼音 zhǎng,待裁定
ci.清.0009.pinyin.json#184,0,24,长,2,平,3,仄,ci.清.0009.pinyin.json 第1阕第25字 语料拼音 zhǎng,待裁定
ci.清.0009.pinyin.json#187,1,53,甚,4,仄,2,平,ci.清.0009.pinyin.json 第2阕第54字 语料拼音 shén,待裁定
ci.清.0009.pinyin.json#189,1,46,长,2,平,3,仄,ci.清.0009.pinyin.json 第2阕第47字 语料拼音 zhǎng,待裁定
ci.清.0009.pinyin.json#195,0,0,绝,4,仄,2,平,ci.清.0009.pinyin.json 第1阕第1字 语料拼音 jué,待裁定
ci.清.0009.pinyin.json#203,0,2,长,2,平,3,仄,ci.清.0009.pinyin.json 第1阕第3字 语料拼音 zhǎng,待裁定
ci.清.0009.pinyin.json#211,1,27,长,2,平,3,仄,ci.清.0009.pinyin.json 第2阕第28字 语料拼音 zhǎng,待裁定
ci.清.0009.pinyin.json#217,1,13,别,4,仄,2,平,ci.清.0009.pinyin.json 第2阕第14字 语料拼音 bié,待裁定
ci.清.0009.pinyin.json#218,1,4,别,4,仄,2,平,ci.清.0009.pinyin.json 第2阕第5字 语料拼音 bié,待裁定
ci.清.0009.pinyin.json#225,0,24,长,2,平,3,仄,ci.清.0009.pinyin.json 第1阕第25字 语料拼音 zhǎng,待裁定
ci.清.0009.pinyin.json#225,3,9,别,4,仄,2,平,ci.清.0009.pinyin.json 第4阕第10字 语料拼音 bié,待裁定
ci.清.0009.pinyin.json#229,1,8,长,2,平,3,仄,ci.清.0009.pinyin.json 第2阕第9字 语料拼音 zhǎng,待裁定
ci.清.0009.pinyin.json#236,0,8,绝,4,仄,2,平,ci.清.0009.pinyin.json 第1阕第9字 语料拼音 jué,待裁定
ci.清.0009.pinyin.json#243,1,3,别,4,仄,2,平,ci.清.0009.pinyin.json 第2阕第4字 语料拼音 bié,待裁定
ci.清.0009.pinyin.json#243,1,19,别,4,仄,2,平,ci.清.0009.pinyin.json 第2阕第20字 语料拼音 bié,待裁定
ci.清.0009.pinyin.json#244,1,14,长,2,平,3,仄,ci.清.0009.pinyin.json 第2阕第15字 语料拼音 zhǎng,待裁定
ci.清.0009.pinyin.json#245,1,1,别,4,仄,2,平,ci.清.0009.pinyin.json 第2阕第2字 语料拼音 bié,待裁定
ci.清.0009.pinyin.json#247,1,9,长,2,平,3,仄,ci.清.0009.pinyin.json 第2阕第10字 语料拼音 zhǎng,待裁定
ci.清.0009.pinyin.json#251,0,16,别,4,仄,2,平,ci.清.0009.pinyin.json 第1阕第17字 语料拼音 bié,待裁定
ci.清.0009.pinyin.json#252,0,5,别,4,仄,2,平,ci.清.0009.pinyin.json 第1阕第6字 语料拼音 bié,待裁定
ci.清.0009.pinyin.json#255,0,4,长,2,平,3,仄,ci.清.0009.pinyin.json 第1阕第5字 语料拼音 zhǎng,待裁定
ci.清.0009.pinyin.json#284,0,15,长,2,平,3,仄,ci.清.0009.pinyin.json 第1阕第16字 语料拼音 zhǎng,待裁定
ci.清.0009.pinyin.json#286,1,9,别,4,仄,2,平,ci.清.0009.pinyin.json 第2阕第10字 语料拼音 bié,待裁定
ci.清.0009.pinyin.json#287,0,21,别,4,仄,2,平,ci.清.0009.pinyin.json 第1阕第22字 语料拼音 bié,待裁定
ci.清.0009.pinyin.json#288,1,8,别,4,仄,2,平,ci.清.0009.pinyin.json 第2阕第9字 语料拼音 bié,待裁定
ci.清.0009.pinyin.json#292,0,7,别,4,仄,2,平,ci.清.0009.pinyin.json 第1阕第8字 语料拼音 bié,待裁定
ci.清.0009.pinyin.json#306,0,5,长,2,平,3,仄,ci.清.0009.pinyin.json 第1阕第6字 语料拼音 zhǎng,待裁定
ci.清.0009.pinyin.json#308,1,7,别,4,仄,2,平,ci.清.0009.pinyin.json 第2阕第8字 语料拼音 bié,待裁定
ci.清.0009.pinyin.json#317,1,23,长,2,平,3,仄,ci.清.0009.pinyin.json 第2阕第24字 语料拼音 zhǎng,待裁定
ci.清.0009.pinyin.json#320,1,29,别,4,仄,2,平,ci.清.0009.pinyin.json 第2阕第30字 语料拼音 bié,待裁定
ci.清.0009.pinyin.json#321,0,16,长,2,平,3,仄,ci.清.0009.pinyin.json 第1阕第17字 语料拼音 zhǎng,待裁定
ci.清.0009.pinyin.json#322,1,6,绝,4,仄,2,平,ci.清.0009.pinyin.json 第2阕第7字 语料拼音 jué,待裁定
ci.清.0009.pinyin.json#329,0,9,长,2,平,3,仄,ci.清.0009.pinyin.json 第1阕第10字 语料拼音 zhǎng,待裁定
ci.清.0009.pinyin.json#330,0,0,绝,4,仄,2,平,ci.清.0009.pinyin.json 第1阕第1字 语料拼音 jué,待裁定
ci.清.0009.pinyin.json#335,1,7,绝,4,仄,2,平,ci.清.0009.pinyin.json 第2阕第8字 语料拼音 jué,待裁定
ci.清.0009.pinyin.json#336,1,24,长,2,平,3,仄,ci.清.0009.pinyin.json 第2阕第25字 语料拼音 zhǎng,待裁定
ci.清.0009.pinyin.json#338,0,18,别,4,仄,2,平,ci.清.0009.pinyin.json 第1阕第19字 语料拼音 bié,待裁定
ci.清.0009.pinyin.json#341,0,14,长,2,平,3,仄,ci.清.0009.pinyin.json 第1阕第15字 语料拼音 zhǎng,待裁定
ci.清.0009.pinyin.json#342,0,25,绝,4,仄,2,平,ci.清.0009.pinyin.json 第1阕第26字 语料拼音 jué,待裁定
ci.清.0009.pinyin.json#342,1,6,绝,4,仄,2,平,ci.清.0009.pinyin.json 第2阕第7字 语料拼音 jué,待裁定
ci.清.0009.pinyin.json#353,0,25,别,4,仄,2,平,ci.清.0009.pinyin.json 第1阕第26字 语料拼音 bié,待裁定
ci.清.0009.pinyin.json#354,0,20,绝,4,仄,2,平,ci.清.0009.pinyin.json 第1阕第21字 语料拼音 jué,待裁定
ci.清.0009.pinyin.json#354,1,4,甚,4,仄,2,平,ci.清.0009.pinyin.json 第2阕第5字 语料拼音 shén,待裁定
ci.清.0009.pinyin.json#362,1,27,长,2,平,3,仄,ci.清.0009.pinyin.json 第2阕第28字 语料拼音 zhǎng,待裁定
ci.清.0009.pinyin.json#366,1,2,长,2,平,3,仄,ci.清.0009.pinyin.json 第2阕第3字 语料拼音 zhǎng,待裁定
ci.清.0009.pinyin.json#370,0,11,长,2,平,3,仄,ci.清.0009.pinyin.json 第1阕第12字 语料拼音 zhǎng,待裁定
ci.清.0009.pinyin.json#382,0,25,甚,4,仄,2,平,ci.清.0009.pinyin.json 第1阕第26字 语料拼音 shén,待裁定
ci.清.0009.pinyin.json#383,1,0,长,2,平,3,仄,ci.清.0009.pinyin.json 第2阕第1字 语料拼音 zhǎng,待裁定
ci.清.0009.pinyin.json#384,1,0,别,4,仄,2,平,ci.清.0009.pinyin.json 第2阕第1字 语料拼音 bié,待裁定
ci.清.0009.pinyin.json#385,0,16,别,4,仄,2,平,ci.清.0009.pinyin.json 第1阕第17字 语料拼音 bié,待裁定
ci.清.0009.pinyin.json#391,0,17,长,2,平,3,仄,ci.清.0009.pinyin.json 第1阕第18字 语料拼音 zhǎng,待裁定
ci.清.0009.pinyin.json#393,1,17,别,4,仄,2,平,ci.清.0009.pinyin.json 第2阕第18字 语料拼音 bié,待裁定
ci.清.0009.pinyin.json#395,1,14,长,2,平,3,仄,ci.清.0009.pinyin.json 第2阕第15字 语料拼音 zhǎng,待裁定
ci.清.0009.pinyin.json#397,1,1,别,4,仄,2,平,ci.清.0009.pinyin.json 第2阕第2字 语料拼音 bié,待裁定
ci.清.0009.pinyin.json#399,1,14,绝,4,仄,2,平,ci.清.0009.pinyin.json 第2阕第15字 语料拼音 jué,待裁定
ci.清.0009.pinyin.json#423,0,3,别,4,仄,2,平,ci.清.0009.pinyin.json 第1阕第4字 语料拼音 bié,待裁定
ci.清.0009.pinyin.json#423,0,16,长,2,平,3,仄,ci.清.0009.pinyin.json 第1阕第17字 语料拼音 zhǎng,待裁定
ci.清.0009.pinyin.json#423,0,26,绝,4,仄,2,平,ci.清.0009.pinyin.json 第1阕第27字 语料拼音 jué,待裁定
ci.清.0009.pinyin.json#423,1,28,甚,4,仄,2,平,ci.清.0009.pinyin.json 第2阕第29字 语料拼音 shén,待裁定
ci.清.0009.pinyin.json#428,1,23,别,4,仄,2,平,ci.清.0009.pinyin.json 第2阕第24字 语料拼音 bié,待裁定
ci.清.0009.pinyin.json#430,1,7,甚,4,仄,2,平,ci.清.0009.pinyin.json 第2阕第8字 语料拼音 shén,待裁定
ci.清.0009.pinyin.json#430,1,9,别,4,仄,2,平,ci.清.0009.pinyin.json 第2阕第10字 语料拼音 bié,待裁定
ci.清.0009.pinyin.json#433,0,0,别,4,仄,2,平,ci.清.0009.pinyin.json 第1阕第1字 语料拼音 bié,待裁定
ci.清.0009.pinyin.json#434,1,42,甚,4,仄,2,平,ci.清.0009.pinyin.json 第2阕第43字 语料拼音 shén,待裁定
ci.清.0009.pinyin.json#438,1,2,长,2,平,3,仄,ci.清.0009.pinyin.json 第2阕第3字 语料拼音 zhǎng,待裁定
ci.清.0009.pinyin.json#444,0,22,别,4,仄,2,平,ci.清.0009.pinyin.json 第1阕第23字 语料拼音 bié,待裁定
ci.清.0009.pinyin.json#450,0,19,长,2,平,3,仄,ci.清.0009.pinyin.json 第1阕第20字 语料拼音 zhǎng,待裁定
ci.清.0009.pinyin.json#451,0,17,绝,4,仄,2,平,ci.清.0009.pinyin.json 第1阕第18字 语料拼音 jué,待裁定
ci.清.0009.pinyin.json#451,1,40,别,4,仄,2,平,ci.清.0009.pinyin.json 第2阕第41字 语料拼音 bié,待裁定
ci.清.0009.pinyin.json#454,1,7,长,2,平,3,仄,ci.清.0009.pinyin.json 第2阕第8字 语料拼音 zhǎng,待裁定
ci.清.0009.pinyin.json#457,0,25,长,2,平,3,仄,ci.清.0009.pinyin.json 第1阕第26字 语料拼音 zhǎng,待裁定
ci.清.0009.pinyin.json#458,0,4,长,2,平,3,仄,ci.清.0009.pinyin.json 第1阕第5字 语料拼音 zhǎng,待裁定
ci.清.0009.pinyin.json#463,1,16,别,4,仄,2,平,ci.清.0009.pinyin.json 第2阕第17字 语料拼音 bié,待裁定
ci.清.0009.pinyin.json#463,1,38,绝,4,仄,2,平,ci.清.0009.pinyin.json 第2阕第39字 语料拼音 jué,待裁定
ci.清.0009.pinyin.json#464,1,4,别,4,仄,2,平,ci.清.0009.pinyin.json 第2阕第5字 语料拼音 bié,待裁定
ci.清.0009.pinyin.json#465,0,34,长,2,平,3,仄,ci.清.0009.pinyin.json 第1阕第35字 语料拼音 zhǎng,待裁定
ci.清.0009.pinyin.json#466,0,50,长,2,平,3,仄,ci.清.0009.pinyin.json 第1阕第51字 语料拼音 zhǎng,待裁定
ci.清.0009.pinyin.json#468,0,25,甚,4,仄,2,平,ci.清.0009.pinyin.json 第1阕第26字 语料拼音 shén,待裁定
ci.清.0009.pinyin.json#468,1,48,长,2,平,3,仄,ci.清.0009.pinyin.json 第2阕第49字 语料拼音 zhǎng,待裁定
ci.清.0009.pinyin.json#474,1,8,长,2,平,3,仄,ci.清.0009.pinyin.json 第2阕第9字 语料拼音 zhǎng,待裁定
ci.清.0009.pinyin.json#477,1,29,长,2,平,3,仄,ci.清.0009.pinyin.json 第2阕第30字 语料拼音 zhǎng,待裁定
ci.清.0009.pinyin.json#483,1,26,别,4,仄,2,平,ci.清.0009.pinyin.json 第2阕第27字 语料拼音 bié,待裁定
ci.清.0009.pinyin.json#484,0,36,甚,4,仄,2,平,ci.清.0009.pinyin.json 第1阕第37字 语料拼音 shén,待裁定
ci.清.0009.pinyin.json#485,1,39,绝,4,仄,2,平,ci.清.0009.pinyin.json 第2阕第40字 语料拼音 jué,待裁定
ci.清.0009.pinyin.json#488,0,26,长,2,平,3,仄,ci.清.0009.pinyin.json 第1阕第27字 语料拼音 zhǎng,待裁定
ci.清.0009.pinyin.json#489,1,29,别,4,仄,2,平,ci.清.0009.pinyin.json 第2阕第30字 语料拼音 bié,待裁定
ci.清.0009.pinyin.json#491,0,11,绝,4,仄,2,平,ci.清.0009.pinyin.json 第1阕第12字 语料拼音 jué,待裁定
ci.清.0009.pinyin.json#493,0,3,长,2,平,3,仄,ci.清.0009.pinyin.json 第1阕第4字 语料拼音 zhǎng,待裁定
ci.清.0009.pinyin.json#493,1,8,绝,4,仄,2,平,ci.清.0009.pinyin.json 第2阕第9字 语料拼音 jué,待裁定
ci.清.0009.pinyin.json#494,1,7,长,2,平,3,仄,ci.清.0009.pinyin.json 第2阕第8字 语料拼音 zhǎng,待裁定
ci.清.0009.pinyin.json#494,1,8,别,4,仄,2,平,ci.清.0009.pinyin.json 第2阕第9字 语料拼音 bié,待裁定
ci.清.0009.pinyin.json#494,1,60,绝,4,仄,2,平,ci.清.0009.pinyin.json 第2阕第61字 语料拼音 jué,待裁定
ci.清.0009.pinyin.json#495,1,27,长,2,平,3,仄,ci.清.0009.pinyin.json 第2阕第28字 语料拼音 zhǎng,待裁定
ci.清.0009.pinyin.json#498,0,39,甚,4,仄,2,平,ci.清.0009.pinyin.json 第1阕第40字 语料拼音 shén,待裁定
ci.清.0009.pinyin.json#501,1,13,长,2,平,3,仄,ci.清.0009.pinyin.json 第2阕第14字 语料拼音 zhǎng,待裁定
ci.清.0009.pinyin.json#501,1,46,甚,4,仄,2,平,ci.清.0009.pinyin.json 第2阕第47字 语料拼音 shén,待裁定
ci.清.0009.pinyin.json#502,1,7,别,4,仄,2,平,ci.清.0009.pinyin.json 第2阕第8字 语料拼音 bié,待裁定
ci.清.0009.pinyin.json#503,0,4,长,2,平,3,仄,ci.清.0009.pinyin.json 第1阕第5字 语料拼音 zhǎng,待裁定
ci.清.0009.pinyin.json#503,0,26,长,2,平,3,仄,ci.清.0009.pinyin.json 第1阕第27字 语料拼音 zhǎng,待裁定
ci.清.0009.pinyin.json#503,0,31,甚,4,仄,2,平,ci.清.0009.pinyin.json 第1阕第32字 语料拼音 shén,待裁定
ci.清.0009.pinyin.json#508,8,0,甚,4,仄,2,平,ci.清.0009.pinyin.json 第9阕第1字 语料拼音 shén,待裁定
ci.清.0009.pinyin.json#510,0,41,甚,4,仄,2,平,ci.清.0009.pinyin.json 第1阕第42字 语料拼音 shén,待裁定
ci.清.0009.pinyin.json#512,1,9,甚,4,仄,2,平,ci.清.0009.pinyin.json 第2阕第10字 语料拼音 shén,待裁定
ci.清.0009.pinyin.json#516,1,25,甚,4,仄,2,平,ci.清.0009.pinyin.json 第2阕第26字 语料拼音 shén,待裁定
ci.清.0009.pinyin.json#517,2,18,甚,4,仄,2,平,ci.清.0009.pinyin.json 第3阕第19字 语料拼音 shén,待裁定
ci.清.0009.pinyin.json#518,0,30,别,4,仄,2,平,ci.清.0009.pinyin.json 第1阕第31字 语料拼音 bié,待裁定
ci.清.0009.pinyin.json#520,1,23,甚,4,仄,2,平,ci.清.0009.pinyin.json 第2阕第24字 语料拼音 shén,待裁定
ci.清.0009.pinyin.json#525,0,24,甚,4,仄,2,平,ci.清.0009.pinyin.json 第1阕第25字 语料拼音 shén,待裁定
ci.清.0009.pinyin.json#531,1,20,长,2,平,3,仄,ci.清.0009.pinyin.json 第2阕第21字 语料拼音 zhǎng,待裁定
ci.清.0009.pinyin.json#535,1,22,长,2,平,3,仄,ci.清.0009.pinyin.json 第2阕第23字 语料拼音 zhǎng,待裁定
ci.清.0009.pinyin.json#540,0,22,绝,4,仄,2,平,ci.清.0009.pinyin.json 第1阕第23字 语料拼音 jué,待裁定
ci.清.0009.pinyin.json#542,1,1,绝,4,仄,2,平,ci.清.0009.pinyin.json 第2阕第2字 语料拼音 jué,待裁定
ci.清.0009.pinyin.json#549,0,3,绝,4,仄,2,平,ci.清.0009.pinyin.json 第1阕第4字 语料拼音 jué,待裁定
ci.清.0009.pinyin.json#550,0,3,绝,4,仄,2,平,ci.清.0009.pinyin.json 第1阕第4字 语料拼音 jué,待裁定
ci.清.0009.pinyin.json#551,0,0,长,2,平,3,仄,ci.清.0009.pinyin.json 第1阕第1字 语料拼音 zhǎng,待裁定
ci.清.0009.pinyin.json#552,0,6,长,2,平,3,仄,ci.清.0009.pinyin.json 第1阕第7字 语料拼音 zhǎng,待裁定
ci.清.0009.pinyin.json#553,0,18,别,4,仄,2,平,ci.清.0009.pinyin.json 第1阕第19字 语料拼音 bié,待裁定
ci.清.0009.pinyin.json#554,0,20,长,2,平,3,仄,ci.清.0009.pinyin.json 第1阕第21字 语料拼音 zhǎng,待裁定
ci.清.0009.pinyin.json#558,0,9,长,2,平,3,仄,ci.清.0009.pinyin.json 第1阕第10字 语料拼音 zhǎng,待裁定
ci.清.0009.pinyin.json#559,0,12,长,2,平,3,仄,ci.清.0009.pinyin.json 第1阕第13字 语料拼音 zhǎng,待裁定
ci.清.0009.pinyin.json#561,0,3,长,2,平,3,仄,ci.清.0009.pinyin.json 第1阕第4字 语料拼音 zhǎng,待裁定
ci.清.0009.pinyin.json#568,1,7,甚,4,仄,2,平,ci.清.0009.pinyin.json 第2阕第8字 语料拼音 shén,待裁定
ci.清.0009.pinyin.json#568,1,14,长,2,平,3,仄,ci.清.0009.pinyin.json 第2阕第15字 语料拼音 zhǎng,待裁定
ci.清.0009.pinyin.json#574,0,60,甚,4,仄,2,平,ci.清.0009.pinyin.json 第1阕第61字 语料拼音 shén,待裁定
ci.清.0009.pinyin.json#577,0,7,别,4,仄,2,平,ci.清.0009.pinyin.json 第1阕第8字 语料拼音 bié,待裁定
ci.清.0009.pinyin.json#584,1,37,甚,4,仄,2,平,ci.清.0009.pinyin.json 第2阕第38字 语料拼音 shén,待裁定
ci.清.0009.pinyin.json#585,0,26,长,2,平,3,仄,ci.清.0009.pinyin.json 第1阕第27字 语料拼音 zhǎng,待裁定
ci.清.0009.pinyin.json#587,0,21,长,2,平,3,仄,ci.清.0009.pinyin.json 第1阕第22字 语料拼音 zhǎng,待裁定
ci.清.0009.pinyin.json#591,0,18,别,4,仄,2,平,ci.清.0009.pinyin.json 第1阕第19字 语料拼音 bié,待裁定
ci.清.0009.pinyin.json#591,1,15,长,2,平,3,仄,ci.清.0009.pinyin.json 第2阕第16字 语料拼音 zhǎng,待裁定
ci.清.0009.pinyin.json#601,0,44,长,2,平,3,仄,ci.清.0009.pinyin.json 第1阕第45字 语料拼音 zhǎng,待裁定
ci.清.0009.pinyin.json#604,1,3,别,4,仄,2,平,ci.清.0009.pinyin.json 第2阕第4字 语料拼音 bié,待裁定
ci.清.0009.pinyin.json#604,1,16,绝,4,仄,2,平,ci.清.0009.pinyin.json 第2阕第17字 语料拼音 jué,待裁定
ci.清.0009.pinyin.json#607,2,2,别,4,仄,2,平,ci.清.0009.pinyin.json 第3阕第3字 语料拼音 bié,待裁定
ci.清.0009.pinyin.json#607,4,5,甚,4,仄,2,平,ci.清.0009.pinyin.json 第5阕第6字 语料拼音 shén,待裁定
ci.清.0009.pinyin.json#610,1,16,别,4,仄,2,平,ci.清.0009.pinyin.json 第2阕第17字 语料拼音 bié,待裁定
ci.清.0009.pinyin.json#612,1,16,甚,4,仄,2,平,ci.清.0009.pinyin.json 第2阕第17字 语料拼音 shén,待裁定
ci.清.0009.pinyin.json#615,0,18,别,4,仄,2,平,ci.清.0009.pinyin.json 第1阕第19字 语料拼音 bié,待裁定
ci.清.0009.pinyin.json#617,0,9,长,2,平,3,仄,ci.清.0009.pinyin.json 第1阕第10字 语料拼音 zhǎng,待裁定
ci.清.0009.pinyin.json#621,1,17,别,4,仄,2,平,ci.清.0009.pinyin.json 第2阕第18字 语料拼音 bié,待裁定
ci.清.0009.pinyin.json#623,1,40,长,2,平,3,仄,ci.清.0009.pinyin.json 第2阕第41字 语料拼音 zhǎng,待裁定
ci.清.0009.pinyin.json#625,1,20,长,2,平,3,仄,ci.清.0009.pinyin.json 第2阕第21字 语料拼音 zhǎng,待裁定
ci.清.0009.pinyin.json#635,0,14,甚,4,仄,2,平,ci.清.0009.pinyin.json 第1阕第15字 语料拼音 shén,待裁定
ci.清.0009.pinyin.json#641,0,22,长,2,平,3,仄,ci.清.0009.pinyin.json 第1阕第23字 语料拼音 zhǎng,待裁定
ci.清.0009.pinyin.json#642,0,17,长,2,平,3,仄,ci.清.0009.pinyin.json 第1阕第18字 语料拼音 zhǎng,待裁定
ci.清.0009.pinyin.json#642,1,20,长,2,平,3,仄,ci.清.0009.pinyin.json 第2阕第21字 语料拼音 zhǎng,待裁定
ci.清.0009.pinyin.json#650,0,2,长,2,平,3,仄,ci.清.0009.pinyin.json 第1阕第3字 语料拼音 zhǎng,待裁定
ci.清.0009.pinyin.json#654,0,23,长,2,平,3,仄,ci.清.0009.pinyin.json 第1阕第24字 语料拼音 zhǎng,待裁定
ci.清.0009.pinyin.json#656,1,26,长,2,平,3,仄,ci.清.0009.pinyin.json 第2阕第27字 语料拼音 zhǎng,待裁定
ci.清.0009.pinyin.json#658,1,12,长,2,平,3,仄,ci.清.0009.pinyin.json 第2阕第13字 语料拼音 zhǎng,待裁定
ci.清.0009.pinyin.json#660,1,17,甚,4,仄,2,平,ci.清.0009.pinyin.json 第2阕第18字 语料拼音 shén,待裁定
ci.清.0009.pinyin.json#661,0,4,别,4,仄,2,平,ci.清.0009.pinyin.json 第1阕第5字 语料拼音 bié,待裁定
ci.清.0009.pinyin.json#665,0,20,长,2,平,3,仄,ci.清.0009.pinyin.json 第1阕第21字 语料拼音 zhǎng,待裁定
ci.清.0009.pinyin.json#670,0,2,别,4,仄,2,平,ci.清.0009.pinyin.json 第1阕第3字 语料拼音 bié,待裁定
ci.清.0009.pinyin.json#672,1,7,甚,4,仄,2,平,ci.清.0009.pinyin.json 第2阕第8字 语料拼音 shén,待裁定
ci.清.0009.pinyin.json#673,1,2,长,2,平,3,仄,ci.清.0009.pinyin.json 第2阕第3字 语料拼音 zhǎng,待裁定
ci.清.0009.pinyin.json#674,1,8,别,4,仄,2,平,ci.清.0009.pinyin.json 第2阕第9字 语料拼音 bié,待裁定
ci.清.0009.pinyin.json#676,1,10,长,2,平,3,仄,ci.清.0009.pinyin.json 第2阕第11字 语料拼音 zhǎng,待裁定
ci.清.0009.pinyin.json#680,1,6,甚,4,仄,2,平,ci.清.0009.pinyin.json 第2阕第7字 语料拼音 shén,待裁定
ci.清.0009.pinyin.json#680,1,33,长,2,平,3,仄,ci.清.0009.pinyin.json 第2阕第34字 语料拼音 zhǎng,待裁定
ci.清.0009.pinyin.json#683,0,8,别,4,仄,2,平,ci.清.0009.pinyin.json 第1阕第9字 语料拼音 bié,待裁定
ci.清.0009.pinyin.json#684,1,21,甚,4,仄,2,平,ci.清.0009.pinyin.json 第2阕第22字 语料拼音 shén,待裁定
ci.清.0009.pinyin.json#685,0,23,长,2,平,3,仄,ci.清.0009.pinyin.json 第1阕第24字 语料拼音 zhǎng,待裁定
ci.清.0009.pinyin.json#686,1,14,甚,4,仄,2,平,ci.清.0009.pinyin.json 第2阕第15字 语料拼音 shén,待裁定
ci.清.0009.pinyin.json#690,0,35,甚,4,仄,2,平,ci.清.0009.pinyin.json 第1阕第36字 语料拼音 shén,待裁定
ci.清.0009.pinyin.json#690,1,26,别,4,仄,2,平,ci.清.0009.pinyin.json 第2阕第27字 语料拼音 bié,待裁定
ci.清.0009.pinyin.json#692,1,6,甚,4,仄,2,平,ci.清.0009.pinyin.json 第2阕第7字 语料拼音 shén,待裁定
ci.清.0009.pinyin.json#693,1,16,甚,4,仄,2,平,ci.清.0009.pinyin.json 第2阕第17字 语料拼音 shén,待裁定
ci.清.0009.pinyin.json#694,1,4,长,2,平,3,仄,ci.清.0009.pinyin.json 第2阕第5字 语料拼音 zhǎng,待裁定
ci.清.0009.pinyin.json#694,1,19,甚,4,仄,2,平,ci.清.0009.pinyin.json 第2阕第20字 语料拼音 shén,待裁定
ci.清.0009.pinyin.json#697,0,40,甚,4,仄,2,平,ci.清.0009.pinyin.json 第1阕第41字 语料拼音 shén,待裁定
ci.清.0009.pinyin.json#698,0,35,别,4,仄,2,平,ci.清.0009.pinyin.json 第1阕第36字 语料拼音 bié,待裁定
ci.清.0009.pinyin.json#701,1,10,别,4,仄,2,平,ci.清.0009.pinyin.json 第2阕第11字 语料拼音 bié,待裁定
ci.清.0009.pinyin.json#703,0,4,甚,4,仄,2,平,ci.清.0009.pinyin.json 第1阕第5字 语料拼音 shén,待裁定
ci.清.0009.pinyin.json#707,1,0,长,2,平,3,仄,ci.清.0009.pinyin.json 第2阕第1字 语料拼音 zhǎng,待裁定
ci.清.0009.pinyin.json#713,0,2,长,2,平,3,仄,ci.清.0009.pinyin.json 第1阕第3字 语料拼音 zhǎng,待裁定
ci.清.0009.pinyin.json#713,1,1,长,2,平,3,仄,ci.清.0009.pinyin.json 第2阕第2字 语料拼音 zhǎng,待裁定
ci.清.0009.pinyin.json#716,1,23,甚,4,仄,2,平,ci.清.0009.pinyin.json 第2阕第24字 语料拼音 shén,待裁定
ci.清.0009.pinyin.json#717,0,22,别,4,仄,2,平,ci.清.0009.pinyin.json 第1阕第23字 语料拼音 bié,待裁定
ci.清.0009.pinyin.json#718,1,23,甚,4,仄,2,平,ci.清.0009.pinyin.json 第2阕第24字 语料拼音 shén,待裁定
ci.清.0009.pinyin.json#719,0,15,别,4,仄,2,平,ci.清.0009.pinyin.json 第1阕第16字 语料拼音 bié,待裁定
ci.清.0009.pinyin.json#729,1,4,别,4,仄,2,平,ci.清.0009.pinyin.json 第2阕第5字 语料拼音 bié,待裁定
ci.清.0009.pinyin.json#729,1,7,别,4,仄,2,平,ci.清.0009.pinyin.json 第2阕第8字 语料拼音 bié,待裁定
ci.清.0009.pinyin.json#729,1,9,别,4,仄,2,平,ci.清.0009.pinyin.json 第2阕第10字 语料拼音 bié,待裁定
ci.清.0009.pinyin.json#732,1,25,别,4,仄,2,平,ci.清.0009.pinyin.json 第2阕第26字 语料拼音 bié,待裁定
ci.清.0009.pinyin.json#736,1,0,长,2,平,3,仄,ci.清.0009.pinyin.json 第2阕第1字 语料拼音 zhǎng,待裁定
ci.清.0009.pinyin.json#739,0,2,绝,4,仄,2,平,ci.清.0009.pinyin.json 第1阕第3字 语料拼音 jué,待裁定
ci.清.0009.pinyin.json#754,1,11,别,4,仄,2,平,ci.清.0009.pinyin.json 第2阕第12字 语料拼音 bié,待裁定
ci.清.0009.pinyin.json#757,1,0,甚,4,仄,2,平,ci.清.0009.pinyin.json 第2阕第1字 语料拼音 shén,待裁定
ci.清.0009.pinyin.json#757,1,38,甚,4,仄,2,平,ci.清.0009.pinyin.json 第2阕第39字 语料拼音 shén,待裁定
ci.清.0009.pinyin.json#761,1,39,别,4,仄,2,平,ci.清.0009.pinyin.json 第2阕第40字 语料拼音 bié,待裁定
ci.清.0009.pinyin.json#767,1,0,别,4,仄,2,平,ci.清.0009.pinyin.json 第2阕第1字 语料拼音 bié,待裁定
ci.清.0009.pinyin.json#768,0,16,长,2,平,3,仄,ci.清.0009.pinyin.json 第1阕第17字 语料拼音 zhǎng,待裁定
ci.清.0009.pinyin.json#772,0,6,别,4,仄,2,平,ci.清.0009.pinyin.json 第1阕第7字 语料拼音 bié,待裁定
ci.清.0009.pinyin.json#775,0,7,长,2,平,3,仄,ci.清.0009.pinyin.json 第1阕第8字 语料拼音 zhǎng,待裁定
ci.清.0009.pinyin.json#775,0,20,别,4,仄,2,平,ci.清.0009.pinyin.json 第1阕第21字 语料拼音 bié,待裁定
ci.清.0009.pinyin.json#776,0,18,长,2,平,3,仄,ci.清.0009.pinyin.json 第1阕第19字 语料拼音 zhǎng,待裁定
ci.清.0009.pinyin.json#777,1,4,别,4,仄,2,平,ci.清.0009.pinyin.json 第2阕第5字 语料拼音 bié,待裁定
ci.清.0009.pinyin.json#778,1,15,别,4,仄,2,平,ci.清.0009.pinyin.json 第2阕第16字 语料拼音 bié,待裁定
ci.清.0009.pinyin.json#782,1,8,长,2,平,3,仄,ci.清.0009.pinyin.json 第2阕第9字 语料拼音 zhǎng,待裁定
ci.清.0009.pinyin.json#790,0,8,别,4,仄,2,平,ci.清.0009.pinyin.json 第1阕第9字 语料拼音 bié,待裁定
ci.清.0009.pinyin.json#791,1,4,别,4,仄,2,平,ci.清.0009.pinyin.json 第2阕第5字 语料拼音 bié,待裁定
ci.清.0009.pinyin.json#796,0,36,长,2,平,3,仄,ci.清.0009.pinyin.json 第1阕第37字 语料拼音 zhǎng,待裁定
ci.清.0009.pinyin.json#799,0,2,长,2,平,3,仄,ci.清.0009.pinyin.json 第1阕第3字 语料拼音 zhǎng,待裁定
ci.清.0009.pinyin.json#800,1,11,绝,4,仄,2,平,ci.清.0009.pinyin.json 第2阕第12字 语料拼音 jué,待裁定
ci.清.0009.pinyin.json#803,1,11,别,4,仄,2,平,ci.清.0009.pinyin.json 第2阕第12字 语料拼音 bié,待裁定
ci.清.0009.pinyin.json#803,1,22,绝,4,仄,2,平,ci.清.0009.pinyin.json 第2阕第23字 语料拼音 jué,待裁定
ci.清.0009.pinyin.json#808,1,22,长,2,平,3,仄,ci.清.0009.pinyin.json 第2阕第23字 语料拼音 zhǎng,待裁定
ci.清.0009.pinyin.json#810,1,39,别,4,仄,2,平,ci.清.0009.pinyin.json 第2阕第40字 语料拼音 bié,待裁定
ci.清.0009.pinyin.json#813,1,6,甚,4,仄,2,平,ci.清.0009.pinyin.json 第2阕第7字 语料拼音 shén,待裁定
ci.清.0009.pinyin.json#814,0,33,甚,4,仄,2,平,ci.清.0009.pinyin.json 第1阕第34字 语料拼音 shén,待裁定
ci.清.0009.pinyin.json#818,0,0,长,2,平,3,仄,ci.清.0009.pinyin.json 第1阕第1字 语料拼音 zhǎng,待裁定
ci.清.0009.pinyin.json#818,1,43,甚,4,仄,2,平,ci.清.0009.pinyin.json 第2阕第44字 语料拼音 shén,待裁定
ci.清.0009.pinyin.json#827,1,14,绝,4,仄,2,平,ci.清.0009.pinyin.json 第2阕第15字 语料拼音 jué,待裁定
ci.清.0009.pinyin.json#830,1,26,别,4,仄,2,平,ci.清.0009.pinyin.json 第2阕第27字 语料拼音 bié,待裁定
ci.清.0009.pinyin.json#831,0,13,甚,4,仄,2,平,ci.清.0009.pinyin.json 第1阕第14字 语料拼音 shén,待裁定
ci.清.0009.pinyin.json#834,0,48,别,4,仄,2,平,ci.清.0009.pinyin.json 第1阕第49字 语料拼音 bié,待裁定
ci.清.0009.pinyin.json#834,1,51,绝,4,仄,2,平,ci.清.0009.pinyin.json 第2阕第52字 语料拼音 jué,待裁定
ci.清.0009.pinyin.json#835,1,5,长,2,平,3,仄,ci.清.0009.pinyin.json 第2阕第6字 语料拼音 zhǎng,待裁定
ci.清.0009.pinyin.json#835,2,18,长,2,平,3,仄,ci.清.0009.pinyin.json 第3阕第19字 语料拼音 zhǎng,待裁定
ci.清.0009.pinyin.json#842,0,2,长,2,平,3,仄,ci.清.0009.pinyin.json 第1阕第3字 语料拼音 zhǎng,待裁定
ci.清.0009.pinyin.json#842,1,50,长,2,平,3,仄,ci.清.0009.pinyin.json 第2阕第51字 语料拼音 zhǎng,待裁定
ci.清.0009.pinyin.json#852,1,18,长,2,平,3,仄,ci.清.0009.pinyin.json 第2阕第19字 语料拼音 zhǎng,待裁定
ci.清.0009.pinyin.json#856,1,21,长,2,平,3,仄,ci.清.0009.pinyin.json 第2阕第22字 语料拼音 zhǎng,待裁定
ci.清.0009.pinyin.json#858,1,12,别,4,仄,2,平,ci.清.0009.pinyin.json 第2阕第13字 语料拼音 bié,待裁定
ci.清.0009.pinyin.json#861,0,21,别,4,仄,2,平,ci.清.0009.pinyin.json 第1阕第22字 语料拼音 bié,待裁定
ci.清.0009.pinyin.json#863,1,22,绝,4,仄,2,平,ci.清.0009.pinyin.json 第2阕第23字 语料拼音 jué,待裁定
ci.清.0009.pinyin.json#867,0,56,长,2,平,3,仄,ci.清.0009.pinyin.json 第1阕第57字 语料拼音 zhǎng,待裁定
ci.清.0009.pinyin.json#867,1,4,长,2,平,3,仄,ci.清.0009.pinyin.json 第2阕第5字 语料拼音 zhǎng,待裁定
ci.清.0009.pinyin.json#868,0,56,长,2,平,3,仄,ci.清.0009.pinyin.json 第1阕第57字 语料拼音 zhǎng,待裁定
ci.清.0009.pinyin.json#869,0,48,长,2,平,3,仄,ci.清.0009.pinyin.json 第1阕第49字 语料拼音 zhǎng,待裁定
ci.清.0009.pinyin.json#869,0,56,长,2,平,3,仄,ci.清.0009.pinyin.json 第1阕第57字 语料拼音 zhǎng,待裁定
ci.清.0009.pinyin.json#870,0,18,长,2,平,3,仄,ci.清.0009.pinyin.json 第1阕第19字 语料拼音 zhǎng,待裁定
ci.清.0009.pinyin.json#870,0,56,长,2,平,3,仄,ci.清.0009.pinyin.json 第1阕第57字 语料拼音 zhǎng,待裁定
ci.清.0009.pinyin.json#871,1,38,长,2,平,3,仄,ci.清.0009.pinyin.json 第2阕第39字 语料拼音 zhǎng,待裁定
ci.清.0009.pinyin.json#872,0,56,长,2,平,3,仄,ci.清.0009.pinyin.json 第1阕第57字 语料拼音 zhǎng,待裁定
ci.清.0009.pinyin.json#873,1,5,长,2,平,3,仄,ci.清.0009.pinyin.json 第2阕第6字 语料拼音 zhǎng,待裁定
ci.清.0009.pinyin.json#874,0,56,长,2,平,3,仄,ci.清.0009.pinyin.json 第1阕第57字 语料拼音 zhǎng,待裁定
ci.清.0009.pinyin.json#874,1,29,长,2,平,3,仄,ci.清.0009.pinyin.json 第2阕第30字 语料拼音 zhǎng,待裁定
ci.清.0009.pinyin.json#875,1,5,长,2,平,3,仄,ci.清.0009.pinyin.json 第2阕第6字 语料拼音 zhǎng,待裁定
ci.清.0009.pinyin.json#889,1,0,甚,4,仄,2,平,ci.清.0009.pinyin.json 第2阕第1字 语料拼音 shén,待裁定
ci.清.0009.pinyin.json#894,1,19,长,2,平,3,仄,ci.清.0009.pinyin.json 第2阕第20字 语料拼音 zhǎng,待裁定
ci.清.0009.pinyin.json#895,1,10,长,2,平,3,仄,ci.清.0009.pinyin.json 第2阕第11字 语料拼音 zhǎng,待裁定
ci.清.0009.pinyin.json#907,1,4,长,2,平,3,仄,ci.清.0009.pinyin.json 第2阕第5字 语料拼音 zhǎng,待裁定
ci.清.0009.pinyin.json#908,0,11,长,2,平,3,仄,ci.清.0009.pinyin.json 第1阕第12字 语料拼音 zhǎng,待裁定
ci.清.0009.pinyin.json#908,0,16,绝,4,仄,2,平,ci.清.0009.pinyin.json 第1阕第17字 语料拼音 jué,待裁定
ci.清.0009.pinyin.json#912,0,43,长,2,平,3,仄,ci.清.0009.pinyin.json 第1阕第44字 语料拼音 zhǎng,待裁定
ci.清.0009.pinyin.json#916,1,12,别,4,仄,2,平,ci.清.0009.pinyin.json 第2阕第13字 语料拼音 bié,待裁定
ci.清.0009.pinyin.json#917,1,10,别,4,仄,2,平,ci.清.0009.pinyin.json 第2阕第11字 语料拼音 bié,待裁定
ci.清.0009.pinyin.json#924,1,12,别,4,仄,2,平,ci.清.0009.pinyin.json 第2阕第13字 语料拼音 bié,待裁定
ci.清.0009.pinyin.json#928,0,13,长,2,平,3,仄,ci.清.0009.pinyin.json 第1阕第14字 语料拼音 zhǎng,待裁定
ci.清.0009.pinyin.json#929,0,31,别,4,仄,2,平,ci.清.0009.pinyin.json 第1阕第32字 语料拼音 bié,待裁定
ci.清.0009.pinyin.json#929,1,16,甚,4,仄,2,平,ci.清.0009.pinyin.json 第2阕第17字 语料拼音 shén,待裁定
ci.清.0009.pinyin.json#930,1,49,别,4,仄,2,平,ci.清.0009.pinyin.json 第2阕第50字 语料拼音 bié,待裁定
ci.清.0009.pinyin.json#938,0,41,长,2,平,3,仄,ci.清.0009.pinyin.json 第1阕第42字 语料拼音 zhǎng,待裁定
ci.清.0009.pinyin.json#939,0,8,别,4,仄,2,平,ci.清.0009.pinyin.json 第1阕第9字 语料拼音 bié,待裁定
ci.清.0009.pinyin.json#939,1,18,长,2,平,3,仄,ci.清.0009.pinyin.json 第2阕第19字 语料拼音 zhǎng,待裁定
ci.清.0009.pinyin.json#942,1,7,长,2,平,3,仄,ci.清.0009.pinyin.json 第2阕第8字 语料拼音 zhǎng,待裁定
ci.清.0009.pinyin.json#943,1,4,长,2,平,3,仄,ci.清.0009.pinyin.json 第2阕第5字 语料拼音 zhǎng,待裁定
ci.清.0009.pinyin.json#945,1,8,别,4,仄,2,平,ci.清.0009.pinyin.json 第2阕第9字 语料拼音 bié,待裁定
ci.清.0009.pinyin.json#954,0,11,别,4,仄,2,平,ci.清.0009.pinyin.json 第1阕第12字 语料拼音 bié,待裁定
ci.清.0009.pinyin.json#954,0,18,长,2,平,3,仄,ci.清.0009.pinyin.json 第1阕第19字 语料拼音 zhǎng,待裁定
ci.清.0009.pinyin.json#958,0,1,长,2,平,3,仄,ci.清.0009.pinyin.json 第1阕第2字 语料拼音 zhǎng,待裁定
ci.清.0009.pinyin.json#958,0,5,长,2,平,3,仄,ci.清.0009.pinyin.json 第1阕第6字 语料拼音 zhǎng,待裁定
ci.清.0009.pinyin.json#971,0,20,绝,4,仄,2,平,ci.清.0009.pinyin.json 第1阕第21字 语料拼音 jué,待裁定
ci.清.0009.pinyin.json#982,0,2,别,4,仄,2,平,ci.清.0009.pinyin.json 第1阕第3字 语料拼音 bié,待裁定
ci.清.0009.pinyin.json#982,1,15,长,2,平,3,仄,ci.清.0009.pinyin.json 第2阕第16字 语料拼音 zhǎng,待裁定
ci.清.0009.pinyin.json#984,1,20,长,2,平,3,仄,ci.清.0009.pinyin.json 第2阕第21字 语料拼音 zhǎng,待裁定
ci.清.0009.pinyin.json#989,1,23,别,4,仄,2,平,ci.清.0009.pinyin.json 第2阕第24字 语料拼音 bié,待裁定
ci.清.0009.pinyin.json#990,1,3,别,4,仄,2,平,ci.清.0009.pinyin.json 第2阕第4字 语料拼音 bié,待裁定
ci.清.0009.pinyin.json#990,1,10,别,4,仄,2,平,ci.清.0009.pinyin.json 第2阕第11字 语料拼音 bié,待裁定
ci.清.0009.pinyin.json#992,1,5,别,4,仄,2,平,ci.清.0009.pinyin.json 第2阕第6字 语料拼音 bié,待裁定
ci.清.0010.pinyin.json#3,0,1,长,2,平,3,仄,ci.清.0010.pinyin.json 第1阕第2字 语料拼音 zhǎng,待裁定
ci.清.0010.pinyin.json#6,1,7,长,2,平,3,仄,ci.清.0010.pinyin.json 第2阕第8字 语料拼音 zhǎng,待裁定
ci.清.0010.pinyin.json#8,0,4,长,2,平,3,仄,ci.清.0010.pinyin.json 第1阕第5字 语料拼音 zhǎng,待裁定
ci.清.0010.pinyin.json#9,0,25,绝,4,仄,2,平,ci.清.0010.pinyin.json 第1阕第26字 语料拼音 jué,待裁定
ci.清.0010.pinyin.json#13,1,17,别,4,仄,2,平,ci.清.0010.pinyin.json 第2阕第18字 语料拼音 bié,待裁定
ci.清.0010.pinyin.json#15,0,5,长,2,平,3,仄,ci.清.0010.pinyin.json 第1阕第6字 语料拼音 zhǎng,待裁定
ci.清.0010.pinyin.json#25,1,6,别,4,仄,2,平,ci.清.0010.pinyin.json 第2阕第7字 语料拼音 bié,待裁定
ci.清.0010.pinyin.json#34,1,6,别,4,仄,2,平,ci.清.0010.pinyin.json 第2阕第7字 语料拼音 bié,待裁定
ci.清.0010.pinyin.json#43,0,23,长,2,平,3,仄,ci.清.0010.pinyin.json 第1阕第24字 语料拼音 zhǎng,待裁定
ci.清.0010.pinyin.json#48,0,19,别,4,仄,2,平,ci.清.0010.pinyin.json 第1阕第20字 语料拼音 bié,待裁定
ci.清.0010.pinyin.json#50,1,27,别,4,仄,2,平,ci.清.0010.pinyin.json 第2阕第28字 语料拼音 bié,待裁定
ci.清.0010.pinyin.json#52,1,32,长,2,平,3,仄,ci.清.0010.pinyin.json 第2阕第33字 语料拼音 zhǎng,待裁定
ci.清.0010.pinyin.json#56,1,1,别,4,仄,2,平,ci.清.0010.pinyin.json 第2阕第2字 语料拼音 bié,待裁定
ci.清.0010.pinyin.json#74,0,2,长,2,平,3,仄,ci.清.0010.pinyin.json 第1阕第3字 语料拼音 zhǎng,待裁定
ci.清.0010.pinyin.json#78,1,18,绝,4,仄,2,平,ci.清.0010.pinyin.json 第2阕第19字 语料拼音 jué,待裁定
ci.清.0010.pinyin.json#78,1,36,长,2,平,3,仄,ci.清.0010.pinyin.json 第2阕第37字 语料拼音 zhǎng,待裁定
ci.清.0010.pinyin.json#79,1,28,长,2,平,3,仄,ci.清.0010.pinyin.json 第2阕第29字 语料拼音 zhǎng,待裁定
ci.清.0010.pinyin.json#81,1,30,别,4,仄,2,平,ci.清.0010.pinyin.json 第2阕第31字 语料拼音 bié,待裁定
ci.清.0010.pinyin.json#83,1,9,别,4,仄,2,平,ci.清.0010.pinyin.json 第2阕第10字 语料拼音 bié,待裁定
ci.清.0010.pinyin.json#84,0,21,长,2,平,3,仄,ci.清.0010.pinyin.json 第1阕第22字 语料拼音 zhǎng,待裁定
ci.清.0010.pinyin.json#84,1,1,绝,4,仄,2,平,ci.清.0010.pinyin.json 第2阕第2字 语料拼音 jué,待裁定
ci.清.0010.pinyin.json#84,1,3,绝,4,仄,2,平,ci.清.0010.pinyin.json 第2阕第4字 语料拼音 jué,待裁定
ci.清.0010.pinyin.json#86,0,38,绝,4,仄,2,平,ci.清.0010.pinyin.json 第1阕第39字 语料拼音 jué,待裁定
ci.清.0010.pinyin.json#86,1,39,别,4,仄,2,平,ci.清.0010.pinyin.json 第2阕第40字 语料拼音 bié,待裁定
ci.清.0010.pinyin.json#87,1,25,长,2,平,3,仄,ci.清.0010.pinyin.json 第2阕第26字 语料拼音 zhǎng,待裁定
ci.清.0010.pinyin.json#93,0,10,绝,4,仄,2,平,ci.清.0010.pinyin.json 第1阕第11字 语料拼音 jué,待裁定
ci.清.0010.pinyin.json#94,0,33,绝,4,仄,2,平,ci.清.0010.pinyin.json 第1阕第34字 语料拼音 jué,待裁定
ci.清.0010.pinyin.json#94,0,38,甚,4,仄,2,平,ci.清.0010.pinyin.json 第1阕第39字 语料拼音 shén,待裁定
ci.清.0010.pinyin.json#94,1,16,别,4,仄,2,平,ci.清.0010.pinyin.json 第2阕第17字 语料拼音 bié,待裁定
ci.清.0010.pinyin.json#95,1,9,长,2,平,3,仄,ci.清.0010.pinyin.json 第2阕第10字 语料拼音 zhǎng,待裁定
ci.清.0010.pinyin.json#98,0,1,别,4,仄,2,平,ci.清.0010.pinyin.json 第1阕第2字 语料拼音 bié,待裁定
ci.清.0010.pinyin.json#98,1,25,长,2,平,3,仄,ci.清.0010.pinyin.json 第2阕第26字 语料拼音 zhǎng,待裁定
ci.清.0010.pinyin.json#105,0,40,别,4,仄,2,平,ci.清.0010.pinyin.json 第1阕第41字 语料拼音 bié,待裁定
ci.清.0010.pinyin.json#105,1,30,长,2,平,3,仄,ci.清.0010.pinyin.json 第2阕第31字 语料拼音 zhǎng,待裁定
ci.清.0010.pinyin.json#108,0,18,甚,4,仄,2,平,ci.清.0010.pinyin.json 第1阕第19字 语料拼音 shén,待裁定
ci.清.0010.pinyin.json#111,0,1,长,2,平,3,仄,ci.清.0010.pinyin.json 第1阕第2字 语料拼音 zhǎng,待裁定
ci.清.0010.pinyin.json#114,1,12,别,4,仄,2,平,ci.清.0010.pinyin.json 第2阕第13字 语料拼音 bié,待裁定
ci.清.0010.pinyin.json#117,1,15,长,2,平,3,仄,ci.清.0010.pinyin.json 第2阕第16字 语料拼音 zhǎng,待裁定
ci.清.0010.pinyin.json#126,2,1,别,4,仄,2,平,ci.清.0010.pinyin.json 第3阕第2字 语料拼音 bié,待裁定
ci.清.0010.pinyin.json#127,0,8,长,2,平,3,仄,ci.清.0010.pinyin.json 第1阕第9字 语料拼音 zhǎng,待裁定
ci.清.0010.pinyin.json#143,0,22,别,4,仄,2,平,ci.清.0010.pinyin.json 第1阕第23字 语料拼音 bié,待裁定
ci.清.0010.pinyin.json#145,0,36,甚,4,仄,2,平,ci.清.0010.pinyin.json 第1阕第37字 语料拼音 shén,待裁定
ci.清.0010.pinyin.json#147,1,33,甚,4,仄,2,平,ci.清.0010.pinyin.json 第2阕第34字 语料拼音 shén,待裁定
ci.清.0010.pinyin.json#148,1,21,甚,4,仄,2,平,ci.清.0010.pinyin.json 第2阕第22字 语料拼音 shén,待裁定
ci.清.0010.pinyin.json#149,1,36,长,2,平,3,仄,ci.清.0010.pinyin.json 第2阕第37字 语料拼音 zhǎng,待裁定
ci.清.0010.pinyin.json#151,0,18,长,2,平,3,仄,ci.清.0010.pinyin.json 第1阕第19字 语料拼音 zhǎng,待裁定
ci.清.0010.pinyin.json#151,1,2,长,2,平,3,仄,ci.清.0010.pinyin.json 第2阕第3字 语料拼音 zhǎng,待裁定
ci.清.0010.pinyin.json#153,0,42,长,2,平,3,仄,ci.清.0010.pinyin.json 第1阕第43字 语料拼音 zhǎng,待裁定
ci.清.0010.pinyin.json#153,1,41,别,4,仄,2,平,ci.清.0010.pinyin.json 第2阕第42字 语料拼音 bié,待裁定
ci.清.0010.pinyin.json#159,1,23,绝,4,仄,2,平,ci.清.0010.pinyin.json 第2阕第24字 语料拼音 jué,待裁定
ci.清.0010.pinyin.json#166,0,14,别,4,仄,2,平,ci.清.0010.pinyin.json 第1阕第15字 语料拼音 bié,待裁定
ci.清.0010.pinyin.json#172,1,40,长,2,平,3,仄,ci.清.0010.pinyin.json 第2阕第41字 语料拼音 zhǎng,待裁定
ci.清.0010.pinyin.json#173,1,2,别,4,仄,2,平,ci.清.0010.pinyin.json 第2阕第3字 语料拼音 bié,待裁定
ci.清.0010.pinyin.json#174,0,14,甚,4,仄,2,平,ci.清.0010.pinyin.json 第1阕第15字 语料拼音 shén,待裁定
ci.清.0010.pinyin.json#176,0,23,长,2,平,3,仄,ci.清.0010.pinyin.json 第1阕第24字 语料拼音 zhǎng,待裁定
ci.清.0010.pinyin.json#176,0,32,别,4,仄,2,平,ci.清.0010.pinyin.json 第1阕第33字 语料拼音 bié,待裁定
ci.清.0010.pinyin.json#178,1,14,别,4,仄,2,平,ci.清.0010.pinyin.json 第2阕第15字 语料拼音 bié,待裁定
ci.清.0010.pinyin.json#179,1,2,别,4,仄,2,平,ci.清.0010.pinyin.json 第2阕第3字 语料拼音 bié,待裁定
ci.清.0010.pinyin.json#180,0,30,长,2,平,3,仄,ci.清.0010.pinyin.json 第1阕第31字 语料拼音 zhǎng,待裁定
ci.清.0010.pinyin.json#181,1,39,长,2,平,3,仄,ci.清.0010.pinyin.json 第2阕第40字 语料拼音 zhǎng,待裁定
ci.清.0010.pinyin.json#184,0,40,甚,4,仄,2,平,ci.清.0010.pinyin.json 第1阕第41字 语料拼音 shén,待裁定
ci.清.0010.pinyin.json#184,1,19,长,2,平,3,仄,ci.清.0010.pinyin.json 第2阕第20字 语料拼音 zhǎng,待裁定
ci.清.0010.pinyin.json#185,0,4,甚,4,仄,2,平,ci.清.0010.pinyin.json 第1阕第5字 语料拼音 shén,待裁定
ci.清.0010.pinyin.json#186,0,28,长,2,平,3,仄,ci.清.0010.pinyin.json 第1阕第29字 语料拼音 zhǎng,待裁定
ci.清.0010.pinyin.json#187,0,30,甚,4,仄,2,平,ci.清.0010.pinyin.json 第1阕第31字 语料拼音 shén,待裁定
ci.清.0010.pinyin.json#188,1,9,长,2,平,3,仄,ci.清.0010.pinyin.json 第2阕第10字 语料拼音 zhǎng,待裁定
ci.清.0010.pinyin.json#189,0,36,长,2,平,3,仄,ci.清.0010.pinyin.json 第1阕第37字 语料拼音 zhǎng,待裁定
ci.清.0010.pinyin.json#191,0,50,绝,4,仄,2,平,ci.清.0010.pinyin.json 第1阕第51字 语料拼音 jué,待裁定
ci.清.0010.pinyin.json#191,1,28,别,4,仄,2,平,ci.清.0010.pinyin.json 第2阕第29字 语料拼音 bié,待裁定
ci.清.0010.pinyin.json#194,1,28,绝,4,仄,2,平,ci.清.0010.pinyin.json 第2阕第29字 语料拼音 jué,待裁定
ci.清.0010.pinyin.json#195,0,30,别,4,仄,2,平,ci.清.0010.pinyin.json 第1阕第31字 语料拼音 bié,待裁定
ci.清.0010.pinyin.json#195,1,42,长,2,平,3,仄,ci.清.0010.pinyin.json 第2阕第43字 语料拼音 zhǎng,待裁定
ci.清.0010.pinyin.json#197,1,32,甚,4,仄,2,平,ci.清.0010.pinyin.json 第2阕第33字 语料拼音 shén,待裁定
ci.清.0010.pinyin.json#212,0,0,甚,4,仄,2,平,ci.清.0010.pinyin.json 第1阕第1字 语料拼音 shén,待裁定
ci.清.0010.pinyin.json#212,0,37,长,2,平,3,仄,ci.清.0010.pinyin.json 第1阕第38字 语料拼音 zhǎng,待裁定
ci.清.0010.pinyin.json#212,1,39,长,2,平,3,仄,ci.清.0010.pinyin.json 第2阕第40字 语料拼音 zhǎng,待裁定
ci.清.0010.pinyin.json#215,0,10,别,4,仄,2,平,ci.清.0010.pinyin.json 第1阕第11字 语料拼音 bié,待裁定
ci.清.0010.pinyin.json#217,1,134,绝,4,仄,2,平,ci.清.0010.pinyin.json 第2阕第135字 语料拼音 jué,待裁定
ci.清.0010.pinyin.json#220,1,13,长,2,平,3,仄,ci.清.0010.pinyin.json 第2阕第14字 语料拼音 zhǎng,待裁定
ci.清.0010.pinyin.json#223,0,31,长,2,平,3,仄,ci.清.0010.pinyin.json 第1阕第32字 语料拼音 zhǎng,待裁定
ci.清.0010.pinyin.json#223,1,37,甚,4,仄,2,平,ci.清.0010.pinyin.json 第2阕第38字 语料拼音 shén,待裁定
ci.清.0010.pinyin.json#228,0,9,长,2,平,3,仄,ci.清.0010.pinyin.json 第1阕第10字 语料拼音 zhǎng,待裁定
ci.清.0010.pinyin.json#230,1,20,长,2,平,3,仄,ci.清.0010.pinyin.json 第2阕第21字 语料拼音 zhǎng,待裁定
ci.清.0010.pinyin.json#237,0,3,长,2,平,3,仄,ci.清.0010.pinyin.json 第1阕第4字 语料拼音 zhǎng,待裁定
ci.清.0010.pinyin.json#237,1,7,别,4,仄,2,平,ci.清.0010.pinyin.json 第2阕第8字 语料拼音 bié,待裁定
ci.清.0010.pinyin.json#243,4,4,甚,4,仄,2,平,ci.清.0010.pinyin.json 第5阕第5字 语料拼音 shén,待裁定
ci.清.0010.pinyin.json#245,1,6,长,2,平,3,仄,ci.清.0010.pinyin.json 第2阕第7字 语料拼音 zhǎng,待裁定
ci.清.0010.pinyin.json#247,1,14,别,4,仄,2,平,ci.清.0010.pinyin.json 第2阕第15字 语料拼音 bié,待裁定
ci.清.0010.pinyin.json#251,0,26,长,2,平,3,仄,ci.清.0010.pinyin.json 第1阕第27字 语料拼音 zhǎng,待裁定
ci.清.0010.pinyin.json#251,1,15,甚,4,仄,2,平,ci.清.0010.pinyin.json 第2阕第16字 语料拼音 shén,待裁定
ci.清.0010.pinyin.json#252,0,28,甚,4,仄,2,平,ci.清.0010.pinyin.json 第1阕第29字 语料拼音 shén,待裁定
ci.清.0010.pinyin.json#253,1,0,长,2,平,3,仄,ci.清.0010.pinyin.json 第2阕第1字 语料拼音 zhǎng,待裁定
ci.清.0010.pinyin.json#256,1,4,别,4,仄,2,平,ci.清.0010.pinyin.json 第2阕第5字 语料拼音 bié,待裁定
ci.清.0010.pinyin.json#257,0,9,长,2,平,3,仄,ci.清.0010.pinyin.json 第1阕第10字 语料拼音 zhǎng,待裁定
ci.清.0010.pinyin.json#260,0,21,绝,4,仄,2,平,ci.清.0010.pinyin.json 第1阕第22字 语料拼音 jué,待裁定
ci.清.0010.pinyin.json#260,1,48,长,2,平,3,仄,ci.清.0010.pinyin.json 第2阕第49字 语料拼音 zhǎng,待裁定
ci.清.0010.pinyin.json#262,1,21,长,2,平,3,仄,ci.清.0010.pinyin.json 第2阕第22字 语料拼音 zhǎng,待裁定
ci.清.0010.pinyin.json#268,1,24,甚,4,仄,2,平,ci.清.0010.pinyin.json 第2阕第25字 语料拼音 shén,待裁定
ci.清.0010.pinyin.json#274,0,13,长,2,平,3,仄,ci.清.0010.pinyin.json 第1阕第14字 语料拼音 zhǎng,待裁定
ci.清.0010.pinyin.json#274,0,47,别,4,仄,2,平,ci.清.0010.pinyin.json 第1阕第48字 语料拼音 bié,待裁定
ci.清.0010.pinyin.json#276,0,7,长,2,平,3,仄,ci.清.0010.pinyin.json 第1阕第8字 语料拼音 zhǎng,待裁定
ci.清.0010.pinyin.json#278,0,14,长,2,平,3,仄,ci.清.0010.pinyin.json 第1阕第15字 语料拼音 zhǎng,待裁定
ci.清.0010.pinyin.json#278,1,15,甚,4,仄,2,平,ci.清.0010.pinyin.json 第2阕第16字 语料拼音 shén,待裁定
ci.清.0010.pinyin.json#285,0,11,长,2,平,3,仄,ci.清.0010.pinyin.json 第1阕第12字 语料拼音 zhǎng,待裁定
ci.清.0010.pinyin.json#287,1,12,别,4,仄,2,平,ci.清.0010.pinyin.json 第2阕第13字 语料拼音 bié,待裁定
ci.清.0010.pinyin.json#289,0,44,长,2,平,3,仄,ci.清.0010.pinyin.json 第1阕第45字 语料拼音 zhǎng,待裁定
ci.清.0010.pinyin.json#292,0,7,长,2,平,3,仄,ci.清.0010.pinyin.json 第1阕第8字 语料拼音 zhǎng,待裁定
ci.清.0010.pinyin.json#292,1,22,长,2,平,3,仄,ci.清.0010.pinyin.json 第2阕第23字 语料拼音 zhǎng,待裁定
ci.清.0010.pinyin.json#293,3,22,长,2,平,3,仄,ci.清.0010.pinyin.json 第4阕第23字 语料拼音 zhǎng,待裁定
ci.清.0010.pinyin.json#294,3,14,长,2,平,3,仄,ci.清.0010.pinyin.json 第4阕第15字 语料拼音 zhǎng,待裁定
ci.清.0010.pinyin.json#296,1,21,长,2,平,3,仄,ci.清.0010.pinyin.json 第2阕第22字 语料拼音 zhǎng,待裁定
ci.清.0010.pinyin.json#300,0,36,甚,4,仄,2,平,ci.清.0010.pinyin.json 第1阕第37字 语料拼音 shén,待裁定
ci.清.0010.pinyin.json#305,0,0,长,2,平,3,仄,ci.清.0010.pinyin.json 第1阕第1字 语料拼音 zhǎng,待裁定
ci.清.0010.pinyin.json#306,0,43,长,2,平,3,仄,ci.清.0010.pinyin.json 第1阕第44字 语料拼音 zhǎng,待裁定
ci.清.0010.pinyin.json#307,0,26,别,4,仄,2,平,ci.清.0010.pinyin.json 第1阕第27字 语料拼音 bié,待裁定
ci.清.0010.pinyin.json#311,1,9,绝,4,仄,2,平,ci.清.0010.pinyin.json 第2阕第10字 语料拼音 jué,待裁定
ci.清.0010.pinyin.json#314,0,11,长,2,平,3,仄,ci.清.0010.pinyin.json 第1阕第12字 语料拼音 zhǎng,待裁定
ci.清.0010.pinyin.json#318,1,11,绝,4,仄,2,平,ci.清.0010.pinyin.json 第2阕第12字 语料拼音 jué,待裁定
ci.清.0010.pinyin.json#321,0,11,长,2,平,3,仄,ci.清.0010.pinyin.json 第1阕第12字 语料拼音 zhǎng,待裁定
ci.清.0010.pinyin.json#322,1,25,长,2,平,3,仄,ci.清.0010.pinyin.json 第2阕第26字 语料拼音 zhǎng,待裁定
ci.清.0010.pinyin.json#323,0,1,绝,4,仄,2,平,ci.清.0010.pinyin.json 第1阕第2字 语料拼音 jué,待裁定
ci.清.0010.pinyin.json#332,1,9,长,2,平,3,仄,ci.清.0010.pinyin.json 第2阕第10字 语料拼音 zhǎng,待裁定
ci.清.0010.pinyin.json#336,0,38,长,2,平,3,仄,ci.清.0010.pinyin.json 第1阕第39字 语料拼音 zhǎng,待裁定
ci.清.0010.pinyin.json#336,1,33,长,2,平,3,仄,ci.清.0010.pinyin.json 第2阕第34字 语料拼音 zhǎng,待裁定
ci.清.0010.pinyin.json#338,0,20,甚,4,仄,2,平,ci.清.0010.pinyin.json 第1阕第21字 语料拼音 shén,待裁定
ci.清.0010.pinyin.json#339,1,17,长,2,平,3,仄,ci.清.0010.pinyin.json 第2阕第18字 语料拼音 zhǎng,待裁定
ci.清.0010.pinyin.json#339,1,39,甚,4,仄,2,平,ci.清.0010.pinyin.json 第2阕第40字 语料拼音 shén,待裁定
ci.清.0010.pinyin.json#343,1,10,长,2,平,3,仄,ci.清.0010.pinyin.json 第2阕第11字 语料拼音 zhǎng,待裁定
ci.清.0010.pinyin.json#357,0,3,绝,4,仄,2,平,ci.清.0010.pinyin.json 第1阕第4字 语料拼音 jué,待裁定
ci.清.0010.pinyin.json#358,0,12,长,2,平,3,仄,ci.清.0010.pinyin.json 第1阕第13字 语料拼音 zhǎng,待裁定
ci.清.0010.pinyin.json#358,1,9,长,2,平,3,仄,ci.清.0010.pinyin.json 第2阕第10字 语料拼音 zhǎng,待裁定
ci.清.0010.pinyin.json#362,1,5,长,2,平,3,仄,ci.清.0010.pinyin.json 第2阕第6字 语料拼音 zhǎng,待裁定
ci.清.0010.pinyin.json#363,0,4,别,4,仄,2,平,ci.清.0010.pinyin.json 第1阕第5字 语料拼音 bié,待裁定
ci.清.0010.pinyin.json#364,1,21,绝,4,仄,2,平,ci.清.0010.pinyin.json 第2阕第22字 语料拼音 jué,待裁定
ci.清.0010.pinyin.json#367,0,2,长,2,平,3,仄,ci.清.0010.pinyin.json 第1阕第3字 语料拼音 zhǎng,待裁定
ci.清.0010.pinyin.json#369,1,9,长,2,平,3,仄,ci.清.0010.pinyin.json 第2阕第10字 语料拼音 zhǎng,待裁定
ci.清.0010.pinyin.json#372,1,6,长,2,平,3,仄,ci.清.0010.pinyin.json 第2阕第7字 语料拼音 zhǎng,待裁定
ci.清.0010.pinyin.json#374,1,18,长,2,平,3,仄,ci.清.0010.pinyin.json 第2阕第19字 语料拼音 zhǎng,待裁定
ci.清.0010.pinyin.json#382,1,27,甚,4,仄,2,平,ci.清.0010.pinyin.json 第2阕第28字 语料拼音 shén,待裁定
ci.清.0010.pinyin.json#386,1,26,长,2,平,3,仄,ci.清.0010.pinyin.json 第2阕第27字 语料拼音 zhǎng,待裁定
ci.清.0010.pinyin.json#387,0,9,别,4,仄,2,平,ci.清.0010.pinyin.json 第1阕第10字 语料拼音 bié,待裁定
ci.清.0010.pinyin.json#393,0,49,甚,4,仄,2,平,ci.清.0010.pinyin.json 第1阕第50字 语料拼音 shén,待裁定
ci.清.0010.pinyin.json#393,1,33,长,2,平,3,仄,ci.清.0010.pinyin.json 第2阕第34字 语料拼音 zhǎng,待裁定
ci.清.0010.pinyin.json#399,0,27,别,4,仄,2,平,ci.清.0010.pinyin.json 第1阕第28字 语料拼音 bié,待裁定
ci.清.0010.pinyin.json#399,0,39,甚,4,仄,2,平,ci.清.0010.pinyin.json 第1阕第40字 语料拼音 shén,待裁定
ci.清.0010.pinyin.json#402,1,29,绝,4,仄,2,平,ci.清.0010.pinyin.json 第2阕第30字 语料拼音 jué,待裁定
ci.清.0010.pinyin.json#406,0,9,长,2,平,3,仄,ci.清.0010.pinyin.json 第1阕第10字 语料拼音 zhǎng,待裁定
ci.清.0010.pinyin.json#411,1,31,甚,4,仄,2,平,ci.清.0010.pinyin.json 第2阕第32字 语料拼音 shén,待裁定
ci.清.0010.pinyin.json#413,1,1,别,4,仄,2,平,ci.清.0010.pinyin.json 第2阕第2字 语料拼音 bié,待裁定
ci.清.0010.pinyin.json#413,1,26,绝,4,仄,2,平,ci.清.0010.pinyin.json 第2阕第27字 语料拼音 jué,待裁定
ci.清.0010.pinyin.json#416,1,16,长,2,平,3,仄,ci.清.0010.pinyin.json 第2阕第17字 语料拼音 zhǎng,待裁定
ci.清.0010.pinyin.json#417,1,25,长,2,平,3,仄,ci.清.0010.pinyin.json 第2阕第26字 语料拼音 zhǎng,待裁定
ci.清.0010.pinyin.json#418,1,12,别,4,仄,2,平,ci.清.0010.pinyin.json 第2阕第13字 语料拼音 bié,待裁定
ci.清.0010.pinyin.json#422,0,9,长,2,平,3,仄,ci.清.0010.pinyin.json 第1阕第10字 语料拼音 zhǎng,待裁定
ci.清.0010.pinyin.json#426,0,40,甚,4,仄,2,平,ci.清.0010.pinyin.json 第1阕第41字 语料拼音 shén,待裁定
ci.清.0010.pinyin.json#426,1,0,长,2,平,3,仄,ci.清.0010.pinyin.json 第2阕第1字 语料拼音 zhǎng,待裁定
ci.清.0010.pinyin.json#427,1,10,长,2,平,3,仄,ci.清.0010.pinyin.json 第2阕第11字 语料拼音 zhǎng,待裁定
ci.清.0010.pinyin.json#430,1,2,长,2,平,3,仄,ci.清.0010.pinyin.json 第2阕第3字 语料拼音 zhǎng,待裁定
ci.清.0010.pinyin.json#430,1,23,长,2,平,3,仄,ci.清.0010.pinyin.json 第2阕第24字 语料拼音 zhǎng,待裁定
ci.清.0010.pinyin.json#434,1,6,别,4,仄,2,平,ci.清.0010.pinyin.json 第2阕第7字 语料拼音 bié,待裁定
ci.清.0010.pinyin.json#437,1,19,长,2,平,3,仄,ci.清.0010.pinyin.json 第2阕第20字 语料拼音 zhǎng,待裁定
ci.清.0010.pinyin.json#439,0,6,长,2,平,3,仄,ci.清.0010.pinyin.json 第1阕第7字 语料拼音 zhǎng,待裁定
ci.清.0010.pinyin.json#444,0,24,长,2,平,3,仄,ci.清.0010.pinyin.json 第1阕第25字 语料拼音 zhǎng,待裁定
ci.清.0010.pinyin.json#445,0,43,长,2,平,3,仄,ci.清.0010.pinyin.json 第1阕第44字 语料拼音 zhǎng,待裁定
ci.清.0010.pinyin.json#446,1,45,长,2,平,3,仄,ci.清.0010.pinyin.json 第2阕第46字 语料拼音 zhǎng,待裁定
ci.清.0010.pinyin.json#448,0,0,绝,4,仄,2,平,ci.清.0010.pinyin.json 第1阕第1字 语料拼音 jué,待裁定
ci.清.0010.pinyin.json#448,1,7,长,2,平,3,仄,ci.清.0010.pinyin.json 第2阕第8字 语料拼音 zhǎng,待裁定
ci.清.0010.pinyin.json#451,0,27,绝,4,仄,2,平,ci.清.0010.pinyin.json 第1阕第28字 语料拼音 jué,待裁定
ci.清.0010.pinyin.json#451,1,27,别,4,仄,2,平,ci.清.0010.pinyin.json 第2阕第28字 语料拼音 bié,待裁定
ci.清.0010.pinyin.json#458,0,16,别,4,仄,2,平,ci.清.0010.pinyin.json 第1阕第17字 语料拼音 bié,待裁定
ci.清.0010.pinyin.json#470,1,22,长,2,平,3,仄,ci.清.0010.pinyin.json 第2阕第23字 语料拼音 zhǎng,待裁定
ci.清.0010.pinyin.json#473,0,31,长,2,平,3,仄,ci.清.0010.pinyin.json 第1阕第32字 语料拼音 zhǎng,待裁定
ci.清.0010.pinyin.json#475,0,6,长,2,平,3,仄,ci.清.0010.pinyin.json 第1阕第7字 语料拼音 zhǎng,待裁定
ci.清.0010.pinyin.json#477,1,17,长,2,平,3,仄,ci.清.0010.pinyin.json 第2阕第18字 语料拼音 zhǎng,待裁定
ci.清.0010.pinyin.json#478,1,17,长,2,平,3,仄,ci.清.0010.pinyin.json 第2阕第18字 语料拼音 zhǎng,待裁定
ci.清.0010.pinyin.json#479,0,0,长,2,平,3,仄,ci.清.0010.pinyin.json 第1阕第1字 语料拼音 zhǎng,待裁定
ci.清.0010.pinyin.json#484,0,13,长,2,平,3,仄,ci.清.0010.pinyin.json 第1阕第14字 语料拼音 zhǎng,待裁定
ci.清.0010.pinyin.json#485,0,13,长,2,平,3,仄,ci.清.0010.pinyin.json 第1阕第14字 语料拼音 zhǎng,待裁定
ci.清.0010.pinyin.json#486,0,0,长,2,平,3,仄,ci.清.0010.pinyin.json 第1阕第1字 语料拼音 zhǎng,待裁定
ci.清.0010.pinyin.json#490,0,30,长,2,平,3,仄,ci.清.0010.pinyin.json 第1阕第31字 语料拼音 zhǎng,待裁定
ci.清.0010.pinyin.json#492,0,1,别,4,仄,2,平,ci.清.0010.pinyin.json 第1阕第2字 语料拼音 bié,待裁定
ci.清.0010.pinyin.json#496,0,16,长,2,平,3,仄,ci.清.0010.pinyin.json 第1阕第17字 语料拼音 zhǎng,待裁定
ci.清.0010.pinyin.json#502,0,54,甚,4,仄,2,平,ci.清.0010.pinyin.json 第1阕第55字 语料拼音 shén,待裁定
ci.清.0010.pinyin.json#503,1,38,长,2,平,3,仄,ci.清.0010.pinyin.json 第2阕第39字 语料拼音 zhǎng,待裁定
ci.清.0010.pinyin.json#504,1,9,长,2,平,3,仄,ci.清.0010.pinyin.json 第2阕第10字 语料拼音 zhǎng,待裁定
ci.清.0010.pinyin.json#505,0,0,甚,4,仄,2,平,ci.清.0010.pinyin.json 第1阕第1字 语料拼音 shén,待裁定
ci.清.0010.pinyin.json#505,1,45,别,4,仄,2,平,ci.清.0010.pinyin.json 第2阕第46字 语料拼音 bié,待裁定
ci.清.0010.pinyin.json#506,1,0,长,2,平,3,仄,ci.清.0010.pinyin.json 第2阕第1字 语料拼音 zhǎng,待裁定
ci.清.0010.pinyin.json#516,0,4,长,2,平,3,仄,ci.清.0010.pinyin.json 第1阕第5字 语料拼音 zhǎng,待裁定
ci.清.0010.pinyin.json#520,1,20,绝,4,仄,2,平,ci.清.0010.pinyin.json 第2阕第21字 语料拼音 jué,待裁定
ci.清.0010.pinyin.json#522,0,18,长,2,平,3,仄,ci.清.0010.pinyin.json 第1阕第19字 语料拼音 zhǎng,待裁定
ci.清.0010.pinyin.json#523,0,36,长,2,平,3,仄,ci.清.0010.pinyin.json 第1阕第37字 语料拼音 zhǎng,待裁定
ci.清.0010.pinyin.json#524,0,4,长,2,平,3,仄,ci.清.0010.pinyin.json 第1阕第5字 语料拼音 zhǎng,待裁定
ci.清.0010.pinyin.json#525,0,15,别,4,仄,2,平,ci.清.0010.pinyin.json 第1阕第16字 语料拼音 bié,待裁定
ci.清.0010.pinyin.json#527,0,23,长,2,平,3,仄,ci.清.0010.pinyin.json 第1阕第24字 语料拼音 zhǎng,待裁定
ci.清.0010.pinyin.json#528,0,5,别,4,仄,2,平,ci.清.0010.pinyin.json 第1阕第6字 语料拼音 bié,待裁定
ci.清.0010.pinyin.json#529,0,12,长,2,平,3,仄,ci.清.0010.pinyin.json 第1阕第13字 语料拼音 zhǎng,待裁定
ci.清.0010.pinyin.json#530,0,10,别,4,仄,2,平,ci.清.0010.pinyin.json 第1阕第11字 语料拼音 bié,待裁定
ci.清.0010.pinyin.json#533,0,35,绝,4,仄,2,平,ci.清.0010.pinyin.json 第1阕第36字 语料拼音 jué,待裁定
ci.清.0010.pinyin.json#533,1,47,长,2,平,3,仄,ci.清.0010.pinyin.json 第2阕第48字 语料拼音 zhǎng,待裁定
ci.清.0010.pinyin.json#540,1,18,别,4,仄,2,平,ci.清.0010.pinyin.json 第2阕第19字 语料拼音 bié,待裁定
ci.清.0010.pinyin.json#543,0,21,长,2,平,3,仄,ci.清.0010.pinyin.json 第1阕第22字 语料拼音 zhǎng,待裁定
ci.清.0010.pinyin.json#544,1,9,长,2,平,3,仄,ci.清.0010.pinyin.json 第2阕第10字 语料拼音 zhǎng,待裁定
ci.清.0010.pinyin.json#546,1,17,长,2,平,3,仄,ci.清.0010.pinyin.json 第2阕第18字 语料拼音 zhǎng,待裁定
ci.清.0010.pinyin.json#555,1,22,别,4,仄,2,平,ci.清.0010.pinyin.json 第2阕第23字 语料拼音 bié,待裁定
ci.清.0010.pinyin.json#560,0,31,甚,4,仄,2,平,ci.清.0010.pinyin.json 第1阕第32字 语料拼音 shén,待裁定
ci.清.0010.pinyin.json#562,0,50,别,4,仄,2,平,ci.清.0010.pinyin.json 第1阕第51字 语料拼音 bié,待裁定
ci.清.0010.pinyin.json#562,0,52,绝,4,仄,2,平,ci.清.0010.pinyin.json 第1阕第53字 语料拼音 jué,待裁定
ci.清.0010.pinyin.json#563,1,48,别,4,仄,2,平,ci.清.0010.pinyin.json 第2阕第49字 语料拼音 bié,待裁定
ci.清.0010.pinyin.json#563,1,49,长,2,平,3,仄,ci.清.0010.pinyin.json 第2阕第50字 语料拼音 zhǎng,待裁定
ci.清.0010.pinyin.json#569,0,53,长,2,平,3,仄,ci.清.0010.pinyin.json 第1阕第54字 语料拼音 zhǎng,待裁定
ci.清.0010.pinyin.json#573,0,42,长,2,平,3,仄,ci.清.0010.pinyin.json 第1阕第43字 语料拼音 zhǎng,待裁定
ci.清.0010.pinyin.json#577,1,40,别,4,仄,2,平,ci.清.0010.pinyin.json 第2阕第41字 语料拼音 bié,待裁定
ci.清.0010.pinyin.json#579,0,2,绝,4,仄,2,平,ci.清.0010.pinyin.json 第1阕第3字 语料拼音 jué,待裁定
ci.清.0010.pinyin.json#580,0,5,长,2,平,3,仄,ci.清.0010.pinyin.json 第1阕第6字 语料拼音 zhǎng,待裁定
ci.清.0010.pinyin.json#580,6,17,长,2,平,3,仄,ci.清.0010.pinyin.json 第7阕第18字 语料拼音 zhǎng,待裁定
ci.清.0010.pinyin.json#583,0,8,绝,4,仄,2,平,ci.清.0010.pinyin.json 第1阕第9字 语料拼音 jué,待裁定
ci.清.0010.pinyin.json#583,1,14,长,2,平,3,仄,ci.清.0010.pinyin.json 第2阕第15字 语料拼音 zhǎng,待裁定
ci.清.0010.pinyin.json#584,1,44,甚,4,仄,2,平,ci.清.0010.pinyin.json 第2阕第45字 语料拼音 shén,待裁定
ci.清.0010.pinyin.json#591,0,3,绝,4,仄,2,平,ci.清.0010.pinyin.json 第1阕第4字 语料拼音 jué,待裁定
ci.清.0010.pinyin.json#607,1,3,绝,4,仄,2,平,ci.清.0010.pinyin.json 第2阕第4字 语料拼音 jué,待裁定
ci.清.0010.pinyin.json#609,1,46,长,2,平,3,仄,ci.清.0010.pinyin.json 第2阕第47字 语料拼音 zhǎng,待裁定
ci.清.0010.pinyin.json#611,0,5,绝,4,仄,2,平,ci.清.0010.pinyin.json 第1阕第6字 语料拼音 jué,待裁定
ci.清.0010.pinyin.json#612,1,16,长,2,平,3,仄,ci.清.0010.pinyin.json 第2阕第17字 语料拼音 zhǎng,待裁定
ci.清.0010.pinyin.json#615,0,24,别,4,仄,2,平,ci.清.0010.pinyin.json 第1阕第25字 语料拼音 bié,待裁定
ci.清.0010.pinyin.json#623,0,33,长,2,平,3,仄,ci.清.0010.pinyin.json 第1阕第34字 语料拼音 zhǎng,待裁定
ci.清.0010.pinyin.json#624,1,55,长,2,平,3,仄,ci.清.0010.pinyin.json 第2阕第56字 语料拼音 zhǎng,待裁定
ci.清.0010.pinyin.json#626,1,7,甚,4,仄,2,平,ci.清.0010.pinyin.json 第2阕第8字 语料拼音 shén,待裁定
ci.清.0010.pinyin.json#627,1,8,别,4,仄,2,平,ci.清.0010.pinyin.json 第2阕第9字 语料拼音 bié,待裁定
ci.清.0010.pinyin.json#628,1,21,别,4,仄,2,平,ci.清.0010.pinyin.json 第2阕第22字 语料拼音 bié,待裁定
ci.清.0010.pinyin.json#628,1,45,长,2,平,3,仄,ci.清.0010.pinyin.json 第2阕第46字 语料拼音 zhǎng,待裁定
ci.清.0010.pinyin.json#631,1,28,长,2,平,3,仄,ci.清.0010.pinyin.json 第2阕第29字 语料拼音 zhǎng,待裁定
ci.清.0010.pinyin.json#632,0,10,甚,4,仄,2,平,ci.清.0010.pinyin.json 第1阕第11字 语料拼音 shén,待裁定
ci.清.0010.pinyin.json#635,0,39,长,2,平,3,仄,ci.清.0010.pinyin.json 第1阕第40字 语料拼音 zhǎng,待裁定
ci.清.0010.pinyin.json#639,0,18,甚,4,仄,2,平,ci.清.0010.pinyin.json 第1阕第19字 语料拼音 shén,待裁定
ci.清.0010.pinyin.json#639,1,42,长,2,平,3,仄,ci.清.0010.pinyin.json 第2阕第43字 语料拼音 zhǎng,待裁定
ci.清.0010.pinyin.json#640,0,46,长,2,平,3,仄,ci.清.0010.pinyin.json 第1阕第47字 语料拼音 zhǎng,待裁定
ci.清.0010.pinyin.json#640,1,43,别,4,仄,2,平,ci.清.0010.pinyin.json 第2阕第44字 语料拼音 bié,待裁定
ci.清.0010.pinyin.json#645,1,39,长,2,平,3,仄,ci.清.0010.pinyin.json 第2阕第40字 语料拼音 zhǎng,待裁定
ci.清.0010.pinyin.json#648,0,41,绝,4,仄,2,平,ci.清.0010.pinyin.json 第1阕第42字 语料拼音 jué,待裁定
ci.清.0010.pinyin.json#650,0,20,甚,4,仄,2,平,ci.清.0010.pinyin.json 第1阕第21字 语料拼音 shén,待裁定
ci.清.0010.pinyin.json#651,1,13,甚,4,仄,2,平,ci.清.0010.pinyin.json 第2阕第14字 语料拼音 shén,待裁定
ci.清.0010.pinyin.json#652,1,12,长,2,平,3,仄,ci.清.0010.pinyin.json 第2阕第13字 语料拼音 zhǎng,待裁定
ci.清.0010.pinyin.json#654,1,45,长,2,平,3,仄,ci.清.0010.pinyin.json 第2阕第46字 语料拼音 zhǎng,待裁定
ci.清.0010.pinyin.json#655,1,33,长,2,平,3,仄,ci.清.0010.pinyin.json 第2阕第34字 语料拼音 zhǎng,待裁定
ci.清.0010.pinyin.json#656,1,5,绝,4,仄,2,平,ci.清.0010.pinyin.json 第2阕第6字 语料拼音 jué,待裁定
ci.清.0010.pinyin.json#658,1,30,长,2,平,3,仄,ci.清.0010.pinyin.json 第2阕第31字 语料拼音 zhǎng,待裁定
ci.清.0010.pinyin.json#660,1,0,甚,4,仄,2,平,ci.清.0010.pinyin.json 第2阕第1字 语料拼音 shén,待裁定
ci.清.0010.pinyin.json#660,1,13,长,2,平,3,仄,ci.清.0010.pinyin.json 第2阕第14字 语料拼音 zhǎng,待裁定
ci.清.0010.pinyin.json#663,1,19,别,4,仄,2,平,ci.清.0010.pinyin.json 第2阕第20字 语料拼音 bié,待裁定
ci.清.0010.pinyin.json#665,0,22,长,2,平,3,仄,ci.清.0010.pinyin.json 第1阕第23字 语料拼音 zhǎng,待裁定
ci.清.0010.pinyin.json#669,1,1,长,2,平,3,仄,ci.清.0010.pinyin.json 第2阕第2字 语料拼音 zhǎng,待裁定
ci.清.0010.pinyin.json#670,1,53,长,2,平,3,仄,ci.清.0010.pinyin.json 第2阕第54字 语料拼音 zhǎng,待裁定
ci.清.0010.pinyin.json#674,0,41,别,4,仄,2,平,ci.清.0010.pinyin.json 第1阕第42字 语料拼音 bié,待裁定
ci.清.0010.pinyin.json#675,0,1,别,4,仄,2,平,ci.清.0010.pinyin.json 第1阕第2字 语料拼音 bié,待裁定
ci.清.0010.pinyin.json#680,0,36,别,4,仄,2,平,ci.清.0010.pinyin.json 第1阕第37字 语料拼音 bié,待裁定
ci.清.0010.pinyin.json#681,0,42,长,2,平,3,仄,ci.清.0010.pinyin.json 第1阕第43字 语料拼音 zhǎng,待裁定
ci.清.0010.pinyin.json#683,0,14,别,4,仄,2,平,ci.清.0010.pinyin.json 第1阕第15字 语料拼音 bié,待裁定
ci.清.0010.pinyin.json#685,1,41,甚,4,仄,2,平,ci.清.0010.pinyin.json 第2阕第42字 语料拼音 shén,待裁定
ci.清.0010.pinyin.json#689,0,7,别,4,仄,2,平,ci.清.0010.pinyin.json 第1阕第8字 语料拼音 bié,待裁定
ci.清.0010.pinyin.json#690,1,4,长,2,平,3,仄,ci.清.0010.pinyin.json 第2阕第5字 语料拼音 zhǎng,待裁定
ci.清.0010.pinyin.json#691,1,20,别,4,仄,2,平,ci.清.0010.pinyin.json 第2阕第21字 语料拼音 bié,待裁定
ci.清.0010.pinyin.json#693,1,4,长,2,平,3,仄,ci.清.0010.pinyin.json 第2阕第5字 语料拼音 zhǎng,待裁定
ci.清.0010.pinyin.json#693,1,23,甚,4,仄,2,平,ci.清.0010.pinyin.json 第2阕第24字 语料拼音 shén,待裁定
ci.清.0010.pinyin.json#694,1,13,别,4,仄,2,平,ci.清.0010.pinyin.json 第2阕第14字 语料拼音 bié,待裁定
ci.清.0010.pinyin.json#694,1,23,绝,4,仄,2,平,ci.清.0010.pinyin.json 第2阕第24字 语料拼音 jué,待裁定
ci.清.0010.pinyin.json#695,0,65,长,2,平,3,仄,ci.清.0010.pinyin.json 第1阕第66字 语料拼音 zhǎng,待裁定
ci.清.0010.pinyin.json#698,1,56,长,2,平,3,仄,ci.清.0010.pinyin.json 第2阕第57字 语料拼音 zhǎng,待裁定
ci.清.0010.pinyin.json#700,0,9,别,4,仄,2,平,ci.清.0010.pinyin.json 第1阕第10字 语料拼音 bié,待裁定
ci.清.0010.pinyin.json#700,2,13,长,2,平,3,仄,ci.清.0010.pinyin.json 第3阕第14字 语料拼音 zhǎng,待裁定
ci.清.0010.pinyin.json#702,0,33,别,4,仄,2,平,ci.清.0010.pinyin.json 第1阕第34字 语料拼音 bié,待裁定
ci.清.0010.pinyin.json#709,4,2,甚,4,仄,2,平,ci.清.0010.pinyin.json 第5阕第3字 语料拼音 shén,待裁定
ci.清.0010.pinyin.json#713,0,14,别,4,仄,2,平,ci.清.0010.pinyin.json 第1阕第15字 语料拼音 bié,待裁定
ci.清.0010.pinyin.json#714,5,8,别,4,仄,2,平,ci.清.0010.pinyin.json 第6阕第9字 语料拼音 bié,待裁定
ci.清.0010.pinyin.json#718,0,42,别,4,仄,2,平,ci.清.0010.pinyin.json 第1阕第43字 语料拼音 bié,待裁定
ci.清.0010.pinyin.json#718,1,20,长,2,平,3,仄,ci.清.0010.pinyin.json 第2阕第21字 语料拼音 zhǎng,待裁定
ci.清.0010.pinyin.json#719,1,13,别,4,仄,2,平,ci.清.0010.pinyin.json 第2阕第14字 语料拼音 bié,待裁定
ci.清.0010.pinyin.json#719,1,55,长,2,平,3,仄,ci.清.0010.pinyin.json 第2阕第56字 语料拼音 zhǎng,待裁定
ci.清.0010.pinyin.json#720,1,5,长,2,平,3,仄,ci.清.0010.pinyin.json 第2阕第6字 语料拼音 zhǎng,待裁定
ci.清.0010.pinyin.json#721,1,9,长,2,平,3,仄,ci.清.0010.pinyin.json 第2阕第10字 语料拼音 zhǎng,待裁定
ci.清.0010.pinyin.json#721,1,46,别,4,仄,2,平,ci.清.0010.pinyin.json 第2阕第47字 语料拼音 bié,待裁定
ci.清.0010.pinyin.json#724,1,44,别,4,仄,2,平,ci.清.0010.pinyin.json 第2阕第45字 语料拼音 bié,待裁定
ci.清.0010.pinyin.json#725,0,23,绝,4,仄,2,平,ci.清.0010.pinyin.json 第1阕第24字 语料拼音 jué,待裁定
ci.清.0010.pinyin.json#725,1,49,别,4,仄,2,平,ci.清.0010.pinyin.json 第2阕第50字 语料拼音 bié,待裁定
ci.清.0010.pinyin.json#727,1,38,甚,4,仄,2,平,ci.清.0010.pinyin.json 第2阕第39字 语料拼音 shén,待裁定
ci.清.0010.pinyin.json#730,0,41,甚,4,仄,2,平,ci.清.0010.pinyin.json 第1阕第42字 语料拼音 shén,待裁定
ci.清.0010.pinyin.json#731,0,5,别,4,仄,2,平,ci.清.0010.pinyin.json 第1阕第6字 语料拼音 bié,待裁定
ci.清.0010.pinyin.json#734,0,50,绝,4,仄,2,平,ci.清.0010.pinyin.json 第1阕第51字 语料拼音 jué,待裁定
ci.清.0010.pinyin.json#734,1,8,别,4,仄,2,平,ci.清.0010.pinyin.json 第2阕第9字 语料拼音 bié,待裁定
ci.清.0010.pinyin.json#739,1,14,别,4,仄,2,平,ci.清.0010.pinyin.json 第2阕第15字 语料拼音 bié,待裁定
ci.清.0010.pinyin.json#739,1,22,甚,4,仄,2,平,ci.清.0010.pinyin.json 第2阕第23字 语料拼音 shén,待裁定
ci.清.0010.pinyin.json#746,0,5,长,2,平,3,仄,ci.清.0010.pinyin.json 第1阕第6字 语料拼音 zhǎng,待裁定
ci.清.0010.pinyin.json#750,0,21,别,4,仄,2,平,ci.清.0010.pinyin.json 第1阕第22字 语料拼音 bié,待裁定
ci.清.0010.pinyin.json#750,0,24,甚,4,仄,2,平,ci.清.0010.pinyin.json 第1阕第25字 语料拼音 shén,待裁定
ci.清.0010.pinyin.json#752,0,19,长,2,平,3,仄,ci.清.0010.pinyin.json 第1阕第20字 语料拼音 zhǎng,待裁定
ci.清.0010.pinyin.json#754,1,11,长,2,平,3,仄,ci.清.0010.pinyin.json 第2阕第12字 语料拼音 zhǎng,待裁定
ci.清.0010.pinyin.json#757,0,6,甚,4,仄,2,平,ci.清.0010.pinyin.json 第1阕第7字 语料拼音 shén,待裁定
ci.清.0010.pinyin.json#763,1,29,甚,4,仄,2,平,ci.清.0010.pinyin.json 第2阕第30字 语料拼音 shén,待裁定
ci.清.0010.pinyin.json#768,1,6,别,4,仄,2,平,ci.清.0010.pinyin.json 第2阕第7字 语料拼音 bié,待裁定
ci.清.0010.pinyin.json#769,0,21,绝,4,仄,2,平,ci.清.0010.pinyin.json 第1阕第22字 语料拼音 jué,待裁定
ci.清.0010.pinyin.json#774,0,9,绝,4,仄,2,平,ci.清.0010.pinyin.json 第1阕第10字 语料拼音 jué,待裁定
ci.清.0010.pinyin.json#774,1,12,长,2,平,3,仄,ci.清.0010.pinyin.json 第2阕第13字 语料拼音 zhǎng,待裁定
ci.清.0010.pinyin.json#778,0,11,甚,4,仄,2,平,ci.清.0010.pinyin.json 第1阕第12字 语料拼音 shén,待裁定
ci.清.0010.pinyin.json#780,0,4,绝,4,仄,2,平,ci.清.0010.pinyin.json 第1阕第5字 语料拼音 jué,待裁定
ci.清.0010.pinyin.json#782,1,45,长,2,平,3,仄,ci.清.0010.pinyin.json 第2阕第46字 语料拼音 zhǎng,待裁定
ci.清.0010.pinyin.json#783,1,11,长,2,平,3,仄,ci.清.0010.pinyin.json 第2阕第12字 语料拼音 zhǎng,待裁定
ci.清.0010.pinyin.json#784,1,33,长,2,平,3,仄,ci.清.0010.pinyin.json 第2阕第34字 语料拼音 zhǎng,待裁定
ci.清.0010.pinyin.json#793,0,43,长,2,平,3,仄,ci.清.0010.pinyin.json 第1阕第44字 语料拼音 zhǎng,待裁定
ci.清.0010.pinyin.json#799,0,16,长,2,平,3,仄,ci.清.0010.pinyin.json 第1阕第17字 语料拼音 zhǎng,待裁定
ci.清.0010.pinyin.json#803,0,26,长,2,平,3,仄,ci.清.0010.pinyin.json 第1阕第27字 语料拼音 zhǎng,待裁定
ci.清.0010.pinyin.json#805,1,25,甚,4,仄,2,平,ci.清.0010.pinyin.json 第2阕第26字 语料拼音 shén,待裁定
ci.清.0010.pinyin.json#808,0,39,甚,4,仄,2,平,ci.清.0010.pinyin.json 第1阕第40字 语料拼音 shén,待裁定
ci.清.0010.pinyin.json#809,2,8,绝,4,仄,2,平,ci.清.0010.pinyin.json 第3阕第9字 语料拼音 jué,待裁定
ci.清.0010.pinyin.json#813,1,15,别,4,仄,2,平,ci.清.0010.pinyin.json 第2阕第16字 语料拼音 bié,待裁定
ci.清.0010.pinyin.json#817,1,16,长,2,平,3,仄,ci.清.0010.pinyin.json 第2阕第17字 语料拼音 zhǎng,待裁定
ci.清.0010.pinyin.json#817,1,46,长,2,平,3,仄,ci.清.0010.pinyin.json 第2阕第47字 语料拼音 zhǎng,待裁定
ci.清.0010.pinyin.json#819,0,14,别,4,仄,2,平,ci.清.0010.pinyin.json 第1阕第15字 语料拼音 bié,待裁定
ci.清.0010.pinyin.json#819,0,40,甚,4,仄,2,平,ci.清.0010.pinyin.json 第1阕第41字 语料拼音 shén,待裁定
ci.清.0010.pinyin.json#820,0,12,别,4,仄,2,平,ci.清.0010.pinyin.json 第1阕第13字 语料拼音 bié,待裁定
ci.清.0010.pinyin.json#822,1,9,长,2,平,3,仄,ci.清.0010.pinyin.json 第2阕第10字 语料拼音 zhǎng,待裁定
ci.清.0010.pinyin.json#827,1,4,甚,4,仄,2,平,ci.清.0010.pinyin.json 第2阕第5字 语料拼音 shén,待裁定
ci.清.0010.pinyin.json#828,1,15,长,2,平,3,仄,ci.清.0010.pinyin.json 第2阕第16字 语料拼音 zhǎng,待裁定
ci.清.0010.pinyin.json#840,0,18,甚,4,仄,2,平,ci.清.0010.pinyin.json 第1阕第19字 语料拼音 shén,待裁定
ci.清.0010.pinyin.json#840,1,11,绝,4,仄,2,平,ci.清.0010.pinyin.json 第2阕第12字 语料拼音 jué,待裁定
ci.清.0010.pinyin.json#841,0,12,长,2,平,3,仄,ci.清.0010.pinyin.json 第1阕第13字 语料拼音 zhǎng,待裁定
ci.清.0010.pinyin.json#846,0,37,别,4,仄,2,平,ci.清.0010.pinyin.json 第1阕第38字 语料拼音 bié,待裁定
ci.清.0010.pinyin.json#851,0,36,别,4,仄,2,平,ci.清.0010.pinyin.json 第1阕第37字 语料拼音 bié,待裁定
ci.清.0010.pinyin.json#853,1,35,长,2,平,3,仄,ci.清.0010.pinyin.json 第2阕第36字 语料拼音 zhǎng,待裁定
ci.清.0010.pinyin.json#859,0,46,长,2,平,3,仄,ci.清.0010.pinyin.json 第1阕第47字 语料拼音 zhǎng,待裁定
ci.清.0010.pinyin.json#863,0,12,别,4,仄,2,平,ci.清.0010.pinyin.json 第1阕第13字 语料拼音 bié,待裁定
ci.清.0010.pinyin.json#871,0,3,别,4,仄,2,平,ci.清.0010.pinyin.json 第1阕第4字 语料拼音 bié,待裁定
ci.清.0010.pinyin.json#873,1,48,长,2,平,3,仄,ci.清.0010.pinyin.json 第2阕第49字 语料拼音 zhǎng,待裁定
ci.清.0010.pinyin.json#881,0,37,长,2,平,3,仄,ci.清.0010.pinyin.json 第1阕第38字 语料拼音 zhǎng,待裁定
ci.清.0010.pinyin.json#883,1,0,长,2,平,3,仄,ci.清.0010.pinyin.json 第2阕第1字 语料拼音 zhǎng,待裁定
ci.清.0010.pinyin.json#889,0,12,绝,4,仄,2,平,ci.清.0010.pinyin.json 第1阕第13字 语料拼音 jué,待裁定
ci.清.0010.pinyin.json#890,0,43,长,2,平,3,仄,ci.清.0010.pinyin.json 第1阕第44字 语料拼音 zhǎng,待裁定
ci.清.0010.pinyin.json#890,1,33,绝,4,仄,2,平,ci.清.0010.pinyin.json 第2阕第34字 语料拼音 jué,待裁定
ci.清.0010.pinyin.json#894,0,11,绝,4,仄,2,平,ci.清.0010.pinyin.json 第1阕第12字 语料拼音 jué,待裁定
ci.清.0010.pinyin.json#894,1,25,别,4,仄,2,平,ci.清.0010.pinyin.json 第2阕第26字 语料拼音 bié,待裁定
ci.清.0010.pinyin.json#898,0,36,甚,4,仄,2,平,ci.清.0010.pinyin.json 第1阕第37字 语料拼音 shén,待裁定
ci.清.0010.pinyin.json#904,0,22,别,4,仄,2,平,ci.清.0010.pinyin.json 第1阕第23字 语料拼音 bié,待裁定
ci.清.0010.pinyin.json#913,1,11,绝,4,仄,2,平,ci.清.0010.pinyin.json 第2阕第12字 语料拼音 jué,待裁定
ci.清.0010.pinyin.json#913,1,18,别,4,仄,2,平,ci.清.0010.pinyin.json 第2阕第19字 语料拼音 bié,待裁定
ci.清.0010.pinyin.json#914,0,11,别,4,仄,2,平,ci.清.0010.pinyin.json 第1阕第12字 语料拼音 bié,待裁定
ci.清.0010.pinyin.json#915,1,25,甚,4,仄,2,平,ci.清.0010.pinyin.json 第2阕第26字 语料拼音 shén,待裁定
ci.清.0010.pinyin.json#917,1,2,别,4,仄,2,平,ci.清.0010.pinyin.json 第2阕第3字 语料拼音 bié,待裁定
ci.清.0010.pinyin.json#921,1,6,绝,4,仄,2,平,ci.清.0010.pinyin.json 第2阕第7字 语料拼音 jué,待裁定
ci.清.0010.pinyin.json#922,0,35,绝,4,仄,2,平,ci.清.0010.pinyin.json 第1阕第36字 语料拼音 jué,待裁定
ci.清.0010.pinyin.json#929,0,15,绝,4,仄,2,平,ci.清.0010.pinyin.json 第1阕第16字 语料拼音 jué,待裁定
ci.清.0010.pinyin.json#929,1,18,长,2,平,3,仄,ci.清.0010.pinyin.json 第2阕第19字 语料拼音 zhǎng,待裁定
ci.清.0010.pinyin.json#930,1,20,长,2,平,3,仄,ci.清.0010.pinyin.json 第2阕第21字 语料拼音 zhǎng,待裁定
ci.清.0010.pinyin.json#937,0,33,别,4,仄,2,平,ci.清.0010.pinyin.json 第1阕第34字 语料拼音 bié,待裁定
ci.清.0010.pinyin.json#938,1,16,长,2,平,3,仄,ci.清.0010.pinyin.json 第2阕第17字 语料拼音 zhǎng,待裁定
ci.清.0010.pinyin.json#939,0,36,长,2,平,3,仄,ci.清.0010.pinyin.json 第1阕第37字 语料拼音 zhǎng,待裁定
ci.清.0010.pinyin.json#940,1,23,绝,4,仄,2,平,ci.清.0010.pinyin.json 第2阕第24字 语料拼音 jué,待裁定
ci.清.0010.pinyin.json#943,0,37,别,4,仄,2,平,ci.清.0010.pinyin.json 第1阕第38字 语料拼音 bié,待裁定
ci.清.0010.pinyin.json#943,0,44,长,2,平,3,仄,ci.清.0010.pinyin.json 第1阕第45字 语料拼音 zhǎng,待裁定
ci.清.0010.pinyin.json#943,1,51,长,2,平,3,仄,ci.清.0010.pinyin.json 第2阕第52字 语料拼音 zhǎng,待裁定
ci.清.0010.pinyin.json#947,0,13,长,2,平,3,仄,ci.清.0010.pinyin.json 第1阕第14字 语料拼音 zhǎng,待裁定
ci.清.0010.pinyin.json#951,1,12,别,4,仄,2,平,ci.清.0010.pinyin.json 第2阕第13字 语料拼音 bié,待裁定
ci.清.0010.pinyin.json#954,0,21,绝,4,仄,2,平,ci.清.0010.pinyin.json 第1阕第22字 语料拼音 jué,待裁定
ci.清.0010.pinyin.json#956,0,25,长,2,平,3,仄,ci.清.0010.pinyin.json 第1阕第26字 语料拼音 zhǎng,待裁定
ci.清.0010.pinyin.json#958,1,15,长,2,平,3,仄,ci.清.0010.pinyin.json 第2阕第16字 语料拼音 zhǎng,待裁定
ci.清.0010.pinyin.json#963,0,40,甚,4,仄,2,平,ci.清.0010.pinyin.json 第1阕第41字 语料拼音 shén,待裁定
ci.清.0010.pinyin.json#966,0,6,长,2,平,3,仄,ci.清.0010.pinyin.json 第1阕第7字 语料拼音 zhǎng,待裁定
ci.清.0010.pinyin.json#967,0,12,长,2,平,3,仄,ci.清.0010.pinyin.json 第1阕第13字 语料拼音 zhǎng,待裁定
ci.清.0010.pinyin.json#971,1,26,长,2,平,3,仄,ci.清.0010.pinyin.json 第2阕第27字 语料拼音 zhǎng,待裁定
ci.清.0010.pinyin.json#975,0,4,别,4,仄,2,平,ci.清.0010.pinyin.json 第1阕第5字 语料拼音 bié,待裁定
ci.清.0010.pinyin.json#978,1,12,别,4,仄,2,平,ci.清.0010.pinyin.json 第2阕第13字 语料拼音 bié,待裁定
ci.清.0010.pinyin.json#979,0,23,别,4,仄,2,平,ci.清.0010.pinyin.json 第1阕第24字 语料拼音 bié,待裁定
ci.清.0010.pinyin.json#986,0,1,绝,4,仄,2,平,ci.清.0010.pinyin.json 第1阕第2字 语料拼音 jué,待裁定
ci.清.0010.pinyin.json#986,0,3,绝,4,仄,2,平,ci.清.0010.pinyin.json 第1阕第4字 语料拼音 jué,待裁定
ci.清.0010.pinyin.json#989,1,38,长,2,平,3,仄,ci.清.0010.pinyin.json 第2阕第39字 语料拼音 zhǎng,待裁定
ci.清.0010.pinyin.json#993,0,6,甚,4,仄,2,平,ci.清.0010.pinyin.json 第1阕第7字 语料拼音 shén,待裁定
ci.清.0010.pinyin.json#994,0,4,别,4,仄,2,平,ci.清.0010.pinyin.json 第1阕第5字 语料拼音 bié,待裁定
ci.清.0010.pinyin.json#994,0,6,长,2,平,3,仄,ci.清.0010.pinyin.json 第1阕第7字 语料拼音 zhǎng,待裁定
ci.清.0010.pinyin.json#996,1,15,绝,4,仄,2,平,ci.清.0010.pinyin.json 第2阕第16字 语料拼音 jué,待裁定
ci.清.0011.pinyin.json#2,0,23,甚,4,仄,2,平,ci.清.0011.pinyin.json 第1阕第24字 语料拼音 shén,待裁定
ci.清.0011.pinyin.json#4,1,7,甚,4,仄,2,平,ci.清.0011.pinyin.json 第2阕第8字 语料拼音 shén,待裁定
ci.清.0011.pinyin.json#6,0,4,别,4,仄,2,平,ci.清.0011.pinyin.json 第1阕第5字 语料拼音 bié,待裁定
ci.清.0011.pinyin.json#7,1,20,绝,4,仄,2,平,ci.清.0011.pinyin.json 第2阕第21字 语料拼音 jué,待裁定
ci.清.0011.pinyin.json#8,0,9,别,4,仄,2,平,ci.清.0011.pinyin.json 第1阕第10字 语料拼音 bié,待裁定
ci.清.0011.pinyin.json#8,1,5,长,2,平,3,仄,ci.清.0011.pinyin.json 第2阕第6字 语料拼音 zhǎng,待裁定
ci.清.0011.pinyin.json#9,1,22,绝,4,仄,2,平,ci.清.0011.pinyin.json 第2阕第23字 语料拼音 jué,待裁定
ci.清.0011.pinyin.json#10,1,34,别,4,仄,2,平,ci.清.0011.pinyin.json 第2阕第35字 语料拼音 bié,待裁定
ci.清.0011.pinyin.json#12,0,4,绝,4,仄,2,平,ci.清.0011.pinyin.json 第1阕第5字 语料拼音 jué,待裁定
ci.清.0011.pinyin.json#13,1,36,甚,4,仄,2,平,ci.清.0011.pinyin.json 第2阕第37字 语料拼音 shén,待裁定
ci.清.0011.pinyin.json#16,0,11,长,2,平,3,仄,ci.清.0011.pinyin.json 第1阕第12字 语料拼音 zhǎng,待裁定
ci.清.0011.pinyin.json#20,1,22,别,4,仄,2,平,ci.清.0011.pinyin.json 第2阕第23字 语料拼音 bié,待裁定
ci.清.0011.pinyin.json#23,0,29,别,4,仄,2,平,ci.清.0011.pinyin.json 第1阕第30字 语料拼音 bié,待裁定
ci.清.0011.pinyin.json#23,1,22,长,2,平,3,仄,ci.清.0011.pinyin.json 第2阕第23字 语料拼音 zhǎng,待裁定
ci.清.0011.pinyin.json#24,1,2,别,4,仄,2,平,ci.清.0011.pinyin.json 第2阕第3字 语料拼音 bié,待裁定
ci.清.0011.pinyin.json#25,1,12,长,2,平,3,仄,ci.清.0011.pinyin.json 第2阕第13字 语料拼音 zhǎng,待裁定
ci.清.0011.pinyin.json#30,1,12,长,2,平,3,仄,ci.清.0011.pinyin.json 第2阕第13字 语料拼音 zhǎng,待裁定
ci.清.0011.pinyin.json#32,1,1,别,4,仄,2,平,ci.清.0011.pinyin.json 第2阕第2字 语料拼音 bié,待裁定
ci.清.0011.pinyin.json#33,1,11,长,2,平,3,仄,ci.清.0011.pinyin.json 第2阕第12字 语料拼音 zhǎng,待裁定
ci.清.0011.pinyin.json#37,0,12,长,2,平,3,仄,ci.清.0011.pinyin.json 第1阕第13字 语料拼音 zhǎng,待裁定
ci.清.0011.pinyin.json#49,1,5,长,2,平,3,仄,ci.清.0011.pinyin.json 第2阕第6字 语料拼音 zhǎng,待裁定
ci.清.0011.pinyin.json#52,0,12,长,2,平,3,仄,ci.清.0011.pinyin.json 第1阕第13字 语料拼音 zhǎng,待裁定
ci.清.0011.pinyin.json#67,0,0,别,4,仄,2,平,ci.清.0011.pinyin.json 第1阕第1字 语料拼音 bié,待裁定
ci.清.0011.pinyin.json#71,1,31,甚,4,仄,2,平,ci.清.0011.pinyin.json 第2阕第32字 语料拼音 shén,待裁定
ci.清.0011.pinyin.json#72,1,5,别,4,仄,2,平,ci.清.0011.pinyin.json 第2阕第6字 语料拼音 bié,待裁定
ci.清.0011.pinyin.json#73,1,15,别,4,仄,2,平,ci.清.0011.pinyin.json 第2阕第16字 语料拼音 bié,待裁定
ci.清.0011.pinyin.json#75,1,22,别,4,仄,2,平,ci.清.0011.pinyin.json 第2阕第23字 语料拼音 bié,待裁定
ci.清.0011.pinyin.json#78,1,7,别,4,仄,2,平,ci.清.0011.pinyin.json 第2阕第8字 语料拼音 bié,待裁定
ci.清.0011.pinyin.json#81,1,10,别,4,仄,2,平,ci.清.0011.pinyin.json 第2阕第11字 语料拼音 bié,待裁定
ci.清.0011.pinyin.json#86,0,27,长,2,平,3,仄,ci.清.0011.pinyin.json 第1阕第28字 语料拼音 zhǎng,待裁定
ci.清.0011.pinyin.json#88,0,13,别,4,仄,2,平,ci.清.0011.pinyin.json 第1阕第14字 语料拼音 bié,待裁定
ci.清.0011.pinyin.json#95,0,14,绝,4,仄,2,平,ci.清.0011.pinyin.json 第1阕第15字 语料拼音 jué,待裁定
ci.清.0011.pinyin.json#105,0,6,长,2,平,3,仄,ci.清.0011.pinyin.json 第1阕第7字 语料拼音 zhǎng,待裁定
ci.清.0011.pinyin.json#116,1,0,长,2,平,3,仄,ci.清.0011.pinyin.json 第2阕第1字 语料拼音 zhǎng,待裁定
ci.清.0011.pinyin.json#116,1,2,长,2,平,3,仄,ci.清.0011.pinyin.json 第2阕第3字 语料拼音 zhǎng,待裁定
ci.清.0011.pinyin.json#124,0,11,长,2,平,3,仄,ci.清.0011.pinyin.json 第1阕第12字 语料拼音 zhǎng,待裁定
ci.清.0011.pinyin.json#140,0,2,长,2,平,3,仄,ci.清.0011.pinyin.json 第1阕第3字 语料拼音 zhǎng,待裁定
ci.清.0011.pinyin.json#143,0,17,长,2,平,3,仄,ci.清.0011.pinyin.json 第1阕第18字 语料拼音 zhǎng,待裁定
ci.清.0011.pinyin.json#154,1,1,长,2,平,3,仄,ci.清.0011.pinyin.json 第2阕第2字 语料拼音 zhǎng,待裁定
ci.清.0011.pinyin.json#171,0,13,长,2,平,3,仄,ci.清.0011.pinyin.json 第1阕第14字 语料拼音 zhǎng,待裁定
ci.清.0011.pinyin.json#174,0,27,长,2,平,3,仄,ci.清.0011.pinyin.json 第1阕第28字 语料拼音 zhǎng,待裁定
ci.清.0011.pinyin.json#181,1,6,长,2,平,3,仄,ci.清.0011.pinyin.json 第2阕第7字 语料拼音 zhǎng,待裁定
ci.清.0011.pinyin.json#185,1,13,长,2,平,3,仄,ci.清.0011.pinyin.json 第2阕第14字 语料拼音 zhǎng,待裁定
ci.清.0011.pinyin.json#186,0,6,长,2,平,3,仄,ci.清.0011.pinyin.json 第1阕第7字 语料拼音 zhǎng,待裁定
ci.清.0011.pinyin.json#188,0,23,长,2,平,3,仄,ci.清.0011.pinyin.json 第1阕第24字 语料拼音 zhǎng,待裁定
ci.清.0011.pinyin.json#189,1,9,绝,4,仄,2,平,ci.清.0011.pinyin.json 第2阕第10字 语料拼音 jué,待裁定
ci.清.0011.pinyin.json#199,0,3,别,4,仄,2,平,ci.清.0011.pinyin.json 第1阕第4字 语料拼音 bié,待裁定
ci.清.0011.pinyin.json#206,1,22,长,2,平,3,仄,ci.清.0011.pinyin.json 第2阕第23字 语料拼音 zhǎng,待裁定
ci.清.0011.pinyin.json#211,1,11,长,2,平,3,仄,ci.清.0011.pinyin.json 第2阕第12字 语料拼音 zhǎng,待裁定
ci.清.0011.pinyin.json#212,0,28,长,2,平,3,仄,ci.清.0011.pinyin.json 第1阕第29字 语料拼音 zhǎng,待裁定
ci.清.0011.pinyin.json#232,0,2,长,2,平,3,仄,ci.清.0011.pinyin.json 第1阕第3字 语料拼音 zhǎng,待裁定
ci.清.0011.pinyin.json#235,1,2,长,2,平,3,仄,ci.清.0011.pinyin.json 第2阕第3字 语料拼音 zhǎng,待裁定
ci.清.0011.pinyin.json#236,0,7,长,2,平,3,仄,ci.清.0011.pinyin.json 第1阕第8字 语料拼音 zhǎng,待裁定
ci.清.0011.pinyin.json#237,1,11,长,2,平,3,仄,ci.清.0011.pinyin.json 第2阕第12字 语料拼音 zhǎng,待裁定
ci.清.0011.pinyin.json#238,0,2,长,2,平,3,仄,ci.清.0011.pinyin.json 第1阕第3字 语料拼音 zhǎng,待裁定
ci.清.0011.pinyin.json#239,1,28,长,2,平,3,仄,ci.清.0011.pinyin.json 第2阕第29字 语料拼音 zhǎng,待裁定
ci.清.0011.pinyin.json#244,0,30,甚,4,仄,2,平,ci.清.0011.pinyin.json 第1阕第31字 语料拼音 shén,待裁定
ci.清.0011.pinyin.json#247,1,2,长,2,平,3,仄,ci.清.0011.pinyin.json 第2阕第3字 语料拼音 zhǎng,待裁定
ci.清.0011.pinyin.json#250,0,4,绝,4,仄,2,平,ci.清.0011.pinyin.json 第1阕第5字 语料拼音 jué,待裁定
ci.清.0011.pinyin.json#251,1,20,长,2,平,3,仄,ci.清.0011.pinyin.json 第2阕第21字 语料拼音 zhǎng,待裁定
ci.清.0011.pinyin.json#254,1,3,长,2,平,3,仄,ci.清.0011.pinyin.json 第2阕第4字 语料拼音 zhǎng,待裁定
ci.清.0011.pinyin.json#258,0,0,甚,4,仄,2,平,ci.清.0011.pinyin.json 第1阕第1字 语料拼音 shén,待裁定
ci.清.0011.pinyin.json#261,1,15,长,2,平,3,仄,ci.清.0011.pinyin.json 第2阕第16字 语料拼音 zhǎng,待裁定
ci.清.0011.pinyin.json#270,1,9,长,2,平,3,仄,ci.清.0011.pinyin.json 第2阕第10字 语料拼音 zhǎng,待裁定
ci.清.0011.pinyin.json#274,0,23,长,2,平,3,仄,ci.清.0011.pinyin.json 第1阕第24字 语料拼音 zhǎng,待裁定
ci.清.0011.pinyin.json#274,1,15,甚,4,仄,2,平,ci.清.0011.pinyin.json 第2阕第16字 语料拼音 shén,待裁定
ci.清.0011.pinyin.json#275,0,16,长,2,平,3,仄,ci.清.0011.pinyin.json 第1阕第17字 语料拼音 zhǎng,待裁定
ci.清.0011.pinyin.json#278,1,42,长,2,平,3,仄,ci.清.0011.pinyin.json 第2阕第43字 语料拼音 zhǎng,待裁定
ci.清.0011.pinyin.json#286,1,5,绝,4,仄,2,平,ci.清.0011.pinyin.json 第2阕第6字 语料拼音 jué,待裁定
ci.清.0011.pinyin.json#287,0,11,甚,4,仄,2,平,ci.清.0011.pinyin.json 第1阕第12字 语料拼音 shén,待裁定
ci.清.0011.pinyin.json#295,0,18,甚,4,仄,2,平,ci.清.0011.pinyin.json 第1阕第19字 语料拼音 shén,待裁定
ci.清.0011.pinyin.json#295,1,15,别,4,仄,2,平,ci.清.0011.pinyin.json 第2阕第16字 语料拼音 bié,待裁定
ci.清.0011.pinyin.json#295,1,38,长,2,平,3,仄,ci.清.0011.pinyin.json 第2阕第39字 语料拼音 zhǎng,待裁定
ci.清.0011.pinyin.json#299,0,2,长,2,平,3,仄,ci.清.0011.pinyin.json 第1阕第3字 语料拼音 zhǎng,待裁定
ci.清.0011.pinyin.json#299,0,12,绝,4,仄,2,平,ci.清.0011.pinyin.json 第1阕第13字 语料拼音 jué,待裁定
ci.清.0011.pinyin.json#299,2,14,别,4,仄,2,平,ci.清.0011.pinyin.json 第3阕第15字 语料拼音 bié,待裁定
ci.清.0011.pinyin.json#300,1,31,长,2,平,3,仄,ci.清.0011.pinyin.json 第2阕第32字 语料拼音 zhǎng,待裁定
ci.清.0011.pinyin.json#301,1,17,长,2,平,3,仄,ci.清.0011.pinyin.json 第2阕第18字 语料拼音 zhǎng,待裁定
ci.清.0011.pinyin.json#302,0,12,绝,4,仄,2,平,ci.清.0011.pinyin.json 第1阕第13字 语料拼音 jué,待裁定
ci.清.0011.pinyin.json#302,0,15,长,2,平,3,仄,ci.清.0011.pinyin.json 第1阕第16字 语料拼音 zhǎng,待裁定
ci.清.0011.pinyin.json#303,0,5,长,2,平,3,仄,ci.清.0011.pinyin.json 第1阕第6字 语料拼音 zhǎng,待裁定
ci.清.0011.pinyin.json#303,1,8,长,2,平,3,仄,ci.清.0011.pinyin.json 第2阕第9字 语料拼音 zhǎng,待裁定
ci.清.0011.pinyin.json#306,0,16,甚,4,仄,2,平,ci.清.0011.pinyin.json 第1阕第17字 语料拼音 shén,待裁定
ci.清.0011.pinyin.json#306,1,14,长,2,平,3,仄,ci.清.0011.pinyin.json 第2阕第15字 语料拼音 zhǎng,待裁定
ci.清.0011.pinyin.json#306,4,20,长,2,平,3,仄,ci.清.0011.pinyin.json 第5阕第21字 语料拼音 zhǎng,待裁定
ci.清.0011.pinyin.json#308,0,30,甚,4,仄,2,平,ci.清.0011.pinyin.json 第1阕第31字 语料拼音 shén,待裁定
ci.清.0011.pinyin.json#308,1,3,长,2,平,3,仄,ci.清.0011.pinyin.json 第2阕第4字 语料拼音 zhǎng,待裁定
ci.清.0011.pinyin.json#312,0,46,长,2,平,3,仄,ci.清.0011.pinyin.json 第1阕第47字 语料拼音 zhǎng,待裁定
ci.清.0011.pinyin.json#315,1,0,长,2,平,3,仄,ci.清.0011.pinyin.json 第2阕第1字 语料拼音 zhǎng,待裁定
ci.清.0011.pinyin.json#321,1,47,长,2,平,3,仄,ci.清.0011.pinyin.json 第2阕第48字 语料拼音 zhǎng,待裁定
ci.清.0011.pinyin.json#323,0,28,长,2,平,3,仄,ci.清.0011.pinyin.json 第1阕第29字 语料拼音 zhǎng,待裁定
ci.清.0011.pinyin.json#326,0,19,长,2,平,3,仄,ci.清.0011.pinyin.json 第1阕第20字 语料拼音 zhǎng,待裁定
ci.清.0011.pinyin.json#327,1,4,长,2,平,3,仄,ci.清.0011.pinyin.json 第2阕第5字 语料拼音 zhǎng,待裁定
ci.清.0011.pinyin.json#328,1,4,长,2,平,3,仄,ci.清.0011.pinyin.json 第2阕第5字 语料拼音 zhǎng,待裁定
ci.清.0011.pinyin.json#329,0,27,长,2,平,3,仄,ci.清.0011.pinyin.json 第1阕第28字 语料拼音 zhǎng,待裁定
ci.清.0011.pinyin.json#329,0,47,甚,4,仄,2,平,ci.清.0011.pinyin.json 第1阕第48字 语料拼音 shén,待裁定
ci.清.0011.pinyin.json#330,0,44,长,2,平,3,仄,ci.清.0011.pinyin.json 第1阕第45字 语料拼音 zhǎng,待裁定
ci.清.0011.pinyin.json#331,0,1,绝,4,仄,2,平,ci.清.0011.pinyin.json 第1阕第2字 语料拼音 jué,待裁定
ci.清.0011.pinyin.json#331,1,45,长,2,平,3,仄,ci.清.0011.pinyin.json 第2阕第46字 语料拼音 zhǎng,待裁定
ci.清.0011.pinyin.json#335,0,9,绝,4,仄,2,平,ci.清.0011.pinyin.json 第1阕第10字 语料拼音 jué,待裁定
ci.清.0011.pinyin.json#341,0,10,长,2,平,3,仄,ci.清.0011.pinyin.json 第1阕第11字 语料拼音 zhǎng,待裁定
ci.清.0011.pinyin.json#341,1,25,甚,4,仄,2,平,ci.清.0011.pinyin.json 第2阕第26字 语料拼音 shén,待裁定
ci.清.0011.pinyin.json#345,0,26,长,2,平,3,仄,ci.清.0011.pinyin.json 第1阕第27字 语料拼音 zhǎng,待裁定
ci.清.0011.pinyin.json#345,1,11,别,4,仄,2,平,ci.清.0011.pinyin.json 第2阕第12字 语料拼音 bié,待裁定
ci.清.0011.pinyin.json#347,0,18,长,2,平,3,仄,ci.清.0011.pinyin.json 第1阕第19字 语料拼音 zhǎng,待裁定
ci.清.0011.pinyin.json#350,1,22,长,2,平,3,仄,ci.清.0011.pinyin.json 第2阕第23字 语料拼音 zhǎng,待裁定
ci.清.0011.pinyin.json#352,0,10,长,2,平,3,仄,ci.清.0011.pinyin.json 第1阕第11字 语料拼音 zhǎng,待裁定
ci.清.0011.pinyin.json#352,1,34,别,4,仄,2,平,ci.清.0011.pinyin.json 第2阕第35字 语料拼音 bié,待裁定
ci.清.0011.pinyin.json#353,0,16,别,4,仄,2,平,ci.清.0011.pinyin.json 第1阕第17字 语料拼音 bié,待裁定
ci.清.0011.pinyin.json#353,1,32,长,2,平,3,仄,ci.清.0011.pinyin.json 第2阕第33字 语料拼音 zhǎng,待裁定
ci.清.0011.pinyin.json#354,0,8,长,2,平,3,仄,ci.清.0011.pinyin.json 第1阕第9字 语料拼音 zhǎng,待裁定
ci.清.0011.pinyin.json#356,1,26,甚,4,仄,2,平,ci.清.0011.pinyin.json 第2阕第27字 语料拼音 shén,待裁定
ci.清.0011.pinyin.json#357,0,4,长,2,平,3,仄,ci.清.0011.pinyin.json 第1阕第5字 语料拼音 zhǎng,待裁定
ci.清.0011.pinyin.json#358,0,7,长,2,平,3,仄,ci.清.0011.pinyin.json 第1阕第8字 语料拼音 zhǎng,待裁定
ci.清.0011.pinyin.json#358,0,52,长,2,平,3,仄,ci.清.0011.pinyin.json 第1阕第53字 语料拼音 zhǎng,待裁定
ci.清.0011.pinyin.json#358,1,1,长,2,平,3,仄,ci.清.0011.pinyin.json 第2阕第2字 语料拼音 zhǎng,待裁定
ci.清.0011.pinyin.json#358,1,65,绝,4,仄,2,平,ci.清.0011.pinyin.json 第2阕第66字 语料拼音 jué,待裁定
ci.清.0011.pinyin.json#362,0,45,长,2,平,3,仄,ci.清.0011.pinyin.json 第1阕第46字 语料拼音 zhǎng,待裁定
ci.清.0011.pinyin.json#363,1,0,长,2,平,3,仄,ci.清.0011.pinyin.json 第2阕第1字 语料拼音 zhǎng,待裁定
ci.清.0011.pinyin.json#364,0,8,绝,4,仄,2,平,ci.清.0011.pinyin.json 第1阕第9字 语料拼音 jué,待裁定
ci.清.0011.pinyin.json#367,2,22,长,2,平,3,仄,ci.清.0011.pinyin.json 第3阕第23字 语料拼音 zhǎng,待裁定
ci.清.0011.pinyin.json#369,0,18,别,4,仄,2,平,ci.清.0011.pinyin.json 第1阕第19字 语料拼音 bié,待裁定
ci.清.0011.pinyin.json#369,1,17,别,4,仄,2,平,ci.清.0011.pinyin.json 第2阕第18字 语料拼音 bié,待裁定
ci.清.0011.pinyin.json#369,1,27,别,4,仄,2,平,ci.清.0011.pinyin.json 第2阕第28字 语料拼音 bié,待裁定
ci.清.0011.pinyin.json#370,0,7,别,4,仄,2,平,ci.清.0011.pinyin.json 第1阕第8字 语料拼音 bié,待裁定
ci.清.0011.pinyin.json#371,0,6,绝,4,仄,2,平,ci.清.0011.pinyin.json 第1阕第7字 语料拼音 jué,待裁定
ci.清.0011.pinyin.json#373,1,36,别,4,仄,2,平,ci.清.0011.pinyin.json 第2阕第37字 语料拼音 bié,待裁定
ci.清.0011.pinyin.json#374,1,21,长,2,平,3,仄,ci.清.0011.pinyin.json 第2阕第22字 语料拼音 zhǎng,待裁定
ci.清.0011.pinyin.json#376,0,23,长,2,平,3,仄,ci.清.0011.pinyin.json 第1阕第24字 语料拼音 zhǎng,待裁定
ci.清.0011.pinyin.json#384,0,31,甚,4,仄,2,平,ci.清.0011.pinyin.json 第1阕第32字 语料拼音 shén,待裁定
ci.清.0011.pinyin.json#389,0,4,长,2,平,3,仄,ci.清.0011.pinyin.json 第1阕第5字 语料拼音 zhǎng,待裁定
ci.清.0011.pinyin.json#389,0,28,长,2,平,3,仄,ci.清.0011.pinyin.json 第1阕第29字 语料拼音 zhǎng,待裁定
ci.清.0011.pinyin.json#389,1,43,长,2,平,3,仄,ci.清.0011.pinyin.json 第2阕第44字 语料拼音 zhǎng,待裁定
ci.清.0011.pinyin.json#393,0,2,长,2,平,3,仄,ci.清.0011.pinyin.json 第1阕第3字 语料拼音 zhǎng,待裁定
ci.清.0011.pinyin.json#394,0,6,长,2,平,3,仄,ci.清.0011.pinyin.json 第1阕第7字 语料拼音 zhǎng,待裁定
ci.清.0011.pinyin.json#396,1,33,别,4,仄,2,平,ci.清.0011.pinyin.json 第2阕第34字 语料拼音 bié,待裁定
ci.清.0011.pinyin.json#397,0,11,长,2,平,3,仄,ci.清.0011.pinyin.json 第1阕第12字 语料拼音 zhǎng,待裁定
ci.清.0011.pinyin.json#402,1,6,别,4,仄,2,平,ci.清.0011.pinyin.json 第2阕第7字 语料拼音 bié,待裁定
ci.清.0011.pinyin.json#402,1,37,绝,4,仄,2,平,ci.清.0011.pinyin.json 第2阕第38字 语料拼音 jué,待裁定
ci.清.0011.pinyin.json#403,1,36,长,2,平,3,仄,ci.清.0011.pinyin.json 第2阕第37字 语料拼音 zhǎng,待裁定
ci.清.0011.pinyin.json#405,1,44,绝,4,仄,2,平,ci.清.0011.pinyin.json 第2阕第45字 语料拼音 jué,待裁定
ci.清.0011.pinyin.json#405,1,50,长,2,平,3,仄,ci.清.0011.pinyin.json 第2阕第51字 语料拼音 zhǎng,待裁定
ci.清.0011.pinyin.json#411,0,4,甚,4,仄,2,平,ci.清.0011.pinyin.json 第1阕第5字 语料拼音 shén,待裁定
ci.清.0011.pinyin.json#411,1,28,长,2,平,3,仄,ci.清.0011.pinyin.json 第2阕第29字 语料拼音 zhǎng,待裁定
ci.清.0011.pinyin.json#414,0,47,甚,4,仄,2,平,ci.清.0011.pinyin.json 第1阕第48字 语料拼音 shén,待裁定
ci.清.0011.pinyin.json#415,2,13,别,4,仄,2,平,ci.清.0011.pinyin.json 第3阕第14字 语料拼音 bié,待裁定
ci.清.0011.pinyin.json#417,1,24,长,2,平,3,仄,ci.清.0011.pinyin.json 第2阕第25字 语料拼音 zhǎng,待裁定
ci.清.0011.pinyin.json#419,0,10,长,2,平,3,仄,ci.清.0011.pinyin.json 第1阕第11字 语料拼音 zhǎng,待裁定
ci.清.0011.pinyin.json#419,1,1,别,4,仄,2,平,ci.清.0011.pinyin.json 第2阕第2字 语料拼音 bié,待裁定
ci.清.0011.pinyin.json#420,0,23,长,2,平,3,仄,ci.清.0011.pinyin.json 第1阕第24字 语料拼音 zhǎng,待裁定
ci.清.0011.pinyin.json#423,0,14,绝,4,仄,2,平,ci.清.0011.pinyin.json 第1阕第15字 语料拼音 jué,待裁定
ci.清.0011.pinyin.json#423,0,24,别,4,仄,2,平,ci.清.0011.pinyin.json 第1阕第25字 语料拼音 bié,待裁定
ci.清.0011.pinyin.json#425,1,6,长,2,平,3,仄,ci.清.0011.pinyin.json 第2阕第7字 语料拼音 zhǎng,待裁定
ci.清.0011.pinyin.json#428,0,32,别,4,仄,2,平,ci.清.0011.pinyin.json 第1阕第33字 语料拼音 bié,待裁定
ci.清.0011.pinyin.json#429,0,20,别,4,仄,2,平,ci.清.0011.pinyin.json 第1阕第21字 语料拼音 bié,待裁定
ci.清.0011.pinyin.json#431,1,4,别,4,仄,2,平,ci.清.0011.pinyin.json 第2阕第5字 语料拼音 bié,待裁定
ci.清.0011.pinyin.json#432,1,4,长,2,平,3,仄,ci.清.0011.pinyin.json 第2阕第5字 语料拼音 zhǎng,待裁定
ci.清.0011.pinyin.json#436,0,4,长,2,平,3,仄,ci.清.0011.pinyin.json 第1阕第5字 语料拼音 zhǎng,待裁定
ci.清.0011.pinyin.json#437,1,12,甚,4,仄,2,平,ci.清.0011.pinyin.json 第2阕第13字 语料拼音 shén,待裁定
ci.清.0011.pinyin.json#442,1,4,长,2,平,3,仄,ci.清.0011.pinyin.json 第2阕第5字 语料拼音 zhǎng,待裁定
ci.清.0011.pinyin.json#452,0,14,长,2,平,3,仄,ci.清.0011.pinyin.json 第1阕第15字 语料拼音 zhǎng,待裁定
ci.清.0011.pinyin.json#453,0,25,长,2,平,3,仄,ci.清.0011.pinyin.json 第1阕第26字 语料拼音 zhǎng,待裁定
ci.清.0011.pinyin.json#457,1,0,别,4,仄,2,平,ci.清.0011.pinyin.json 第2阕第1字 语料拼音 bié,待裁定
ci.清.0011.pinyin.json#459,1,29,长,2,平,3,仄,ci.清.0011.pinyin.json 第2阕第30字 语料拼音 zhǎng,待裁定
ci.清.0011.pinyin.json#459,1,47,甚,4,仄,2,平,ci.清.0011.pinyin.json 第2阕第48字 语料拼音 shén,待裁定
ci.清.0011.pinyin.json#460,1,0,绝,4,仄,2,平,ci.清.0011.pinyin.json 第2阕第1字 语料拼音 jué,待裁定
ci.清.0011.pinyin.json#460,1,29,甚,4,仄,2,平,ci.清.0011.pinyin.json 第2阕第30字 语料拼音 shén,待裁定
ci.清.0011.pinyin.json#461,1,19,长,2,平,3,仄,ci.清.0011.pinyin.json 第2阕第20字 语料拼音 zhǎng,待裁定
ci.清.0011.pinyin.json#462,0,31,绝,4,仄,2,平,ci.清.0011.pinyin.json 第1阕第32字 语料拼音 jué,待裁定
ci.清.0011.pinyin.json#464,0,44,长,2,平,3,仄,ci.清.0011.pinyin.json 第1阕第45字 语料拼音 zhǎng,待裁定
ci.清.0011.pinyin.json#464,1,35,甚,4,仄,2,平,ci.清.0011.pinyin.json 第2阕第36字 语料拼音 shén,待裁定
ci.清.0011.pinyin.json#465,0,4,别,4,仄,2,平,ci.清.0011.pinyin.json 第1阕第5字 语料拼音 bié,待裁定
ci.清.0011.pinyin.json#466,0,36,甚,4,仄,2,平,ci.清.0011.pinyin.json 第1阕第37字 语料拼音 shén,待裁定
ci.清.0011.pinyin.json#470,0,24,长,2,平,3,仄,ci.清.0011.pinyin.json 第1阕第25字 语料拼音 zhǎng,待裁定
ci.清.0011.pinyin.json#473,1,36,长,2,平,3,仄,ci.清.0011.pinyin.json 第2阕第37字 语料拼音 zhǎng,待裁定
ci.清.0011.pinyin.json#475,1,34,长,2,平,3,仄,ci.清.0011.pinyin.json 第2阕第35字 语料拼音 zhǎng,待裁定
ci.清.0011.pinyin.json#476,1,6,长,2,平,3,仄,ci.清.0011.pinyin.json 第2阕第7字 语料拼音 zhǎng,待裁定
ci.清.0011.pinyin.json#476,1,35,长,2,平,3,仄,ci.清.0011.pinyin.json 第2阕第36字 语料拼音 zhǎng,待裁定
ci.清.0011.pinyin.json#481,1,5,绝,4,仄,2,平,ci.清.0011.pinyin.json 第2阕第6字 语料拼音 jué,待裁定
ci.清.0011.pinyin.json#485,0,11,甚,4,仄,2,平,ci.清.0011.pinyin.json 第1阕第12字 语料拼音 shén,待裁定
ci.清.0011.pinyin.json#488,0,2,长,2,平,3,仄,ci.清.0011.pinyin.json 第1阕第3字 语料拼音 zhǎng,待裁定
ci.清.0011.pinyin.json#489,0,2,长,2,平,3,仄,ci.清.0011.pinyin.json 第1阕第3字 语料拼音 zhǎng,待裁定
ci.清.0011.pinyin.json#500,0,21,别,4,仄,2,平,ci.清.0011.pinyin.json 第1阕第22字 语料拼音 bié,待裁定
ci.清.0011.pinyin.json#501,0,10,长,2,平,3,仄,ci.清.0011.pinyin.json 第1阕第11字 语料拼音 zhǎng,待裁定
ci.清.0011.pinyin.json#501,1,29,别,4,仄,2,平,ci.清.0011.pinyin.json 第2阕第30字 语料拼音 bié,待裁定
ci.清.0011.pinyin.json#504,1,9,长,2,平,3,仄,ci.清.0011.pinyin.json 第2阕第10字 语料拼音 zhǎng,待裁定
ci.清.0011.pinyin.json#507,0,8,长,2,平,3,仄,ci.清.0011.pinyin.json 第1阕第9字 语料拼音 zhǎng,待裁定
ci.清.0011.pinyin.json#509,0,0,甚,4,仄,2,平,ci.清.0011.pinyin.json 第1阕第1字 语料拼音 shén,待裁定
ci.清.0011.pinyin.json#510,0,8,长,2,平,3,仄,ci.清.0011.pinyin.json 第1阕第9字 语料拼音 zhǎng,待裁定
ci.清.0011.pinyin.json#510,1,10,长,2,平,3,仄,ci.清.0011.pinyin.json 第2阕第11字 语料拼音 zhǎng,待裁定
ci.清.0011.pinyin.json#512,0,51,甚,4,仄,2,平,ci.清.0011.pinyin.json 第1阕第52字 语料拼音 shén,待裁定
ci.清.0011.pinyin.json#518,1,18,长,2,平,3,仄,ci.清.0011.pinyin.json 第2阕第19字 语料拼音 zhǎng,待裁定
ci.清.0011.pinyin.json#518,1,40,长,2,平,3,仄,ci.清.0011.pinyin.json 第2阕第41字 语料拼音 zhǎng,待裁定
ci.清.0011.pinyin.json#521,0,46,别,4,仄,2,平,ci.清.0011.pinyin.json 第1阕第47字 语料拼音 bié,待裁定
ci.清.0011.pinyin.json#521,1,4,绝,4,仄,2,平,ci.清.0011.pinyin.json 第2阕第5字 语料拼音 jué,待裁定
ci.清.0011.pinyin.json#522,0,20,别,4,仄,2,平,ci.清.0011.pinyin.json 第1阕第21字 语料拼音 bié,待裁定
ci.清.0011.pinyin.json#524,0,25,绝,4,仄,2,平,ci.清.0011.pinyin.json 第1阕第26字 语料拼音 jué,待裁定
ci.清.0011.pinyin.json#524,1,50,别,4,仄,2,平,ci.清.0011.pinyin.json 第2阕第51字 语料拼音 bié,待裁定
ci.清.0011.pinyin.json#525,0,38,别,4,仄,2,平,ci.清.0011.pinyin.json 第1阕第39字 语料拼音 bié,待裁定
ci.清.0011.pinyin.json#526,1,8,长,2,平,3,仄,ci.清.0011.pinyin.json 第2阕第9字 语料拼音 zhǎng,待裁定
ci.清.0011.pinyin.json#539,1,13,长,2,平,3,仄,ci.清.0011.pinyin.json 第2阕第14字 语料拼音 zhǎng,待裁定
ci.清.0011.pinyin.json#540,0,5,绝,4,仄,2,平,ci.清.0011.pinyin.json 第1阕第6字 语料拼音 jué,待裁定
ci.清.0011.pinyin.json#540,0,36,甚,4,仄,2,平,ci.清.0011.pinyin.json 第1阕第37字 语料拼音 shén,待裁定
ci.清.0011.pinyin.json#544,0,14,绝,4,仄,2,平,ci.清.0011.pinyin.json 第1阕第15字 语料拼音 jué,待裁定
ci.清.0011.pinyin.json#547,0,19,长,2,平,3,仄,ci.清.0011.pinyin.json 第1阕第20字 语料拼音 zhǎng,待裁定
ci.清.0011.pinyin.json#548,1,16,别,4,仄,2,平,ci.清.0011.pinyin.json 第2阕第17字 语料拼音 bié,待裁定
ci.清.0011.pinyin.json#553,0,2,别,4,仄,2,平,ci.清.0011.pinyin.json 第1阕第3字 语料拼音 bié,待裁定
ci.清.0011.pinyin.json#557,0,4,别,4,仄,2,平,ci.清.0011.pinyin.json 第1阕第5字 语料拼音 bié,待裁定
ci.清.0011.pinyin.json#559,0,29,甚,4,仄,2,平,ci.清.0011.pinyin.json 第1阕第30字 语料拼音 shén,待裁定
ci.清.0011.pinyin.json#561,0,54,长,2,平,3,仄,ci.清.0011.pinyin.json 第1阕第55字 语料拼音 zhǎng,待裁定
ci.清.0011.pinyin.json#562,0,33,长,2,平,3,仄,ci.清.0011.pinyin.json 第1阕第34字 语料拼音 zhǎng,待裁定
ci.清.0011.pinyin.json#567,0,21,甚,4,仄,2,平,ci.清.0011.pinyin.json 第1阕第22字 语料拼音 shén,待裁定
ci.清.0011.pinyin.json#567,3,1,甚,4,仄,2,平,ci.清.0011.pinyin.json 第4阕第2字 语料拼音 shén,待裁定
ci.清.0011.pinyin.json#567,3,13,长,2,平,3,仄,ci.清.0011.pinyin.json 第4阕第14字 语料拼音 zhǎng,待裁定
ci.清.0011.pinyin.json#576,0,2,长,2,平,3,仄,ci.清.0011.pinyin.json 第1阕第3字 语料拼音 zhǎng,待裁定
ci.清.0011.pinyin.json#576,0,4,别,4,仄,2,平,ci.清.0011.pinyin.json 第1阕第5字 语料拼音 bié,待裁定
ci.清.0011.pinyin.json#578,0,18,长,2,平,3,仄,ci.清.0011.pinyin.json 第1阕第19字 语料拼音 zhǎng,待裁定
ci.清.0011.pinyin.json#579,1,6,别,4,仄,2,平,ci.清.0011.pinyin.json 第2阕第7字 语料拼音 bié,待裁定
ci.清.0011.pinyin.json#581,1,2,长,2,平,3,仄,ci.清.0011.pinyin.json 第2阕第3字 语料拼音 zhǎng,待裁定
ci.清.0011.pinyin.json#582,0,3,长,2,平,3,仄,ci.清.0011.pinyin.json 第1阕第4字 语料拼音 zhǎng,待裁定
ci.清.0011.pinyin.json#584,1,24,别,4,仄,2,平,ci.清.0011.pinyin.json 第2阕第25字 语料拼音 bié,待裁定
ci.清.0011.pinyin.json#585,0,20,别,4,仄,2,平,ci.清.0011.pinyin.json 第1阕第21字 语料拼音 bié,待裁定
ci.清.0011.pinyin.json#585,1,11,别,4,仄,2,平,ci.清.0011.pinyin.json 第2阕第12字 语料拼音 bié,待裁定
ci.清.0011.pinyin.json#586,0,10,绝,4,仄,2,平,ci.清.0011.pinyin.json 第1阕第11字 语料拼音 jué,待裁定
ci.清.0011.pinyin.json#586,1,4,别,4,仄,2,平,ci.清.0011.pinyin.json 第2阕第5字 语料拼音 bié,待裁定
ci.清.0011.pinyin.json#587,1,2,别,4,仄,2,平,ci.清.0011.pinyin.json 第2阕第3字 语料拼音 bié,待裁定
ci.清.0011.pinyin.json#590,0,10,长,2,平,3,仄,ci.清.0011.pinyin.json 第1阕第11字 语料拼音 zhǎng,待裁定
ci.清.0011.pinyin.json#590,1,14,别,4,仄,2,平,ci.清.0011.pinyin.json 第2阕第15字 语料拼音 bié,待裁定
ci.清.0011.pinyin.json#591,1,6,绝,4,仄,2,平,ci.清.0011.pinyin.json 第2阕第7字 语料拼音 jué,待裁定
ci.清.0011.pinyin.json#592,1,24,甚,4,仄,2,平,ci.清.0011.pinyin.json 第2阕第25字 语料拼音 shén,待裁定
ci.清.0011.pinyin.json#594,0,23,别,4,仄,2,平,ci.清.0011.pinyin.json 第1阕第24字 语料拼音 bié,待裁定
ci.清.0011.pinyin.json#596,1,8,长,2,平,3,仄,ci.清.0011.pinyin.json 第2阕第9字 语料拼音 zhǎng,待裁定
ci.清.0011.pinyin.json#602,0,43,别,4,仄,2,平,ci.清.0011.pinyin.json 第1阕第44字 语料拼音 bié,待裁定
ci.清.0011.pinyin.json#602,1,5,长,2,平,3,仄,ci.清.0011.pinyin.json 第2阕第6字 语料拼音 zhǎng,待裁定
ci.清.0011.pinyin.json#604,0,1,别,4,仄,2,平,ci.清.0011.pinyin.json 第1阕第2字 语料拼音 bié,待裁定
ci.清.0011.pinyin.json#604,0,6,长,2,平,3,仄,ci.清.0011.pinyin.json 第1阕第7字 语料拼音 zhǎng,待裁定
ci.清.0011.pinyin.json#606,1,2,别,4,仄,2,平,ci.清.0011.pinyin.json 第2阕第3字 语料拼音 bié,待裁定
ci.清.0011.pinyin.json#607,0,43,别,4,仄,2,平,ci.清.0011.pinyin.json 第1阕第44字 语料拼音 bié,待裁定
ci.清.0011.pinyin.json#608,1,16,别,4,仄,2,平,ci.清.0011.pinyin.json 第2阕第17字 语料拼音 bié,待裁定
ci.清.0011.pinyin.json#613,0,14,别,4,仄,2,平,ci.清.0011.pinyin.json 第1阕第15字 语料拼音 bié,待裁定
ci.清.0011.pinyin.json#613,0,18,别,4,仄,2,平,ci.清.0011.pinyin.json 第1阕第19字 语料拼音 bié,待裁定
ci.清.0011.pinyin.json#613,0,44,绝,4,仄,2,平,ci.清.0011.pinyin.json 第1阕第45字 语料拼音 jué,待裁定
ci.清.0011.pinyin.json#613,0,47,长,2,平,3,仄,ci.清.0011.pinyin.json 第1阕第48字 语料拼音 zhǎng,待裁定
ci.清.0011.pinyin.json#614,0,0,别,4,仄,2,平,ci.清.0011.pinyin.json 第1阕第1字 语料拼音 bié,待裁定
ci.清.0011.pinyin.json#614,1,16,长,2,平,3,仄,ci.清.0011.pinyin.json 第2阕第17字 语料拼音 zhǎng,待裁定
ci.清.0011.pinyin.json#614,1,40,长,2,平,3,仄,ci.清.0011.pinyin.json 第2阕第41字 语料拼音 zhǎng,待裁定
ci.清.0011.pinyin.json#616,0,17,长,2,平,3,仄,ci.清.0011.pinyin.json 第1阕第18字 语料拼音 zhǎng,待裁定
ci.清.0011.pinyin.json#619,1,19,别,4,仄,2,平,ci.清.0011.pinyin.json 第2阕第20字 语料拼音 bié,待裁定
ci.清.0011.pinyin.json#627,0,21,长,2,平,3,仄,ci.清.0011.pinyin.json 第1阕第22字 语料拼音 zhǎng,待裁定
ci.清.0011.pinyin.json#628,0,20,别,4,仄,2,平,ci.清.0011.pinyin.json 第1阕第21字 语料拼音 bié,待裁定
ci.清.0011.pinyin.json#632,1,3,长,2,平,3,仄,ci.清.0011.pinyin.json 第2阕第4字 语料拼音 zhǎng,待裁定
ci.清.0011.pinyin.json#633,1,0,别,4,仄,2,平,ci.清.0011.pinyin.json 第2阕第1字 语料拼音 bié,待裁定
ci.清.0011.pinyin.json#638,0,27,别,4,仄,2,平,ci.清.0011.pinyin.json 第1阕第28字 语料拼音 bié,待裁定
ci.清.0011.pinyin.json#639,0,21,绝,4,仄,2,平,ci.清.0011.pinyin.json 第1阕第22字 语料拼音 jué,待裁定
ci.清.0011.pinyin.json#641,1,43,甚,4,仄,2,平,ci.清.0011.pinyin.json 第2阕第44字 语料拼音 shén,待裁定
ci.清.0011.pinyin.json#651,0,3,长,2,平,3,仄,ci.清.0011.pinyin.json 第1阕第4字 语料拼音 zhǎng,待裁定
ci.清.0011.pinyin.json#652,0,2,长,2,平,3,仄,ci.清.0011.pinyin.json 第1阕第3字 语料拼音 zhǎng,待裁定
ci.清.0011.pinyin.json#654,0,11,长,2,平,3,仄,ci.清.0011.pinyin.json 第1阕第12字 语料拼音 zhǎng,待裁定
ci.清.0011.pinyin.json#655,0,13,长,2,平,3,仄,ci.清.0011.pinyin.json 第1阕第14字 语料拼音 zhǎng,待裁定
ci.清.0011.pinyin.json#655,1,19,长,2,平,3,仄,ci.清.0011.pinyin.json 第2阕第20字 语料拼音 zhǎng,待裁定
ci.清.0011.pinyin.json#661,1,17,别,4,仄,2,平,ci.清.0011.pinyin.json 第2阕第18字 语料拼音 bié,待裁定
ci.清.0011.pinyin.json#663,1,10,别,4,仄,2,平,ci.清.0011.pinyin.json 第2阕第11字 语料拼音 bié,待裁定
ci.清.0011.pinyin.json#664,0,13,长,2,平,3,仄,ci.清.0011.pinyin.json 第1阕第14字 语料拼音 zhǎng,待裁定
ci.清.0011.pinyin.json#668,0,9,别,4,仄,2,平,ci.清.0011.pinyin.json 第1阕第10字 语料拼音 bié,待裁定
ci.清.0011.pinyin.json#669,1,10,别,4,仄,2,平,ci.清.0011.pinyin.json 第2阕第11字 语料拼音 bié,待裁定
ci.清.0011.pinyin.json#669,1,19,长,2,平,3,仄,ci.清.0011.pinyin.json 第2阕第20字 语料拼音 zhǎng,待裁定
ci.清.0011.pinyin.json#671,1,28,长,2,平,3,仄,ci.清.0011.pinyin.json 第2阕第29字 语料拼音 zhǎng,待裁定
ci.清.0011.pinyin.json#674,1,5,别,4,仄,2,平,ci.清.0011.pinyin.json 第2阕第6字 语料拼音 bié,待裁定
ci.清.0011.pinyin.json#676,1,3,长,2,平,3,仄,ci.清.0011.pinyin.json 第2阕第4字 语料拼音 zhǎng,待裁定
ci.清.0011.pinyin.json#676,1,16,长,2,平,3,仄,ci.清.0011.pinyin.json 第2阕第17字 语料拼音 zhǎng,待裁定
ci.清.0011.pinyin.json#685,0,8,长,2,平,3,仄,ci.清.0011.pinyin.json 第1阕第9字 语料拼音 zhǎng,待裁定
ci.清.0011.pinyin.json#688,1,8,长,2,平,3,仄,ci.清.0011.pinyin.json 第2阕第9字 语料拼音 zhǎng,待裁定
ci.清.0011.pinyin.json#693,1,28,长,2,平,3,仄,ci.清.0011.pinyin.json 第2阕第29字 语料拼音 zhǎng,待裁定
ci.清.0011.pinyin.json#694,0,36,长,2,平,3,仄,ci.清.0011.pinyin.json 第1阕第37字 语料拼音 zhǎng,待裁定
ci.清.0011.pinyin.json#695,0,8,长,2,平,3,仄,ci.清.0011.pinyin.json 第1阕第9字 语料拼音 zhǎng,待裁定
ci.清.0011.pinyin.json#695,0,22,绝,4,仄,2,平,ci.清.0011.pinyin.json 第1阕第23字 语料拼音 jué,待裁定
ci.清.0011.pinyin.json#695,0,35,别,4,仄,2,平,ci.清.0011.pinyin.json 第1阕第36字 语料拼音 bié,待裁定
ci.清.0011.pinyin.json#695,1,42,长,2,平,3,仄,ci.清.0011.pinyin.json 第2阕第43字 语料拼音 zhǎng,待裁定
ci.清.0011.pinyin.json#704,0,2,长,2,平,3,仄,ci.清.0011.pinyin.json 第1阕第3字 语料拼音 zhǎng,待裁定
ci.清.0011.pinyin.json#706,0,34,绝,4,仄,2,平,ci.清.0011.pinyin.json 第1阕第35字 语料拼音 jué,待裁定
ci.清.0011.pinyin.json#709,1,46,别,4,仄,2,平,ci.清.0011.pinyin.json 第2阕第47字 语料拼音 bié,待裁定
ci.清.0011.pinyin.json#712,1,40,长,2,平,3,仄,ci.清.0011.pinyin.json 第2阕第41字 语料拼音 zhǎng,待裁定
ci.清.0011.pinyin.json#714,1,20,绝,4,仄,2,平,ci.清.0011.pinyin.json 第2阕第21字 语料拼音 jué,待裁定
ci.清.0011.pinyin.json#715,1,12,长,2,平,3,仄,ci.清.0011.pinyin.json 第2阕第13字 语料拼音 zhǎng,待裁定
ci.清.0011.pinyin.json#719,0,0,长,2,平,3,仄,ci.清.0011.pinyin.json 第1阕第1字 语料拼音 zhǎng,待裁定
ci.清.0011.pinyin.json#723,1,10,绝,4,仄,2,平,ci.清.0011.pinyin.json 第2阕第11字 语料拼音 jué,待裁定
ci.清.0011.pinyin.json#723,2,2,长,2,平,3,仄,ci.清.0011.pinyin.json 第3阕第3字 语料拼音 zhǎng,待裁定
ci.清.0011.pinyin.json#723,4,11,别,4,仄,2,平,ci.清.0011.pinyin.json 第5阕第12字 语料拼音 bié,待裁定
ci.清.0011.pinyin.json#727,0,28,绝,4,仄,2,平,ci.清.0011.pinyin.json 第1阕第29字 语料拼音 jué,待裁定
ci.清.0011.pinyin.json#731,0,45,长,2,平,3,仄,ci.清.0011.pinyin.json 第1阕第46字 语料拼音 zhǎng,待裁定
ci.清.0011.pinyin.json#735,0,0,别,4,仄,2,平,ci.清.0011.pinyin.json 第1阕第1字 语料拼音 bié,待裁定
ci.清.0011.pinyin.json#736,1,27,绝,4,仄,2,平,ci.清.0011.pinyin.json 第2阕第28字 语料拼音 jué,待裁定
ci.清.0011.pinyin.json#738,1,6,长,2,平,3,仄,ci.清.0011.pinyin.json 第2阕第7字 语料拼音 zhǎng,待裁定
ci.清.0011.pinyin.json#738,1,11,绝,4,仄,2,平,ci.清.0011.pinyin.json 第2阕第12字 语料拼音 jué,待裁定
ci.清.0011.pinyin.json#739,0,8,长,2,平,3,仄,ci.清.0011.pinyin.json 第1阕第9字 语料拼音 zhǎng,待裁定
ci.清.0011.pinyin.json#739,0,11,长,2,平,3,仄,ci.清.0011.pinyin.json 第1阕第12字 语料拼音 zhǎng,待裁定
ci.清.0011.pinyin.json#739,0,44,长,2,平,3,仄,ci.清.0011.pinyin.json 第1阕第45字 语料拼音 zhǎng,待裁定
ci.清.0011.pinyin.json#739,1,31,别,4,仄,2,平,ci.清.0011.pinyin.json 第2阕第32字 语料拼音 bié,待裁定
ci.清.0011.pinyin.json#740,0,21,长,2,平,3,仄,ci.清.0011.pinyin.json 第1阕第22字 语料拼音 zhǎng,待裁定
ci.清.0011.pinyin.json#740,1,15,别,4,仄,2,平,ci.清.0011.pinyin.json 第2阕第16字 语料拼音 bié,待裁定
ci.清.0011.pinyin.json#742,0,3,长,2,平,3,仄,ci.清.0011.pinyin.json 第1阕第4字 语料拼音 zhǎng,待裁定
ci.清.0011.pinyin.json#743,1,12,长,2,平,3,仄,ci.清.0011.pinyin.json 第2阕第13字 语料拼音 zhǎng,待裁定
ci.清.0011.pinyin.json#747,0,7,别,4,仄,2,平,ci.清.0011.pinyin.json 第1阕第8字 语料拼音 bié,待裁定
ci.清.0011.pinyin.json#747,1,12,绝,4,仄,2,平,ci.清.0011.pinyin.json 第2阕第13字 语料拼音 jué,待裁定
ci.清.0011.pinyin.json#751,1,46,绝,4,仄,2,平,ci.清.0011.pinyin.json 第2阕第47字 语料拼音 jué,待裁定
ci.清.0011.pinyin.json#752,0,14,长,2,平,3,仄,ci.清.0011.pinyin.json 第1阕第15字 语料拼音 zhǎng,待裁定
ci.清.0011.pinyin.json#756,0,7,别,4,仄,2,平,ci.清.0011.pinyin.json 第1阕第8字 语料拼音 bié,待裁定
ci.清.0011.pinyin.json#758,1,9,别,4,仄,2,平,ci.清.0011.pinyin.json 第2阕第10字 语料拼音 bié,待裁定
ci.清.0011.pinyin.json#760,1,12,长,2,平,3,仄,ci.清.0011.pinyin.json 第2阕第13字 语料拼音 zhǎng,待裁定
ci.清.0011.pinyin.json#760,1,24,甚,4,仄,2,平,ci.清.0011.pinyin.json 第2阕第25字 语料拼音 shén,待裁定
ci.清.0011.pinyin.json#765,1,13,长,2,平,3,仄,ci.清.0011.pinyin.json 第2阕第14字 语料拼音 zhǎng,待裁定
ci.清.0011.pinyin.json#766,1,13,绝,4,仄,2,平,ci.清.0011.pinyin.json 第2阕第14字 语料拼音 jué,待裁定
ci.清.0011.pinyin.json#768,0,13,长,2,平,3,仄,ci.清.0011.pinyin.json 第1阕第14字 语料拼音 zhǎng,待裁定
ci.清.0011.pinyin.json#769,1,6,长,2,平,3,仄,ci.清.0011.pinyin.json 第2阕第7字 语料拼音 zhǎng,待裁定
ci.清.0011.pinyin.json#770,0,10,长,2,平,3,仄,ci.清.0011.pinyin.json 第1阕第11字 语料拼音 zhǎng,待裁定
ci.清.0011.pinyin.json#770,0,20,长,2,平,3,仄,ci.清.0011.pinyin.json 第1阕第21字 语料拼音 zhǎng,待裁定
ci.清.0011.pinyin.json#771,0,4,长,2,平,3,仄,ci.清.0011.pinyin.json 第1阕第5字 语料拼音 zhǎng,待裁定
ci.清.0011.pinyin.json#772,1,0,长,2,平,3,仄,ci.清.0011.pinyin.json 第2阕第1字 语料拼音 zhǎng,待裁定
ci.清.0011.pinyin.json#775,0,45,绝,4,仄,2,平,ci.清.0011.pinyin.json 第1阕第46字 语料拼音 jué,待裁定
ci.清.0011.pinyin.json#776,0,51,长,2,平,3,仄,ci.清.0011.pinyin.json 第1阕第52字 语料拼音 zhǎng,待裁定
ci.清.0011.pinyin.json#780,1,14,长,2,平,3,仄,ci.清.0011.pinyin.json 第2阕第15字 语料拼音 zhǎng,待裁定
ci.清.0011.pinyin.json#783,1,19,别,4,仄,2,平,ci.清.0011.pinyin.json 第2阕第20字 语料拼音 bié,待裁定
ci.清.0011.pinyin.json#784,0,13,别,4,仄,2,平,ci.清.0011.pinyin.json 第1阕第14字 语料拼音 bié,待裁定
ci.清.0011.pinyin.json#785,1,0,别,4,仄,2,平,ci.清.0011.pinyin.json 第2阕第1字 语料拼音 bié,待裁定
ci.清.0011.pinyin.json#789,0,30,甚,4,仄,2,平,ci.清.0011.pinyin.json 第1阕第31字 语料拼音 shén,待裁定
ci.清.0011.pinyin.json#794,1,6,别,4,仄,2,平,ci.清.0011.pinyin.json 第2阕第7字 语料拼音 bié,待裁定
ci.清.0011.pinyin.json#795,1,0,别,4,仄,2,平,ci.清.0011.pinyin.json 第2阕第1字 语料拼音 bié,待裁定
ci.清.0011.pinyin.json#798,0,17,长,2,平,3,仄,ci.清.0011.pinyin.json 第1阕第18字 语料拼音 zhǎng,待裁定
ci.清.0011.pinyin.json#802,1,12,别,4,仄,2,平,ci.清.0011.pinyin.json 第2阕第13字 语料拼音 bié,待裁定
ci.清.0011.pinyin.json#810,1,9,长,2,平,3,仄,ci.清.0011.pinyin.json 第2阕第10字 语料拼音 zhǎng,待裁定
ci.清.0011.pinyin.json#815,1,13,长,2,平,3,仄,ci.清.0011.pinyin.json 第2阕第14字 语料拼音 zhǎng,待裁定
ci.清.0011.pinyin.json#823,0,14,长,2,平,3,仄,ci.清.0011.pinyin.json 第1阕第15字 语料拼音 zhǎng,待裁定
ci.清.0011.pinyin.json#824,1,38,绝,4,仄,2,平,ci.清.0011.pinyin.json 第2阕第39字 语料拼音 jué,待裁定
ci.清.0011.pinyin.json#832,0,22,绝,4,仄,2,平,ci.清.0011.pinyin.json 第1阕第23字 语料拼音 jué,待裁定
ci.清.0011.pinyin.json#834,1,4,长,2,平,3,仄,ci.清.0011.pinyin.json 第2阕第5字 语料拼音 zhǎng,待裁定
ci.清.0011.pinyin.json#839,1,0,别,4,仄,2,平,ci.清.0011.pinyin.json 第2阕第1字 语料拼音 bié,待裁定
ci.清.0011.pinyin.json#840,0,48,绝,4,仄,2,平,ci.清.0011.pinyin.json 第1阕第49字 语料拼音 jué,待裁定
ci.清.0011.pinyin.json#845,0,18,甚,4,仄,2,平,ci.清.0011.pinyin.json 第1阕第19字 语料拼音 shén,待裁定
ci.清.0011.pinyin.json#846,1,37,长,2,平,3,仄,ci.清.0011.pinyin.json 第2阕第38字 语料拼音 zhǎng,待裁定
ci.清.0011.pinyin.json#847,1,24,长,2,平,3,仄,ci.清.0011.pinyin.json 第2阕第25字 语料拼音 zhǎng,待裁定
ci.清.0011.pinyin.json#848,1,8,别,4,仄,2,平,ci.清.0011.pinyin.json 第2阕第9字 语料拼音 bié,待裁定
ci.清.0011.pinyin.json#853,0,11,长,2,平,3,仄,ci.清.0011.pinyin.json 第1阕第12字 语料拼音 zhǎng,待裁定
ci.清.0011.pinyin.json#853,0,14,绝,4,仄,2,平,ci.清.0011.pinyin.json 第1阕第15字 语料拼音 jué,待裁定
ci.清.0011.pinyin.json#853,1,34,别,4,仄,2,平,ci.清.0011.pinyin.json 第2阕第35字 语料拼音 bié,待裁定
ci.清.0011.pinyin.json#857,0,31,长,2,平,3,仄,ci.清.0011.pinyin.json 第1阕第32字 语料拼音 zhǎng,待裁定
ci.清.0011.pinyin.json#864,1,8,别,4,仄,2,平,ci.清.0011.pinyin.json 第2阕第9字 语料拼音 bié,待裁定
ci.清.0011.pinyin.json#865,0,23,长,2,平,3,仄,ci.清.0011.pinyin.json 第1阕第24字 语料拼音 zhǎng,待裁定
ci.清.0011.pinyin.json#867,0,52,长,2,平,3,仄,ci.清.0011.pinyin.json 第1阕第53字 语料拼音 zhǎng,待裁定
ci.清.0011.pinyin.json#868,1,17,甚,4,仄,2,平,ci.清.0011.pinyin.json 第2阕第18字 语料拼音 shén,待裁定
ci.清.0011.pinyin.json#876,0,3,长,2,平,3,仄,ci.清.0011.pinyin.json 第1阕第4字 语料拼音 zhǎng,待裁定
ci.清.0011.pinyin.json#877,1,0,甚,4,仄,2,平,ci.清.0011.pinyin.json 第2阕第1字 语料拼音 shén,待裁定
ci.清.0011.pinyin.json#879,0,44,别,4,仄,2,平,ci.清.0011.pinyin.json 第1阕第45字 语料拼音 bié,待裁定
ci.清.0011.pinyin.json#882,0,24,长,2,平,3,仄,ci.清.0011.pinyin.json 第1阕第25字 语料拼音 zhǎng,待裁定
ci.清.0011.pinyin.json#882,0,33,别,4,仄,2,平,ci.清.0011.pinyin.json 第1阕第34字 语料拼音 bié,待裁定
ci.清.0011.pinyin.json#884,0,21,别,4,仄,2,平,ci.清.0011.pinyin.json 第1阕第22字 语料拼音 bié,待裁定
ci.清.0011.pinyin.json#884,0,64,长,2,平,3,仄,ci.清.0011.pinyin.json 第1阕第65字 语料拼音 zhǎng,待裁定
ci.清.0011.pinyin.json#892,0,12,长,2,平,3,仄,ci.清.0011.pinyin.json 第1阕第13字 语料拼音 zhǎng,待裁定
ci.清.0011.pinyin.json#892,1,4,甚,4,仄,2,平,ci.清.0011.pinyin.json 第2阕第5字 语料拼音 shén,待裁定
ci.清.0011.pinyin.json#896,0,41,甚,4,仄,2,平,ci.清.0011.pinyin.json 第1阕第42字 语料拼音 shén,待裁定
ci.清.0011.pinyin.json#902,1,10,长,2,平,3,仄,ci.清.0011.pinyin.json 第2阕第11字 语料拼音 zhǎng,待裁定
ci.清.0011.pinyin.json#906,1,7,长,2,平,3,仄,ci.清.0011.pinyin.json 第2阕第8字 语料拼音 zhǎng,待裁定
ci.清.0011.pinyin.json#907,1,39,长,2,平,3,仄,ci.清.0011.pinyin.json 第2阕第40字 语料拼音 zhǎng,待裁定
ci.清.0011.pinyin.json#909,1,17,甚,4,仄,2,平,ci.清.0011.pinyin.json 第2阕第18字 语料拼音 shén,待裁定
ci.清.0011.pinyin.json#912,0,29,长,2,平,3,仄,ci.清.0011.pinyin.json 第1阕第30字 语料拼音 zhǎng,待裁定
ci.清.0011.pinyin.json#914,0,8,长,2,平,3,仄,ci.清.0011.pinyin.json 第1阕第9字 语料拼音 zhǎng,待裁定
ci.清.0011.pinyin.json#914,1,26,长,2,平,3,仄,ci.清.0011.pinyin.json 第2阕第27字 语料拼音 zhǎng,待裁定
ci.清.0011.pinyin.json#922,1,21,长,2,平,3,仄,ci.清.0011.pinyin.json 第2阕第22字 语料拼音 zhǎng,待裁定
ci.清.0011.pinyin.json#923,1,6,长,2,平,3,仄,ci.清.0011.pinyin.json 第2阕第7字 语料拼音 zhǎng,待裁定
ci.清.0011.pinyin.json#926,0,6,长,2,平,3,仄,ci.清.0011.pinyin.json 第1阕第7字 语料拼音 zhǎng,待裁定
ci.清.0011.pinyin.json#927,1,20,长,2,平,3,仄,ci.清.0011.pinyin.json 第2阕第21字 语料拼音 zhǎng,待裁定
ci.清.0011.pinyin.json#928,0,4,长,2,平,3,仄,ci.清.0011.pinyin.json 第1阕第5字 语料拼音 zhǎng,待裁定
ci.清.0011.pinyin.json#929,0,32,别,4,仄,2,平,ci.清.0011.pinyin.json 第1阕第33字 语料拼音 bié,待裁定
ci.清.0011.pinyin.json#932,1,0,别,4,仄,2,平,ci.清.0011.pinyin.json 第2阕第1字 语料拼音 bié,待裁定
ci.清.0011.pinyin.json#933,0,49,长,2,平,3,仄,ci.清.0011.pinyin.json 第1阕第50字 语料拼音 zhǎng,待裁定
ci.清.0011.pinyin.json#933,1,29,绝,4,仄,2,平,ci.清.0011.pinyin.json 第2阕第30字 语料拼音 jué,待裁定
ci.清.0011.pinyin.json#935,0,49,长,2,平,3,仄,ci.清.0011.pinyin.json 第1阕第50字 语料拼音 zhǎng,待裁定
ci.清.0011.pinyin.json#940,1,20,长,2,平,3,仄,ci.清.0011.pinyin.json 第2阕第21字 语料拼音 zhǎng,待裁定
ci.清.0011.pinyin.json#946,0,13,长,2,平,3,仄,ci.清.0011.pinyin.json 第1阕第14字 语料拼音 zhǎng,待裁定
ci.清.0011.pinyin.json#949,0,8,长,2,平,3,仄,ci.清.0011.pinyin.json 第1阕第9字 语料拼音 zhǎng,待裁定
ci.清.0011.pinyin.json#950,0,19,别,4,仄,2,平,ci.清.0011.pinyin.json 第1阕第20字 语料拼音 bié,待裁定
ci.清.0011.pinyin.json#958,0,4,长,2,平,3,仄,ci.清.0011.pinyin.json 第1阕第5字 语料拼音 zhǎng,待裁定
ci.清.0011.pinyin.json#959,1,4,长,2,平,3,仄,ci.清.0011.pinyin.json 第2阕第5字 语料拼音 zhǎng,待裁定
ci.清.0011.pinyin.json#959,1,8,长,2,平,3,仄,ci.清.0011.pinyin.json 第2阕第9字 语料拼音 zhǎng,待裁定
ci.清.0011.pinyin.json#963,1,38,长,2,平,3,仄,ci.清.0011.pinyin.json 第2阕第39字 语料拼音 zhǎng,待裁定
ci.清.0011.pinyin.json#964,0,25,长,2,平,3,仄,ci.清.0011.pinyin.json 第1阕第26字 语料拼音 zhǎng,待裁定
ci.清.0011.pinyin.json#965,1,20,绝,4,仄,2,平,ci.清.0011.pinyin.json 第2阕第21字 语料拼音 jué,待裁定
ci.清.0011.pinyin.json#969,0,19,长,2,平,3,仄,ci.清.0011.pinyin.json 第1阕第20字 语料拼音 zhǎng,待裁定
ci.清.0011.pinyin.json#976,0,53,长,2,平,3,仄,ci.清.0011.pinyin.json 第1阕第54字 语料拼音 zhǎng,待裁定
ci.清.0011.pinyin.json#980,1,21,长,2,平,3,仄,ci.清.0011.pinyin.json 第2阕第22字 语料拼音 zhǎng,待裁定
ci.清.0011.pinyin.json#982,0,33,甚,4,仄,2,平,ci.清.0011.pinyin.json 第1阕第34字 语料拼音 shén,待裁定
ci.清.0011.pinyin.json#985,1,21,甚,4,仄,2,平,ci.清.0011.pinyin.json 第2阕第22字 语料拼音 shén,待裁定
ci.清.0011.pinyin.json#990,0,45,长,2,平,3,仄,ci.清.0011.pinyin.json 第1阕第46字 语料拼音 zhǎng,待裁定
ci.清.0011.pinyin.json#992,0,32,别,4,仄,2,平,ci.清.0011.pinyin.json 第1阕第33字 语料拼音 bié,待裁定
ci.清.0011.pinyin.json#992,1,44,绝,4,仄,2,平,ci.清.0011.pinyin.json 第2阕第45字 语料拼音 jué,待裁定
ci.清.0011.pinyin.json#993,0,25,长,2,平,3,仄,ci.清.0011.pinyin.json 第1阕第26字 语料拼音 zhǎng,待裁定
ci.清.0011.pinyin.json#994,0,24,甚,4,仄,2,平,ci.清.0011.pinyin.json 第1阕第25字 语料拼音 shén,待裁定
ci.清.0012.pinyin.json#1,0,1,别,4,仄,2,平,ci.清.0012.pinyin.json 第1阕第2字 语料拼音 bié,待裁定
ci.清.0012.pinyin.json#1,1,19,长,2,平,3,仄,ci.清.0012.pinyin.json 第2阕第20字 语料拼音 zhǎng,待裁定
ci.清.0012.pinyin.json#2,0,10,长,2,平,3,仄,ci.清.0012.pinyin.json 第1阕第11字 语料拼音 zhǎng,待裁定
ci.清.0012.pinyin.json#4,0,8,长,2,平,3,仄,ci.清.0012.pinyin.json 第1阕第9字 语料拼音 zhǎng,待裁定
ci.清.0012.pinyin.json#6,1,40,绝,4,仄,2,平,ci.清.0012.pinyin.json 第2阕第41字 语料拼音 jué,待裁定
ci.清.0012.pinyin.json#9,1,5,别,4,仄,2,平,ci.清.0012.pinyin.json 第2阕第6字 语料拼音 bié,待裁定
ci.清.0012.pinyin.json#13,0,29,长,2,平,3,仄,ci.清.0012.pinyin.json 第1阕第30字 语料拼音 zhǎng,待裁定
ci.清.0012.pinyin.json#13,1,27,绝,4,仄,2,平,ci.清.0012.pinyin.json 第2阕第28字 语料拼音 jué,待裁定
ci.清.0012.pinyin.json#14,1,15,长,2,平,3,仄,ci.清.0012.pinyin.json 第2阕第16字 语料拼音 zhǎng,待裁定
ci.清.0012.pinyin.json#16,1,32,绝,4,仄,2,平,ci.清.0012.pinyin.json 第2阕第33字 语料拼音 jué,待裁定
ci.清.0012.pinyin.json#18,0,3,别,4,仄,2,平,ci.清.0012.pinyin.json 第1阕第4字 语料拼音 bié,待裁定
ci.清.0012.pinyin.json#21,0,13,长,2,平,3,仄,ci.清.0012.pinyin.json 第1阕第14字 语料拼音 zhǎng,待裁定
ci.清.0012.pinyin.json#25,1,2,别,4,仄,2,平,ci.清.0012.pinyin.json 第2阕第3字 语料拼音 bié,待裁定
ci.清.0012.pinyin.json#38,0,4,甚,4,仄,2,平,ci.清.0012.pinyin.json 第1阕第5字 语料拼音 shén,待裁定
ci.清.0012.pinyin.json#41,0,33,绝,4,仄,2,平,ci.清.0012.pinyin.json 第1阕第34字 语料拼音 jué,待裁定
ci.清.0012.pinyin.json#42,1,21,别,4,仄,2,平,ci.清.0012.pinyin.json 第2阕第22字 语料拼音 bié,待裁定
ci.清.0012.pinyin.json#45,1,23,别,4,仄,2,平,ci.清.0012.pinyin.json 第2阕第24字 语料拼音 bié,待裁定
ci.清.0012.pinyin.json#46,1,0,长,2,平,3,仄,ci.清.0012.pinyin.json 第2阕第1字 语料拼音 zhǎng,待裁定
ci.清.0012.pinyin.json#46,1,7,甚,4,仄,2,平,ci.清.0012.pinyin.json 第2阕第8字 语料拼音 shén,待裁定
ci.清.0012.pinyin.json#49,1,29,别,4,仄,2,平,ci.清.0012.pinyin.json 第2阕第30字 语料拼音 bié,待裁定
ci.清.0012.pinyin.json#50,1,0,长,2,平,3,仄,ci.清.0012.pinyin.json 第2阕第1字 语料拼音 zhǎng,待裁定
ci.清.0012.pinyin.json#51,1,18,别,4,仄,2,平,ci.清.0012.pinyin.json 第2阕第19字 语料拼音 bié,待裁定
ci.清.0012.pinyin.json#57,0,0,甚,4,仄,2,平,ci.清.0012.pinyin.json 第1阕第1字 语料拼音 shén,待裁定
ci.清.0012.pinyin.json#57,0,7,别,4,仄,2,平,ci.清.0012.pinyin.json 第1阕第8字 语料拼音 bié,待裁定
ci.清.0012.pinyin.json#58,0,29,别,4,仄,2,平,ci.清.0012.pinyin.json 第1阕第30字 语料拼音 bié,待裁定
ci.清.0012.pinyin.json#60,0,43,长,2,平,3,仄,ci.清.0012.pinyin.json 第1阕第44字 语料拼音 zhǎng,待裁定
ci.清.0012.pinyin.json#64,1,27,长,2,平,3,仄,ci.清.0012.pinyin.json 第2阕第28字 语料拼音 zhǎng,待裁定
ci.清.0012.pinyin.json#65,0,4,别,4,仄,2,平,ci.清.0012.pinyin.json 第1阕第5字 语料拼音 bié,待裁定
ci.清.0012.pinyin.json#65,0,50,绝,4,仄,2,平,ci.清.0012.pinyin.json 第1阕第51字 语料拼音 jué,待裁定
ci.清.0012.pinyin.json#67,1,41,甚,4,仄,2,平,ci.清.0012.pinyin.json 第2阕第42字 语料拼音 shén,待裁定
ci.清.0012.pinyin.json#68,0,28,绝,4,仄,2,平,ci.清.0012.pinyin.json 第1阕第29字 语料拼音 jué,待裁定
ci.清.0012.pinyin.json#69,0,31,甚,4,仄,2,平,ci.清.0012.pinyin.json 第1阕第32字 语料拼音 shén,待裁定
ci.清.0012.pinyin.json#69,0,32,长,2,平,3,仄,ci.清.0012.pinyin.json 第1阕第33字 语料拼音 zhǎng,待裁定
ci.清.0012.pinyin.json#70,1,15,别,4,仄,2,平,ci.清.0012.pinyin.json 第2阕第16字 语料拼音 bié,待裁定
ci.清.0012.pinyin.json#73,1,34,长,2,平,3,仄,ci.清.0012.pinyin.json 第2阕第35字 语料拼音 zhǎng,待裁定
ci.清.0012.pinyin.json#74,0,11,绝,4,仄,2,平,ci.清.0012.pinyin.json 第1阕第12字 语料拼音 jué,待裁定
ci.清.0012.pinyin.json#74,0,17,别,4,仄,2,平,ci.清.0012.pinyin.json 第1阕第18字 语料拼音 bié,待裁定
ci.清.0012.pinyin.json#76,0,30,甚,4,仄,2,平,ci.清.0012.pinyin.json 第1阕第31字 语料拼音 shén,待裁定
ci.清.0012.pinyin.json#79,0,26,甚,4,仄,2,平,ci.清.0012.pinyin.json 第1阕第27字 语料拼音 shén,待裁定
ci.清.0012.pinyin.json#79,0,47,别,4,仄,2,平,ci.清.0012.pinyin.json 第1阕第48字 语料拼音 bié,待裁定
ci.清.0012.pinyin.json#80,1,10,长,2,平,3,仄,ci.清.0012.pinyin.json 第2阕第11字 语料拼音 zhǎng,待裁定
ci.清.0012.pinyin.json#81,0,29,甚,4,仄,2,平,ci.清.0012.pinyin.json 第1阕第30字 语料拼音 shén,待裁定
ci.清.0012.pinyin.json#82,0,20,别,4,仄,2,平,ci.清.0012.pinyin.json 第1阕第21字 语料拼音 bié,待裁定
ci.清.0012.pinyin.json#82,1,22,长,2,平,3,仄,ci.清.0012.pinyin.json 第2阕第23字 语料拼音 zhǎng,待裁定
ci.清.0012.pinyin.json#82,1,28,甚,4,仄,2,平,ci.清.0012.pinyin.json 第2阕第29字 语料拼音 shén,待裁定
ci.清.0012.pinyin.json#90,0,12,绝,4,仄,2,平,ci.清.0012.pinyin.json 第1阕第13字 语料拼音 jué,待裁定
ci.清.0012.pinyin.json#90,0,31,长,2,平,3,仄,ci.清.0012.pinyin.json 第1阕第32字 语料拼音 zhǎng,待裁定
ci.清.0012.pinyin.json#101,1,26,长,2,平,3,仄,ci.清.0012.pinyin.json 第2阕第27字 语料拼音 zhǎng,待裁定
ci.清.0012.pinyin.json#102,0,0,长,2,平,3,仄,ci.清.0012.pinyin.json 第1阕第1字 语料拼音 zhǎng,待裁定
ci.清.0012.pinyin.json#102,1,58,绝,4,仄,2,平,ci.清.0012.pinyin.json 第2阕第59字 语料拼音 jué,待裁定
ci.清.0012.pinyin.json#107,0,1,绝,4,仄,2,平,ci.清.0012.pinyin.json 第1阕第2字 语料拼音 jué,待裁定
ci.清.0012.pinyin.json#108,1,4,长,2,平,3,仄,ci.清.0012.pinyin.json 第2阕第5字 语料拼音 zhǎng,待裁定
ci.清.0012.pinyin.json#110,0,0,长,2,平,3,仄,ci.清.0012.pinyin.json 第1阕第1字 语料拼音 zhǎng,待裁定
ci.清.0012.pinyin.json#110,1,4,长,2,平,3,仄,ci.清.0012.pinyin.json 第2阕第5字 语料拼音 zhǎng,待裁定
ci.清.0012.pinyin.json#111,0,5,别,4,仄,2,平,ci.清.0012.pinyin.json 第1阕第6字 语料拼音 bié,待裁定
ci.清.0012.pinyin.json#116,0,42,甚,4,仄,2,平,ci.清.0012.pinyin.json 第1阕第43字 语料拼音 shén,待裁定
ci.清.0012.pinyin.json#117,0,8,长,2,平,3,仄,ci.清.0012.pinyin.json 第1阕第9字 语料拼音 zhǎng,待裁定
ci.清.0012.pinyin.json#117,1,15,绝,4,仄,2,平,ci.清.0012.pinyin.json 第2阕第16字 语料拼音 jué,待裁定
ci.清.0012.pinyin.json#118,0,11,绝,4,仄,2,平,ci.清.0012.pinyin.json 第1阕第12字 语料拼音 jué,待裁定
ci.清.0012.pinyin.json#118,1,51,长,2,平,3,仄,ci.清.0012.pinyin.json 第2阕第52字 语料拼音 zhǎng,待裁定
ci.清.0012.pinyin.json#120,1,21,长,2,平,3,仄,ci.清.0012.pinyin.json 第2阕第22字 语料拼音 zhǎng,待裁定
ci.清.0012.pinyin.json#133,1,17,长,2,平,3,仄,ci.清.0012.pinyin.json 第2阕第18字 语料拼音 zhǎng,待裁定
ci.清.0012.pinyin.json#136,1,0,长,2,平,3,仄,ci.清.0012.pinyin.json 第2阕第1字 语料拼音 zhǎng,待裁定
ci.清.0012.pinyin.json#143,1,25,长,2,平,3,仄,ci.清.0012.pinyin.json 第2阕第26字 语料拼音 zhǎng,待裁定
ci.清.0012.pinyin.json#156,1,13,绝,4,仄,2,平,ci.清.0012.pinyin.json 第2阕第14字 语料拼音 jué,待裁定
ci.清.0012.pinyin.json#159,0,14,长,2,平,3,仄,ci.清.0012.pinyin.json 第1阕第15字 语料拼音 zhǎng,待裁定
ci.清.0012.pinyin.json#166,0,0,绝,4,仄,2,平,ci.清.0012.pinyin.json 第1阕第1字 语料拼音 jué,待裁定
ci.清.0012.pinyin.json#167,1,41,甚,4,仄,2,平,ci.清.0012.pinyin.json 第2阕第42字 语料拼音 shén,待裁定
ci.清.0012.pinyin.json#168,0,37,长,2,平,3,仄,ci.清.0012.pinyin.json 第1阕第38字 语料拼音 zhǎng,待裁定
ci.清.0012.pinyin.json#172,0,14,长,2,平,3,仄,ci.清.0012.pinyin.json 第1阕第15字 语料拼音 zhǎng,待裁定
ci.清.0012.pinyin.json#173,0,43,长,2,平,3,仄,ci.清.0012.pinyin.json 第1阕第44字 语料拼音 zhǎng,待裁定
ci.清.0012.pinyin.json#174,0,27,长,2,平,3,仄,ci.清.0012.pinyin.json 第1阕第28字 语料拼音 zhǎng,待裁定
ci.清.0012.pinyin.json#180,0,29,长,2,平,3,仄,ci.清.0012.pinyin.json 第1阕第30字 语料拼音 zhǎng,待裁定
ci.清.0012.pinyin.json#182,1,13,长,2,平,3,仄,ci.清.0012.pinyin.json 第2阕第14字 语料拼音 zhǎng,待裁定
ci.清.0012.pinyin.json#184,0,10,长,2,平,3,仄,ci.清.0012.pinyin.json 第1阕第11字 语料拼音 zhǎng,待裁定
ci.清.0012.pinyin.json#185,0,8,长,2,平,3,仄,ci.清.0012.pinyin.json 第1阕第9字 语料拼音 zhǎng,待裁定
ci.清.0012.pinyin.json#187,0,41,长,2,平,3,仄,ci.清.0012.pinyin.json 第1阕第42字 语料拼音 zhǎng,待裁定
ci.清.0012.pinyin.json#188,0,2,长,2,平,3,仄,ci.清.0012.pinyin.json 第1阕第3字 语料拼音 zhǎng,待裁定
ci.清.0012.pinyin.json#191,0,5,甚,4,仄,2,平,ci.清.0012.pinyin.json 第1阕第6字 语料拼音 shén,待裁定
ci.清.0012.pinyin.json#191,0,6,长,2,平,3,仄,ci.清.0012.pinyin.json 第1阕第7字 语料拼音 zhǎng,待裁定
ci.清.0012.pinyin.json#191,1,42,长,2,平,3,仄,ci.清.0012.pinyin.json 第2阕第43字 语料拼音 zhǎng,待裁定
ci.清.0012.pinyin.json#196,0,27,别,4,仄,2,平,ci.清.0012.pinyin.json 第1阕第28字 语料拼音 bié,待裁定
ci.清.0012.pinyin.json#200,1,14,甚,4,仄,2,平,ci.清.0012.pinyin.json 第2阕第15字 语料拼音 shén,待裁定
ci.清.0012.pinyin.json#204,0,9,长,2,平,3,仄,ci.清.0012.pinyin.json 第1阕第10字 语料拼音 zhǎng,待裁定
ci.清.0012.pinyin.json#205,1,33,长,2,平,3,仄,ci.清.0012.pinyin.json 第2阕第34字 语料拼音 zhǎng,待裁定
ci.清.0012.pinyin.json#207,1,30,长,2,平,3,仄,ci.清.0012.pinyin.json 第2阕第31字 语料拼音 zhǎng,待裁定
ci.清.0012.pinyin.json#210,1,14,绝,4,仄,2,平,ci.清.0012.pinyin.json 第2阕第15字 语料拼音 jué,待裁定
ci.清.0012.pinyin.json#213,1,27,绝,4,仄,2,平,ci.清.0012.pinyin.json 第2阕第28字 语料拼音 jué,待裁定
ci.清.0012.pinyin.json#214,0,25,绝,4,仄,2,平,ci.清.0012.pinyin.json 第1阕第26字 语料拼音 jué,待裁定
ci.清.0012.pinyin.json#215,0,9,长,2,平,3,仄,ci.清.0012.pinyin.json 第1阕第10字 语料拼音 zhǎng,待裁定
ci.清.0012.pinyin.json#215,1,27,绝,4,仄,2,平,ci.清.0012.pinyin.json 第2阕第28字 语料拼音 jué,待裁定
ci.清.0012.pinyin.json#217,2,12,别,4,仄,2,平,ci.清.0012.pinyin.json 第3阕第13字 语料拼音 bié,待裁定
ci.清.0012.pinyin.json#218,2,2,长,2,平,3,仄,ci.清.0012.pinyin.json 第3阕第3字 语料拼音 zhǎng,待裁定
ci.清.0012.pinyin.json#225,1,30,长,2,平,3,仄,ci.清.0012.pinyin.json 第2阕第31字 语料拼音 zhǎng,待裁定
ci.清.0012.pinyin.json#229,0,7,长,2,平,3,仄,ci.清.0012.pinyin.json 第1阕第8字 语料拼音 zhǎng,待裁定
ci.清.0012.pinyin.json#239,1,44,长,2,平,3,仄,ci.清.0012.pinyin.json 第2阕第45字 语料拼音 zhǎng,待裁定
ci.清.0012.pinyin.json#240,0,15,长,2,平,3,仄,ci.清.0012.pinyin.json 第1阕第16字 语料拼音 zhǎng,待裁定
ci.清.0012.pinyin.json#240,0,37,长,2,平,3,仄,ci.清.0012.pinyin.json 第1阕第38字 语料拼音 zhǎng,待裁定
ci.清.0012.pinyin.json#249,0,44,绝,4,仄,2,平,ci.清.0012.pinyin.json 第1阕第45字 语料拼音 jué,待裁定
ci.清.0012.pinyin.json#249,1,39,长,2,平,3,仄,ci.清.0012.pinyin.json 第2阕第40字 语料拼音 zhǎng,待裁定
ci.清.0012.pinyin.json#250,1,0,绝,4,仄,2,平,ci.清.0012.pinyin.json 第2阕第1字 语料拼音 jué,待裁定
ci.清.0012.pinyin.json#251,0,2,长,2,平,3,仄,ci.清.0012.pinyin.json 第1阕第3字 语料拼音 zhǎng,待裁定
ci.清.0012.pinyin.json#252,0,48,长,2,平,3,仄,ci.清.0012.pinyin.json 第1阕第49字 语料拼音 zhǎng,待裁定
ci.清.0012.pinyin.json#252,1,2,别,4,仄,2,平,ci.清.0012.pinyin.json 第2阕第3字 语料拼音 bié,待裁定
ci.清.0012.pinyin.json#253,1,4,长,2,平,3,仄,ci.清.0012.pinyin.json 第2阕第5字 语料拼音 zhǎng,待裁定
ci.清.0012.pinyin.json#257,1,25,长,2,平,3,仄,ci.清.0012.pinyin.json 第2阕第26字 语料拼音 zhǎng,待裁定
ci.清.0012.pinyin.json#258,0,39,绝,4,仄,2,平,ci.清.0012.pinyin.json 第1阕第40字 语料拼音 jué,待裁定
ci.清.0012.pinyin.json#262,1,10,长,2,平,3,仄,ci.清.0012.pinyin.json 第2阕第11字 语料拼音 zhǎng,待裁定
ci.清.0012.pinyin.json#267,0,2,别,4,仄,2,平,ci.清.0012.pinyin.json 第1阕第3字 语料拼音 bié,待裁定
ci.清.0012.pinyin.json#267,1,35,别,4,仄,2,平,ci.清.0012.pinyin.json 第2阕第36字 语料拼音 bié,待裁定
ci.清.0012.pinyin.json#269,1,44,长,2,平,3,仄,ci.清.0012.pinyin.json 第2阕第45字 语料拼音 zhǎng,待裁定
ci.清.0012.pinyin.json#270,1,52,长,2,平,3,仄,ci.清.0012.pinyin.json 第2阕第53字 语料拼音 zhǎng,待裁定
ci.清.0012.pinyin.json#271,0,12,长,2,平,3,仄,ci.清.0012.pinyin.json 第1阕第13字 语料拼音 zhǎng,待裁定
ci.清.0012.pinyin.json#275,1,39,绝,4,仄,2,平,ci.清.0012.pinyin.json 第2阕第40字 语料拼音 jué,待裁定
ci.清.0012.pinyin.json#277,1,46,长,2,平,3,仄,ci.清.0012.pinyin.json 第2阕第47字 语料拼音 zhǎng,待裁定
ci.清.0012.pinyin.json#278,0,31,长,2,平,3,仄,ci.清.0012.pinyin.json 第1阕第32字 语料拼音 zhǎng,待裁定
ci.清.0012.pinyin.json#281,1,56,长,2,平,3,仄,ci.清.0012.pinyin.json 第2阕第57字 语料拼音 zhǎng,待裁定
ci.清.0012.pinyin.json#282,1,14,甚,4,仄,2,平,ci.清.0012.pinyin.json 第2阕第15字 语料拼音 shén,待裁定
ci.清.0012.pinyin.json#285,0,22,别,4,仄,2,平,ci.清.0012.pinyin.json 第1阕第23字 语料拼音 bié,待裁定
ci.清.0012.pinyin.json#286,0,44,长,2,平,3,仄,ci.清.0012.pinyin.json 第1阕第45字 语料拼音 zhǎng,待裁定
ci.清.0012.pinyin.json#287,1,53,长,2,平,3,仄,ci.清.0012.pinyin.json 第2阕第54字 语料拼音 zhǎng,待裁定
ci.清.0012.pinyin.json#288,0,48,长,2,平,3,仄,ci.清.0012.pinyin.json 第1阕第49字 语料拼音 zhǎng,待裁定
ci.清.0012.pinyin.json#289,1,56,长,2,平,3,仄,ci.清.0012.pinyin.json 第2阕第57字 语料拼音 zhǎng,待裁定
ci.清.0012.pinyin.json#291,0,18,长,2,平,3,仄,ci.清.0012.pinyin.json 第1阕第19字 语料拼音 zhǎng,待裁定
ci.清.0012.pinyin.json#293,0,50,绝,4,仄,2,平,ci.清.0012.pinyin.json 第1阕第51字 语料拼音 jué,待裁定
ci.清.0012.pinyin.json#293,1,6,别,4,仄,2,平,ci.清.0012.pinyin.json 第2阕第7字 语料拼音 bié,待裁定
ci.清.0012.pinyin.json#293,1,27,长,2,平,3,仄,ci.清.0012.pinyin.json 第2阕第28字 语料拼音 zhǎng,待裁定
ci.清.0012.pinyin.json#297,0,6,长,2,平,3,仄,ci.清.0012.pinyin.json 第1阕第7字 语料拼音 zhǎng,待裁定
ci.清.0012.pinyin.json#297,0,41,别,4,仄,2,平,ci.清.0012.pinyin.json 第1阕第42字 语料拼音 bié,待裁定
ci.清.0012.pinyin.json#298,0,27,别,4,仄,2,平,ci.清.0012.pinyin.json 第1阕第28字 语料拼音 bié,待裁定
ci.清.0012.pinyin.json#298,1,34,长,2,平,3,仄,ci.清.0012.pinyin.json 第2阕第35字 语料拼音 zhǎng,待裁定
ci.清.0012.pinyin.json#302,0,17,长,2,平,3,仄,ci.清.0012.pinyin.json 第1阕第18字 语料拼音 zhǎng,待裁定
ci.清.0012.pinyin.json#302,0,43,甚,4,仄,2,平,ci.清.0012.pinyin.json 第1阕第44字 语料拼音 shén,待裁定
ci.清.0012.pinyin.json#303,1,15,长,2,平,3,仄,ci.清.0012.pinyin.json 第2阕第16字 语料拼音 zhǎng,待裁定
ci.清.0012.pinyin.json#308,1,31,长,2,平,3,仄,ci.清.0012.pinyin.json 第2阕第32字 语料拼音 zhǎng,待裁定
ci.清.0012.pinyin.json#310,1,20,别,4,仄,2,平,ci.清.0012.pinyin.json 第2阕第21字 语料拼音 bié,待裁定
ci.清.0012.pinyin.json#313,0,44,别,4,仄,2,平,ci.清.0012.pinyin.json 第1阕第45字 语料拼音 bié,待裁定
ci.清.0012.pinyin.json#317,0,55,长,2,平,3,仄,ci.清.0012.pinyin.json 第1阕第56字 语料拼音 zhǎng,待裁定
ci.清.0012.pinyin.json#318,0,43,长,2,平,3,仄,ci.清.0012.pinyin.json 第1阕第44字 语料拼音 zhǎng,待裁定
ci.清.0012.pinyin.json#320,1,14,长,2,平,3,仄,ci.清.0012.pinyin.json 第2阕第15字 语料拼音 zhǎng,待裁定
ci.清.0012.pinyin.json#334,1,27,长,2,平,3,仄,ci.清.0012.pinyin.json 第2阕第28字 语料拼音 zhǎng,待裁定
ci.清.0012.pinyin.json#338,0,2,长,2,平,3,仄,ci.清.0012.pinyin.json 第1阕第3字 语料拼音 zhǎng,待裁定
ci.清.0012.pinyin.json#340,1,7,绝,4,仄,2,平,ci.清.0012.pinyin.json 第2阕第8字 语料拼音 jué,待裁定
ci.清.0012.pinyin.json#346,0,7,长,2,平,3,仄,ci.清.0012.pinyin.json 第1阕第8字 语料拼音 zhǎng,待裁定
ci.清.0012.pinyin.json#349,0,10,别,4,仄,2,平,ci.清.0012.pinyin.json 第1阕第11字 语料拼音 bié,待裁定
ci.清.0012.pinyin.json#352,1,20,别,4,仄,2,平,ci.清.0012.pinyin.json 第2阕第21字 语料拼音 bié,待裁定
ci.清.0012.pinyin.json#355,0,2,长,2,平,3,仄,ci.清.0012.pinyin.json 第1阕第3字 语料拼音 zhǎng,待裁定
ci.清.0012.pinyin.json#355,1,11,绝,4,仄,2,平,ci.清.0012.pinyin.json 第2阕第12字 语料拼音 jué,待裁定
ci.清.0012.pinyin.json#365,0,19,长,2,平,3,仄,ci.清.0012.pinyin.json 第1阕第20字 语料拼音 zhǎng,待裁定
ci.清.0012.pinyin.json#366,0,9,长,2,平,3,仄,ci.清.0012.pinyin.json 第1阕第10字 语料拼音 zhǎng,待裁定
ci.清.0012.pinyin.json#366,1,6,甚,4,仄,2,平,ci.清.0012.pinyin.json 第2阕第7字 语料拼音 shén,待裁定
ci.清.0012.pinyin.json#366,1,8,长,2,平,3,仄,ci.清.0012.pinyin.json 第2阕第9字 语料拼音 zhǎng,待裁定
ci.清.0012.pinyin.json#366,1,33,甚,4,仄,2,平,ci.清.0012.pinyin.json 第2阕第34字 语料拼音 shén,待裁定
ci.清.0012.pinyin.json#375,0,44,长,2,平,3,仄,ci.清.0012.pinyin.json 第1阕第45字 语料拼音 zhǎng,待裁定
ci.清.0012.pinyin.json#379,1,16,长,2,平,3,仄,ci.清.0012.pinyin.json 第2阕第17字 语料拼音 zhǎng,待裁定
ci.清.0012.pinyin.json#384,0,11,长,2,平,3,仄,ci.清.0012.pinyin.json 第1阕第12字 语料拼音 zhǎng,待裁定
ci.清.0012.pinyin.json#389,2,12,绝,4,仄,2,平,ci.清.0012.pinyin.json 第3阕第13字 语料拼音 jué,待裁定
ci.清.0012.pinyin.json#392,1,3,绝,4,仄,2,平,ci.清.0012.pinyin.json 第2阕第4字 语料拼音 jué,待裁定
ci.清.0012.pinyin.json#393,0,12,长,2,平,3,仄,ci.清.0012.pinyin.json 第1阕第13字 语料拼音 zhǎng,待裁定
ci.清.0012.pinyin.json#395,0,15,别,4,仄,2,平,ci.清.0012.pinyin.json 第1阕第16字 语料拼音 bié,待裁定
ci.清.0012.pinyin.json#395,0,22,别,4,仄,2,平,ci.清.0012.pinyin.json 第1阕第23字 语料拼音 bié,待裁定
ci.清.0012.pinyin.json#423,0,20,甚,4,仄,2,平,ci.清.0012.pinyin.json 第1阕第21字 语料拼音 shén,待裁定
ci.清.0012.pinyin.json#424,1,13,甚,4,仄,2,平,ci.清.0012.pinyin.json 第2阕第14字 语料拼音 shén,待裁定
ci.清.0012.pinyin.json#426,0,47,长,2,平,3,仄,ci.清.0012.pinyin.json 第1阕第48字 语料拼音 zhǎng,待裁定
ci.清.0012.pinyin.json#427,0,46,长,2,平,3,仄,ci.清.0012.pinyin.json 第1阕第47字 语料拼音 zhǎng,待裁定
ci.清.0012.pinyin.json#428,1,12,甚,4,仄,2,平,ci.清.0012.pinyin.json 第2阕第13字 语料拼音 shén,待裁定
ci.清.0012.pinyin.json#432,1,45,别,4,仄,2,平,ci.清.0012.pinyin.json 第2阕第46字 语料拼音 bié,待裁定
ci.清.0012.pinyin.json#436,0,25,长,2,平,3,仄,ci.清.0012.pinyin.json 第1阕第26字 语料拼音 zhǎng,待裁定
ci.清.0012.pinyin.json#436,1,33,长,2,平,3,仄,ci.清.0012.pinyin.json 第2阕第34字 语料拼音 zhǎng,待裁定
ci.清.0012.pinyin.json#437,0,21,甚,4,仄,2,平,ci.清.0012.pinyin.json 第1阕第22字 语料拼音 shén,待裁定
ci.清.0012.pinyin.json#438,0,27,绝,4,仄,2,平,ci.清.0012.pinyin.json 第1阕第28字 语料拼音 jué,待裁定
ci.清.0012.pinyin.json#439,0,41,别,4,仄,2,平,ci.清.0012.pinyin.json 第1阕第42字 语料拼音 bié,待裁定
ci.清.0012.pinyin.json#439,1,4,长,2,平,3,仄,ci.清.0012.pinyin.json 第2阕第5字 语料拼音 zhǎng,待裁定
ci.清.0012.pinyin.json#439,1,51,绝,4,仄,2,平,ci.清.0012.pinyin.json 第2阕第52字 语料拼音 jué,待裁定
ci.清.0012.pinyin.json#441,1,4,长,2,平,3,仄,ci.清.0012.pinyin.json 第2阕第5字 语料拼音 zhǎng,待裁定
ci.清.0012.pinyin.json#441,1,45,长,2,平,3,仄,ci.清.0012.pinyin.json 第2阕第46字 语料拼音 zhǎng,待裁定
ci.清.0012.pinyin.json#442,0,36,长,2,平,3,仄,ci.清.0012.pinyin.json 第1阕第37字 语料拼音 zhǎng,待裁定
ci.清.0012.pinyin.json#442,1,23,甚,4,仄,2,平,ci.清.0012.pinyin.json 第2阕第24字 语料拼音 shén,待裁定
ci.清.0012.pinyin.json#443,1,26,长,2,平,3,仄,ci.清.0012.pinyin.json 第2阕第27字 语料拼音 zhǎng,待裁定
ci.清.0012.pinyin.json#443,1,27,别,4,仄,2,平,ci.清.0012.pinyin.json 第2阕第28字 语料拼音 bié,待裁定
ci.清.0012.pinyin.json#447,0,8,别,4,仄,2,平,ci.清.0012.pinyin.json 第1阕第9字 语料拼音 bié,待裁定
ci.清.0012.pinyin.json#449,1,21,长,2,平,3,仄,ci.清.0012.pinyin.json 第2阕第22字 语料拼音 zhǎng,待裁定
ci.清.0012.pinyin.json#459,0,54,甚,4,仄,2,平,ci.清.0012.pinyin.json 第1阕第55字 语料拼音 shén,待裁定
ci.清.0012.pinyin.json#460,0,8,甚,4,仄,2,平,ci.清.0012.pinyin.json 第1阕第9字 语料拼音 shén,待裁定
ci.清.0012.pinyin.json#460,0,33,别,4,仄,2,平,ci.清.0012.pinyin.json 第1阕第34字 语料拼音 bié,待裁定
ci.清.0012.pinyin.json#460,1,18,长,2,平,3,仄,ci.清.0012.pinyin.json 第2阕第19字 语料拼音 zhǎng,待裁定
ci.清.0012.pinyin.json#463,1,20,长,2,平,3,仄,ci.清.0012.pinyin.json 第2阕第21字 语料拼音 zhǎng,待裁定
ci.清.0012.pinyin.json#465,0,6,长,2,平,3,仄,ci.清.0012.pinyin.json 第1阕第7字 语料拼音 zhǎng,待裁定
ci.清.0012.pinyin.json#468,1,17,别,4,仄,2,平,ci.清.0012.pinyin.json 第2阕第18字 语料拼音 bié,待裁定
ci.清.0012.pinyin.json#474,1,6,甚,4,仄,2,平,ci.清.0012.pinyin.json 第2阕第7字 语料拼音 shén,待裁定
ci.清.0012.pinyin.json#476,0,4,甚,4,仄,2,平,ci.清.0012.pinyin.json 第1阕第5字 语料拼音 shén,待裁定
ci.清.0012.pinyin.json#478,0,4,长,2,平,3,仄,ci.清.0012.pinyin.json 第1阕第5字 语料拼音 zhǎng,待裁定
ci.清.0012.pinyin.json#479,0,18,别,4,仄,2,平,ci.清.0012.pinyin.json 第1阕第19字 语料拼音 bié,待裁定
ci.清.0012.pinyin.json#480,1,13,别,4,仄,2,平,ci.清.0012.pinyin.json 第2阕第14字 语料拼音 bié,待裁定
ci.清.0012.pinyin.json#487,0,7,别,4,仄,2,平,ci.清.0012.pinyin.json 第1阕第8字 语料拼音 bié,待裁定
ci.清.0012.pinyin.json#487,1,15,长,2,平,3,仄,ci.清.0012.pinyin.json 第2阕第16字 语料拼音 zhǎng,待裁定
ci.清.0012.pinyin.json#492,0,9,长,2,平,3,仄,ci.清.0012.pinyin.json 第1阕第10字 语料拼音 zhǎng,待裁定
ci.清.0012.pinyin.json#492,0,30,长,2,平,3,仄,ci.清.0012.pinyin.json 第1阕第31字 语料拼音 zhǎng,待裁定
ci.清.0012.pinyin.json#493,1,25,长,2,平,3,仄,ci.清.0012.pinyin.json 第2阕第26字 语料拼音 zhǎng,待裁定
ci.清.0012.pinyin.json#495,1,6,甚,4,仄,2,平,ci.清.0012.pinyin.json 第2阕第7字 语料拼音 shén,待裁定
ci.清.0012.pinyin.json#500,1,42,长,2,平,3,仄,ci.清.0012.pinyin.json 第2阕第43字 语料拼音 zhǎng,待裁定
ci.清.0012.pinyin.json#505,0,29,别,4,仄,2,平,ci.清.0012.pinyin.json 第1阕第30字 语料拼音 bié,待裁定
ci.清.0012.pinyin.json#506,0,8,长,2,平,3,仄,ci.清.0012.pinyin.json 第1阕第9字 语料拼音 zhǎng,待裁定
ci.清.0012.pinyin.json#506,0,13,甚,4,仄,2,平,ci.清.0012.pinyin.json 第1阕第14字 语料拼音 shén,待裁定
ci.清.0012.pinyin.json#517,0,9,绝,4,仄,2,平,ci.清.0012.pinyin.json 第1阕第10字 语料拼音 jué,待裁定
ci.清.0012.pinyin.json#517,0,12,绝,4,仄,2,平,ci.清.0012.pinyin.json 第1阕第13字 语料拼音 jué,待裁定
ci.清.0012.pinyin.json#517,1,24,别,4,仄,2,平,ci.清.0012.pinyin.json 第2阕第25字 语料拼音 bié,待裁定
ci.清.0012.pinyin.json#518,0,6,长,2,平,3,仄,ci.清.0012.pinyin.json 第1阕第7字 语料拼音 zhǎng,待裁定
ci.清.0012.pinyin.json#518,1,8,甚,4,仄,2,平,ci.清.0012.pinyin.json 第2阕第9字 语料拼音 shén,待裁定
ci.清.0012.pinyin.json#519,0,20,长,2,平,3,仄,ci.清.0012.pinyin.json 第1阕第21字 语料拼音 zhǎng,待裁定
ci.清.0012.pinyin.json#521,0,8,别,4,仄,2,平,ci.清.0012.pinyin.json 第1阕第9字 语料拼音 bié,待裁定
ci.清.0012.pinyin.json#525,1,38,长,2,平,3,仄,ci.清.0012.pinyin.json 第2阕第39字 语料拼音 zhǎng,待裁定
ci.清.0012.pinyin.json#526,1,7,长,2,平,3,仄,ci.清.0012.pinyin.json 第2阕第8字 语料拼音 zhǎng,待裁定
ci.清.0012.pinyin.json#527,1,1,绝,4,仄,2,平,ci.清.0012.pinyin.json 第2阕第2字 语料拼音 jué,待裁定
ci.清.0012.pinyin.json#530,0,26,长,2,平,3,仄,ci.清.0012.pinyin.json 第1阕第27字 语料拼音 zhǎng,待裁定
ci.清.0012.pinyin.json#531,1,46,长,2,平,3,仄,ci.清.0012.pinyin.json 第2阕第47字 语料拼音 zhǎng,待裁定
ci.清.0012.pinyin.json#532,0,24,甚,4,仄,2,平,ci.清.0012.pinyin.json 第1阕第25字 语料拼音 shén,待裁定
ci.清.0012.pinyin.json#533,0,24,别,4,仄,2,平,ci.清.0012.pinyin.json 第1阕第25字 语料拼音 bié,待裁定
ci.清.0012.pinyin.json#533,1,13,别,4,仄,2,平,ci.清.0012.pinyin.json 第2阕第14字 语料拼音 bié,待裁定
ci.清.0012.pinyin.json#538,1,29,长,2,平,3,仄,ci.清.0012.pinyin.json 第2阕第30字 语料拼音 zhǎng,待裁定
ci.清.0012.pinyin.json#544,1,19,长,2,平,3,仄,ci.清.0012.pinyin.json 第2阕第20字 语料拼音 zhǎng,待裁定
ci.清.0012.pinyin.json#547,0,26,别,4,仄,2,平,ci.清.0012.pinyin.json 第1阕第27字 语料拼音 bié,待裁定
ci.清.0012.pinyin.json#548,1,14,别,4,仄,2,平,ci.清.0012.pinyin.json 第2阕第15字 语料拼音 bié,待裁定
ci.清.0012.pinyin.json#549,1,31,长,2,平,3,仄,ci.清.0012.pinyin.json 第2阕第32字 语料拼音 zhǎng,待裁定
ci.清.0012.pinyin.json#550,0,5,长,2,平,3,仄,ci.清.0012.pinyin.json 第1阕第6字 语料拼音 zhǎng,待裁定
ci.清.0012.pinyin.json#552,0,0,长,2,平,3,仄,ci.清.0012.pinyin.json 第1阕第1字 语料拼音 zhǎng,待裁定
ci.清.0012.pinyin.json#554,1,11,别,4,仄,2,平,ci.清.0012.pinyin.json 第2阕第12字 语料拼音 bié,待裁定
ci.清.0012.pinyin.json#554,1,21,别,4,仄,2,平,ci.清.0012.pinyin.json 第2阕第22字 语料拼音 bié,待裁定
ci.清.0012.pinyin.json#555,0,31,别,4,仄,2,平,ci.清.0012.pinyin.json 第1阕第32字 语料拼音 bié,待裁定
ci.清.0012.pinyin.json#558,0,4,长,2,平,3,仄,ci.清.0012.pinyin.json 第1阕第5字 语料拼音 zhǎng,待裁定
ci.清.0012.pinyin.json#559,1,2,长,2,平,3,仄,ci.清.0012.pinyin.json 第2阕第3字 语料拼音 zhǎng,待裁定
ci.清.0012.pinyin.json#559,1,11,甚,4,仄,2,平,ci.清.0012.pinyin.json 第2阕第12字 语料拼音 shén,待裁定
ci.清.0012.pinyin.json#560,1,13,别,4,仄,2,平,ci.清.0012.pinyin.json 第2阕第14字 语料拼音 bié,待裁定
ci.清.0012.pinyin.json#561,1,13,长,2,平,3,仄,ci.清.0012.pinyin.json 第2阕第14字 语料拼音 zhǎng,待裁定
ci.清.0012.pinyin.json#563,0,6,长,2,平,3,仄,ci.清.0012.pinyin.json 第1阕第7字 语料拼音 zhǎng,待裁定
ci.清.0012.pinyin.json#563,1,26,绝,4,仄,2,平,ci.清.0012.pinyin.json 第2阕第27字 语料拼音 jué,待裁定
ci.清.0012.pinyin.json#565,1,8,长,2,平,3,仄,ci.清.0012.pinyin.json 第2阕第9字 语料拼音 zhǎng,待裁定
ci.清.0012.pinyin.json#567,0,56,别,4,仄,2,平,ci.清.0012.pinyin.json 第1阕第57字 语料拼音 bié,待裁定
ci.清.0012.pinyin.json#569,1,2,长,2,平,3,仄,ci.清.0012.pinyin.json 第2阕第3字 语料拼音 zhǎng,待裁定
ci.清.0012.pinyin.json#569,1,5,别,4,仄,2,平,ci.清.0012.pinyin.json 第2阕第6字 语料拼音 bié,待裁定
ci.清.0012.pinyin.json#572,0,27,长,2,平,3,仄,ci.清.0012.pinyin.json 第1阕第28字 语料拼音 zhǎng,待裁定
ci.清.0012.pinyin.json#573,0,6,别,4,仄,2,平,ci.清.0012.pinyin.json 第1阕第7字 语料拼音 bié,待裁定
ci.清.0012.pinyin.json#573,1,21,甚,4,仄,2,平,ci.清.0012.pinyin.json 第2阕第22字 语料拼音 shén,待裁定
ci.清.0012.pinyin.json#576,0,4,别,4,仄,2,平,ci.清.0012.pinyin.json 第1阕第5字 语料拼音 bié,待裁定
ci.清.0012.pinyin.json#584,1,32,长,2,平,3,仄,ci.清.0012.pinyin.json 第2阕第33字 语料拼音 zhǎng,待裁定
ci.清.0012.pinyin.json#586,1,17,甚,4,仄,2,平,ci.清.0012.pinyin.json 第2阕第18字 语料拼音 shén,待裁定
ci.清.0012.pinyin.json#586,1,20,长,2,平,3,仄,ci.清.0012.pinyin.json 第2阕第21字 语料拼音 zhǎng,待裁定
ci.清.0012.pinyin.json#587,0,5,长,2,平,3,仄,ci.清.0012.pinyin.json 第1阕第6字 语料拼音 zhǎng,待裁定
ci.清.0012.pinyin.json#590,1,0,长,2,平,3,仄,ci.清.0012.pinyin.json 第2阕第1字 语料拼音 zhǎng,待裁定
ci.清.0012.pinyin.json#591,0,22,别,4,仄,2,平,ci.清.0012.pinyin.json 第1阕第23字 语料拼音 bié,待裁定
ci.清.0012.pinyin.json#592,0,9,长,2,平,3,仄,ci.清.0012.pinyin.json 第1阕第10字 语料拼音 zhǎng,待裁定
ci.清.0012.pinyin.json#593,1,13,长,2,平,3,仄,ci.清.0012.pinyin.json 第2阕第14字 语料拼音 zhǎng,待裁定
ci.清.0012.pinyin.json#595,1,41,甚,4,仄,2,平,ci.清.0012.pinyin.json 第2阕第42字 语料拼音 shén,待裁定
ci.清.0012.pinyin.json#599,1,36,别,4,仄,2,平,ci.清.0012.pinyin.json 第2阕第37字 语料拼音 bié,待裁定
ci.清.0012.pinyin.json#600,0,38,甚,4,仄,2,平,ci.清.0012.pinyin.json 第1阕第39字 语料拼音 shén,待裁定
ci.清.0012.pinyin.json#601,0,28,绝,4,仄,2,平,ci.清.0012.pinyin.json 第1阕第29字 语料拼音 jué,待裁定
ci.清.0012.pinyin.json#604,0,19,长,2,平,3,仄,ci.清.0012.pinyin.json 第1阕第20字 语料拼音 zhǎng,待裁定
ci.清.0012.pinyin.json#604,1,39,甚,4,仄,2,平,ci.清.0012.pinyin.json 第2阕第40字 语料拼音 shén,待裁定
ci.清.0012.pinyin.json#605,1,4,长,2,平,3,仄,ci.清.0012.pinyin.json 第2阕第5字 语料拼音 zhǎng,待裁定
ci.清.0012.pinyin.json#607,0,10,别,4,仄,2,平,ci.清.0012.pinyin.json 第1阕第11字 语料拼音 bié,待裁定
ci.清.0012.pinyin.json#609,1,7,长,2,平,3,仄,ci.清.0012.pinyin.json 第2阕第8字 语料拼音 zhǎng,待裁定
ci.清.0012.pinyin.json#614,0,23,长,2,平,3,仄,ci.清.0012.pinyin.json 第1阕第24字 语料拼音 zhǎng,待裁定
ci.清.0012.pinyin.json#619,1,5,绝,4,仄,2,平,ci.清.0012.pinyin.json 第2阕第6字 语料拼音 jué,待裁定
ci.清.0012.pinyin.json#622,1,23,长,2,平,3,仄,ci.清.0012.pinyin.json 第2阕第24字 语料拼音 zhǎng,待裁定
ci.清.0012.pinyin.json#623,1,24,甚,4,仄,2,平,ci.清.0012.pinyin.json 第2阕第25字 语料拼音 shén,待裁定
ci.清.0012.pinyin.json#624,1,14,别,4,仄,2,平,ci.清.0012.pinyin.json 第2阕第15字 语料拼音 bié,待裁定
ci.清.0012.pinyin.json#628,0,14,长,2,平,3,仄,ci.清.0012.pinyin.json 第1阕第15字 语料拼音 zhǎng,待裁定
ci.清.0012.pinyin.json#637,0,13,别,4,仄,2,平,ci.清.0012.pinyin.json 第1阕第14字 语料拼音 bié,待裁定
ci.清.0012.pinyin.json#643,0,2,别,4,仄,2,平,ci.清.0012.pinyin.json 第1阕第3字 语料拼音 bié,待裁定
ci.清.0012.pinyin.json#646,0,22,长,2,平,3,仄,ci.清.0012.pinyin.json 第1阕第23字 语料拼音 zhǎng,待裁定
ci.清.0012.pinyin.json#646,1,41,长,2,平,3,仄,ci.清.0012.pinyin.json 第2阕第42字 语料拼音 zhǎng,待裁定
ci.清.0012.pinyin.json#653,0,4,长,2,平,3,仄,ci.清.0012.pinyin.json 第1阕第5字 语料拼音 zhǎng,待裁定
ci.清.0012.pinyin.json#654,1,16,长,2,平,3,仄,ci.清.0012.pinyin.json 第2阕第17字 语料拼音 zhǎng,待裁定
ci.清.0012.pinyin.json#655,0,6,长,2,平,3,仄,ci.清.0012.pinyin.json 第1阕第7字 语料拼音 zhǎng,待裁定
ci.清.0012.pinyin.json#655,1,32,别,4,仄,2,平,ci.清.0012.pinyin.json 第2阕第33字 语料拼音 bié,待裁定
ci.清.0012.pinyin.json#657,1,24,长,2,平,3,仄,ci.清.0012.pinyin.json 第2阕第25字 语料拼音 zhǎng,待裁定
ci.清.0012.pinyin.json#659,1,0,别,4,仄,2,平,ci.清.0012.pinyin.json 第2阕第1字 语料拼音 bié,待裁定
ci.清.0012.pinyin.json#660,1,5,长,2,平,3,仄,ci.清.0012.pinyin.json 第2阕第6字 语料拼音 zhǎng,待裁定
ci.清.0012.pinyin.json#661,0,4,长,2,平,3,仄,ci.清.0012.pinyin.json 第1阕第5字 语料拼音 zhǎng,待裁定
ci.清.0012.pinyin.json#662,1,24,长,2,平,3,仄,ci.清.0012.pinyin.json 第2阕第25字 语料拼音 zhǎng,待裁定
ci.清.0012.pinyin.json#664,1,48,别,4,仄,2,平,ci.清.0012.pinyin.json 第2阕第49字 语料拼音 bié,待裁定
ci.清.0012.pinyin.json#665,0,22,别,4,仄,2,平,ci.清.0012.pinyin.json 第1阕第23字 语料拼音 bié,待裁定
ci.清.0012.pinyin.json#666,1,3,长,2,平,3,仄,ci.清.0012.pinyin.json 第2阕第4字 语料拼音 zhǎng,待裁定
ci.清.0012.pinyin.json#666,1,13,别,4,仄,2,平,ci.清.0012.pinyin.json 第2阕第14字 语料拼音 bié,待裁定
ci.清.0012.pinyin.json#669,0,36,长,2,平,3,仄,ci.清.0012.pinyin.json 第1阕第37字 语料拼音 zhǎng,待裁定
ci.清.0012.pinyin.json#670,0,31,甚,4,仄,2,平,ci.清.0012.pinyin.json 第1阕第32字 语料拼音 shén,待裁定
ci.清.0012.pinyin.json#670,1,1,绝,4,仄,2,平,ci.清.0012.pinyin.json 第2阕第2字 语料拼音 jué,待裁定
ci.清.0012.pinyin.json#670,1,23,别,4,仄,2,平,ci.清.0012.pinyin.json 第2阕第24字 语料拼音 bié,待裁定
ci.清.0012.pinyin.json#671,0,38,绝,4,仄,2,平,ci.清.0012.pinyin.json 第1阕第39字 语料拼音 jué,待裁定
ci.清.0012.pinyin.json#671,1,20,绝,4,仄,2,平,ci.清.0012.pinyin.json 第2阕第21字 语料拼音 jué,待裁定
ci.清.0012.pinyin.json#674,0,4,长,2,平,3,仄,ci.清.0012.pinyin.json 第1阕第5字 语料拼音 zhǎng,待裁定
ci.清.0012.pinyin.json#675,1,0,长,2,平,3,仄,ci.清.0012.pinyin.json 第2阕第1字 语料拼音 zhǎng,待裁定
ci.清.0012.pinyin.json#679,0,12,别,4,仄,2,平,ci.清.0012.pinyin.json 第1阕第13字 语料拼音 bié,待裁定
ci.清.0012.pinyin.json#681,2,8,长,2,平,3,仄,ci.清.0012.pinyin.json 第3阕第9字 语料拼音 zhǎng,待裁定
ci.清.0012.pinyin.json#682,0,25,甚,4,仄,2,平,ci.清.0012.pinyin.json 第1阕第26字 语料拼音 shén,待裁定
ci.清.0012.pinyin.json#683,0,16,甚,4,仄,2,平,ci.清.0012.pinyin.json 第1阕第17字 语料拼音 shén,待裁定
ci.清.0012.pinyin.json#684,1,17,长,2,平,3,仄,ci.清.0012.pinyin.json 第2阕第18字 语料拼音 zhǎng,待裁定
ci.清.0012.pinyin.json#688,0,16,长,2,平,3,仄,ci.清.0012.pinyin.json 第1阕第17字 语料拼音 zhǎng,待裁定
ci.清.0012.pinyin.json#688,0,18,长,2,平,3,仄,ci.清.0012.pinyin.json 第1阕第19字 语料拼音 zhǎng,待裁定
ci.清.0012.pinyin.json#692,1,22,别,4,仄,2,平,ci.清.0012.pinyin.json 第2阕第23字 语料拼音 bié,待裁定
ci.清.0012.pinyin.json#693,0,18,别,4,仄,2,平,ci.清.0012.pinyin.json 第1阕第19字 语料拼音 bié,待裁定
ci.清.0012.pinyin.json#700,1,7,长,2,平,3,仄,ci.清.0012.pinyin.json 第2阕第8字 语料拼音 zhǎng,待裁定
ci.清.0012.pinyin.json#703,0,15,别,4,仄,2,平,ci.清.0012.pinyin.json 第1阕第16字 语料拼音 bié,待裁定
ci.清.0012.pinyin.json#705,0,19,绝,4,仄,2,平,ci.清.0012.pinyin.json 第1阕第20字 语料拼音 jué,待裁定
ci.清.0012.pinyin.json#706,1,8,绝,4,仄,2,平,ci.清.0012.pinyin.json 第2阕第9字 语料拼音 jué,待裁定
ci.清.0012.pinyin.json#709,0,36,别,4,仄,2,平,ci.清.0012.pinyin.json 第1阕第37字 语料拼音 bié,待裁定
ci.清.0012.pinyin.json#710,1,37,甚,4,仄,2,平,ci.清.0012.pinyin.json 第2阕第38字 语料拼音 shén,待裁定
ci.清.0012.pinyin.json#712,1,14,甚,4,仄,2,平,ci.清.0012.pinyin.json 第2阕第15字 语料拼音 shén,待裁定
ci.清.0012.pinyin.json#714,0,13,别,4,仄,2,平,ci.清.0012.pinyin.json 第1阕第14字 语料拼音 bié,待裁定
ci.清.0012.pinyin.json#715,1,1,别,4,仄,2,平,ci.清.0012.pinyin.json 第2阕第2字 语料拼音 bié,待裁定
ci.清.0012.pinyin.json#720,0,24,长,2,平,3,仄,ci.清.0012.pinyin.json 第1阕第25字 语料拼音 zhǎng,待裁定
ci.清.0012.pinyin.json#720,1,16,别,4,仄,2,平,ci.清.0012.pinyin.json 第2阕第17字 语料拼音 bié,待裁定
ci.清.0012.pinyin.json#733,0,23,长,2,平,3,仄,ci.清.0012.pinyin.json 第1阕第24字 语料拼音 zhǎng,待裁定
ci.清.0012.pinyin.json#735,1,10,长,2,平,3,仄,ci.清.0012.pinyin.json 第2阕第11字 语料拼音 zhǎng,待裁定
ci.清.0012.pinyin.json#755,0,20,甚,4,仄,2,平,ci.清.0012.pinyin.json 第1阕第21字 语料拼音 shén,待裁定
ci.清.0012.pinyin.json#759,0,4,别,4,仄,2,平,ci.清.0012.pinyin.json 第1阕第5字 语料拼音 bié,待裁定
ci.清.0012.pinyin.json#760,1,8,长,2,平,3,仄,ci.清.0012.pinyin.json 第2阕第9字 语料拼音 zhǎng,待裁定
ci.清.0012.pinyin.json#763,0,18,绝,4,仄,2,平,ci.清.0012.pinyin.json 第1阕第19字 语料拼音 jué,待裁定
ci.清.0012.pinyin.json#767,1,2,长,2,平,3,仄,ci.清.0012.pinyin.json 第2阕第3字 语料拼音 zhǎng,待裁定
ci.清.0012.pinyin.json#768,1,0,长,2,平,3,仄,ci.清.0012.pinyin.json 第2阕第1字 语料拼音 zhǎng,待裁定
ci.清.0012.pinyin.json#769,1,6,甚,4,仄,2,平,ci.清.0012.pinyin.json 第2阕第7字 语料拼音 shén,待裁定
ci.清.0012.pinyin.json#770,0,44,长,2,平,3,仄,ci.清.0012.pinyin.json 第1阕第45字 语料拼音 zhǎng,待裁定
ci.清.0012.pinyin.json#771,0,4,绝,4,仄,2,平,ci.清.0012.pinyin.json 第1阕第5字 语料拼音 jué,待裁定
ci.清.0012.pinyin.json#776,0,15,别,4,仄,2,平,ci.清.0012.pinyin.json 第1阕第16字 语料拼音 bié,待裁定
ci.清.0012.pinyin.json#776,1,4,长,2,平,3,仄,ci.清.0012.pinyin.json 第2阕第5字 语料拼音 zhǎng,待裁定
ci.清.0012.pinyin.json#778,1,13,长,2,平,3,仄,ci.清.0012.pinyin.json 第2阕第14字 语料拼音 zhǎng,待裁定
ci.清.0012.pinyin.json#800,1,23,长,2,平,3,仄,ci.清.0012.pinyin.json 第2阕第24字 语料拼音 zhǎng,待裁定
ci.清.0012.pinyin.json#801,0,9,甚,4,仄,2,平,ci.清.0012.pinyin.json 第1阕第10字 语料拼音 shén,待裁定
ci.清.0012.pinyin.json#804,0,29,长,2,平,3,仄,ci.清.0012.pinyin.json 第1阕第30字 语料拼音 zhǎng,待裁定
ci.清.0012.pinyin.json#805,1,18,别,4,仄,2,平,ci.清.0012.pinyin.json 第2阕第19字 语料拼音 bié,待裁定
ci.清.0012.pinyin.json#810,0,6,长,2,平,3,仄,ci.清.0012.pinyin.json 第1阕第7字 语料拼音 zhǎng,待裁定
ci.清.0012.pinyin.json#810,1,10,别,4,仄,2,平,ci.清.0012.pinyin.json 第2阕第11字 语料拼音 bié,待裁定
ci.清.0012.pinyin.json#815,0,1,甚,4,仄,2,平,ci.清.0012.pinyin.json 第1阕第2字 语料拼音 shén,待裁定
ci.清.0012.pinyin.json#822,1,18,长,2,平,3,仄,ci.清.0012.pinyin.json 第2阕第19字 语料拼音 zhǎng,待裁定
ci.清.0012.pinyin.json#831,1,35,长,2,平,3,仄,ci.清.0012.pinyin.json 第2阕第36字 语料拼音 zhǎng,待裁定
ci.清.0012.pinyin.json#834,1,11,长,2,平,3,仄,ci.清.0012.pinyin.json 第2阕第12字 语料拼音 zhǎng,待裁定
ci.清.0012.pinyin.json#836,1,13,长,2,平,3,仄,ci.清.0012.pinyin.json 第2阕第14字 语料拼音 zhǎng,待裁定
ci.清.0012.pinyin.json#836,1,47,甚,4,仄,2,平,ci.清.0012.pinyin.json 第2阕第48字 语料拼音 shén,待裁定
ci.清.0012.pinyin.json#837,0,11,别,4,仄,2,平,ci.清.0012.pinyin.json 第1阕第12字 语料拼音 bié,待裁定
ci.清.0012.pinyin.json#839,0,13,长,2,平,3,仄,ci.清.0012.pinyin.json 第1阕第14字 语料拼音 zhǎng,待裁定
ci.清.0012.pinyin.json#840,0,28,长,2,平,3,仄,ci.清.0012.pinyin.json 第1阕第29字 语料拼音 zhǎng,待裁定
ci.清.0012.pinyin.json#845,1,43,长,2,平,3,仄,ci.清.0012.pinyin.json 第2阕第44字 语料拼音 zhǎng,待裁定
ci.清.0012.pinyin.json#846,0,4,长,2,平,3,仄,ci.清.0012.pinyin.json 第1阕第5字 语料拼音 zhǎng,待裁定
ci.清.0012.pinyin.json#851,1,9,长,2,平,3,仄,ci.清.0012.pinyin.json 第2阕第10字 语料拼音 zhǎng,待裁定
ci.清.0012.pinyin.json#852,0,2,别,4,仄,2,平,ci.清.0012.pinyin.json 第1阕第3字 语料拼音 bié,待裁定
ci.清.0012.pinyin.json#856,1,2,长,2,平,3,仄,ci.清.0012.pinyin.json 第2阕第3字 语料拼音 zhǎng,待裁定
ci.清.0012.pinyin.json#857,0,39,甚,4,仄,2,平,ci.清.0012.pinyin.json 第1阕第40字 语料拼音 shén,待裁定
ci.清.0012.pinyin.json#857,1,28,别,4,仄,2,平,ci.清.0012.pinyin.json 第2阕第29字 语料拼音 bié,待裁定
ci.清.0012.pinyin.json#864,1,5,别,4,仄,2,平,ci.清.0012.pinyin.json 第2阕第6字 语料拼音 bié,待裁定
ci.清.0012.pinyin.json#868,0,34,长,2,平,3,仄,ci.清.0012.pinyin.json 第1阕第35字 语料拼音 zhǎng,待裁定
ci.清.0012.pinyin.json#868,1,47,长,2,平,3,仄,ci.清.0012.pinyin.json 第2阕第48字 语料拼音 zhǎng,待裁定
ci.清.0012.pinyin.json#869,0,31,别,4,仄,2,平,ci.清.0012.pinyin.json 第1阕第32字 语料拼音 bié,待裁定
ci.清.0012.pinyin.json#880,0,73,长,2,平,3,仄,ci.清.0012.pinyin.json 第1阕第74字 语料拼音 zhǎng,待裁定
ci.清.0012.pinyin.json#880,1,9,长,2,平,3,仄,ci.清.0012.pinyin.json 第2阕第10字 语料拼音 zhǎng,待裁定
ci.清.0012.pinyin.json#884,2,24,绝,4,仄,2,平,ci.清.0012.pinyin.json 第3阕第25字 语料拼音 jué,待裁定
ci.清.0012.pinyin.json#887,0,27,别,4,仄,2,平,ci.清.0012.pinyin.json 第1阕第28字 语料拼音 bié,待裁定
ci.清.0012.pinyin.json#900,1,12,长,2,平,3,仄,ci.清.0012.pinyin.json 第2阕第13字 语料拼音 zhǎng,待裁定
ci.清.0012.pinyin.json#909,0,22,长,2,平,3,仄,ci.清.0012.pinyin.json 第1阕第23字 语料拼音 zhǎng,待裁定
ci.清.0012.pinyin.json#913,0,2,长,2,平,3,仄,ci.清.0012.pinyin.json 第1阕第3字 语料拼音 zhǎng,待裁定
ci.清.0012.pinyin.json#913,1,2,长,2,平,3,仄,ci.清.0012.pinyin.json 第2阕第3字 语料拼音 zhǎng,待裁定
ci.清.0012.pinyin.json#918,1,39,长,2,平,3,仄,ci.清.0012.pinyin.json 第2阕第40字 语料拼音 zhǎng,待裁定
ci.清.0012.pinyin.json#928,0,46,长,2,平,3,仄,ci.清.0012.pinyin.json 第1阕第47字 语料拼音 zhǎng,待裁定
ci.清.0012.pinyin.json#935,1,30,甚,4,仄,2,平,ci.清.0012.pinyin.json 第2阕第31字 语料拼音 shén,待裁定
ci.清.0012.pinyin.json#936,1,9,绝,4,仄,2,平,ci.清.0012.pinyin.json 第2阕第10字 语料拼音 jué,待裁定
ci.清.0012.pinyin.json#942,0,55,长,2,平,3,仄,ci.清.0012.pinyin.json 第1阕第56字 语料拼音 zhǎng,待裁定
ci.清.0012.pinyin.json#952,1,34,长,2,平,3,仄,ci.清.0012.pinyin.json 第2阕第35字 语料拼音 zhǎng,待裁定
ci.清.0012.pinyin.json#957,0,34,绝,4,仄,2,平,ci.清.0012.pinyin.json 第1阕第35字 语料拼音 jué,待裁定
ci.清.0012.pinyin.json#964,0,25,绝,4,仄,2,平,ci.清.0012.pinyin.json 第1阕第26字 语料拼音 jué,待裁定
ci.清.0012.pinyin.json#965,1,13,别,4,仄,2,平,ci.清.0012.pinyin.json 第2阕第14字 语料拼音 bié,待裁定
ci.清.0012.pinyin.json#965,1,35,甚,4,仄,2,平,ci.清.0012.pinyin.json 第2阕第36字 语料拼音 shén,待裁定
ci.清.0012.pinyin.json#965,1,37,甚,4,仄,2,平,ci.清.0012.pinyin.json 第2阕第38字 语料拼音 shén,待裁定
ci.清.0012.pinyin.json#965,1,53,长,2,平,3,仄,ci.清.0012.pinyin.json 第2阕第54字 语料拼音 zhǎng,待裁定
ci.清.0012.pinyin.json#966,0,3,别,4,仄,2,平,ci.清.0012.pinyin.json 第1阕第4字 语料拼音 bié,待裁定
ci.清.0012.pinyin.json#968,1,11,别,4,仄,2,平,ci.清.0012.pinyin.json 第2阕第12字 语料拼音 bié,待裁定
ci.清.0012.pinyin.json#968,1,46,绝,4,仄,2,平,ci.清.0012.pinyin.json 第2阕第47字 语料拼音 jué,待裁定
ci.清.0012.pinyin.json#979,1,9,长,2,平,3,仄,ci.清.0012.pinyin.json 第2阕第10字 语料拼音 zhǎng,待裁定
ci.清.0012.pinyin.json#986,0,5,长,2,平,3,仄,ci.清.0012.pinyin.json 第1阕第6字 语料拼音 zhǎng,待裁定
ci.清.0013.pinyin.json#6,0,6,长,2,平,3,仄,ci.清.0013.pinyin.json 第1阕第7字 语料拼音 zhǎng,待裁定
ci.清.0013.pinyin.json#14,0,3,长,2,平,3,仄,ci.清.0013.pinyin.json 第1阕第4字 语料拼音 zhǎng,待裁定
ci.清.0013.pinyin.json#19,1,8,长,2,平,3,仄,ci.清.0013.pinyin.json 第2阕第9字 语料拼音 zhǎng,待裁定
ci.清.0013.pinyin.json#29,0,21,长,2,平,3,仄,ci.清.0013.pinyin.json 第1阕第22字 语料拼音 zhǎng,待裁定
ci.清.0013.pinyin.json#29,1,7,长,2,平,3,仄,ci.清.0013.pinyin.json 第2阕第8字 语料拼音 zhǎng,待裁定
ci.清.0013.pinyin.json#36,1,0,长,2,平,3,仄,ci.清.0013.pinyin.json 第2阕第1字 语料拼音 zhǎng,待裁定
ci.清.0013.pinyin.json#44,0,0,长,2,平,3,仄,ci.清.0013.pinyin.json 第1阕第1字 语料拼音 zhǎng,待裁定
ci.清.0013.pinyin.json#44,1,12,别,4,仄,2,平,ci.清.0013.pinyin.json 第2阕第13字 语料拼音 bié,待裁定
ci.清.0013.pinyin.json#47,1,33,长,2,平,3,仄,ci.清.0013.pinyin.json 第2阕第34字 语料拼音 zhǎng,待裁定
ci.清.0013.pinyin.json#50,1,16,长,2,平,3,仄,ci.清.0013.pinyin.json 第2阕第17字 语料拼音 zhǎng,待裁定
ci.清.0013.pinyin.json#51,0,5,长,2,平,3,仄,ci.清.0013.pinyin.json 第1阕第6字 语料拼音 zhǎng,待裁定
ci.清.0013.pinyin.json#78,1,8,长,2,平,3,仄,ci.清.0013.pinyin.json 第2阕第9字 语料拼音 zhǎng,待裁定
ci.清.0013.pinyin.json#80,1,3,长,2,平,3,仄,ci.清.0013.pinyin.json 第2阕第4字 语料拼音 zhǎng,待裁定
ci.清.0013.pinyin.json#90,0,16,绝,4,仄,2,平,ci.清.0013.pinyin.json 第1阕第17字 语料拼音 jué,待裁定
ci.清.0013.pinyin.json#90,0,21,绝,4,仄,2,平,ci.清.0013.pinyin.json 第1阕第22字 语料拼音 jué,待裁定
ci.清.0013.pinyin.json#93,1,10,长,2,平,3,仄,ci.清.0013.pinyin.json 第2阕第11字 语料拼音 zhǎng,待裁定
ci.清.0013.pinyin.json#93,1,19,长,2,平,3,仄,ci.清.0013.pinyin.json 第2阕第20字 语料拼音 zhǎng,待裁定
ci.清.0013.pinyin.json#98,0,16,甚,4,仄,2,平,ci.清.0013.pinyin.json 第1阕第17字 语料拼音 shén,待裁定
ci.清.0013.pinyin.json#98,0,21,甚,4,仄,2,平,ci.清.0013.pinyin.json 第1阕第22字 语料拼音 shén,待裁定
ci.清.0013.pinyin.json#98,1,12,别,4,仄,2,平,ci.清.0013.pinyin.json 第2阕第13字 语料拼音 bié,待裁定
ci.清.0013.pinyin.json#98,1,17,别,4,仄,2,平,ci.清.0013.pinyin.json 第2阕第18字 语料拼音 bié,待裁定
ci.清.0013.pinyin.json#99,1,10,长,2,平,3,仄,ci.清.0013.pinyin.json 第2阕第11字 语料拼音 zhǎng,待裁定
ci.清.0013.pinyin.json#99,1,19,长,2,平,3,仄,ci.清.0013.pinyin.json 第2阕第20字 语料拼音 zhǎng,待裁定
ci.清.0013.pinyin.json#106,1,7,长,2,平,3,仄,ci.清.0013.pinyin.json 第2阕第8字 语料拼音 zhǎng,待裁定
ci.清.0013.pinyin.json#114,0,17,长,2,平,3,仄,ci.清.0013.pinyin.json 第1阕第18字 语料拼音 zhǎng,待裁定
ci.清.0013.pinyin.json#114,1,7,别,4,仄,2,平,ci.清.0013.pinyin.json 第2阕第8字 语料拼音 bié,待裁定
ci.清.0013.pinyin.json#116,1,4,长,2,平,3,仄,ci.清.0013.pinyin.json 第2阕第5字 语料拼音 zhǎng,待裁定
ci.清.0013.pinyin.json#122,0,14,长,2,平,3,仄,ci.清.0013.pinyin.json 第1阕第15字 语料拼音 zhǎng,待裁定
ci.清.0013.pinyin.json#129,0,16,长,2,平,3,仄,ci.清.0013.pinyin.json 第1阕第17字 语料拼音 zhǎng,待裁定
ci.清.0013.pinyin.json#130,0,19,长,2,平,3,仄,ci.清.0013.pinyin.json 第1阕第20字 语料拼音 zhǎng,待裁定
ci.清.0013.pinyin.json#130,1,8,别,4,仄,2,平,ci.清.0013.pinyin.json 第2阕第9字 语料拼音 bié,待裁定
ci.清.0013.pinyin.json#135,0,8,甚,4,仄,2,平,ci.清.0013.pinyin.json 第1阕第9字 语料拼音 shén,待裁定
ci.清.0013.pinyin.json#135,0,31,甚,4,仄,2,平,ci.清.0013.pinyin.json 第1阕第32字 语料拼音 shén,待裁定
ci.清.0013.pinyin.json#141,0,20,别,4,仄,2,平,ci.清.0013.pinyin.json 第1阕第21字 语料拼音 bié,待裁定
ci.清.0013.pinyin.json#146,1,0,长,2,平,3,仄,ci.清.0013.pinyin.json 第2阕第1字 语料拼音 zhǎng,待裁定
ci.清.0013.pinyin.json#147,0,10,长,2,平,3,仄,ci.清.0013.pinyin.json 第1阕第11字 语料拼音 zhǎng,待裁定
ci.清.0013.pinyin.json#150,1,38,长,2,平,3,仄,ci.清.0013.pinyin.json 第2阕第39字 语料拼音 zhǎng,待裁定
ci.清.0013.pinyin.json#152,1,21,长,2,平,3,仄,ci.清.0013.pinyin.json 第2阕第22字 语料拼音 zhǎng,待裁定
ci.清.0013.pinyin.json#154,0,45,长,2,平,3,仄,ci.清.0013.pinyin.json 第1阕第46字 语料拼音 zhǎng,待裁定
ci.清.0013.pinyin.json#156,0,13,长,2,平,3,仄,ci.清.0013.pinyin.json 第1阕第14字 语料拼音 zhǎng,待裁定
ci.清.0013.pinyin.json#156,0,36,长,2,平,3,仄,ci.清.0013.pinyin.json 第1阕第37字 语料拼音 zhǎng,待裁定
ci.清.0013.pinyin.json#157,0,6,甚,4,仄,2,平,ci.清.0013.pinyin.json 第1阕第7字 语料拼音 shén,待裁定
ci.清.0013.pinyin.json#157,1,0,长,2,平,3,仄,ci.清.0013.pinyin.json 第2阕第1字 语料拼音 zhǎng,待裁定
ci.清.0013.pinyin.json#165,0,17,长,2,平,3,仄,ci.清.0013.pinyin.json 第1阕第18字 语料拼音 zhǎng,待裁定
ci.清.0013.pinyin.json#166,0,19,长,2,平,3,仄,ci.清.0013.pinyin.json 第1阕第20字 语料拼音 zhǎng,待裁定
ci.清.0013.pinyin.json#169,1,10,长,2,平,3,仄,ci.清.0013.pinyin.json 第2阕第11字 语料拼音 zhǎng,待裁定
ci.清.0013.pinyin.json#171,1,0,长,2,平,3,仄,ci.清.0013.pinyin.json 第2阕第1字 语料拼音 zhǎng,待裁定
ci.清.0013.pinyin.json#172,0,14,长,2,平,3,仄,ci.清.0013.pinyin.json 第1阕第15字 语料拼音 zhǎng,待裁定
ci.清.0013.pinyin.json#175,1,14,长,2,平,3,仄,ci.清.0013.pinyin.json 第2阕第15字 语料拼音 zhǎng,待裁定
ci.清.0013.pinyin.json#177,1,19,绝,4,仄,2,平,ci.清.0013.pinyin.json 第2阕第20字 语料拼音 jué,待裁定
ci.清.0013.pinyin.json#180,0,25,长,2,平,3,仄,ci.清.0013.pinyin.json 第1阕第26字 语料拼音 zhǎng,待裁定
ci.清.0013.pinyin.json#183,0,9,长,2,平,3,仄,ci.清.0013.pinyin.json 第1阕第10字 语料拼音 zhǎng,待裁定
ci.清.0013.pinyin.json#184,0,9,长,2,平,3,仄,ci.清.0013.pinyin.json 第1阕第10字 语料拼音 zhǎng,待裁定
ci.清.0013.pinyin.json#190,0,9,长,2,平,3,仄,ci.清.0013.pinyin.json 第1阕第10字 语料拼音 zhǎng,待裁定
ci.清.0013.pinyin.json#191,1,11,长,2,平,3,仄,ci.清.0013.pinyin.json 第2阕第12字 语料拼音 zhǎng,待裁定
ci.清.0013.pinyin.json#196,1,3,别,4,仄,2,平,ci.清.0013.pinyin.json 第2阕第4字 语料拼音 bié,待裁定
ci.清.0013.pinyin.json#203,0,47,长,2,平,3,仄,ci.清.0013.pinyin.json 第1阕第48字 语料拼音 zhǎng,待裁定
ci.清.0013.pinyin.json#204,1,11,长,2,平,3,仄,ci.清.0013.pinyin.json 第2阕第12字 语料拼音 zhǎng,待裁定
ci.清.0013.pinyin.json#205,0,5,别,4,仄,2,平,ci.清.0013.pinyin.json 第1阕第6字 语料拼音 bié,待裁定
ci.清.0013.pinyin.json#206,1,8,长,2,平,3,仄,ci.清.0013.pinyin.json 第2阕第9字 语料拼音 zhǎng,待裁定
ci.清.0013.pinyin.json#207,1,32,长,2,平,3,仄,ci.清.0013.pinyin.json 第2阕第33字 语料拼音 zhǎng,待裁定
ci.清.0013.pinyin.json#208,1,38,长,2,平,3,仄,ci.清.0013.pinyin.json 第2阕第39字 语料拼音 zhǎng,待裁定
ci.清.0013.pinyin.json#213,0,19,绝,4,仄,2,平,ci.清.0013.pinyin.json 第1阕第20字 语料拼音 jué,待裁定
ci.清.0013.pinyin.json#217,0,36,长,2,平,3,仄,ci.清.0013.pinyin.json 第1阕第37字 语料拼音 zhǎng,待裁定
ci.清.0013.pinyin.json#217,1,40,长,2,平,3,仄,ci.清.0013.pinyin.json 第2阕第41字 语料拼音 zhǎng,待裁定
ci.清.0013.pinyin.json#219,0,33,别,4,仄,2,平,ci.清.0013.pinyin.json 第1阕第34字 语料拼音 bié,待裁定
ci.清.0013.pinyin.json#219,1,20,绝,4,仄,2,平,ci.清.0013.pinyin.json 第2阕第21字 语料拼音 jué,待裁定
ci.清.0013.pinyin.json#221,0,7,长,2,平,3,仄,ci.清.0013.pinyin.json 第1阕第8字 语料拼音 zhǎng,待裁定
ci.清.0013.pinyin.json#223,1,5,长,2,平,3,仄,ci.清.0013.pinyin.json 第2阕第6字 语料拼音 zhǎng,待裁定
ci.清.0013.pinyin.json#225,1,6,长,2,平,3,仄,ci.清.0013.pinyin.json 第2阕第7字 语料拼音 zhǎng,待裁定
ci.清.0013.pinyin.json#227,0,41,长,2,平,3,仄,ci.清.0013.pinyin.json 第1阕第42字 语料拼音 zhǎng,待裁定
ci.清.0013.pinyin.json#227,0,50,别,4,仄,2,平,ci.清.0013.pinyin.json 第1阕第51字 语料拼音 bié,待裁定
ci.清.0013.pinyin.json#227,1,43,长,2,平,3,仄,ci.清.0013.pinyin.json 第2阕第44字 语料拼音 zhǎng,待裁定
ci.清.0013.pinyin.json#227,1,54,别,4,仄,2,平,ci.清.0013.pinyin.json 第2阕第55字 语料拼音 bié,待裁定
ci.清.0013.pinyin.json#228,0,16,长,2,平,3,仄,ci.清.0013.pinyin.json 第1阕第17字 语料拼音 zhǎng,待裁定
ci.清.0013.pinyin.json#228,0,39,别,4,仄,2,平,ci.清.0013.pinyin.json 第1阕第40字 语料拼音 bié,待裁定
ci.清.0013.pinyin.json#229,1,14,长,2,平,3,仄,ci.清.0013.pinyin.json 第2阕第15字 语料拼音 zhǎng,待裁定
ci.清.0013.pinyin.json#230,0,7,长,2,平,3,仄,ci.清.0013.pinyin.json 第1阕第8字 语料拼音 zhǎng,待裁定
ci.清.0013.pinyin.json#231,0,9,长,2,平,3,仄,ci.清.0013.pinyin.json 第1阕第10字 语料拼音 zhǎng,待裁定
ci.清.0013.pinyin.json#235,0,2,长,2,平,3,仄,ci.清.0013.pinyin.json 第1阕第3字 语料拼音 zhǎng,待裁定
ci.清.0013.pinyin.json#241,0,0,长,2,平,3,仄,ci.清.0013.pinyin.json 第1阕第1字 语料拼音 zhǎng,待裁定
ci.清.0013.pinyin.json#243,1,6,甚,4,仄,2,平,ci.清.0013.pinyin.json 第2阕第7字 语料拼音 shén,待裁定
ci.清.0013.pinyin.json#246,3,16,长,2,平,3,仄,ci.清.0013.pinyin.json 第4阕第17字 语料拼音 zhǎng,待裁定
ci.清.0013.pinyin.json#248,0,20,长,2,平,3,仄,ci.清.0013.pinyin.json 第1阕第21字 语料拼音 zhǎng,待裁定
ci.清.0013.pinyin.json#248,0,59,甚,4,仄,2,平,ci.清.0013.pinyin.json 第1阕第60字 语料拼音 shén,待裁定
ci.清.0013.pinyin.json#251,1,7,长,2,平,3,仄,ci.清.0013.pinyin.json 第2阕第8字 语料拼音 zhǎng,待裁定
ci.清.0013.pinyin.json#268,0,19,长,2,平,3,仄,ci.清.0013.pinyin.json 第1阕第20字 语料拼音 zhǎng,待裁定
ci.清.0013.pinyin.json#269,0,21,别,4,仄,2,平,ci.清.0013.pinyin.json 第1阕第22字 语料拼音 bié,待裁定
ci.清.0013.pinyin.json#275,0,0,别,4,仄,2,平,ci.清.0013.pinyin.json 第1阕第1字 语料拼音 bié,待裁定
ci.清.0013.pinyin.json#277,0,2,长,2,平,3,仄,ci.清.0013.pinyin.json 第1阕第3字 语料拼音 zhǎng,待裁定
ci.清.0013.pinyin.json#277,0,6,别,4,仄,2,平,ci.清.0013.pinyin.json 第1阕第7字 语料拼音 bié,待裁定
ci.清.0013.pinyin.json#277,1,6,长,2,平,3,仄,ci.清.0013.pinyin.json 第2阕第7字 语料拼音 zhǎng,待裁定
ci.清.0013.pinyin.json#279,1,1,甚,4,仄,2,平,ci.清.0013.pinyin.json 第2阕第2字 语料拼音 shén,待裁定
ci.清.0013.pinyin.json#289,2,1,绝,4,仄,2,平,ci.清.0013.pinyin.json 第3阕第2字 语料拼音 jué,待裁定
ci.清.0013.pinyin.json#291,1,8,别,4,仄,2,平,ci.清.0013.pinyin.json 第2阕第9字 语料拼音 bié,待裁定
ci.清.0013.pinyin.json#291,1,23,长,2,平,3,仄,ci.清.0013.pinyin.json 第2阕第24字 语料拼音 zhǎng,待裁定
ci.清.0013.pinyin.json#294,0,46,长,2,平,3,仄,ci.清.0013.pinyin.json 第1阕第47字 语料拼音 zhǎng,待裁定
ci.清.0013.pinyin.json#294,1,23,别,4,仄,2,平,ci.清.0013.pinyin.json 第2阕第24字 语料拼音 bié,待裁定
ci.清.0013.pinyin.json#296,1,10,长,2,平,3,仄,ci.清.0013.pinyin.json 第2阕第11字 语料拼音 zhǎng,待裁定
ci.清.0013.pinyin.json#298,0,9,绝,4,仄,2,平,ci.清.0013.pinyin.json 第1阕第10字 语料拼音 jué,待裁定
ci.清.0013.pinyin.json#298,0,12,绝,4,仄,2,平,ci.清.0013.pinyin.json 第1阕第13字 语料拼音 jué,待裁定
ci.清.0013.pinyin.json#301,1,24,长,2,平,3,仄,ci.清.0013.pinyin.json 第2阕第25字 语料拼音 zhǎng,待裁定
ci.清.0013.pinyin.json#301,1,28,长,2,平,3,仄,ci.清.0013.pinyin.json 第2阕第29字 语料拼音 zhǎng,待裁定
ci.清.0013.pinyin.json#304,0,17,长,2,平,3,仄,ci.清.0013.pinyin.json 第1阕第18字 语料拼音 zhǎng,待裁定
ci.清.0013.pinyin.json#306,1,15,长,2,平,3,仄,ci.清.0013.pinyin.json 第2阕第16字 语料拼音 zhǎng,待裁定
ci.清.0013.pinyin.json#310,0,2,绝,4,仄,2,平,ci.清.0013.pinyin.json 第1阕第3字 语料拼音 jué,待裁定
ci.清.0013.pinyin.json#310,0,20,别,4,仄,2,平,ci.清.0013.pinyin.json 第1阕第21字 语料拼音 bié,待裁定
ci.清.0013.pinyin.json#319,0,14,长,2,平,3,仄,ci.清.0013.pinyin.json 第1阕第15字 语料拼音 zhǎng,待裁定
ci.清.0013.pinyin.json#319,0,44,长,2,平,3,仄,ci.清.0013.pinyin.json 第1阕第45字 语料拼音 zhǎng,待裁定
ci.清.0013.pinyin.json#321,0,24,别,4,仄,2,平,ci.清.0013.pinyin.json 第1阕第25字 语料拼音 bié,待裁定
ci.清.0013.pinyin.json#321,1,27,长,2,平,3,仄,ci.清.0013.pinyin.json 第2阕第28字 语料拼音 zhǎng,待裁定
ci.清.0013.pinyin.json#324,1,9,长,2,平,3,仄,ci.清.0013.pinyin.json 第2阕第10字 语料拼音 zhǎng,待裁定
ci.清.0013.pinyin.json#325,0,18,长,2,平,3,仄,ci.清.0013.pinyin.json 第1阕第19字 语料拼音 zhǎng,待裁定
ci.清.0013.pinyin.json#325,1,21,别,4,仄,2,平,ci.清.0013.pinyin.json 第2阕第22字 语料拼音 bié,待裁定
ci.清.0013.pinyin.json#325,1,36,长,2,平,3,仄,ci.清.0013.pinyin.json 第2阕第37字 语料拼音 zhǎng,待裁定
ci.清.0013.pinyin.json#327,0,42,长,2,平,3,仄,ci.清.0013.pinyin.json 第1阕第43字 语料拼音 zhǎng,待裁定
ci.清.0013.pinyin.json#329,0,48,绝,4,仄,2,平,ci.清.0013.pinyin.json 第1阕第49字 语料拼音 jué,待裁定
ci.清.0013.pinyin.json#329,1,35,长,2,平,3,仄,ci.清.0013.pinyin.json 第2阕第36字 语料拼音 zhǎng,待裁定
ci.清.0013.pinyin.json#330,0,11,绝,4,仄,2,平,ci.清.0013.pinyin.json 第1阕第12字 语料拼音 jué,待裁定
ci.清.0013.pinyin.json#330,1,20,长,2,平,3,仄,ci.清.0013.pinyin.json 第2阕第21字 语料拼音 zhǎng,待裁定
ci.清.0013.pinyin.json#333,1,27,长,2,平,3,仄,ci.清.0013.pinyin.json 第2阕第28字 语料拼音 zhǎng,待裁定
ci.清.0013.pinyin.json#338,1,13,长,2,平,3,仄,ci.清.0013.pinyin.json 第2阕第14字 语料拼音 zhǎng,待裁定
ci.清.0013.pinyin.json#339,0,24,绝,4,仄,2,平,ci.清.0013.pinyin.json 第1阕第25字 语料拼音 jué,待裁定
ci.清.0013.pinyin.json#339,0,38,甚,4,仄,2,平,ci.清.0013.pinyin.json 第1阕第39字 语料拼音 shén,待裁定
ci.清.0013.pinyin.json#341,1,14,长,2,平,3,仄,ci.清.0013.pinyin.json 第2阕第15字 语料拼音 zhǎng,待裁定
ci.清.0013.pinyin.json#343,1,2,别,4,仄,2,平,ci.清.0013.pinyin.json 第2阕第3字 语料拼音 bié,待裁定
ci.清.0013.pinyin.json#344,1,57,长,2,平,3,仄,ci.清.0013.pinyin.json 第2阕第58字 语料拼音 zhǎng,待裁定
ci.清.0013.pinyin.json#350,1,24,长,2,平,3,仄,ci.清.0013.pinyin.json 第2阕第25字 语料拼音 zhǎng,待裁定
ci.清.0013.pinyin.json#353,0,23,别,4,仄,2,平,ci.清.0013.pinyin.json 第1阕第24字 语料拼音 bié,待裁定
ci.清.0013.pinyin.json#353,1,23,绝,4,仄,2,平,ci.清.0013.pinyin.json 第2阕第24字 语料拼音 jué,待裁定
ci.清.0013.pinyin.json#361,0,27,长,2,平,3,仄,ci.清.0013.pinyin.json 第1阕第28字 语料拼音 zhǎng,待裁定
ci.清.0013.pinyin.json#367,0,39,长,2,平,3,仄,ci.清.0013.pinyin.json 第1阕第40字 语料拼音 zhǎng,待裁定
ci.清.0013.pinyin.json#371,1,35,长,2,平,3,仄,ci.清.0013.pinyin.json 第2阕第36字 语料拼音 zhǎng,待裁定
ci.清.0013.pinyin.json#373,1,4,绝,4,仄,2,平,ci.清.0013.pinyin.json 第2阕第5字 语料拼音 jué,待裁定
ci.清.0013.pinyin.json#375,0,19,长,2,平,3,仄,ci.清.0013.pinyin.json 第1阕第20字 语料拼音 zhǎng,待裁定
ci.清.0013.pinyin.json#382,1,37,别,4,仄,2,平,ci.清.0013.pinyin.json 第2阕第38字 语料拼音 bié,待裁定
ci.清.0013.pinyin.json#383,0,31,别,4,仄,2,平,ci.清.0013.pinyin.json 第1阕第32字 语料拼音 bié,待裁定
ci.清.0013.pinyin.json#385,0,0,长,2,平,3,仄,ci.清.0013.pinyin.json 第1阕第1字 语料拼音 zhǎng,待裁定
ci.清.0013.pinyin.json#385,1,54,长,2,平,3,仄,ci.清.0013.pinyin.json 第2阕第55字 语料拼音 zhǎng,待裁定
ci.清.0013.pinyin.json#387,0,1,长,2,平,3,仄,ci.清.0013.pinyin.json 第1阕第2字 语料拼音 zhǎng,待裁定
ci.清.0013.pinyin.json#387,0,54,长,2,平,3,仄,ci.清.0013.pinyin.json 第1阕第55字 语料拼音 zhǎng,待裁定
ci.清.0013.pinyin.json#389,0,37,别,4,仄,2,平,ci.清.0013.pinyin.json 第1阕第38字 语料拼音 bié,待裁定
ci.清.0013.pinyin.json#392,0,9,绝,4,仄,2,平,ci.清.0013.pinyin.json 第1阕第10字 语料拼音 jué,待裁定
ci.清.0013.pinyin.json#392,0,12,绝,4,仄,2,平,ci.清.0013.pinyin.json 第1阕第13字 语料拼音 jué,待裁定
ci.清.0013.pinyin.json#399,1,11,别,4,仄,2,平,ci.清.0013.pinyin.json 第2阕第12字 语料拼音 bié,待裁定
ci.清.0013.pinyin.json#401,1,28,长,2,平,3,仄,ci.清.0013.pinyin.json 第2阕第29字 语料拼音 zhǎng,待裁定
ci.清.0013.pinyin.json#402,0,17,长,2,平,3,仄,ci.清.0013.pinyin.json 第1阕第18字 语料拼音 zhǎng,待裁定
ci.清.0013.pinyin.json#402,1,6,别,4,仄,2,平,ci.清.0013.pinyin.json 第2阕第7字 语料拼音 bié,待裁定
ci.清.0013.pinyin.json#407,1,30,长,2,平,3,仄,ci.清.0013.pinyin.json 第2阕第31字 语料拼音 zhǎng,待裁定
ci.清.0013.pinyin.json#409,1,40,绝,4,仄,2,平,ci.清.0013.pinyin.json 第2阕第41字 语料拼音 jué,待裁定
ci.清.0013.pinyin.json#410,0,17,甚,4,仄,2,平,ci.清.0013.pinyin.json 第1阕第18字 语料拼音 shén,待裁定
ci.清.0013.pinyin.json#410,1,27,长,2,平,3,仄,ci.清.0013.pinyin.json 第2阕第28字 语料拼音 zhǎng,待裁定
ci.清.0013.pinyin.json#415,1,34,别,4,仄,2,平,ci.清.0013.pinyin.json 第2阕第35字 语料拼音 bié,待裁定
ci.清.0013.pinyin.json#416,0,17,别,4,仄,2,平,ci.清.0013.pinyin.json 第1阕第18字 语料拼音 bié,待裁定
ci.清.0013.pinyin.json#429,1,5,长,2,平,3,仄,ci.清.0013.pinyin.json 第2阕第6字 语料拼音 zhǎng,待裁定
ci.清.0013.pinyin.json#434,1,25,长,2,平,3,仄,ci.清.0013.pinyin.json 第2阕第26字 语料拼音 zhǎng,待裁定
ci.清.0013.pinyin.json#435,0,10,别,4,仄,2,平,ci.清.0013.pinyin.json 第1阕第11字 语料拼音 bié,待裁定
ci.清.0013.pinyin.json#435,0,11,长,2,平,3,仄,ci.清.0013.pinyin.json 第1阕第12字 语料拼音 zhǎng,待裁定
ci.清.0013.pinyin.json#443,1,31,别,4,仄,2,平,ci.清.0013.pinyin.json 第2阕第32字 语料拼音 bié,待裁定
ci.清.0013.pinyin.json#445,1,33,长,2,平,3,仄,ci.清.0013.pinyin.json 第2阕第34字 语料拼音 zhǎng,待裁定
ci.清.0013.pinyin.json#446,1,11,别,4,仄,2,平,ci.清.0013.pinyin.json 第2阕第12字 语料拼音 bié,待裁定
ci.清.0013.pinyin.json#467,0,5,别,4,仄,2,平,ci.清.0013.pinyin.json 第1阕第6字 语料拼音 bié,待裁定
ci.清.0013.pinyin.json#469,0,22,别,4,仄,2,平,ci.清.0013.pinyin.json 第1阕第23字 语料拼音 bié,待裁定
ci.清.0013.pinyin.json#469,1,3,长,2,平,3,仄,ci.清.0013.pinyin.json 第2阕第4字 语料拼音 zhǎng,待裁定
ci.清.0013.pinyin.json#469,1,45,绝,4,仄,2,平,ci.清.0013.pinyin.json 第2阕第46字 语料拼音 jué,待裁定
ci.清.0013.pinyin.json#472,0,0,长,2,平,3,仄,ci.清.0013.pinyin.json 第1阕第1字 语料拼音 zhǎng,待裁定
ci.清.0013.pinyin.json#478,0,28,别,4,仄,2,平,ci.清.0013.pinyin.json 第1阕第29字 语料拼音 bié,待裁定
ci.清.0013.pinyin.json#480,1,13,绝,4,仄,2,平,ci.清.0013.pinyin.json 第2阕第14字 语料拼音 jué,待裁定
ci.清.0013.pinyin.json#481,1,26,长,2,平,3,仄,ci.清.0013.pinyin.json 第2阕第27字 语料拼音 zhǎng,待裁定
ci.清.0013.pinyin.json#483,0,12,别,4,仄,2,平,ci.清.0013.pinyin.json 第1阕第13字 语料拼音 bié,待裁定
ci.清.0013.pinyin.json#483,0,26,长,2,平,3,仄,ci.清.0013.pinyin.json 第1阕第27字 语料拼音 zhǎng,待裁定
ci.清.0013.pinyin.json#484,0,14,长,2,平,3,仄,ci.清.0013.pinyin.json 第1阕第15字 语料拼音 zhǎng,待裁定
ci.清.0013.pinyin.json#486,1,57,长,2,平,3,仄,ci.清.0013.pinyin.json 第2阕第58字 语料拼音 zhǎng,待裁定
ci.清.0013.pinyin.json#488,0,34,长,2,平,3,仄,ci.清.0013.pinyin.json 第1阕第35字 语料拼音 zhǎng,待裁定
ci.清.0013.pinyin.json#489,0,0,长,2,平,3,仄,ci.清.0013.pinyin.json 第1阕第1字 语料拼音 zhǎng,待裁定
ci.清.0013.pinyin.json#489,5,8,长,2,平,3,仄,ci.清.0013.pinyin.json 第6阕第9字 语料拼音 zhǎng,待裁定
ci.清.0013.pinyin.json#496,1,6,别,4,仄,2,平,ci.清.0013.pinyin.json 第2阕第7字 语料拼音 bié,待裁定
ci.清.0013.pinyin.json#505,0,38,甚,4,仄,2,平,ci.清.0013.pinyin.json 第1阕第39字 语料拼音 shén,待裁定
ci.清.0013.pinyin.json#507,1,24,长,2,平,3,仄,ci.清.0013.pinyin.json 第2阕第25字 语料拼音 zhǎng,待裁定
ci.清.0013.pinyin.json#508,1,35,长,2,平,3,仄,ci.清.0013.pinyin.json 第2阕第36字 语料拼音 zhǎng,待裁定
ci.清.0013.pinyin.json#509,1,40,长,2,平,3,仄,ci.清.0013.pinyin.json 第2阕第41字 语料拼音 zhǎng,待裁定
ci.清.0013.pinyin.json#511,0,3,长,2,平,3,仄,ci.清.0013.pinyin.json 第1阕第4字 语料拼音 zhǎng,待裁定
ci.清.0013.pinyin.json#513,0,39,长,2,平,3,仄,ci.清.0013.pinyin.json 第1阕第40字 语料拼音 zhǎng,待裁定
ci.清.0013.pinyin.json#513,1,43,长,2,平,3,仄,ci.清.0013.pinyin.json 第2阕第44字 语料拼音 zhǎng,待裁定
ci.清.0013.pinyin.json#516,0,13,别,4,仄,2,平,ci.清.0013.pinyin.json 第1阕第14字 语料拼音 bié,待裁定
ci.清.0013.pinyin.json#519,1,44,别,4,仄,2,平,ci.清.0013.pinyin.json 第2阕第45字 语料拼音 bié,待裁定
ci.清.0013.pinyin.json#520,0,4,别,4,仄,2,平,ci.清.0013.pinyin.json 第1阕第5字 语料拼音 bié,待裁定
ci.清.0013.pinyin.json#520,0,50,绝,4,仄,2,平,ci.清.0013.pinyin.json 第1阕第51字 语料拼音 jué,待裁定
ci.清.0013.pinyin.json#523,1,7,绝,4,仄,2,平,ci.清.0013.pinyin.json 第2阕第8字 语料拼音 jué,待裁定
ci.清.0013.pinyin.json#524,4,19,长,2,平,3,仄,ci.清.0013.pinyin.json 第5阕第20字 语料拼音 zhǎng,待裁定
ci.清.0013.pinyin.json#524,7,16,长,2,平,3,仄,ci.清.0013.pinyin.json 第8阕第17字 语料拼音 zhǎng,待裁定
ci.清.0013.pinyin.json#524,14,13,长,2,平,3,仄,ci.清.0013.pinyin.json 第15阕第14字 语料拼音 zhǎng,待裁定
ci.清.0013.pinyin.json#525,1,23,长,2,平,3,仄,ci.清.0013.pinyin.json 第2阕第24字 语料拼音 zhǎng,待裁定
ci.清.0013.pinyin.json#533,0,23,长,2,平,3,仄,ci.清.0013.pinyin.json 第1阕第24字 语料拼音 zhǎng,待裁定
ci.清.0013.pinyin.json#533,1,4,甚,4,仄,2,平,ci.清.0013.pinyin.json 第2阕第5字 语料拼音 shén,待裁定
ci.清.0013.pinyin.json#534,1,27,长,2,平,3,仄,ci.清.0013.pinyin.json 第2阕第28字 语料拼音 zhǎng,待裁定
ci.清.0013.pinyin.json#537,0,23,长,2,平,3,仄,ci.清.0013.pinyin.json 第1阕第24字 语料拼音 zhǎng,待裁定
ci.清.0013.pinyin.json#538,1,6,别,4,仄,2,平,ci.清.0013.pinyin.json 第2阕第7字 语料拼音 bié,待裁定
ci.清.0013.pinyin.json#540,0,31,长,2,平,3,仄,ci.清.0013.pinyin.json 第1阕第32字 语料拼音 zhǎng,待裁定
ci.清.0013.pinyin.json#540,1,42,长,2,平,3,仄,ci.清.0013.pinyin.json 第2阕第43字 语料拼音 zhǎng,待裁定
ci.清.0013.pinyin.json#542,0,0,绝,4,仄,2,平,ci.清.0013.pinyin.json 第1阕第1字 语料拼音 jué,待裁定
ci.清.0013.pinyin.json#543,1,6,长,2,平,3,仄,ci.清.0013.pinyin.json 第2阕第7字 语料拼音 zhǎng,待裁定
ci.清.0013.pinyin.json#544,0,33,长,2,平,3,仄,ci.清.0013.pinyin.json 第1阕第34字 语料拼音 zhǎng,待裁定
ci.清.0013.pinyin.json#553,1,2,长,2,平,3,仄,ci.清.0013.pinyin.json 第2阕第3字 语料拼音 zhǎng,待裁定
ci.清.0013.pinyin.json#555,0,5,长,2,平,3,仄,ci.清.0013.pinyin.json 第1阕第6字 语料拼音 zhǎng,待裁定
ci.清.0013.pinyin.json#562,0,24,长,2,平,3,仄,ci.清.0013.pinyin.json 第1阕第25字 语料拼音 zhǎng,待裁定
ci.清.0013.pinyin.json#565,0,5,长,2,平,3,仄,ci.清.0013.pinyin.json 第1阕第6字 语料拼音 zhǎng,待裁定
ci.清.0013.pinyin.json#565,1,19,长,2,平,3,仄,ci.清.0013.pinyin.json 第2阕第20字 语料拼音 zhǎng,待裁定
ci.清.0013.pinyin.json#573,1,23,长,2,平,3,仄,ci.清.0013.pinyin.json 第2阕第24字 语料拼音 zhǎng,待裁定
ci.清.0013.pinyin.json#575,1,51,长,2,平,3,仄,ci.清.0013.pinyin.json 第2阕第52字 语料拼音 zhǎng,待裁定
ci.清.0013.pinyin.json#581,1,39,长,2,平,3,仄,ci.清.0013.pinyin.json 第2阕第40字 语料拼音 zhǎng,待裁定
ci.清.0013.pinyin.json#587,1,8,长,2,平,3,仄,ci.清.0013.pinyin.json 第2阕第9字 语料拼音 zhǎng,待裁定
ci.清.0013.pinyin.json#601,1,30,甚,4,仄,2,平,ci.清.0013.pinyin.json 第2阕第31字 语料拼音 shén,待裁定
ci.清.0013.pinyin.json#602,0,21,长,2,平,3,仄,ci.清.0013.pinyin.json 第1阕第22字 语料拼音 zhǎng,待裁定
ci.清.0013.pinyin.json#605,0,6,长,2,平,3,仄,ci.清.0013.pinyin.json 第1阕第7字 语料拼音 zhǎng,待裁定
ci.清.0013.pinyin.json#606,1,30,长,2,平,3,仄,ci.清.0013.pinyin.json 第2阕第31字 语料拼音 zhǎng,待裁定
ci.清.0013.pinyin.json#607,0,21,绝,4,仄,2,平,ci.清.0013.pinyin.json 第1阕第22字 语料拼音 jué,待裁定
ci.清.0013.pinyin.json#620,1,12,绝,4,仄,2,平,ci.清.0013.pinyin.json 第2阕第13字 语料拼音 jué,待裁定
ci.清.0013.pinyin.json#621,1,5,长,2,平,3,仄,ci.清.0013.pinyin.json 第2阕第6字 语料拼音 zhǎng,待裁定
ci.清.0013.pinyin.json#621,1,11,长,2,平,3,仄,ci.清.0013.pinyin.json 第2阕第12字 语料拼音 zhǎng,待裁定
ci.清.0013.pinyin.json#625,1,17,长,2,平,3,仄,ci.清.0013.pinyin.json 第2阕第18字 语料拼音 zhǎng,待裁定
ci.清.0013.pinyin.json#626,1,21,长,2,平,3,仄,ci.清.0013.pinyin.json 第2阕第22字 语料拼音 zhǎng,待裁定
ci.清.0013.pinyin.json#629,0,10,长,2,平,3,仄,ci.清.0013.pinyin.json 第1阕第11字 语料拼音 zhǎng,待裁定
ci.清.0013.pinyin.json#632,0,24,长,2,平,3,仄,ci.清.0013.pinyin.json 第1阕第25字 语料拼音 zhǎng,待裁定
ci.清.0013.pinyin.json#637,0,0,别,4,仄,2,平,ci.清.0013.pinyin.json 第1阕第1字 语料拼音 bié,待裁定
ci.清.0013.pinyin.json#639,1,6,长,2,平,3,仄,ci.清.0013.pinyin.json 第2阕第7字 语料拼音 zhǎng,待裁定
ci.清.0013.pinyin.json#640,1,17,别,4,仄,2,平,ci.清.0013.pinyin.json 第2阕第18字 语料拼音 bié,待裁定
ci.清.0013.pinyin.json#641,0,21,长,2,平,3,仄,ci.清.0013.pinyin.json 第1阕第22字 语料拼音 zhǎng,待裁定
ci.清.0013.pinyin.json#645,0,20,长,2,平,3,仄,ci.清.0013.pinyin.json 第1阕第21字 语料拼音 zhǎng,待裁定
ci.清.0013.pinyin.json#646,0,5,长,2,平,3,仄,ci.清.0013.pinyin.json 第1阕第6字 语料拼音 zhǎng,待裁定
ci.清.0013.pinyin.json#648,1,4,长,2,平,3,仄,ci.清.0013.pinyin.json 第2阕第5字 语料拼音 zhǎng,待裁定
ci.清.0013.pinyin.json#654,0,23,甚,4,仄,2,平,ci.清.0013.pinyin.json 第1阕第24字 语料拼音 shén,待裁定
ci.清.0013.pinyin.json#654,1,1,别,4,仄,2,平,ci.清.0013.pinyin.json 第2阕第2字 语料拼音 bié,待裁定
ci.清.0013.pinyin.json#656,0,28,长,2,平,3,仄,ci.清.0013.pinyin.json 第1阕第29字 语料拼音 zhǎng,待裁定
ci.清.0013.pinyin.json#657,0,22,别,4,仄,2,平,ci.清.0013.pinyin.json 第1阕第23字 语料拼音 bié,待裁定
ci.清.0013.pinyin.json#657,1,43,别,4,仄,2,平,ci.清.0013.pinyin.json 第2阕第44字 语料拼音 bié,待裁定
ci.清.0013.pinyin.json#660,0,11,长,2,平,3,仄,ci.清.0013.pinyin.json 第1阕第12字 语料拼音 zhǎng,待裁定
ci.清.0013.pinyin.json#662,0,36,长,2,平,3,仄,ci.清.0013.pinyin.json 第1阕第37字 语料拼音 zhǎng,待裁定
ci.清.0013.pinyin.json#667,1,13,长,2,平,3,仄,ci.清.0013.pinyin.json 第2阕第14字 语料拼音 zhǎng,待裁定
ci.清.0013.pinyin.json#671,1,13,长,2,平,3,仄,ci.清.0013.pinyin.json 第2阕第14字 语料拼音 zhǎng,待裁定
ci.清.0013.pinyin.json#672,0,9,绝,4,仄,2,平,ci.清.0013.pinyin.json 第1阕第10字 语料拼音 jué,待裁定
ci.清.0013.pinyin.json#672,1,13,长,2,平,3,仄,ci.清.0013.pinyin.json 第2阕第14字 语料拼音 zhǎng,待裁定
ci.清.0013.pinyin.json#673,1,4,长,2,平,3,仄,ci.清.0013.pinyin.json 第2阕第5字 语料拼音 zhǎng,待裁定
ci.清.0013.pinyin.json#674,1,23,别,4,仄,2,平,ci.清.0013.pinyin.json 第2阕第24字 语料拼音 bié,待裁定
ci.清.0013.pinyin.json#679,0,5,长,2,平,3,仄,ci.清.0013.pinyin.json 第1阕第6字 语料拼音 zhǎng,待裁定
ci.清.0013.pinyin.json#686,1,6,长,2,平,3,仄,ci.清.0013.pinyin.json 第2阕第7字 语料拼音 zhǎng,待裁定
ci.清.0013.pinyin.json#688,1,15,长,2,平,3,仄,ci.清.0013.pinyin.json 第2阕第16字 语料拼音 zhǎng,待裁定
ci.清.0013.pinyin.json#689,0,24,甚,4,仄,2,平,ci.清.0013.pinyin.json 第1阕第25字 语料拼音 shén,待裁定
ci.清.0013.pinyin.json#690,0,30,绝,4,仄,2,平,ci.清.0013.pinyin.json 第1阕第31字 语料拼音 jué,待裁定
ci.清.0013.pinyin.json#690,1,24,甚,4,仄,2,平,ci.清.0013.pinyin.json 第2阕第25字 语料拼音 shén,待裁定
ci.清.0013.pinyin.json#695,0,1,别,4,仄,2,平,ci.清.0013.pinyin.json 第1阕第2字 语料拼音 bié,待裁定
ci.清.0013.pinyin.json#699,1,17,长,2,平,3,仄,ci.清.0013.pinyin.json 第2阕第18字 语料拼音 zhǎng,待裁定
ci.清.0013.pinyin.json#700,0,21,长,2,平,3,仄,ci.清.0013.pinyin.json 第1阕第22字 语料拼音 zhǎng,待裁定
ci.清.0013.pinyin.json#700,1,38,绝,4,仄,2,平,ci.清.0013.pinyin.json 第2阕第39字 语料拼音 jué,待裁定
ci.清.0013.pinyin.json#705,1,13,绝,4,仄,2,平,ci.清.0013.pinyin.json 第2阕第14字 语料拼音 jué,待裁定
ci.清.0013.pinyin.json#706,0,39,绝,4,仄,2,平,ci.清.0013.pinyin.json 第1阕第40字 语料拼音 jué,待裁定
ci.清.0013.pinyin.json#715,1,37,长,2,平,3,仄,ci.清.0013.pinyin.json 第2阕第38字 语料拼音 zhǎng,待裁定
ci.清.0013.pinyin.json#720,0,43,别,4,仄,2,平,ci.清.0013.pinyin.json 第1阕第44字 语料拼音 bié,待裁定
ci.清.0013.pinyin.json#722,0,2,长,2,平,3,仄,ci.清.0013.pinyin.json 第1阕第3字 语料拼音 zhǎng,待裁定
ci.清.0013.pinyin.json#731,1,38,长,2,平,3,仄,ci.清.0013.pinyin.json 第2阕第39字 语料拼音 zhǎng,待裁定
ci.清.0013.pinyin.json#737,0,6,甚,4,仄,2,平,ci.清.0013.pinyin.json 第1阕第7字 语料拼音 shén,待裁定
ci.清.0013.pinyin.json#740,1,17,甚,4,仄,2,平,ci.清.0013.pinyin.json 第2阕第18字 语料拼音 shén,待裁定
ci.清.0013.pinyin.json#747,1,41,长,2,平,3,仄,ci.清.0013.pinyin.json 第2阕第42字 语料拼音 zhǎng,待裁定
ci.清.0013.pinyin.json#751,0,2,长,2,平,3,仄,ci.清.0013.pinyin.json 第1阕第3字 语料拼音 zhǎng,待裁定
ci.清.0013.pinyin.json#752,1,21,长,2,平,3,仄,ci.清.0013.pinyin.json 第2阕第22字 语料拼音 zhǎng,待裁定
ci.清.0013.pinyin.json#753,1,19,长,2,平,3,仄,ci.清.0013.pinyin.json 第2阕第20字 语料拼音 zhǎng,待裁定
ci.清.0013.pinyin.json#754,0,15,长,2,平,3,仄,ci.清.0013.pinyin.json 第1阕第16字 语料拼音 zhǎng,待裁定
ci.清.0013.pinyin.json#757,1,17,别,4,仄,2,平,ci.清.0013.pinyin.json 第2阕第18字 语料拼音 bié,待裁定
ci.清.0013.pinyin.json#758,0,23,别,4,仄,2,平,ci.清.0013.pinyin.json 第1阕第24字 语料拼音 bié,待裁定
ci.清.0013.pinyin.json#758,0,36,绝,4,仄,2,平,ci.清.0013.pinyin.json 第1阕第37字 语料拼音 jué,待裁定
ci.清.0013.pinyin.json#766,1,47,长,2,平,3,仄,ci.清.0013.pinyin.json 第2阕第48字 语料拼音 zhǎng,待裁定
ci.清.0013.pinyin.json#771,0,14,长,2,平,3,仄,ci.清.0013.pinyin.json 第1阕第15字 语料拼音 zhǎng,待裁定
ci.清.0013.pinyin.json#771,0,25,别,4,仄,2,平,ci.清.0013.pinyin.json 第1阕第26字 语料拼音 bié,待裁定
ci.清.0013.pinyin.json#774,1,38,长,2,平,3,仄,ci.清.0013.pinyin.json 第2阕第39字 语料拼音 zhǎng,待裁定
ci.清.0013.pinyin.json#775,0,16,长,2,平,3,仄,ci.清.0013.pinyin.json 第1阕第17字 语料拼音 zhǎng,待裁定
ci.清.0013.pinyin.json#778,1,24,甚,4,仄,2,平,ci.清.0013.pinyin.json 第2阕第25字 语料拼音 shén,待裁定
ci.清.0013.pinyin.json#783,0,17,别,4,仄,2,平,ci.清.0013.pinyin.json 第1阕第18字 语料拼音 bié,待裁定
ci.清.0013.pinyin.json#783,1,4,长,2,平,3,仄,ci.清.0013.pinyin.json 第2阕第5字 语料拼音 zhǎng,待裁定
ci.清.0013.pinyin.json#789,1,0,长,2,平,3,仄,ci.清.0013.pinyin.json 第2阕第1字 语料拼音 zhǎng,待裁定
ci.清.0013.pinyin.json#794,1,57,长,2,平,3,仄,ci.清.0013.pinyin.json 第2阕第58字 语料拼音 zhǎng,待裁定
ci.清.0013.pinyin.json#796,0,1,长,2,平,3,仄,ci.清.0013.pinyin.json 第1阕第2字 语料拼音 zhǎng,待裁定
ci.清.0013.pinyin.json#797,1,7,长,2,平,3,仄,ci.清.0013.pinyin.json 第2阕第8字 语料拼音 zhǎng,待裁定
ci.清.0013.pinyin.json#798,0,2,长,2,平,3,仄,ci.清.0013.pinyin.json 第1阕第3字 语料拼音 zhǎng,待裁定
ci.清.0013.pinyin.json#806,1,44,甚,4,仄,2,平,ci.清.0013.pinyin.json 第2阕第45字 语料拼音 shén,待裁定
ci.清.0013.pinyin.json#808,0,18,长,2,平,3,仄,ci.清.0013.pinyin.json 第1阕第19字 语料拼音 zhǎng,待裁定
ci.清.0013.pinyin.json#809,1,2,长,2,平,3,仄,ci.清.0013.pinyin.json 第2阕第3字 语料拼音 zhǎng,待裁定
ci.清.0013.pinyin.json#811,1,23,长,2,平,3,仄,ci.清.0013.pinyin.json 第2阕第24字 语料拼音 zhǎng,待裁定
ci.清.0013.pinyin.json#819,1,7,甚,4,仄,2,平,ci.清.0013.pinyin.json 第2阕第8字 语料拼音 shén,待裁定
ci.清.0013.pinyin.json#820,1,6,甚,4,仄,2,平,ci.清.0013.pinyin.json 第2阕第7字 语料拼音 shén,待裁定
ci.清.0013.pinyin.json#827,0,6,长,2,平,3,仄,ci.清.0013.pinyin.json 第1阕第7字 语料拼音 zhǎng,待裁定
ci.清.0013.pinyin.json#832,0,25,长,2,平,3,仄,ci.清.0013.pinyin.json 第1阕第26字 语料拼音 zhǎng,待裁定
ci.清.0013.pinyin.json#857,1,24,甚,4,仄,2,平,ci.清.0013.pinyin.json 第2阕第25字 语料拼音 shén,待裁定
ci.清.0013.pinyin.json#858,0,0,绝,4,仄,2,平,ci.清.0013.pinyin.json 第1阕第1字 语料拼音 jué,待裁定
ci.清.0013.pinyin.json#861,2,15,绝,4,仄,2,平,ci.清.0013.pinyin.json 第3阕第16字 语料拼音 jué,待裁定
ci.清.0013.pinyin.json#862,0,7,甚,4,仄,2,平,ci.清.0013.pinyin.json 第1阕第8字 语料拼音 shén,待裁定
ci.清.0013.pinyin.json#867,0,33,甚,4,仄,2,平,ci.清.0013.pinyin.json 第1阕第34字 语料拼音 shén,待裁定
ci.清.0013.pinyin.json#870,1,3,长,2,平,3,仄,ci.清.0013.pinyin.json 第2阕第4字 语料拼音 zhǎng,待裁定
ci.清.0013.pinyin.json#877,1,1,长,2,平,3,仄,ci.清.0013.pinyin.json 第2阕第2字 语料拼音 zhǎng,待裁定
ci.清.0013.pinyin.json#877,1,38,长,2,平,3,仄,ci.清.0013.pinyin.json 第2阕第39字 语料拼音 zhǎng,待裁定
ci.清.0013.pinyin.json#887,0,21,甚,4,仄,2,平,ci.清.0013.pinyin.json 第1阕第22字 语料拼音 shén,待裁定
ci.清.0013.pinyin.json#890,0,38,长,2,平,3,仄,ci.清.0013.pinyin.json 第1阕第39字 语料拼音 zhǎng,待裁定
ci.清.0013.pinyin.json#893,0,41,别,4,仄,2,平,ci.清.0013.pinyin.json 第1阕第42字 语料拼音 bié,待裁定
ci.清.0013.pinyin.json#903,0,6,长,2,平,3,仄,ci.清.0013.pinyin.json 第1阕第7字 语料拼音 zhǎng,待裁定
ci.清.0013.pinyin.json#908,0,42,甚,4,仄,2,平,ci.清.0013.pinyin.json 第1阕第43字 语料拼音 shén,待裁定
ci.清.0013.pinyin.json#908,1,26,长,2,平,3,仄,ci.清.0013.pinyin.json 第2阕第27字 语料拼音 zhǎng,待裁定
ci.清.0013.pinyin.json#911,0,7,长,2,平,3,仄,ci.清.0013.pinyin.json 第1阕第8字 语料拼音 zhǎng,待裁定
ci.清.0013.pinyin.json#914,0,23,绝,4,仄,2,平,ci.清.0013.pinyin.json 第1阕第24字 语料拼音 jué,待裁定
ci.清.0013.pinyin.json#914,0,37,长,2,平,3,仄,ci.清.0013.pinyin.json 第1阕第38字 语料拼音 zhǎng,待裁定
ci.清.0013.pinyin.json#917,1,9,长,2,平,3,仄,ci.清.0013.pinyin.json 第2阕第10字 语料拼音 zhǎng,待裁定
ci.清.0013.pinyin.json#918,1,14,甚,4,仄,2,平,ci.清.0013.pinyin.json 第2阕第15字 语料拼音 shén,待裁定
ci.清.0013.pinyin.json#921,1,2,别,4,仄,2,平,ci.清.0013.pinyin.json 第2阕第3字 语料拼音 bié,待裁定
ci.清.0013.pinyin.json#927,1,14,绝,4,仄,2,平,ci.清.0013.pinyin.json 第2阕第15字 语料拼音 jué,待裁定
ci.清.0013.pinyin.json#927,1,28,别,4,仄,2,平,ci.清.0013.pinyin.json 第2阕第29字 语料拼音 bié,待裁定
ci.清.0013.pinyin.json#934,1,21,绝,4,仄,2,平,ci.清.0013.pinyin.json 第2阕第22字 语料拼音 jué,待裁定
ci.清.0013.pinyin.json#940,1,6,甚,4,仄,2,平,ci.清.0013.pinyin.json 第2阕第7字 语料拼音 shén,待裁定
ci.清.0013.pinyin.json#963,0,22,长,2,平,3,仄,ci.清.0013.pinyin.json 第1阕第23字 语料拼音 zhǎng,待裁定
ci.清.0013.pinyin.json#973,0,18,绝,4,仄,2,平,ci.清.0013.pinyin.json 第1阕第19字 语料拼音 jué,待裁定
ci.清.0013.pinyin.json#983,0,19,别,4,仄,2,平,ci.清.0013.pinyin.json 第1阕第20字 语料拼音 bié,待裁定
ci.清.0013.pinyin.json#988,0,35,长,2,平,3,仄,ci.清.0013.pinyin.json 第1阕第36字 语料拼音 zhǎng,待裁定
ci.清.0013.pinyin.json#995,0,46,甚,4,仄,2,平,ci.清.0013.pinyin.json 第1阕第47字 语料拼音 shén,待裁定
ci.清.0013.pinyin.json#996,0,28,绝,4,仄,2,平,ci.清.0013.pinyin.json 第1阕第29字 语料拼音 jué,待裁定
ci.清.0013.pinyin.json#997,0,38,甚,4,仄,2,平,ci.清.0013.pinyin.json 第1阕第39字 语料拼音 shén,待裁定
ci.清.0014.pinyin.json#0,1,3,长,2,平,3,仄,ci.清.0014.pinyin.json 第2阕第4字 语料拼音 zhǎng,待裁定
ci.清.0014.pinyin.json#0,1,26,别,4,仄,2,平,ci.清.0014.pinyin.json 第2阕第27字 语料拼音 bié,待裁定
ci.清.0014.pinyin.json#7,1,8,长,2,平,3,仄,ci.清.0014.pinyin.json 第2阕第9字 语料拼音 zhǎng,待裁定
ci.清.0014.pinyin.json#19,1,11,绝,4,仄,2,平,ci.清.0014.pinyin.json 第2阕第12字 语料拼音 jué,待裁定
ci.清.0014.pinyin.json#22,0,2,长,2,平,3,仄,ci.清.0014.pinyin.json 第1阕第3字 语料拼音 zhǎng,待裁定
ci.清.0014.pinyin.json#22,0,5,长,2,平,3,仄,ci.清.0014.pinyin.json 第1阕第6字 语料拼音 zhǎng,待裁定
ci.清.0014.pinyin.json#25,1,0,别,4,仄,2,平,ci.清.0014.pinyin.json 第2阕第1字 语料拼音 bié,待裁定
ci.清.0014.pinyin.json#26,0,7,别,4,仄,2,平,ci.清.0014.pinyin.json 第1阕第8字 语料拼音 bié,待裁定
ci.清.0014.pinyin.json#31,0,42,长,2,平,3,仄,ci.清.0014.pinyin.json 第1阕第43字 语料拼音 zhǎng,待裁定
ci.清.0014.pinyin.json#35,1,6,别,4,仄,2,平,ci.清.0014.pinyin.json 第2阕第7字 语料拼音 bié,待裁定
ci.清.0014.pinyin.json#35,1,37,绝,4,仄,2,平,ci.清.0014.pinyin.json 第2阕第38字 语料拼音 jué,待裁定
ci.清.0014.pinyin.json#38,4,18,长,2,平,3,仄,ci.清.0014.pinyin.json 第5阕第19字 语料拼音 zhǎng,待裁定
ci.清.0014.pinyin.json#39,0,45,长,2,平,3,仄,ci.清.0014.pinyin.json 第1阕第46字 语料拼音 zhǎng,待裁定
ci.清.0014.pinyin.json#39,1,14,甚,4,仄,2,平,ci.清.0014.pinyin.json 第2阕第15字 语料拼音 shén,待裁定
ci.清.0014.pinyin.json#41,1,20,长,2,平,3,仄,ci.清.0014.pinyin.json 第2阕第21字 语料拼音 zhǎng,待裁定
ci.清.0014.pinyin.json#46,1,17,长,2,平,3,仄,ci.清.0014.pinyin.json 第2阕第18字 语料拼音 zhǎng,待裁定
ci.清.0014.pinyin.json#47,1,32,别,4,仄,2,平,ci.清.0014.pinyin.json 第2阕第33字 语料拼音 bié,待裁定
ci.清.0014.pinyin.json#50,1,5,长,2,平,3,仄,ci.清.0014.pinyin.json 第2阕第6字 语料拼音 zhǎng,待裁定
ci.清.0014.pinyin.json#53,1,18,长,2,平,3,仄,ci.清.0014.pinyin.json 第2阕第19字 语料拼音 zhǎng,待裁定
ci.清.0014.pinyin.json#54,1,42,长,2,平,3,仄,ci.清.0014.pinyin.json 第2阕第43字 语料拼音 zhǎng,待裁定
ci.清.0014.pinyin.json#61,0,19,长,2,平,3,仄,ci.清.0014.pinyin.json 第1阕第20字 语料拼音 zhǎng,待裁定
ci.清.0014.pinyin.json#67,0,28,长,2,平,3,仄,ci.清.0014.pinyin.json 第1阕第29字 语料拼音 zhǎng,待裁定
ci.清.0014.pinyin.json#71,0,25,绝,4,仄,2,平,ci.清.0014.pinyin.json 第1阕第26字 语料拼音 jué,待裁定
ci.清.0014.pinyin.json#72,1,22,长,2,平,3,仄,ci.清.0014.pinyin.json 第2阕第23字 语料拼音 zhǎng,待裁定
ci.清.0014.pinyin.json#76,1,28,长,2,平,3,仄,ci.清.0014.pinyin.json 第2阕第29字 语料拼音 zhǎng,待裁定
ci.清.0014.pinyin.json#80,1,22,别,4,仄,2,平,ci.清.0014.pinyin.json 第2阕第23字 语料拼音 bié,待裁定
ci.清.0014.pinyin.json#81,1,2,长,2,平,3,仄,ci.清.0014.pinyin.json 第2阕第3字 语料拼音 zhǎng,待裁定
ci.清.0014.pinyin.json#84,1,30,长,2,平,3,仄,ci.清.0014.pinyin.json 第2阕第31字 语料拼音 zhǎng,待裁定
ci.清.0014.pinyin.json#85,0,39,绝,4,仄,2,平,ci.清.0014.pinyin.json 第1阕第40字 语料拼音 jué,待裁定
ci.清.0014.pinyin.json#95,1,37,甚,4,仄,2,平,ci.清.0014.pinyin.json 第2阕第38字 语料拼音 shén,待裁定
ci.清.0014.pinyin.json#96,1,22,绝,4,仄,2,平,ci.清.0014.pinyin.json 第2阕第23字 语料拼音 jué,待裁定
ci.清.0014.pinyin.json#98,0,6,别,4,仄,2,平,ci.清.0014.pinyin.json 第1阕第7字 语料拼音 bié,待裁定
ci.清.0014.pinyin.json#98,1,38,别,4,仄,2,平,ci.清.0014.pinyin.json 第2阕第39字 语料拼音 bié,待裁定
ci.清.0014.pinyin.json#98,1,46,长,2,平,3,仄,ci.清.0014.pinyin.json 第2阕第47字 语料拼音 zhǎng,待裁定
ci.清.0014.pinyin.json#99,1,10,甚,4,仄,2,平,ci.清.0014.pinyin.json 第2阕第11字 语料拼音 shén,待裁定
ci.清.0014.pinyin.json#107,1,9,长,2,平,3,仄,ci.清.0014.pinyin.json 第2阕第10字 语料拼音 zhǎng,待裁定
ci.清.0014.pinyin.json#108,1,2,别,4,仄,2,平,ci.清.0014.pinyin.json 第2阕第3字 语料拼音 bié,待裁定
ci.清.0014.pinyin.json#109,1,46,长,2,平,3,仄,ci.清.0014.pinyin.json 第2阕第47字 语料拼音 zhǎng,待裁定
ci.清.0014.pinyin.json#110,0,22,绝,4,仄,2,平,ci.清.0014.pinyin.json 第1阕第23字 语料拼音 jué,待裁定
ci.清.0014.pinyin.json#112,1,0,别,4,仄,2,平,ci.清.0014.pinyin.json 第2阕第1字 语料拼音 bié,待裁定
ci.清.0014.pinyin.json#113,1,3,绝,4,仄,2,平,ci.清.0014.pinyin.json 第2阕第4字 语料拼音 jué,待裁定
ci.清.0014.pinyin.json#116,1,4,长,2,平,3,仄,ci.清.0014.pinyin.json 第2阕第5字 语料拼音 zhǎng,待裁定
ci.清.0014.pinyin.json#119,0,24,别,4,仄,2,平,ci.清.0014.pinyin.json 第1阕第25字 语料拼音 bié,待裁定
ci.清.0014.pinyin.json#126,1,2,绝,4,仄,2,平,ci.清.0014.pinyin.json 第2阕第3字 语料拼音 jué,待裁定
ci.清.0014.pinyin.json#129,0,5,甚,4,仄,2,平,ci.清.0014.pinyin.json 第1阕第6字 语料拼音 shén,待裁定
ci.清.0014.pinyin.json#131,0,7,长,2,平,3,仄,ci.清.0014.pinyin.json 第1阕第8字 语料拼音 zhǎng,待裁定
ci.清.0014.pinyin.json#142,0,7,长,2,平,3,仄,ci.清.0014.pinyin.json 第1阕第8字 语料拼音 zhǎng,待裁定
ci.清.0014.pinyin.json#145,1,4,长,2,平,3,仄,ci.清.0014.pinyin.json 第2阕第5字 语料拼音 zhǎng,待裁定
ci.清.0014.pinyin.json#146,0,0,别,4,仄,2,平,ci.清.0014.pinyin.json 第1阕第1字 语料拼音 bié,待裁定
ci.清.0014.pinyin.json#148,1,4,长,2,平,3,仄,ci.清.0014.pinyin.json 第2阕第5字 语料拼音 zhǎng,待裁定
ci.清.0014.pinyin.json#154,0,9,长,2,平,3,仄,ci.清.0014.pinyin.json 第1阕第10字 语料拼音 zhǎng,待裁定
ci.清.0014.pinyin.json#164,0,21,别,4,仄,2,平,ci.清.0014.pinyin.json 第1阕第22字 语料拼音 bié,待裁定
ci.清.0014.pinyin.json#167,0,11,绝,4,仄,2,平,ci.清.0014.pinyin.json 第1阕第12字 语料拼音 jué,待裁定
ci.清.0014.pinyin.json#170,0,20,长,2,平,3,仄,ci.清.0014.pinyin.json 第1阕第21字 语料拼音 zhǎng,待裁定
ci.清.0014.pinyin.json#172,0,14,长,2,平,3,仄,ci.清.0014.pinyin.json 第1阕第15字 语料拼音 zhǎng,待裁定
ci.清.0014.pinyin.json#173,1,1,长,2,平,3,仄,ci.清.0014.pinyin.json 第2阕第2字 语料拼音 zhǎng,待裁定
ci.清.0014.pinyin.json#175,0,9,长,2,平,3,仄,ci.清.0014.pinyin.json 第1阕第10字 语料拼音 zhǎng,待裁定
ci.清.0014.pinyin.json#177,0,8,别,4,仄,2,平,ci.清.0014.pinyin.json 第1阕第9字 语料拼音 bié,待裁定
ci.清.0014.pinyin.json#177,1,4,长,2,平,3,仄,ci.清.0014.pinyin.json 第2阕第5字 语料拼音 zhǎng,待裁定
ci.清.0014.pinyin.json#181,1,22,长,2,平,3,仄,ci.清.0014.pinyin.json 第2阕第23字 语料拼音 zhǎng,待裁定
ci.清.0014.pinyin.json#183,0,6,别,4,仄,2,平,ci.清.0014.pinyin.json 第1阕第7字 语料拼音 bié,待裁定
ci.清.0014.pinyin.json#188,0,23,长,2,平,3,仄,ci.清.0014.pinyin.json 第1阕第24字 语料拼音 zhǎng,待裁定
ci.清.0014.pinyin.json#189,0,4,长,2,平,3,仄,ci.清.0014.pinyin.json 第1阕第5字 语料拼音 zhǎng,待裁定
ci.清.0014.pinyin.json#190,0,25,长,2,平,3,仄,ci.清.0014.pinyin.json 第1阕第26字 语料拼音 zhǎng,待裁定
ci.清.0014.pinyin.json#205,0,29,别,4,仄,2,平,ci.清.0014.pinyin.json 第1阕第30字 语料拼音 bié,待裁定
ci.清.0014.pinyin.json#206,0,9,长,2,平,3,仄,ci.清.0014.pinyin.json 第1阕第10字 语料拼音 zhǎng,待裁定
ci.清.0014.pinyin.json#206,0,10,别,4,仄,2,平,ci.清.0014.pinyin.json 第1阕第11字 语料拼音 bié,待裁定
ci.清.0014.pinyin.json#206,0,35,绝,4,仄,2,平,ci.清.0014.pinyin.json 第1阕第36字 语料拼音 jué,待裁定
ci.清.0014.pinyin.json#210,0,24,长,2,平,3,仄,ci.清.0014.pinyin.json 第1阕第25字 语料拼音 zhǎng,待裁定
ci.清.0014.pinyin.json#210,0,41,绝,4,仄,2,平,ci.清.0014.pinyin.json 第1阕第42字 语料拼音 jué,待裁定
ci.清.0014.pinyin.json#219,1,23,长,2,平,3,仄,ci.清.0014.pinyin.json 第2阕第24字 语料拼音 zhǎng,待裁定
ci.清.0014.pinyin.json#220,1,32,长,2,平,3,仄,ci.清.0014.pinyin.json 第2阕第33字 语料拼音 zhǎng,待裁定
ci.清.0014.pinyin.json#223,0,23,长,2,平,3,仄,ci.清.0014.pinyin.json 第1阕第24字 语料拼音 zhǎng,待裁定
ci.清.0014.pinyin.json#223,1,40,长,2,平,3,仄,ci.清.0014.pinyin.json 第2阕第41字 语料拼音 zhǎng,待裁定
ci.清.0014.pinyin.json#225,0,28,长,2,平,3,仄,ci.清.0014.pinyin.json 第1阕第29字 语料拼音 zhǎng,待裁定
ci.清.0014.pinyin.json#227,0,30,长,2,平,3,仄,ci.清.0014.pinyin.json 第1阕第31字 语料拼音 zhǎng,待裁定
ci.清.0014.pinyin.json#228,0,0,长,2,平,3,仄,ci.清.0014.pinyin.json 第1阕第1字 语料拼音 zhǎng,待裁定
ci.清.0014.pinyin.json#229,1,43,别,4,仄,2,平,ci.清.0014.pinyin.json 第2阕第44字 语料拼音 bié,待裁定
ci.清.0014.pinyin.json#230,1,27,长,2,平,3,仄,ci.清.0014.pinyin.json 第2阕第28字 语料拼音 zhǎng,待裁定
ci.清.0014.pinyin.json#231,1,25,长,2,平,3,仄,ci.清.0014.pinyin.json 第2阕第26字 语料拼音 zhǎng,待裁定
ci.清.0014.pinyin.json#232,0,48,长,2,平,3,仄,ci.清.0014.pinyin.json 第1阕第49字 语料拼音 zhǎng,待裁定
ci.清.0014.pinyin.json#232,1,40,长,2,平,3,仄,ci.清.0014.pinyin.json 第2阕第41字 语料拼音 zhǎng,待裁定
ci.清.0014.pinyin.json#233,0,43,长,2,平,3,仄,ci.清.0014.pinyin.json 第1阕第44字 语料拼音 zhǎng,待裁定
ci.清.0014.pinyin.json#234,0,49,长,2,平,3,仄,ci.清.0014.pinyin.json 第1阕第50字 语料拼音 zhǎng,待裁定
ci.清.0014.pinyin.json#238,0,0,绝,4,仄,2,平,ci.清.0014.pinyin.json 第1阕第1字 语料拼音 jué,待裁定
ci.清.0014.pinyin.json#240,1,8,绝,4,仄,2,平,ci.清.0014.pinyin.json 第2阕第9字 语料拼音 jué,待裁定
ci.清.0014.pinyin.json#240,1,52,长,2,平,3,仄,ci.清.0014.pinyin.json 第2阕第53字 语料拼音 zhǎng,待裁定
ci.清.0014.pinyin.json#241,0,3,长,2,平,3,仄,ci.清.0014.pinyin.json 第1阕第4字 语料拼音 zhǎng,待裁定
ci.清.0014.pinyin.json#241,1,29,长,2,平,3,仄,ci.清.0014.pinyin.json 第2阕第30字 语料拼音 zhǎng,待裁定
ci.清.0014.pinyin.json#244,0,41,绝,4,仄,2,平,ci.清.0014.pinyin.json 第1阕第42字 语料拼音 jué,待裁定
ci.清.0014.pinyin.json#248,1,2,长,2,平,3,仄,ci.清.0014.pinyin.json 第2阕第3字 语料拼音 zhǎng,待裁定
ci.清.0014.pinyin.json#248,1,18,别,4,仄,2,平,ci.清.0014.pinyin.json 第2阕第19字 语料拼音 bié,待裁定
ci.清.0014.pinyin.json#249,1,16,绝,4,仄,2,平,ci.清.0014.pinyin.json 第2阕第17字 语料拼音 jué,待裁定
ci.清.0014.pinyin.json#249,1,32,长,2,平,3,仄,ci.清.0014.pinyin.json 第2阕第33字 语料拼音 zhǎng,待裁定
ci.清.0014.pinyin.json#250,1,4,长,2,平,3,仄,ci.清.0014.pinyin.json 第2阕第5字 语料拼音 zhǎng,待裁定
ci.清.0014.pinyin.json#251,1,38,长,2,平,3,仄,ci.清.0014.pinyin.json 第2阕第39字 语料拼音 zhǎng,待裁定
ci.清.0014.pinyin.json#256,0,35,长,2,平,3,仄,ci.清.0014.pinyin.json 第1阕第36字 语料拼音 zhǎng,待裁定
ci.清.0014.pinyin.json#256,0,44,长,2,平,3,仄,ci.清.0014.pinyin.json 第1阕第45字 语料拼音 zhǎng,待裁定
ci.清.0014.pinyin.json#258,0,20,长,2,平,3,仄,ci.清.0014.pinyin.json 第1阕第21字 语料拼音 zhǎng,待裁定
ci.清.0014.pinyin.json#258,1,29,长,2,平,3,仄,ci.清.0014.pinyin.json 第2阕第30字 语料拼音 zhǎng,待裁定
ci.清.0014.pinyin.json#258,1,44,别,4,仄,2,平,ci.清.0014.pinyin.json 第2阕第45字 语料拼音 bié,待裁定
ci.清.0014.pinyin.json#265,0,29,长,2,平,3,仄,ci.清.0014.pinyin.json 第1阕第30字 语料拼音 zhǎng,待裁定
ci.清.0014.pinyin.json#272,0,30,长,2,平,3,仄,ci.清.0014.pinyin.json 第1阕第31字 语料拼音 zhǎng,待裁定
ci.清.0014.pinyin.json#277,0,35,长,2,平,3,仄,ci.清.0014.pinyin.json 第1阕第36字 语料拼音 zhǎng,待裁定
ci.清.0014.pinyin.json#278,0,28,绝,4,仄,2,平,ci.清.0014.pinyin.json 第1阕第29字 语料拼音 jué,待裁定
ci.清.0014.pinyin.json#278,1,21,长,2,平,3,仄,ci.清.0014.pinyin.json 第2阕第22字 语料拼音 zhǎng,待裁定
ci.清.0014.pinyin.json#279,0,11,长,2,平,3,仄,ci.清.0014.pinyin.json 第1阕第12字 语料拼音 zhǎng,待裁定
ci.清.0014.pinyin.json#280,0,24,长,2,平,3,仄,ci.清.0014.pinyin.json 第1阕第25字 语料拼音 zhǎng,待裁定
ci.清.0014.pinyin.json#281,0,46,绝,4,仄,2,平,ci.清.0014.pinyin.json 第1阕第47字 语料拼音 jué,待裁定
ci.清.0014.pinyin.json#282,1,3,长,2,平,3,仄,ci.清.0014.pinyin.json 第2阕第4字 语料拼音 zhǎng,待裁定
ci.清.0014.pinyin.json#285,0,1,长,2,平,3,仄,ci.清.0014.pinyin.json 第1阕第2字 语料拼音 zhǎng,待裁定
ci.清.0014.pinyin.json#285,0,5,长,2,平,3,仄,ci.清.0014.pinyin.json 第1阕第6字 语料拼音 zhǎng,待裁定
ci.清.0014.pinyin.json#285,0,17,别,4,仄,2,平,ci.清.0014.pinyin.json 第1阕第18字 语料拼音 bié,待裁定
ci.清.0014.pinyin.json#288,0,3,别,4,仄,2,平,ci.清.0014.pinyin.json 第1阕第4字 语料拼音 bié,待裁定
ci.清.0014.pinyin.json#308,0,2,别,4,仄,2,平,ci.清.0014.pinyin.json 第1阕第3字 语料拼音 bié,待裁定
ci.清.0014.pinyin.json#314,1,3,长,2,平,3,仄,ci.清.0014.pinyin.json 第2阕第4字 语料拼音 zhǎng,待裁定
ci.清.0014.pinyin.json#315,0,2,绝,4,仄,2,平,ci.清.0014.pinyin.json 第1阕第3字 语料拼音 jué,待裁定
ci.清.0014.pinyin.json#316,0,7,长,2,平,3,仄,ci.清.0014.pinyin.json 第1阕第8字 语料拼音 zhǎng,待裁定
ci.清.0014.pinyin.json#319,0,3,别,4,仄,2,平,ci.清.0014.pinyin.json 第1阕第4字 语料拼音 bié,待裁定
ci.清.0014.pinyin.json#326,0,15,别,4,仄,2,平,ci.清.0014.pinyin.json 第1阕第16字 语料拼音 bié,待裁定
ci.清.0014.pinyin.json#330,1,15,别,4,仄,2,平,ci.清.0014.pinyin.json 第2阕第16字 语料拼音 bié,待裁定
ci.清.0014.pinyin.json#332,0,7,长,2,平,3,仄,ci.清.0014.pinyin.json 第1阕第8字 语料拼音 zhǎng,待裁定
ci.清.0014.pinyin.json#335,0,2,别,4,仄,2,平,ci.清.0014.pinyin.json 第1阕第3字 语料拼音 bié,待裁定
ci.清.0014.pinyin.json#338,1,8,长,2,平,3,仄,ci.清.0014.pinyin.json 第2阕第9字 语料拼音 zhǎng,待裁定
ci.清.0014.pinyin.json#341,1,18,长,2,平,3,仄,ci.清.0014.pinyin.json 第2阕第19字 语料拼音 zhǎng,待裁定
ci.清.0014.pinyin.json#342,0,8,别,4,仄,2,平,ci.清.0014.pinyin.json 第1阕第9字 语料拼音 bié,待裁定
ci.清.0014.pinyin.json#342,0,12,别,4,仄,2,平,ci.清.0014.pinyin.json 第1阕第13字 语料拼音 bié,待裁定
ci.清.0014.pinyin.json#348,1,24,别,4,仄,2,平,ci.清.0014.pinyin.json 第2阕第25字 语料拼音 bié,待裁定
ci.清.0014.pinyin.json#364,0,12,别,4,仄,2,平,ci.清.0014.pinyin.json 第1阕第13字 语料拼音 bié,待裁定
ci.清.0014.pinyin.json#370,1,12,别,4,仄,2,平,ci.清.0014.pinyin.json 第2阕第13字 语料拼音 bié,待裁定
ci.清.0014.pinyin.json#381,1,14,别,4,仄,2,平,ci.清.0014.pinyin.json 第2阕第15字 语料拼音 bié,待裁定
ci.清.0014.pinyin.json#382,1,20,甚,4,仄,2,平,ci.清.0014.pinyin.json 第2阕第21字 语料拼音 shén,待裁定
ci.清.0014.pinyin.json#391,0,6,别,4,仄,2,平,ci.清.0014.pinyin.json 第1阕第7字 语料拼音 bié,待裁定
ci.清.0014.pinyin.json#392,1,17,长,2,平,3,仄,ci.清.0014.pinyin.json 第2阕第18字 语料拼音 zhǎng,待裁定
ci.清.0014.pinyin.json#393,0,0,长,2,平,3,仄,ci.清.0014.pinyin.json 第1阕第1字 语料拼音 zhǎng,待裁定
ci.清.0014.pinyin.json#394,1,18,别,4,仄,2,平,ci.清.0014.pinyin.json 第2阕第19字 语料拼音 bié,待裁定
ci.清.0014.pinyin.json#395,1,3,别,4,仄,2,平,ci.清.0014.pinyin.json 第2阕第4字 语料拼音 bié,待裁定
ci.清.0014.pinyin.json#395,1,8,别,4,仄,2,平,ci.清.0014.pinyin.json 第2阕第9字 语料拼音 bié,待裁定
ci.清.0014.pinyin.json#405,0,6,别,4,仄,2,平,ci.清.0014.pinyin.json 第1阕第7字 语料拼音 bié,待裁定
ci.清.0014.pinyin.json#405,0,19,绝,4,仄,2,平,ci.清.0014.pinyin.json 第1阕第20字 语料拼音 jué,待裁定
ci.清.0014.pinyin.json#409,0,25,长,2,平,3,仄,ci.清.0014.pinyin.json 第1阕第26字 语料拼音 zhǎng,待裁定
ci.清.0014.pinyin.json#410,1,11,绝,4,仄,2,平,ci.清.0014.pinyin.json 第2阕第12字 语料拼音 jué,待裁定
ci.清.0014.pinyin.json#413,1,3,长,2,平,3,仄,ci.清.0014.pinyin.json 第2阕第4字 语料拼音 zhǎng,待裁定
ci.清.0014.pinyin.json#421,0,15,绝,4,仄,2,平,ci.清.0014.pinyin.json 第1阕第16字 语料拼音 jué,待裁定
ci.清.0014.pinyin.json#424,0,22,长,2,平,3,仄,ci.清.0014.pinyin.json 第1阕第23字 语料拼音 zhǎng,待裁定
ci.清.0014.pinyin.json#433,0,25,别,4,仄,2,平,ci.清.0014.pinyin.json 第1阕第26字 语料拼音 bié,待裁定
ci.清.0014.pinyin.json#437,0,16,别,4,仄,2,平,ci.清.0014.pinyin.json 第1阕第17字 语料拼音 bié,待裁定
ci.清.0014.pinyin.json#438,0,19,长,2,平,3,仄,ci.清.0014.pinyin.json 第1阕第20字 语料拼音 zhǎng,待裁定
ci.清.0014.pinyin.json#439,0,14,长,2,平,3,仄,ci.清.0014.pinyin.json 第1阕第15字 语料拼音 zhǎng,待裁定
ci.清.0014.pinyin.json#443,1,3,长,2,平,3,仄,ci.清.0014.pinyin.json 第2阕第4字 语料拼音 zhǎng,待裁定
ci.清.0014.pinyin.json#443,1,18,别,4,仄,2,平,ci.清.0014.pinyin.json 第2阕第19字 语料拼音 bié,待裁定
ci.清.0014.pinyin.json#452,0,1,别,4,仄,2,平,ci.清.0014.pinyin.json 第1阕第2字 语料拼音 bié,待裁定
ci.清.0014.pinyin.json#455,1,27,长,2,平,3,仄,ci.清.0014.pinyin.json 第2阕第28字 语料拼音 zhǎng,待裁定
ci.清.0014.pinyin.json#456,0,17,别,4,仄,2,平,ci.清.0014.pinyin.json 第1阕第18字 语料拼音 bié,待裁定
ci.清.0014.pinyin.json#461,0,9,长,2,平,3,仄,ci.清.0014.pinyin.json 第1阕第10字 语料拼音 zhǎng,待裁定
ci.清.0014.pinyin.json#462,0,23,长,2,平,3,仄,ci.清.0014.pinyin.json 第1阕第24字 语料拼音 zhǎng,待裁定
ci.清.0014.pinyin.json#462,1,18,别,4,仄,2,平,ci.清.0014.pinyin.json 第2阕第19字 语料拼音 bié,待裁定
ci.清.0014.pinyin.json#462,1,19,长,2,平,3,仄,ci.清.0014.pinyin.json 第2阕第20字 语料拼音 zhǎng,待裁定
ci.清.0014.pinyin.json#463,0,3,长,2,平,3,仄,ci.清.0014.pinyin.json 第1阕第4字 语料拼音 zhǎng,待裁定
ci.清.0014.pinyin.json#464,0,14,长,2,平,3,仄,ci.清.0014.pinyin.json 第1阕第15字 语料拼音 zhǎng,待裁定
ci.清.0014.pinyin.json#464,1,9,长,2,平,3,仄,ci.清.0014.pinyin.json 第2阕第10字 语料拼音 zhǎng,待裁定
ci.清.0014.pinyin.json#465,0,12,别,4,仄,2,平,ci.清.0014.pinyin.json 第1阕第13字 语料拼音 bié,待裁定
ci.清.0014.pinyin.json#466,0,0,长,2,平,3,仄,ci.清.0014.pinyin.json 第1阕第1字 语料拼音 zhǎng,待裁定
ci.清.0014.pinyin.json#467,0,14,长,2,平,3,仄,ci.清.0014.pinyin.json 第1阕第15字 语料拼音 zhǎng,待裁定
ci.清.0014.pinyin.json#468,0,7,长,2,平,3,仄,ci.清.0014.pinyin.json 第1阕第8字 语料拼音 zhǎng,待裁定
ci.清.0014.pinyin.json#469,1,11,长,2,平,3,仄,ci.清.0014.pinyin.json 第2阕第12字 语料拼音 zhǎng,待裁定
ci.清.0014.pinyin.json#470,0,18,绝,4,仄,2,平,ci.清.0014.pinyin.json 第1阕第19字 语料拼音 jué,待裁定
ci.清.0014.pinyin.json#471,0,26,别,4,仄,2,平,ci.清.0014.pinyin.json 第1阕第27字 语料拼音 bié,待裁定
ci.清.0014.pinyin.json#475,1,14,别,4,仄,2,平,ci.清.0014.pinyin.json 第2阕第15字 语料拼音 bié,待裁定
ci.清.0014.pinyin.json#476,0,11,长,2,平,3,仄,ci.清.0014.pinyin.json 第1阕第12字 语料拼音 zhǎng,待裁定
ci.清.0014.pinyin.json#477,1,21,长,2,平,3,仄,ci.清.0014.pinyin.json 第2阕第22字 语料拼音 zhǎng,待裁定
ci.清.0014.pinyin.json#482,1,3,长,2,平,3,仄,ci.清.0014.pinyin.json 第2阕第4字 语料拼音 zhǎng,待裁定
ci.清.0014.pinyin.json#482,1,4,长,2,平,3,仄,ci.清.0014.pinyin.json 第2阕第5字 语料拼音 zhǎng,待裁定
ci.清.0014.pinyin.json#484,0,17,绝,4,仄,2,平,ci.清.0014.pinyin.json 第1阕第18字 语料拼音 jué,待裁定
ci.清.0014.pinyin.json#484,1,4,长,2,平,3,仄,ci.清.0014.pinyin.json 第2阕第5字 语料拼音 zhǎng,待裁定
ci.清.0014.pinyin.json#487,0,22,长,2,平,3,仄,ci.清.0014.pinyin.json 第1阕第23字 语料拼音 zhǎng,待裁定
ci.清.0014.pinyin.json#493,1,2,别,4,仄,2,平,ci.清.0014.pinyin.json 第2阕第3字 语料拼音 bié,待裁定
ci.清.0014.pinyin.json#493,1,8,长,2,平,3,仄,ci.清.0014.pinyin.json 第2阕第9字 语料拼音 zhǎng,待裁定
ci.清.0014.pinyin.json#505,0,20,别,4,仄,2,平,ci.清.0014.pinyin.json 第1阕第21字 语料拼音 bié,待裁定
ci.清.0014.pinyin.json#505,0,23,别,4,仄,2,平,ci.清.0014.pinyin.json 第1阕第24字 语料拼音 bié,待裁定
ci.清.0014.pinyin.json#505,1,4,长,2,平,3,仄,ci.清.0014.pinyin.json 第2阕第5字 语料拼音 zhǎng,待裁定
ci.清.0014.pinyin.json#508,1,19,长,2,平,3,仄,ci.清.0014.pinyin.json 第2阕第20字 语料拼音 zhǎng,待裁定
ci.清.0014.pinyin.json#512,0,14,长,2,平,3,仄,ci.清.0014.pinyin.json 第1阕第15字 语料拼音 zhǎng,待裁定
ci.清.0014.pinyin.json#514,1,0,长,2,平,3,仄,ci.清.0014.pinyin.json 第2阕第1字 语料拼音 zhǎng,待裁定
ci.清.0014.pinyin.json#514,1,23,别,4,仄,2,平,ci.清.0014.pinyin.json 第2阕第24字 语料拼音 bié,待裁定
ci.清.0014.pinyin.json#518,0,5,长,2,平,3,仄,ci.清.0014.pinyin.json 第1阕第6字 语料拼音 zhǎng,待裁定
ci.清.0014.pinyin.json#521,0,5,长,2,平,3,仄,ci.清.0014.pinyin.json 第1阕第6字 语料拼音 zhǎng,待裁定
ci.清.0014.pinyin.json#522,1,0,长,2,平,3,仄,ci.清.0014.pinyin.json 第2阕第1字 语料拼音 zhǎng,待裁定
ci.清.0014.pinyin.json#524,1,25,长,2,平,3,仄,ci.清.0014.pinyin.json 第2阕第26字 语料拼音 zhǎng,待裁定
ci.清.0014.pinyin.json#525,0,6,别,4,仄,2,平,ci.清.0014.pinyin.json 第1阕第7字 语料拼音 bié,待裁定
ci.清.0014.pinyin.json#525,1,13,绝,4,仄,2,平,ci.清.0014.pinyin.json 第2阕第14字 语料拼音 jué,待裁定
ci.清.0014.pinyin.json#533,0,23,绝,4,仄,2,平,ci.清.0014.pinyin.json 第1阕第24字 语料拼音 jué,待裁定
ci.清.0014.pinyin.json#538,0,4,长,2,平,3,仄,ci.清.0014.pinyin.json 第1阕第5字 语料拼音 zhǎng,待裁定
ci.清.0014.pinyin.json#546,0,4,别,4,仄,2,平,ci.清.0014.pinyin.json 第1阕第5字 语料拼音 bié,待裁定
ci.清.0014.pinyin.json#546,0,9,绝,4,仄,2,平,ci.清.0014.pinyin.json 第1阕第10字 语料拼音 jué,待裁定
ci.清.0014.pinyin.json#547,0,14,别,4,仄,2,平,ci.清.0014.pinyin.json 第1阕第15字 语料拼音 bié,待裁定
ci.清.0014.pinyin.json#549,0,27,别,4,仄,2,平,ci.清.0014.pinyin.json 第1阕第28字 语料拼音 bié,待裁定
ci.清.0014.pinyin.json#551,0,7,别,4,仄,2,平,ci.清.0014.pinyin.json 第1阕第8字 语料拼音 bié,待裁定
ci.清.0014.pinyin.json#560,1,21,绝,4,仄,2,平,ci.清.0014.pinyin.json 第2阕第22字 语料拼音 jué,待裁定
ci.清.0014.pinyin.json#561,0,5,长,2,平,3,仄,ci.清.0014.pinyin.json 第1阕第6字 语料拼音 zhǎng,待裁定
ci.清.0014.pinyin.json#567,1,2,别,4,仄,2,平,ci.清.0014.pinyin.json 第2阕第3字 语料拼音 bié,待裁定
ci.清.0014.pinyin.json#568,0,5,别,4,仄,2,平,ci.清.0014.pinyin.json 第1阕第6字 语料拼音 bié,待裁定
ci.清.0014.pinyin.json#568,0,32,绝,4,仄,2,平,ci.清.0014.pinyin.json 第1阕第33字 语料拼音 jué,待裁定
ci.清.0014.pinyin.json#572,0,21,长,2,平,3,仄,ci.清.0014.pinyin.json 第1阕第22字 语料拼音 zhǎng,待裁定
ci.清.0014.pinyin.json#572,1,23,绝,4,仄,2,平,ci.清.0014.pinyin.json 第2阕第24字 语料拼音 jué,待裁定
ci.清.0014.pinyin.json#585,1,9,绝,4,仄,2,平,ci.清.0014.pinyin.json 第2阕第10字 语料拼音 jué,待裁定
ci.清.0014.pinyin.json#586,0,9,别,4,仄,2,平,ci.清.0014.pinyin.json 第1阕第10字 语料拼音 bié,待裁定
ci.清.0014.pinyin.json#593,1,33,长,2,平,3,仄,ci.清.0014.pinyin.json 第2阕第34字 语料拼音 zhǎng,待裁定
ci.清.0014.pinyin.json#598,0,23,长,2,平,3,仄,ci.清.0014.pinyin.json 第1阕第24字 语料拼音 zhǎng,待裁定
ci.清.0014.pinyin.json#599,1,26,别,4,仄,2,平,ci.清.0014.pinyin.json 第2阕第27字 语料拼音 bié,待裁定
ci.清.0014.pinyin.json#600,1,6,长,2,平,3,仄,ci.清.0014.pinyin.json 第2阕第7字 语料拼音 zhǎng,待裁定
ci.清.0014.pinyin.json#602,0,12,绝,4,仄,2,平,ci.清.0014.pinyin.json 第1阕第13字 语料拼音 jué,待裁定
ci.清.0014.pinyin.json#602,0,25,别,4,仄,2,平,ci.清.0014.pinyin.json 第1阕第26字 语料拼音 bié,待裁定
ci.清.0014.pinyin.json#603,1,6,绝,4,仄,2,平,ci.清.0014.pinyin.json 第2阕第7字 语料拼音 jué,待裁定
ci.清.0014.pinyin.json#608,0,33,绝,4,仄,2,平,ci.清.0014.pinyin.json 第1阕第34字 语料拼音 jué,待裁定
ci.清.0014.pinyin.json#609,1,19,别,4,仄,2,平,ci.清.0014.pinyin.json 第2阕第20字 语料拼音 bié,待裁定
ci.清.0014.pinyin.json#619,0,6,绝,4,仄,2,平,ci.清.0014.pinyin.json 第1阕第7字 语料拼音 jué,待裁定
ci.清.0014.pinyin.json#619,0,24,别,4,仄,2,平,ci.清.0014.pinyin.json 第1阕第25字 语料拼音 bié,待裁定
ci.清.0014.pinyin.json#620,0,7,绝,4,仄,2,平,ci.清.0014.pinyin.json 第1阕第8字 语料拼音 jué,待裁定
ci.清.0014.pinyin.json#621,1,12,别,4,仄,2,平,ci.清.0014.pinyin.json 第2阕第13字 语料拼音 bié,待裁定
ci.清.0014.pinyin.json#623,0,0,长,2,平,3,仄,ci.清.0014.pinyin.json 第1阕第1字 语料拼音 zhǎng,待裁定
ci.清.0014.pinyin.json#623,1,36,长,2,平,3,仄,ci.清.0014.pinyin.json 第2阕第37字 语料拼音 zhǎng,待裁定
ci.清.0014.pinyin.json#624,0,17,绝,4,仄,2,平,ci.清.0014.pinyin.json 第1阕第18字 语料拼音 jué,待裁定
ci.清.0014.pinyin.json#624,1,40,别,4,仄,2,平,ci.清.0014.pinyin.json 第2阕第41字 语料拼音 bié,待裁定
ci.清.0014.pinyin.json#625,0,17,绝,4,仄,2,平,ci.清.0014.pinyin.json 第1阕第18字 语料拼音 jué,待裁定
ci.清.0014.pinyin.json#625,1,40,别,4,仄,2,平,ci.清.0014.pinyin.json 第2阕第41字 语料拼音 bié,待裁定
ci.清.0014.pinyin.json#626,1,9,长,2,平,3,仄,ci.清.0014.pinyin.json 第2阕第10字 语料拼音 zhǎng,待裁定
ci.清.0014.pinyin.json#630,0,21,别,4,仄,2,平,ci.清.0014.pinyin.json 第1阕第22字 语料拼音 bié,待裁定
ci.清.0014.pinyin.json#630,1,22,绝,4,仄,2,平,ci.清.0014.pinyin.json 第2阕第23字 语料拼音 jué,待裁定
ci.清.0014.pinyin.json#631,1,41,长,2,平,3,仄,ci.清.0014.pinyin.json 第2阕第42字 语料拼音 zhǎng,待裁定
ci.清.0014.pinyin.json#634,1,44,别,4,仄,2,平,ci.清.0014.pinyin.json 第2阕第45字 语料拼音 bié,待裁定
ci.清.0014.pinyin.json#637,1,0,长,2,平,3,仄,ci.清.0014.pinyin.json 第2阕第1字 语料拼音 zhǎng,待裁定
ci.清.0014.pinyin.json#638,0,23,绝,4,仄,2,平,ci.清.0014.pinyin.json 第1阕第24字 语料拼音 jué,待裁定
ci.清.0014.pinyin.json#641,0,11,绝,4,仄,2,平,ci.清.0014.pinyin.json 第1阕第12字 语料拼音 jué,待裁定
ci.清.0014.pinyin.json#642,0,18,长,2,平,3,仄,ci.清.0014.pinyin.json 第1阕第19字 语料拼音 zhǎng,待裁定
ci.清.0014.pinyin.json#642,0,33,长,2,平,3,仄,ci.清.0014.pinyin.json 第1阕第34字 语料拼音 zhǎng,待裁定
ci.清.0014.pinyin.json#643,0,11,长,2,平,3,仄,ci.清.0014.pinyin.json 第1阕第12字 语料拼音 zhǎng,待裁定
ci.清.0014.pinyin.json#647,0,43,长,2,平,3,仄,ci.清.0014.pinyin.json 第1阕第44字 语料拼音 zhǎng,待裁定
ci.清.0014.pinyin.json#658,0,39,长,2,平,3,仄,ci.清.0014.pinyin.json 第1阕第40字 语料拼音 zhǎng,待裁定
ci.清.0014.pinyin.json#659,0,22,长,2,平,3,仄,ci.清.0014.pinyin.json 第1阕第23字 语料拼音 zhǎng,待裁定
ci.清.0014.pinyin.json#660,1,41,长,2,平,3,仄,ci.清.0014.pinyin.json 第2阕第42字 语料拼音 zhǎng,待裁定
ci.清.0014.pinyin.json#661,0,4,长,2,平,3,仄,ci.清.0014.pinyin.json 第1阕第5字 语料拼音 zhǎng,待裁定
ci.清.0014.pinyin.json#664,0,7,长,2,平,3,仄,ci.清.0014.pinyin.json 第1阕第8字 语料拼音 zhǎng,待裁定
ci.清.0014.pinyin.json#664,0,14,长,2,平,3,仄,ci.清.0014.pinyin.json 第1阕第15字 语料拼音 zhǎng,待裁定
ci.清.0014.pinyin.json#666,1,36,长,2,平,3,仄,ci.清.0014.pinyin.json 第2阕第37字 语料拼音 zhǎng,待裁定
ci.清.0014.pinyin.json#678,1,41,长,2,平,3,仄,ci.清.0014.pinyin.json 第2阕第42字 语料拼音 zhǎng,待裁定
ci.清.0014.pinyin.json#679,0,0,别,4,仄,2,平,ci.清.0014.pinyin.json 第1阕第1字 语料拼音 bié,待裁定
ci.清.0014.pinyin.json#679,1,23,长,2,平,3,仄,ci.清.0014.pinyin.json 第2阕第24字 语料拼音 zhǎng,待裁定
ci.清.0014.pinyin.json#682,0,18,长,2,平,3,仄,ci.清.0014.pinyin.json 第1阕第19字 语料拼音 zhǎng,待裁定
ci.清.0014.pinyin.json#687,0,26,长,2,平,3,仄,ci.清.0014.pinyin.json 第1阕第27字 语料拼音 zhǎng,待裁定
ci.清.0014.pinyin.json#688,0,10,别,4,仄,2,平,ci.清.0014.pinyin.json 第1阕第11字 语料拼音 bié,待裁定
ci.清.0014.pinyin.json#688,1,17,长,2,平,3,仄,ci.清.0014.pinyin.json 第2阕第18字 语料拼音 zhǎng,待裁定
ci.清.0014.pinyin.json#692,0,0,别,4,仄,2,平,ci.清.0014.pinyin.json 第1阕第1字 语料拼音 bié,待裁定
ci.清.0014.pinyin.json#693,1,24,长,2,平,3,仄,ci.清.0014.pinyin.json 第2阕第25字 语料拼音 zhǎng,待裁定
ci.清.0014.pinyin.json#693,1,45,长,2,平,3,仄,ci.清.0014.pinyin.json 第2阕第46字 语料拼音 zhǎng,待裁定
ci.清.0014.pinyin.json#694,0,0,长,2,平,3,仄,ci.清.0014.pinyin.json 第1阕第1字 语料拼音 zhǎng,待裁定
ci.清.0014.pinyin.json#700,1,0,长,2,平,3,仄,ci.清.0014.pinyin.json 第2阕第1字 语料拼音 zhǎng,待裁定
ci.清.0014.pinyin.json#700,1,14,长,2,平,3,仄,ci.清.0014.pinyin.json 第2阕第15字 语料拼音 zhǎng,待裁定
ci.清.0014.pinyin.json#701,0,42,长,2,平,3,仄,ci.清.0014.pinyin.json 第1阕第43字 语料拼音 zhǎng,待裁定
ci.清.0014.pinyin.json#704,1,45,长,2,平,3,仄,ci.清.0014.pinyin.json 第2阕第46字 语料拼音 zhǎng,待裁定
ci.清.0014.pinyin.json#710,1,32,别,4,仄,2,平,ci.清.0014.pinyin.json 第2阕第33字 语料拼音 bié,待裁定
ci.清.0014.pinyin.json#711,1,6,别,4,仄,2,平,ci.清.0014.pinyin.json 第2阕第7字 语料拼音 bié,待裁定
ci.清.0014.pinyin.json#713,0,18,别,4,仄,2,平,ci.清.0014.pinyin.json 第1阕第19字 语料拼音 bié,待裁定
ci.清.0014.pinyin.json#713,0,39,长,2,平,3,仄,ci.清.0014.pinyin.json 第1阕第40字 语料拼音 zhǎng,待裁定
ci.清.0014.pinyin.json#713,1,25,长,2,平,3,仄,ci.清.0014.pinyin.json 第2阕第26字 语料拼音 zhǎng,待裁定
ci.清.0014.pinyin.json#717,1,18,长,2,平,3,仄,ci.清.0014.pinyin.json 第2阕第19字 语料拼音 zhǎng,待裁定
ci.清.0014.pinyin.json#723,0,1,别,4,仄,2,平,ci.清.0014.pinyin.json 第1阕第2字 语料拼音 bié,待裁定
ci.清.0014.pinyin.json#725,1,8,别,4,仄,2,平,ci.清.0014.pinyin.json 第2阕第9字 语料拼音 bié,待裁定
ci.清.0014.pinyin.json#726,0,21,别,4,仄,2,平,ci.清.0014.pinyin.json 第1阕第22字 语料拼音 bié,待裁定
ci.清.0014.pinyin.json#726,1,7,别,4,仄,2,平,ci.清.0014.pinyin.json 第2阕第8字 语料拼音 bié,待裁定
ci.清.0014.pinyin.json#726,1,41,长,2,平,3,仄,ci.清.0014.pinyin.json 第2阕第42字 语料拼音 zhǎng,待裁定
ci.清.0014.pinyin.json#727,0,2,别,4,仄,2,平,ci.清.0014.pinyin.json 第1阕第3字 语料拼音 bié,待裁定
ci.清.0014.pinyin.json#727,0,13,别,4,仄,2,平,ci.清.0014.pinyin.json 第1阕第14字 语料拼音 bié,待裁定
ci.清.0014.pinyin.json#728,0,25,别,4,仄,2,平,ci.清.0014.pinyin.json 第1阕第26字 语料拼音 bié,待裁定
ci.清.0014.pinyin.json#732,0,16,别,4,仄,2,平,ci.清.0014.pinyin.json 第1阕第17字 语料拼音 bié,待裁定
ci.清.0014.pinyin.json#734,1,2,别,4,仄,2,平,ci.清.0014.pinyin.json 第2阕第3字 语料拼音 bié,待裁定
ci.清.0014.pinyin.json#737,0,0,别,4,仄,2,平,ci.清.0014.pinyin.json 第1阕第1字 语料拼音 bié,待裁定
ci.清.0014.pinyin.json#737,0,28,长,2,平,3,仄,ci.清.0014.pinyin.json 第1阕第29字 语料拼音 zhǎng,待裁定
ci.清.0014.pinyin.json#738,1,23,别,4,仄,2,平,ci.清.0014.pinyin.json 第2阕第24字 语料拼音 bié,待裁定
ci.清.0014.pinyin.json#740,1,1,绝,4,仄,2,平,ci.清.0014.pinyin.json 第2阕第2字 语料拼音 jué,待裁定
ci.清.0014.pinyin.json#744,0,39,长,2,平,3,仄,ci.清.0014.pinyin.json 第1阕第40字 语料拼音 zhǎng,待裁定
ci.清.0014.pinyin.json#746,1,17,长,2,平,3,仄,ci.清.0014.pinyin.json 第2阕第18字 语料拼音 zhǎng,待裁定
ci.清.0014.pinyin.json#755,1,0,甚,4,仄,2,平,ci.清.0014.pinyin.json 第2阕第1字 语料拼音 shén,待裁定
ci.清.0014.pinyin.json#757,0,38,别,4,仄,2,平,ci.清.0014.pinyin.json 第1阕第39字 语料拼音 bié,待裁定
ci.清.0014.pinyin.json#763,1,13,甚,4,仄,2,平,ci.清.0014.pinyin.json 第2阕第14字 语料拼音 shén,待裁定
ci.清.0014.pinyin.json#769,0,24,甚,4,仄,2,平,ci.清.0014.pinyin.json 第1阕第25字 语料拼音 shén,待裁定
ci.清.0014.pinyin.json#771,1,13,甚,4,仄,2,平,ci.清.0014.pinyin.json 第2阕第14字 语料拼音 shén,待裁定
ci.清.0014.pinyin.json#778,0,38,甚,4,仄,2,平,ci.清.0014.pinyin.json 第1阕第39字 语料拼音 shén,待裁定
ci.清.0014.pinyin.json#782,1,3,别,4,仄,2,平,ci.清.0014.pinyin.json 第2阕第4字 语料拼音 bié,待裁定
ci.清.0014.pinyin.json#783,1,7,别,4,仄,2,平,ci.清.0014.pinyin.json 第2阕第8字 语料拼音 bié,待裁定
ci.清.0014.pinyin.json#785,1,2,别,4,仄,2,平,ci.清.0014.pinyin.json 第2阕第3字 语料拼音 bié,待裁定
ci.清.0014.pinyin.json#787,0,0,别,4,仄,2,平,ci.清.0014.pinyin.json 第1阕第1字 语料拼音 bié,待裁定
ci.清.0014.pinyin.json#790,0,32,别,4,仄,2,平,ci.清.0014.pinyin.json 第1阕第33字 语料拼音 bié,待裁定
ci.清.0014.pinyin.json#794,0,4,甚,4,仄,2,平,ci.清.0014.pinyin.json 第1阕第5字 语料拼音 shén,待裁定
ci.清.0014.pinyin.json#794,1,11,别,4,仄,2,平,ci.清.0014.pinyin.json 第2阕第12字 语料拼音 bié,待裁定
ci.清.0014.pinyin.json#795,1,22,别,4,仄,2,平,ci.清.0014.pinyin.json 第2阕第23字 语料拼音 bié,待裁定
ci.清.0014.pinyin.json#795,1,29,绝,4,仄,2,平,ci.清.0014.pinyin.json 第2阕第30字 语料拼音 jué,待裁定
ci.清.0014.pinyin.json#804,1,0,别,4,仄,2,平,ci.清.0014.pinyin.json 第2阕第1字 语料拼音 bié,待裁定
ci.清.0014.pinyin.json#807,1,1,绝,4,仄,2,平,ci.清.0014.pinyin.json 第2阕第2字 语料拼音 jué,待裁定
ci.清.0014.pinyin.json#808,0,30,甚,4,仄,2,平,ci.清.0014.pinyin.json 第1阕第31字 语料拼音 shén,待裁定
ci.清.0014.pinyin.json#808,1,10,别,4,仄,2,平,ci.清.0014.pinyin.json 第2阕第11字 语料拼音 bié,待裁定
ci.清.0014.pinyin.json#809,0,38,别,4,仄,2,平,ci.清.0014.pinyin.json 第1阕第39字 语料拼音 bié,待裁定
ci.清.0014.pinyin.json#809,1,9,绝,4,仄,2,平,ci.清.0014.pinyin.json 第2阕第10字 语料拼音 jué,待裁定
ci.清.0014.pinyin.json#810,0,21,别,4,仄,2,平,ci.清.0014.pinyin.json 第1阕第22字 语料拼音 bié,待裁定
ci.清.0014.pinyin.json#817,0,14,绝,4,仄,2,平,ci.清.0014.pinyin.json 第1阕第15字 语料拼音 jué,待裁定
ci.清.0014.pinyin.json#817,1,12,别,4,仄,2,平,ci.清.0014.pinyin.json 第2阕第13字 语料拼音 bié,待裁定
ci.清.0014.pinyin.json#817,1,24,甚,4,仄,2,平,ci.清.0014.pinyin.json 第2阕第25字 语料拼音 shén,待裁定
ci.清.0014.pinyin.json#825,0,38,别,4,仄,2,平,ci.清.0014.pinyin.json 第1阕第39字 语料拼音 bié,待裁定
ci.清.0014.pinyin.json#833,1,23,别,4,仄,2,平,ci.清.0014.pinyin.json 第2阕第24字 语料拼音 bié,待裁定
ci.清.0014.pinyin.json#838,0,1,长,2,平,3,仄,ci.清.0014.pinyin.json 第1阕第2字 语料拼音 zhǎng,待裁定
ci.清.0014.pinyin.json#839,1,7,别,4,仄,2,平,ci.清.0014.pinyin.json 第2阕第8字 语料拼音 bié,待裁定
ci.清.0014.pinyin.json#841,0,36,甚,4,仄,2,平,ci.清.0014.pinyin.json 第1阕第37字 语料拼音 shén,待裁定
ci.清.0014.pinyin.json#844,1,10,别,4,仄,2,平,ci.清.0014.pinyin.json 第2阕第11字 语料拼音 bié,待裁定
ci.清.0014.pinyin.json#846,1,17,别,4,仄,2,平,ci.清.0014.pinyin.json 第2阕第18字 语料拼音 bié,待裁定
ci.清.0014.pinyin.json#846,8,0,甚,4,仄,2,平,ci.清.0014.pinyin.json 第9阕第1字 语料拼音 shén,待裁定
ci.清.0014.pinyin.json#849,0,38,别,4,仄,2,平,ci.清.0014.pinyin.json 第1阕第39字 语料拼音 bié,待裁定
ci.清.0014.pinyin.json#851,0,24,甚,4,仄,2,平,ci.清.0014.pinyin.json 第1阕第25字 语料拼音 shén,待裁定
ci.清.0014.pinyin.json#851,0,33,别,4,仄,2,平,ci.清.0014.pinyin.json 第1阕第34字 语料拼音 bié,待裁定
ci.清.0014.pinyin.json#852,1,26,长,2,平,3,仄,ci.清.0014.pinyin.json 第2阕第27字 语料拼音 zhǎng,待裁定
ci.清.0014.pinyin.json#853,1,15,甚,4,仄,2,平,ci.清.0014.pinyin.json 第2阕第16字 语料拼音 shén,待裁定
ci.清.0014.pinyin.json#855,0,31,绝,4,仄,2,平,ci.清.0014.pinyin.json 第1阕第32字 语料拼音 jué,待裁定
ci.清.0014.pinyin.json#859,1,22,别,4,仄,2,平,ci.清.0014.pinyin.json 第2阕第23字 语料拼音 bié,待裁定
ci.清.0014.pinyin.json#860,1,19,别,4,仄,2,平,ci.清.0014.pinyin.json 第2阕第20字 语料拼音 bié,待裁定
ci.清.0014.pinyin.json#861,0,53,别,4,仄,2,平,ci.清.0014.pinyin.json 第1阕第54字 语料拼音 bié,待裁定
ci.清.0014.pinyin.json#861,1,42,绝,4,仄,2,平,ci.清.0014.pinyin.json 第2阕第43字 语料拼音 jué,待裁定
ci.清.0014.pinyin.json#864,0,23,长,2,平,3,仄,ci.清.0014.pinyin.json 第1阕第24字 语料拼音 zhǎng,待裁定
ci.清.0014.pinyin.json#867,0,43,甚,4,仄,2,平,ci.清.0014.pinyin.json 第1阕第44字 语料拼音 shén,待裁定
ci.清.0014.pinyin.json#874,0,12,绝,4,仄,2,平,ci.清.0014.pinyin.json 第1阕第13字 语料拼音 jué,待裁定
ci.清.0014.pinyin.json#874,1,55,别,4,仄,2,平,ci.清.0014.pinyin.json 第2阕第56字 语料拼音 bié,待裁定
ci.清.0014.pinyin.json#876,1,10,别,4,仄,2,平,ci.清.0014.pinyin.json 第2阕第11字 语料拼音 bié,待裁定
ci.清.0014.pinyin.json#882,1,20,长,2,平,3,仄,ci.清.0014.pinyin.json 第2阕第21字 语料拼音 zhǎng,待裁定
ci.清.0014.pinyin.json#888,0,12,别,4,仄,2,平,ci.清.0014.pinyin.json 第1阕第13字 语料拼音 bié,待裁定
ci.清.0014.pinyin.json#888,1,7,长,2,平,3,仄,ci.清.0014.pinyin.json 第2阕第8字 语料拼音 zhǎng,待裁定
ci.清.0014.pinyin.json#888,1,28,绝,4,仄,2,平,ci.清.0014.pinyin.json 第2阕第29字 语料拼音 jué,待裁定
ci.清.0014.pinyin.json#898,1,10,长,2,平,3,仄,ci.清.0014.pinyin.json 第2阕第11字 语料拼音 zhǎng,待裁定
ci.清.0014.pinyin.json#903,1,5,别,4,仄,2,平,ci.清.0014.pinyin.json 第2阕第6字 语料拼音 bié,待裁定
ci.清.0014.pinyin.json#910,1,26,别,4,仄,2,平,ci.清.0014.pinyin.json 第2阕第27字 语料拼音 bié,待裁定
ci.清.0014.pinyin.json#916,0,13,甚,4,仄,2,平,ci.清.0014.pinyin.json 第1阕第14字 语料拼音 shén,待裁定
ci.清.0014.pinyin.json#926,0,19,绝,4,仄,2,平,ci.清.0014.pinyin.json 第1阕第20字 语料拼音 jué,待裁定
ci.清.0014.pinyin.json#927,1,29,甚,4,仄,2,平,ci.清.0014.pinyin.json 第2阕第30字 语料拼音 shén,待裁定
ci.清.0014.pinyin.json#930,1,0,甚,4,仄,2,平,ci.清.0014.pinyin.json 第2阕第1字 语料拼音 shén,待裁定
ci.清.0014.pinyin.json#931,0,3,别,4,仄,2,平,ci.清.0014.pinyin.json 第1阕第4字 语料拼音 bié,待裁定
ci.清.0014.pinyin.json#931,0,4,甚,4,仄,2,平,ci.清.0014.pinyin.json 第1阕第5字 语料拼音 shén,待裁定
ci.清.0014.pinyin.json#931,1,43,甚,4,仄,2,平,ci.清.0014.pinyin.json 第2阕第44字 语料拼音 shén,待裁定
ci.清.0014.pinyin.json#933,0,16,绝,4,仄,2,平,ci.清.0014.pinyin.json 第1阕第17字 语料拼音 jué,待裁定
ci.清.0014.pinyin.json#934,0,2,长,2,平,3,仄,ci.清.0014.pinyin.json 第1阕第3字 语料拼音 zhǎng,待裁定
ci.清.0014.pinyin.json#936,0,31,长,2,平,3,仄,ci.清.0014.pinyin.json 第1阕第32字 语料拼音 zhǎng,待裁定
ci.清.0014.pinyin.json#939,3,6,别,4,仄,2,平,ci.清.0014.pinyin.json 第4阕第7字 语料拼音 bié,待裁定
ci.清.0014.pinyin.json#940,0,36,长,2,平,3,仄,ci.清.0014.pinyin.json 第1阕第37字 语料拼音 zhǎng,待裁定
ci.清.0014.pinyin.json#940,1,13,绝,4,仄,2,平,ci.清.0014.pinyin.json 第2阕第14字 语料拼音 jué,待裁定
ci.清.0014.pinyin.json#942,1,11,绝,4,仄,2,平,ci.清.0014.pinyin.json 第2阕第12字 语料拼音 jué,待裁定
ci.清.0014.pinyin.json#944,1,20,别,4,仄,2,平,ci.清.0014.pinyin.json 第2阕第21字 语料拼音 bié,待裁定
ci.清.0014.pinyin.json#952,0,21,别,4,仄,2,平,ci.清.0014.pinyin.json 第1阕第22字 语料拼音 bié,待裁定
ci.清.0014.pinyin.json#954,0,4,别,4,仄,2,平,ci.清.0014.pinyin.json 第1阕第5字 语料拼音 bié,待裁定
ci.清.0014.pinyin.json#955,1,5,别,4,仄,2,平,ci.清.0014.pinyin.json 第2阕第6字 语料拼音 bié,待裁定
ci.清.0014.pinyin.json#957,1,32,别,4,仄,2,平,ci.清.0014.pinyin.json 第2阕第33字 语料拼音 bié,待裁定
ci.清.0014.pinyin.json#961,0,50,别,4,仄,2,平,ci.清.0014.pinyin.json 第1阕第51字 语料拼音 bié,待裁定
ci.清.0014.pinyin.json#961,1,1,绝,4,仄,2,平,ci.清.0014.pinyin.json 第2阕第2字 语料拼音 jué,待裁定
ci.清.0014.pinyin.json#963,1,35,长,2,平,3,仄,ci.清.0014.pinyin.json 第2阕第36字 语料拼音 zhǎng,待裁定
ci.清.0014.pinyin.json#968,1,3,别,4,仄,2,平,ci.清.0014.pinyin.json 第2阕第4字 语料拼音 bié,待裁定
ci.清.0014.pinyin.json#970,0,11,长,2,平,3,仄,ci.清.0014.pinyin.json 第1阕第12字 语料拼音 zhǎng,待裁定
ci.清.0014.pinyin.json#973,1,3,长,2,平,3,仄,ci.清.0014.pinyin.json 第2阕第4字 语料拼音 zhǎng,待裁定
ci.清.0014.pinyin.json#975,1,32,别,4,仄,2,平,ci.清.0014.pinyin.json 第2阕第33字 语料拼音 bié,待裁定
ci.清.0014.pinyin.json#975,1,42,长,2,平,3,仄,ci.清.0014.pinyin.json 第2阕第43字 语料拼音 zhǎng,待裁定
ci.清.0014.pinyin.json#976,1,4,长,2,平,3,仄,ci.清.0014.pinyin.json 第2阕第5字 语料拼音 zhǎng,待裁定
ci.清.0014.pinyin.json#977,0,38,长,2,平,3,仄,ci.清.0014.pinyin.json 第1阕第39字 语料拼音 zhǎng,待裁定
ci.清.0014.pinyin.json#978,0,15,长,2,平,3,仄,ci.清.0014.pinyin.json 第1阕第16字 语料拼音 zhǎng,待裁定
ci.清.0014.pinyin.json#980,1,6,甚,4,仄,2,平,ci.清.0014.pinyin.json 第2阕第7字 语料拼音 shén,待裁定
ci.清.0014.pinyin.json#981,0,17,别,4,仄,2,平,ci.清.0014.pinyin.json 第1阕第18字 语料拼音 bié,待裁定
ci.清.0014.pinyin.json#985,0,6,长,2,平,3,仄,ci.清.0014.pinyin.json 第1阕第7字 语料拼音 zhǎng,待裁定
ci.清.0014.pinyin.json#986,0,2,长,2,平,3,仄,ci.清.0014.pinyin.json 第1阕第3字 语料拼音 zhǎng,待裁定
ci.清.0014.pinyin.json#994,0,0,长,2,平,3,仄,ci.清.0014.pinyin.json 第1阕第1字 语料拼音 zhǎng,待裁定
ci.清.0014.pinyin.json#998,1,17,长,2,平,3,仄,ci.清.0014.pinyin.json 第2阕第18字 语料拼音 zhǎng,待裁定
ci.清.0014.pinyin.json#999,1,17,长,2,平,3,仄,ci.清.0014.pinyin.json 第2阕第18字 语料拼音 zhǎng,待裁定
ci.清.0015.pinyin.json#2,1,7,长,2,平,3,仄,ci.清.0015.pinyin.json 第2阕第8字 语料拼音 zhǎng,待裁定
ci.清.0015.pinyin.json#3,0,4,长,2,平,3,仄,ci.清.0015.pinyin.json 第1阕第5字 语料拼音 zhǎng,待裁定
ci.清.0015.pinyin.json#9,0,27,长,2,平,3,仄,ci.清.0015.pinyin.json 第1阕第28字 语料拼音 zhǎng,待裁定
ci.清.0015.pinyin.json#13,1,15,别,4,仄,2,平,ci.清.0015.pinyin.json 第2阕第16字 语料拼音 bié,待裁定
ci.清.0015.pinyin.json#14,0,16,长,2,平,3,仄,ci.清.0015.pinyin.json 第1阕第17字 语料拼音 zhǎng,待裁定
ci.清.0015.pinyin.json#26,1,29,长,2,平,3,仄,ci.清.0015.pinyin.json 第2阕第30字 语料拼音 zhǎng,待裁定
ci.清.0015.pinyin.json#33,1,20,长,2,平,3,仄,ci.清.0015.pinyin.json 第2阕第21字 语料拼音 zhǎng,待裁定
ci.清.0015.pinyin.json#38,1,26,长,2,平,3,仄,ci.清.0015.pinyin.json 第2阕第27字 语料拼音 zhǎng,待裁定
ci.清.0015.pinyin.json#45,0,0,别,4,仄,2,平,ci.清.0015.pinyin.json 第1阕第1字 语料拼音 bié,待裁定
ci.清.0015.pinyin.json#46,1,5,别,4,仄,2,平,ci.清.0015.pinyin.json 第2阕第6字 语料拼音 bié,待裁定
ci.清.0015.pinyin.json#48,1,29,别,4,仄,2,平,ci.清.0015.pinyin.json 第2阕第30字 语料拼音 bié,待裁定
ci.清.0015.pinyin.json#49,0,47,长,2,平,3,仄,ci.清.0015.pinyin.json 第1阕第48字 语料拼音 zhǎng,待裁定
ci.清.0015.pinyin.json#50,0,30,别,4,仄,2,平,ci.清.0015.pinyin.json 第1阕第31字 语料拼音 bié,待裁定
ci.清.0015.pinyin.json#50,1,26,别,4,仄,2,平,ci.清.0015.pinyin.json 第2阕第27字 语料拼音 bié,待裁定
ci.清.0015.pinyin.json#51,0,25,长,2,平,3,仄,ci.清.0015.pinyin.json 第1阕第26字 语料拼音 zhǎng,待裁定
ci.清.0015.pinyin.json#52,0,33,长,2,平,3,仄,ci.清.0015.pinyin.json 第1阕第34字 语料拼音 zhǎng,待裁定
ci.清.0015.pinyin.json#53,0,52,长,2,平,3,仄,ci.清.0015.pinyin.json 第1阕第53字 语料拼音 zhǎng,待裁定
ci.清.0015.pinyin.json#53,1,45,长,2,平,3,仄,ci.清.0015.pinyin.json 第2阕第46字 语料拼音 zhǎng,待裁定
ci.清.0015.pinyin.json#54,0,50,别,4,仄,2,平,ci.清.0015.pinyin.json 第1阕第51字 语料拼音 bié,待裁定
ci.清.0015.pinyin.json#66,1,4,长,2,平,3,仄,ci.清.0015.pinyin.json 第2阕第5字 语料拼音 zhǎng,待裁定
ci.清.0015.pinyin.json#69,0,5,长,2,平,3,仄,ci.清.0015.pinyin.json 第1阕第6字 语料拼音 zhǎng,待裁定
ci.清.0015.pinyin.json#69,0,9,别,4,仄,2,平,ci.清.0015.pinyin.json 第1阕第10字 语料拼音 bié,待裁定
ci.清.0015.pinyin.json#72,0,11,别,4,仄,2,平,ci.清.0015.pinyin.json 第1阕第12字 语料拼音 bié,待裁定
ci.清.0015.pinyin.json#73,0,19,别,4,仄,2,平,ci.清.0015.pinyin.json 第1阕第20字 语料拼音 bié,待裁定
ci.清.0015.pinyin.json#74,1,22,长,2,平,3,仄,ci.清.0015.pinyin.json 第2阕第23字 语料拼音 zhǎng,待裁定
ci.清.0015.pinyin.json#78,3,16,长,2,平,3,仄,ci.清.0015.pinyin.json 第4阕第17字 语料拼音 zhǎng,待裁定
ci.清.0015.pinyin.json#84,0,6,别,4,仄,2,平,ci.清.0015.pinyin.json 第1阕第7字 语料拼音 bié,待裁定
ci.清.0015.pinyin.json#84,1,32,长,2,平,3,仄,ci.清.0015.pinyin.json 第2阕第33字 语料拼音 zhǎng,待裁定
ci.清.0015.pinyin.json#91,1,8,长,2,平,3,仄,ci.清.0015.pinyin.json 第2阕第9字 语料拼音 zhǎng,待裁定
ci.清.0015.pinyin.json#93,0,32,长,2,平,3,仄,ci.清.0015.pinyin.json 第1阕第33字 语料拼音 zhǎng,待裁定
ci.清.0015.pinyin.json#94,1,9,长,2,平,3,仄,ci.清.0015.pinyin.json 第2阕第10字 语料拼音 zhǎng,待裁定
ci.清.0015.pinyin.json#95,0,27,长,2,平,3,仄,ci.清.0015.pinyin.json 第1阕第28字 语料拼音 zhǎng,待裁定
ci.清.0015.pinyin.json#96,0,19,甚,4,仄,2,平,ci.清.0015.pinyin.json 第1阕第20字 语料拼音 shén,待裁定
ci.清.0015.pinyin.json#102,1,48,长,2,平,3,仄,ci.清.0015.pinyin.json 第2阕第49字 语料拼音 zhǎng,待裁定
ci.清.0015.pinyin.json#104,0,8,长,2,平,3,仄,ci.清.0015.pinyin.json 第1阕第9字 语料拼音 zhǎng,待裁定
ci.清.0015.pinyin.json#106,1,4,长,2,平,3,仄,ci.清.0015.pinyin.json 第2阕第5字 语料拼音 zhǎng,待裁定
ci.清.0015.pinyin.json#109,0,24,别,4,仄,2,平,ci.清.0015.pinyin.json 第1阕第25字 语料拼音 bié,待裁定
ci.清.0015.pinyin.json#115,1,40,长,2,平,3,仄,ci.清.0015.pinyin.json 第2阕第41字 语料拼音 zhǎng,待裁定
ci.清.0015.pinyin.json#116,0,50,别,4,仄,2,平,ci.清.0015.pinyin.json 第1阕第51字 语料拼音 bié,待裁定
ci.清.0015.pinyin.json#125,1,17,长,2,平,3,仄,ci.清.0015.pinyin.json 第2阕第18字 语料拼音 zhǎng,待裁定
ci.清.0015.pinyin.json#125,1,25,别,4,仄,2,平,ci.清.0015.pinyin.json 第2阕第26字 语料拼音 bié,待裁定
ci.清.0015.pinyin.json#128,0,2,别,4,仄,2,平,ci.清.0015.pinyin.json 第1阕第3字 语料拼音 bié,待裁定
ci.清.0015.pinyin.json#137,1,45,长,2,平,3,仄,ci.清.0015.pinyin.json 第2阕第46字 语料拼音 zhǎng,待裁定
ci.清.0015.pinyin.json#138,0,24,别,4,仄,2,平,ci.清.0015.pinyin.json 第1阕第25字 语料拼音 bié,待裁定
ci.清.0015.pinyin.json#138,1,34,长,2,平,3,仄,ci.清.0015.pinyin.json 第2阕第35字 语料拼音 zhǎng,待裁定
ci.清.0015.pinyin.json#139,0,13,别,4,仄,2,平,ci.清.0015.pinyin.json 第1阕第14字 语料拼音 bié,待裁定
ci.清.0015.pinyin.json#140,1,34,甚,4,仄,2,平,ci.清.0015.pinyin.json 第2阕第35字 语料拼音 shén,待裁定
ci.清.0015.pinyin.json#142,0,29,长,2,平,3,仄,ci.清.0015.pinyin.json 第1阕第30字 语料拼音 zhǎng,待裁定
ci.清.0015.pinyin.json#144,0,22,绝,4,仄,2,平,ci.清.0015.pinyin.json 第1阕第23字 语料拼音 jué,待裁定
ci.清.0015.pinyin.json#144,1,24,别,4,仄,2,平,ci.清.0015.pinyin.json 第2阕第25字 语料拼音 bié,待裁定
ci.清.0015.pinyin.json#144,1,32,绝,4,仄,2,平,ci.清.0015.pinyin.json 第2阕第33字 语料拼音 jué,待裁定
ci.清.0015.pinyin.json#152,1,11,绝,4,仄,2,平,ci.清.0015.pinyin.json 第2阕第12字 语料拼音 jué,待裁定
ci.清.0015.pinyin.json#157,0,4,甚,4,仄,2,平,ci.清.0015.pinyin.json 第1阕第5字 语料拼音 shén,待裁定
ci.清.0015.pinyin.json#159,0,14,别,4,仄,2,平,ci.清.0015.pinyin.json 第1阕第15字 语料拼音 bié,待裁定
ci.清.0015.pinyin.json#159,1,1,绝,4,仄,2,平,ci.清.0015.pinyin.json 第2阕第2字 语料拼音 jué,待裁定
ci.清.0015.pinyin.json#159,1,6,长,2,平,3,仄,ci.清.0015.pinyin.json 第2阕第7字 语料拼音 zhǎng,待裁定
ci.清.0015.pinyin.json#162,0,5,甚,4,仄,2,平,ci.清.0015.pinyin.json 第1阕第6字 语料拼音 shén,待裁定
ci.清.0015.pinyin.json#162,1,47,别,4,仄,2,平,ci.清.0015.pinyin.json 第2阕第48字 语料拼音 bié,待裁定
ci.清.0015.pinyin.json#165,0,30,长,2,平,3,仄,ci.清.0015.pinyin.json 第1阕第31字 语料拼音 zhǎng,待裁定
ci.清.0015.pinyin.json#165,1,18,长,2,平,3,仄,ci.清.0015.pinyin.json 第2阕第19字 语料拼音 zhǎng,待裁定
ci.清.0015.pinyin.json#165,1,20,长,2,平,3,仄,ci.清.0015.pinyin.json 第2阕第21字 语料拼音 zhǎng,待裁定
ci.清.0015.pinyin.json#167,0,38,甚,4,仄,2,平,ci.清.0015.pinyin.json 第1阕第39字 语料拼音 shén,待裁定
ci.清.0015.pinyin.json#168,0,48,别,4,仄,2,平,ci.清.0015.pinyin.json 第1阕第49字 语料拼音 bié,待裁定
ci.清.0015.pinyin.json#168,1,6,别,4,仄,2,平,ci.清.0015.pinyin.json 第2阕第7字 语料拼音 bié,待裁定
ci.清.0015.pinyin.json#175,2,25,别,4,仄,2,平,ci.清.0015.pinyin.json 第3阕第26字 语料拼音 bié,待裁定
ci.清.0015.pinyin.json#175,3,25,绝,4,仄,2,平,ci.清.0015.pinyin.json 第4阕第26字 语料拼音 jué,待裁定
ci.清.0015.pinyin.json#183,1,0,长,2,平,3,仄,ci.清.0015.pinyin.json 第2阕第1字 语料拼音 zhǎng,待裁定
ci.清.0015.pinyin.json#194,1,4,长,2,平,3,仄,ci.清.0015.pinyin.json 第2阕第5字 语料拼音 zhǎng,待裁定
ci.清.0015.pinyin.json#194,1,6,别,4,仄,2,平,ci.清.0015.pinyin.json 第2阕第7字 语料拼音 bié,待裁定
ci.清.0015.pinyin.json#199,1,0,长,2,平,3,仄,ci.清.0015.pinyin.json 第2阕第1字 语料拼音 zhǎng,待裁定
ci.清.0015.pinyin.json#204,1,16,别,4,仄,2,平,ci.清.0015.pinyin.json 第2阕第17字 语料拼音 bié,待裁定
ci.清.0015.pinyin.json#205,0,26,长,2,平,3,仄,ci.清.0015.pinyin.json 第1阕第27字 语料拼音 zhǎng,待裁定
ci.清.0015.pinyin.json#209,0,4,甚,4,仄,2,平,ci.清.0015.pinyin.json 第1阕第5字 语料拼音 shén,待裁定
ci.清.0015.pinyin.json#211,0,18,绝,4,仄,2,平,ci.清.0015.pinyin.json 第1阕第19字 语料拼音 jué,待裁定
ci.清.0015.pinyin.json#213,1,26,长,2,平,3,仄,ci.清.0015.pinyin.json 第2阕第27字 语料拼音 zhǎng,待裁定
ci.清.0015.pinyin.json#214,0,11,绝,4,仄,2,平,ci.清.0015.pinyin.json 第1阕第12字 语料拼音 jué,待裁定
ci.清.0015.pinyin.json#225,1,5,别,4,仄,2,平,ci.清.0015.pinyin.json 第2阕第6字 语料拼音 bié,待裁定
ci.清.0015.pinyin.json#227,0,16,长,2,平,3,仄,ci.清.0015.pinyin.json 第1阕第17字 语料拼音 zhǎng,待裁定
ci.清.0015.pinyin.json#237,1,3,长,2,平,3,仄,ci.清.0015.pinyin.json 第2阕第4字 语料拼音 zhǎng,待裁定
ci.清.0015.pinyin.json#240,1,25,长,2,平,3,仄,ci.清.0015.pinyin.json 第2阕第26字 语料拼音 zhǎng,待裁定
ci.清.0015.pinyin.json#241,1,4,长,2,平,3,仄,ci.清.0015.pinyin.json 第2阕第5字 语料拼音 zhǎng,待裁定
ci.清.0015.pinyin.json#242,0,5,别,4,仄,2,平,ci.清.0015.pinyin.json 第1阕第6字 语料拼音 bié,待裁定
ci.清.0015.pinyin.json#248,1,8,长,2,平,3,仄,ci.清.0015.pinyin.json 第2阕第9字 语料拼音 zhǎng,待裁定
ci.清.0015.pinyin.json#256,1,0,别,4,仄,2,平,ci.清.0015.pinyin.json 第2阕第1字 语料拼音 bié,待裁定
ci.清.0015.pinyin.json#257,0,47,别,4,仄,2,平,ci.清.0015.pinyin.json 第1阕第48字 语料拼音 bié,待裁定
ci.清.0015.pinyin.json#260,0,27,长,2,平,3,仄,ci.清.0015.pinyin.json 第1阕第28字 语料拼音 zhǎng,待裁定
ci.清.0015.pinyin.json#260,1,16,别,4,仄,2,平,ci.清.0015.pinyin.json 第2阕第17字 语料拼音 bié,待裁定
ci.清.0015.pinyin.json#264,1,2,长,2,平,3,仄,ci.清.0015.pinyin.json 第2阕第3字 语料拼音 zhǎng,待裁定
ci.清.0015.pinyin.json#266,1,18,别,4,仄,2,平,ci.清.0015.pinyin.json 第2阕第19字 语料拼音 bié,待裁定
ci.清.0015.pinyin.json#266,1,23,甚,4,仄,2,平,ci.清.0015.pinyin.json 第2阕第24字 语料拼音 shén,待裁定
ci.清.0015.pinyin.json#267,1,19,别,4,仄,2,平,ci.清.0015.pinyin.json 第2阕第20字 语料拼音 bié,待裁定
ci.清.0015.pinyin.json#273,0,18,长,2,平,3,仄,ci.清.0015.pinyin.json 第1阕第19字 语料拼音 zhǎng,待裁定
ci.清.0015.pinyin.json#274,0,12,别,4,仄,2,平,ci.清.0015.pinyin.json 第1阕第13字 语料拼音 bié,待裁定
ci.清.0015.pinyin.json#281,0,17,绝,4,仄,2,平,ci.清.0015.pinyin.json 第1阕第18字 语料拼音 jué,待裁定
ci.清.0015.pinyin.json#282,0,2,长,2,平,3,仄,ci.清.0015.pinyin.json 第1阕第3字 语料拼音 zhǎng,待裁定
ci.清.0015.pinyin.json#283,0,30,别,4,仄,2,平,ci.清.0015.pinyin.json 第1阕第31字 语料拼音 bié,待裁定
ci.清.0015.pinyin.json#283,1,44,长,2,平,3,仄,ci.清.0015.pinyin.json 第2阕第45字 语料拼音 zhǎng,待裁定
ci.清.0015.pinyin.json#284,0,31,甚,4,仄,2,平,ci.清.0015.pinyin.json 第1阕第32字 语料拼音 shén,待裁定
ci.清.0015.pinyin.json#289,0,20,长,2,平,3,仄,ci.清.0015.pinyin.json 第1阕第21字 语料拼音 zhǎng,待裁定
ci.清.0015.pinyin.json#293,0,8,别,4,仄,2,平,ci.清.0015.pinyin.json 第1阕第9字 语料拼音 bié,待裁定
ci.清.0015.pinyin.json#293,0,45,长,2,平,3,仄,ci.清.0015.pinyin.json 第1阕第46字 语料拼音 zhǎng,待裁定
ci.清.0015.pinyin.json#299,1,13,长,2,平,3,仄,ci.清.0015.pinyin.json 第2阕第14字 语料拼音 zhǎng,待裁定
ci.清.0015.pinyin.json#299,1,14,绝,4,仄,2,平,ci.清.0015.pinyin.json 第2阕第15字 语料拼音 jué,待裁定
ci.清.0015.pinyin.json#299,1,27,别,4,仄,2,平,ci.清.0015.pinyin.json 第2阕第28字 语料拼音 bié,待裁定
ci.清.0015.pinyin.json#300,1,13,长,2,平,3,仄,ci.清.0015.pinyin.json 第2阕第14字 语料拼音 zhǎng,待裁定
ci.清.0015.pinyin.json#305,0,28,长,2,平,3,仄,ci.清.0015.pinyin.json 第1阕第29字 语料拼音 zhǎng,待裁定
ci.清.0015.pinyin.json#308,0,43,甚,4,仄,2,平,ci.清.0015.pinyin.json 第1阕第44字 语料拼音 shén,待裁定
ci.清.0015.pinyin.json#308,0,46,长,2,平,3,仄,ci.清.0015.pinyin.json 第1阕第47字 语料拼音 zhǎng,待裁定
ci.清.0015.pinyin.json#308,1,13,别,4,仄,2,平,ci.清.0015.pinyin.json 第2阕第14字 语料拼音 bié,待裁定
ci.清.0015.pinyin.json#312,0,18,别,4,仄,2,平,ci.清.0015.pinyin.json 第1阕第19字 语料拼音 bié,待裁定
ci.清.0015.pinyin.json#314,1,4,长,2,平,3,仄,ci.清.0015.pinyin.json 第2阕第5字 语料拼音 zhǎng,待裁定
ci.清.0015.pinyin.json#323,0,6,长,2,平,3,仄,ci.清.0015.pinyin.json 第1阕第7字 语料拼音 zhǎng,待裁定
ci.清.0015.pinyin.json#327,1,37,长,2,平,3,仄,ci.清.0015.pinyin.json 第2阕第38字 语料拼音 zhǎng,待裁定
ci.清.0015.pinyin.json#331,1,20,长,2,平,3,仄,ci.清.0015.pinyin.json 第2阕第21字 语料拼音 zhǎng,待裁定
ci.清.0015.pinyin.json#333,0,21,别,4,仄,2,平,ci.清.0015.pinyin.json 第1阕第22字 语料拼音 bié,待裁定
ci.清.0015.pinyin.json#333,1,18,长,2,平,3,仄,ci.清.0015.pinyin.json 第2阕第19字 语料拼音 zhǎng,待裁定
ci.清.0015.pinyin.json#336,1,3,甚,4,仄,2,平,ci.清.0015.pinyin.json 第2阕第4字 语料拼音 shén,待裁定
ci.清.0015.pinyin.json#337,0,37,绝,4,仄,2,平,ci.清.0015.pinyin.json 第1阕第38字 语料拼音 jué,待裁定
ci.清.0015.pinyin.json#339,0,33,绝,4,仄,2,平,ci.清.0015.pinyin.json 第1阕第34字 语料拼音 jué,待裁定
ci.清.0015.pinyin.json#339,1,5,别,4,仄,2,平,ci.清.0015.pinyin.json 第2阕第6字 语料拼音 bié,待裁定
ci.清.0015.pinyin.json#339,1,17,长,2,平,3,仄,ci.清.0015.pinyin.json 第2阕第18字 语料拼音 zhǎng,待裁定
ci.清.0015.pinyin.json#340,0,50,长,2,平,3,仄,ci.清.0015.pinyin.json 第1阕第51字 语料拼音 zhǎng,待裁定
ci.清.0015.pinyin.json#342,1,43,甚,4,仄,2,平,ci.清.0015.pinyin.json 第2阕第44字 语料拼音 shén,待裁定
ci.清.0015.pinyin.json#344,0,51,长,2,平,3,仄,ci.清.0015.pinyin.json 第1阕第52字 语料拼音 zhǎng,待裁定
ci.清.0015.pinyin.json#349,0,14,长,2,平,3,仄,ci.清.0015.pinyin.json 第1阕第15字 语料拼音 zhǎng,待裁定
ci.清.0015.pinyin.json#351,0,19,长,2,平,3,仄,ci.清.0015.pinyin.json 第1阕第20字 语料拼音 zhǎng,待裁定
ci.清.0015.pinyin.json#355,0,2,别,4,仄,2,平,ci.清.0015.pinyin.json 第1阕第3字 语料拼音 bié,待裁定
ci.清.0015.pinyin.json#355,0,3,长,2,平,3,仄,ci.清.0015.pinyin.json 第1阕第4字 语料拼音 zhǎng,待裁定
ci.清.0015.pinyin.json#356,0,0,长,2,平,3,仄,ci.清.0015.pinyin.json 第1阕第1字 语料拼音 zhǎng,待裁定
ci.清.0015.pinyin.json#364,0,32,长,2,平,3,仄,ci.清.0015.pinyin.json 第1阕第33字 语料拼音 zhǎng,待裁定
ci.清.0015.pinyin.json#365,0,37,绝,4,仄,2,平,ci.清.0015.pinyin.json 第1阕第38字 语料拼音 jué,待裁定
ci.清.0015.pinyin.json#366,1,44,绝,4,仄,2,平,ci.清.0015.pinyin.json 第2阕第45字 语料拼音 jué,待裁定
ci.清.0015.pinyin.json#373,0,20,绝,4,仄,2,平,ci.清.0015.pinyin.json 第1阕第21字 语料拼音 jué,待裁定
ci.清.0015.pinyin.json#373,1,13,别,4,仄,2,平,ci.清.0015.pinyin.json 第2阕第14字 语料拼音 bié,待裁定
ci.清.0015.pinyin.json#373,1,16,别,4,仄,2,平,ci.清.0015.pinyin.json 第2阕第17字 语料拼音 bié,待裁定
ci.清.0015.pinyin.json#376,0,13,别,4,仄,2,平,ci.清.0015.pinyin.json 第1阕第14字 语料拼音 bié,待裁定
ci.清.0015.pinyin.json#377,0,46,长,2,平,3,仄,ci.清.0015.pinyin.json 第1阕第47字 语料拼音 zhǎng,待裁定
ci.清.0015.pinyin.json#383,0,48,绝,4,仄,2,平,ci.清.0015.pinyin.json 第1阕第49字 语料拼音 jué,待裁定
ci.清.0015.pinyin.json#391,1,4,长,2,平,3,仄,ci.清.0015.pinyin.json 第2阕第5字 语料拼音 zhǎng,待裁定
ci.清.0015.pinyin.json#397,1,11,长,2,平,3,仄,ci.清.0015.pinyin.json 第2阕第12字 语料拼音 zhǎng,待裁定
ci.清.0015.pinyin.json#398,1,28,甚,4,仄,2,平,ci.清.0015.pinyin.json 第2阕第29字 语料拼音 shén,待裁定
ci.清.0015.pinyin.json#401,0,24,长,2,平,3,仄,ci.清.0015.pinyin.json 第1阕第25字 语料拼音 zhǎng,待裁定
ci.清.0015.pinyin.json#401,0,42,别,4,仄,2,平,ci.清.0015.pinyin.json 第1阕第43字 语料拼音 bié,待裁定
ci.清.0015.pinyin.json#401,1,35,长,2,平,3,仄,ci.清.0015.pinyin.json 第2阕第36字 语料拼音 zhǎng,待裁定
ci.清.0015.pinyin.json#402,1,0,绝,4,仄,2,平,ci.清.0015.pinyin.json 第2阕第1字 语料拼音 jué,待裁定
ci.清.0015.pinyin.json#407,0,0,别,4,仄,2,平,ci.清.0015.pinyin.json 第1阕第1字 语料拼音 bié,待裁定
ci.清.0015.pinyin.json#412,0,38,长,2,平,3,仄,ci.清.0015.pinyin.json 第1阕第39字 语料拼音 zhǎng,待裁定
ci.清.0015.pinyin.json#417,0,23,绝,4,仄,2,平,ci.清.0015.pinyin.json 第1阕第24字 语料拼音 jué,待裁定
ci.清.0015.pinyin.json#417,1,49,别,4,仄,2,平,ci.清.0015.pinyin.json 第2阕第50字 语料拼音 bié,待裁定
ci.清.0015.pinyin.json#418,0,27,别,4,仄,2,平,ci.清.0015.pinyin.json 第1阕第28字 语料拼音 bié,待裁定
ci.清.0015.pinyin.json#419,1,14,绝,4,仄,2,平,ci.清.0015.pinyin.json 第2阕第15字 语料拼音 jué,待裁定
ci.清.0015.pinyin.json#421,1,1,绝,4,仄,2,平,ci.清.0015.pinyin.json 第2阕第2字 语料拼音 jué,待裁定
ci.清.0015.pinyin.json#423,1,52,长,2,平,3,仄,ci.清.0015.pinyin.json 第2阕第53字 语料拼音 zhǎng,待裁定
ci.清.0015.pinyin.json#424,0,6,长,2,平,3,仄,ci.清.0015.pinyin.json 第1阕第7字 语料拼音 zhǎng,待裁定
ci.清.0015.pinyin.json#425,2,2,甚,4,仄,2,平,ci.清.0015.pinyin.json 第3阕第3字 语料拼音 shén,待裁定
ci.清.0015.pinyin.json#428,0,0,绝,4,仄,2,平,ci.清.0015.pinyin.json 第1阕第1字 语料拼音 jué,待裁定
ci.清.0015.pinyin.json#429,0,54,甚,4,仄,2,平,ci.清.0015.pinyin.json 第1阕第55字 语料拼音 shén,待裁定
ci.清.0015.pinyin.json#429,1,47,长,2,平,3,仄,ci.清.0015.pinyin.json 第2阕第48字 语料拼音 zhǎng,待裁定
ci.清.0015.pinyin.json#431,1,34,绝,4,仄,2,平,ci.清.0015.pinyin.json 第2阕第35字 语料拼音 jué,待裁定
ci.清.0015.pinyin.json#433,0,23,绝,4,仄,2,平,ci.清.0015.pinyin.json 第1阕第24字 语料拼音 jué,待裁定
ci.清.0015.pinyin.json#436,1,11,甚,4,仄,2,平,ci.清.0015.pinyin.json 第2阕第12字 语料拼音 shén,待裁定
ci.清.0015.pinyin.json#442,1,4,绝,4,仄,2,平,ci.清.0015.pinyin.json 第2阕第5字 语料拼音 jué,待裁定
ci.清.0015.pinyin.json#442,1,36,别,4,仄,2,平,ci.清.0015.pinyin.json 第2阕第37字 语料拼音 bié,待裁定
ci.清.0015.pinyin.json#454,0,37,长,2,平,3,仄,ci.清.0015.pinyin.json 第1阕第38字 语料拼音 zhǎng,待裁定
ci.清.0015.pinyin.json#458,0,46,甚,4,仄,2,平,ci.清.0015.pinyin.json 第1阕第47字 语料拼音 shén,待裁定
ci.清.0015.pinyin.json#458,1,43,绝,4,仄,2,平,ci.清.0015.pinyin.json 第2阕第44字 语料拼音 jué,待裁定
ci.清.0015.pinyin.json#458,1,54,长,2,平,3,仄,ci.清.0015.pinyin.json 第2阕第55字 语料拼音 zhǎng,待裁定
ci.清.0015.pinyin.json#472,1,3,别,4,仄,2,平,ci.清.0015.pinyin.json 第2阕第4字 语料拼音 bié,待裁定
ci.清.0015.pinyin.json#472,1,41,甚,4,仄,2,平,ci.清.0015.pinyin.json 第2阕第42字 语料拼音 shén,待裁定
ci.清.0015.pinyin.json#475,0,46,别,4,仄,2,平,ci.清.0015.pinyin.json 第1阕第47字 语料拼音 bié,待裁定
ci.清.0015.pinyin.json#478,1,26,甚,4,仄,2,平,ci.清.0015.pinyin.json 第2阕第27字 语料拼音 shén,待裁定
ci.清.0015.pinyin.json#479,1,4,别,4,仄,2,平,ci.清.0015.pinyin.json 第2阕第5字 语料拼音 bié,待裁定
ci.清.0015.pinyin.json#480,1,31,别,4,仄,2,平,ci.清.0015.pinyin.json 第2阕第32字 语料拼音 bié,待裁定
ci.清.0015.pinyin.json#481,0,21,绝,4,仄,2,平,ci.清.0015.pinyin.json 第1阕第22字 语料拼音 jué,待裁定
ci.清.0015.pinyin.json#495,1,10,甚,4,仄,2,平,ci.清.0015.pinyin.json 第2阕第11字 语料拼音 shén,待裁定
ci.清.0015.pinyin.json#498,0,8,甚,4,仄,2,平,ci.清.0015.pinyin.json 第1阕第9字 语料拼音 shén,待裁定
ci.清.0015.pinyin.json#499,0,38,甚,4,仄,2,平,ci.清.0015.pinyin.json 第1阕第39字 语料拼音 shén,待裁定
ci.清.0015.pinyin.json#500,0,32,甚,4,仄,2,平,ci.清.0015.pinyin.json 第1阕第33字 语料拼音 shén,待裁定
ci.清.0015.pinyin.json#503,0,4,甚,4,仄,2,平,ci.清.0015.pinyin.json 第1阕第5字 语料拼音 shén,待裁定
ci.清.0015.pinyin.json#503,1,10,别,4,仄,2,平,ci.清.0015.pinyin.json 第2阕第11字 语料拼音 bié,待裁定
ci.清.0015.pinyin.json#506,0,67,别,4,仄,2,平,ci.清.0015.pinyin.json 第1阕第68字 语料拼音 bié,待裁定
ci.清.0015.pinyin.json#506,1,108,别,4,仄,2,平,ci.清.0015.pinyin.json 第2阕第109字 语料拼音 bié,待裁定
ci.清.0015.pinyin.json#506,1,121,长,2,平,3,仄,ci.清.0015.pinyin.json 第2阕第122字 语料拼音 zhǎng,待裁定
ci.清.0015.pinyin.json#507,0,48,甚,4,仄,2,平,ci.清.0015.pinyin.json 第1阕第49字 语料拼音 shén,待裁定
ci.清.0015.pinyin.json#507,0,57,别,4,仄,2,平,ci.清.0015.pinyin.json 第1阕第58字 语料拼音 bié,待裁定
ci.清.0015.pinyin.json#508,1,12,别,4,仄,2,平,ci.清.0015.pinyin.json 第2阕第13字 语料拼音 bié,待裁定
ci.清.0015.pinyin.json#511,0,23,别,4,仄,2,平,ci.清.0015.pinyin.json 第1阕第24字 语料拼音 bié,待裁定
ci.清.0015.pinyin.json#511,0,42,绝,4,仄,2,平,ci.清.0015.pinyin.json 第1阕第43字 语料拼音 jué,待裁定
ci.清.0015.pinyin.json#511,1,27,绝,4,仄,2,平,ci.清.0015.pinyin.json 第2阕第28字 语料拼音 jué,待裁定
ci.清.0015.pinyin.json#512,1,19,别,4,仄,2,平,ci.清.0015.pinyin.json 第2阕第20字 语料拼音 bié,待裁定
ci.清.0015.pinyin.json#514,1,12,甚,4,仄,2,平,ci.清.0015.pinyin.json 第2阕第13字 语料拼音 shén,待裁定
ci.清.0015.pinyin.json#514,1,40,别,4,仄,2,平,ci.清.0015.pinyin.json 第2阕第41字 语料拼音 bié,待裁定
ci.清.0015.pinyin.json#515,0,54,甚,4,仄,2,平,ci.清.0015.pinyin.json 第1阕第55字 语料拼音 shén,待裁定
ci.清.0015.pinyin.json#516,0,17,长,2,平,3,仄,ci.清.0015.pinyin.json 第1阕第18字 语料拼音 zhǎng,待裁定
ci.清.0015.pinyin.json#516,0,29,甚,4,仄,2,平,ci.清.0015.pinyin.json 第1阕第30字 语料拼音 shén,待裁定
ci.清.0015.pinyin.json#519,1,6,别,4,仄,2,平,ci.清.0015.pinyin.json 第2阕第7字 语料拼音 bié,待裁定
ci.清.0015.pinyin.json#519,1,41,别,4,仄,2,平,ci.清.0015.pinyin.json 第2阕第42字 语料拼音 bié,待裁定
ci.清.0015.pinyin.json#521,1,36,别,4,仄,2,平,ci.清.0015.pinyin.json 第2阕第37字 语料拼音 bié,待裁定
ci.清.0015.pinyin.json#522,0,13,别,4,仄,2,平,ci.清.0015.pinyin.json 第1阕第14字 语料拼音 bié,待裁定
ci.清.0015.pinyin.json#523,1,6,甚,4,仄,2,平,ci.清.0015.pinyin.json 第2阕第7字 语料拼音 shén,待裁定
ci.清.0015.pinyin.json#523,1,11,别,4,仄,2,平,ci.清.0015.pinyin.json 第2阕第12字 语料拼音 bié,待裁定
ci.清.0015.pinyin.json#524,0,5,长,2,平,3,仄,ci.清.0015.pinyin.json 第1阕第6字 语料拼音 zhǎng,待裁定
ci.清.0015.pinyin.json#528,1,14,甚,4,仄,2,平,ci.清.0015.pinyin.json 第2阕第15字 语料拼音 shén,待裁定
ci.清.0015.pinyin.json#531,1,7,别,4,仄,2,平,ci.清.0015.pinyin.json 第2阕第8字 语料拼音 bié,待裁定
ci.清.0015.pinyin.json#534,1,29,别,4,仄,2,平,ci.清.0015.pinyin.json 第2阕第30字 语料拼音 bié,待裁定
ci.清.0015.pinyin.json#535,0,36,甚,4,仄,2,平,ci.清.0015.pinyin.json 第1阕第37字 语料拼音 shén,待裁定
ci.清.0015.pinyin.json#536,0,13,甚,4,仄,2,平,ci.清.0015.pinyin.json 第1阕第14字 语料拼音 shén,待裁定
ci.清.0015.pinyin.json#538,0,54,别,4,仄,2,平,ci.清.0015.pinyin.json 第1阕第55字 语料拼音 bié,待裁定
ci.清.0015.pinyin.json#539,1,6,甚,4,仄,2,平,ci.清.0015.pinyin.json 第2阕第7字 语料拼音 shén,待裁定
ci.清.0015.pinyin.json#542,0,20,别,4,仄,2,平,ci.清.0015.pinyin.json 第1阕第21字 语料拼音 bié,待裁定
ci.清.0015.pinyin.json#550,0,47,甚,4,仄,2,平,ci.清.0015.pinyin.json 第1阕第48字 语料拼音 shén,待裁定
ci.清.0015.pinyin.json#557,1,39,长,2,平,3,仄,ci.清.0015.pinyin.json 第2阕第40字 语料拼音 zhǎng,待裁定
ci.清.0015.pinyin.json#558,1,10,别,4,仄,2,平,ci.清.0015.pinyin.json 第2阕第11字 语料拼音 bié,待裁定
ci.清.0015.pinyin.json#558,1,44,别,4,仄,2,平,ci.清.0015.pinyin.json 第2阕第45字 语料拼音 bié,待裁定
ci.清.0015.pinyin.json#560,1,25,甚,4,仄,2,平,ci.清.0015.pinyin.json 第2阕第26字 语料拼音 shén,待裁定
ci.清.0015.pinyin.json#562,1,6,甚,4,仄,2,平,ci.清.0015.pinyin.json 第2阕第7字 语料拼音 shén,待裁定
ci.清.0015.pinyin.json#562,1,25,别,4,仄,2,平,ci.清.0015.pinyin.json 第2阕第26字 语料拼音 bié,待裁定
ci.清.0015.pinyin.json#563,1,7,甚,4,仄,2,平,ci.清.0015.pinyin.json 第2阕第8字 语料拼音 shén,待裁定
ci.清.0015.pinyin.json#564,0,12,长,2,平,3,仄,ci.清.0015.pinyin.json 第1阕第13字 语料拼音 zhǎng,待裁定
ci.清.0015.pinyin.json#565,1,41,别,4,仄,2,平,ci.清.0015.pinyin.json 第2阕第42字 语料拼音 bié,待裁定
ci.清.0015.pinyin.json#570,0,30,别,4,仄,2,平,ci.清.0015.pinyin.json 第1阕第31字 语料拼音 bié,待裁定
ci.清.0015.pinyin.json#571,0,43,长,2,平,3,仄,ci.清.0015.pinyin.json 第1阕第44字 语料拼音 zhǎng,待裁定
ci.清.0015.pinyin.json#576,1,25,甚,4,仄,2,平,ci.清.0015.pinyin.json 第2阕第26字 语料拼音 shén,待裁定
ci.清.0015.pinyin.json#580,1,7,甚,4,仄,2,平,ci.清.0015.pinyin.json 第2阕第8字 语料拼音 shén,待裁定
ci.清.0015.pinyin.json#581,0,0,甚,4,仄,2,平,ci.清.0015.pinyin.json 第1阕第1字 语料拼音 shén,待裁定
ci.清.0015.pinyin.json#581,0,9,别,4,仄,2,平,ci.清.0015.pinyin.json 第1阕第10字 语料拼音 bié,待裁定
ci.清.0015.pinyin.json#584,0,24,甚,4,仄,2,平,ci.清.0015.pinyin.json 第1阕第25字 语料拼音 shén,待裁定
ci.清.0015.pinyin.json#584,1,13,别,4,仄,2,平,ci.清.0015.pinyin.json 第2阕第14字 语料拼音 bié,待裁定
ci.清.0015.pinyin.json#585,0,3,甚,4,仄,2,平,ci.清.0015.pinyin.json 第1阕第4字 语料拼音 shén,待裁定
ci.清.0015.pinyin.json#585,0,50,绝,4,仄,2,平,ci.清.0015.pinyin.json 第1阕第51字 语料拼音 jué,待裁定
ci.清.0015.pinyin.json#588,1,47,别,4,仄,2,平,ci.清.0015.pinyin.json 第2阕第48字 语料拼音 bié,待裁定
ci.清.0015.pinyin.json#589,1,23,长,2,平,3,仄,ci.清.0015.pinyin.json 第2阕第24字 语料拼音 zhǎng,待裁定
ci.清.0015.pinyin.json#589,1,33,别,4,仄,2,平,ci.清.0015.pinyin.json 第2阕第34字 语料拼音 bié,待裁定
ci.清.0015.pinyin.json#593,0,0,甚,4,仄,2,平,ci.清.0015.pinyin.json 第1阕第1字 语料拼音 shén,待裁定
ci.清.0015.pinyin.json#594,1,33,甚,4,仄,2,平,ci.清.0015.pinyin.json 第2阕第34字 语料拼音 shén,待裁定
ci.清.0015.pinyin.json#595,0,5,甚,4,仄,2,平,ci.清.0015.pinyin.json 第1阕第6字 语料拼音 shén,待裁定
ci.清.0015.pinyin.json#598,0,18,别,4,仄,2,平,ci.清.0015.pinyin.json 第1阕第19字 语料拼音 bié,待裁定
ci.清.0015.pinyin.json#600,0,21,长,2,平,3,仄,ci.清.0015.pinyin.json 第1阕第22字 语料拼音 zhǎng,待裁定
ci.清.0015.pinyin.json#600,0,50,甚,4,仄,2,平,ci.清.0015.pinyin.json 第1阕第51字 语料拼音 shén,待裁定
ci.清.0015.pinyin.json#601,1,97,甚,4,仄,2,平,ci.清.0015.pinyin.json 第2阕第98字 语料拼音 shén,待裁定
ci.清.0015.pinyin.json#603,0,7,甚,4,仄,2,平,ci.清.0015.pinyin.json 第1阕第8字 语料拼音 shén,待裁定
ci.清.0015.pinyin.json#604,1,40,甚,4,仄,2,平,ci.清.0015.pinyin.json 第2阕第41字 语料拼音 shén,待裁定
ci.清.0015.pinyin.json#607,1,36,别,4,仄,2,平,ci.清.0015.pinyin.json 第2阕第37字 语料拼音 bié,待裁定
ci.清.0015.pinyin.json#609,1,28,别,4,仄,2,平,ci.清.0015.pinyin.json 第2阕第29字 语料拼音 bié,待裁定
ci.清.0015.pinyin.json#612,1,12,别,4,仄,2,平,ci.清.0015.pinyin.json 第2阕第13字 语料拼音 bié,待裁定
ci.清.0015.pinyin.json#616,1,7,甚,4,仄,2,平,ci.清.0015.pinyin.json 第2阕第8字 语料拼音 shén,待裁定
ci.清.0015.pinyin.json#618,1,27,长,2,平,3,仄,ci.清.0015.pinyin.json 第2阕第28字 语料拼音 zhǎng,待裁定
ci.清.0015.pinyin.json#623,1,15,甚,4,仄,2,平,ci.清.0015.pinyin.json 第2阕第16字 语料拼音 shén,待裁定
ci.清.0015.pinyin.json#624,0,36,长,2,平,3,仄,ci.清.0015.pinyin.json 第1阕第37字 语料拼音 zhǎng,待裁定
ci.清.0015.pinyin.json#627,1,28,别,4,仄,2,平,ci.清.0015.pinyin.json 第2阕第29字 语料拼音 bié,待裁定
ci.清.0015.pinyin.json#629,0,33,别,4,仄,2,平,ci.清.0015.pinyin.json 第1阕第34字 语料拼音 bié,待裁定
ci.清.0015.pinyin.json#631,0,34,甚,4,仄,2,平,ci.清.0015.pinyin.json 第1阕第35字 语料拼音 shén,待裁定
ci.清.0015.pinyin.json#637,0,14,别,4,仄,2,平,ci.清.0015.pinyin.json 第1阕第15字 语料拼音 bié,待裁定
ci.清.0015.pinyin.json#637,1,19,甚,4,仄,2,平,ci.清.0015.pinyin.json 第2阕第20字 语料拼音 shén,待裁定
ci.清.0015.pinyin.json#638,1,10,别,4,仄,2,平,ci.清.0015.pinyin.json 第2阕第11字 语料拼音 bié,待裁定
ci.清.0015.pinyin.json#639,1,38,甚,4,仄,2,平,ci.清.0015.pinyin.json 第2阕第39字 语料拼音 shén,待裁定
ci.清.0015.pinyin.json#641,0,5,甚,4,仄,2,平,ci.清.0015.pinyin.json 第1阕第6字 语料拼音 shén,待裁定
ci.清.0015.pinyin.json#642,1,1,甚,4,仄,2,平,ci.清.0015.pinyin.json 第2阕第2字 语料拼音 shén,待裁定
ci.清.0015.pinyin.json#644,0,3,甚,4,仄,2,平,ci.清.0015.pinyin.json 第1阕第4字 语料拼音 shén,待裁定
ci.清.0015.pinyin.json#647,0,19,别,4,仄,2,平,ci.清.0015.pinyin.json 第1阕第20字 语料拼音 bié,待裁定
ci.清.0015.pinyin.json#648,0,0,甚,4,仄,2,平,ci.清.0015.pinyin.json 第1阕第1字 语料拼音 shén,待裁定
ci.清.0015.pinyin.json#648,0,45,长,2,平,3,仄,ci.清.0015.pinyin.json 第1阕第46字 语料拼音 zhǎng,待裁定
ci.清.0015.pinyin.json#649,0,45,甚,4,仄,2,平,ci.清.0015.pinyin.json 第1阕第46字 语料拼音 shén,待裁定
ci.清.0015.pinyin.json#650,0,12,别,4,仄,2,平,ci.清.0015.pinyin.json 第1阕第13字 语料拼音 bié,待裁定
ci.清.0015.pinyin.json#650,1,24,甚,4,仄,2,平,ci.清.0015.pinyin.json 第2阕第25字 语料拼音 shén,待裁定
ci.清.0015.pinyin.json#652,0,22,甚,4,仄,2,平,ci.清.0015.pinyin.json 第1阕第23字 语料拼音 shén,待裁定
ci.清.0015.pinyin.json#652,1,45,甚,4,仄,2,平,ci.清.0015.pinyin.json 第2阕第46字 语料拼音 shén,待裁定
ci.清.0015.pinyin.json#654,1,0,别,4,仄,2,平,ci.清.0015.pinyin.json 第2阕第1字 语料拼音 bié,待裁定
ci.清.0015.pinyin.json#655,0,13,甚,4,仄,2,平,ci.清.0015.pinyin.json 第1阕第14字 语料拼音 shén,待裁定
ci.清.0015.pinyin.json#656,0,25,甚,4,仄,2,平,ci.清.0015.pinyin.json 第1阕第26字 语料拼音 shén,待裁定
ci.清.0015.pinyin.json#656,0,31,长,2,平,3,仄,ci.清.0015.pinyin.json 第1阕第32字 语料拼音 zhǎng,待裁定
ci.清.0015.pinyin.json#658,1,3,绝,4,仄,2,平,ci.清.0015.pinyin.json 第2阕第4字 语料拼音 jué,待裁定
ci.清.0015.pinyin.json#662,1,10,别,4,仄,2,平,ci.清.0015.pinyin.json 第2阕第11字 语料拼音 bié,待裁定
ci.清.0015.pinyin.json#664,1,10,别,4,仄,2,平,ci.清.0015.pinyin.json 第2阕第11字 语料拼音 bié,待裁定
ci.清.0015.pinyin.json#666,1,44,甚,4,仄,2,平,ci.清.0015.pinyin.json 第2阕第45字 语料拼音 shén,待裁定
ci.清.0015.pinyin.json#669,0,5,甚,4,仄,2,平,ci.清.0015.pinyin.json 第1阕第6字 语料拼音 shén,待裁定
ci.清.0015.pinyin.json#670,0,7,甚,4,仄,2,平,ci.清.0015.pinyin.json 第1阕第8字 语料拼音 shén,待裁定
ci.清.0015.pinyin.json#672,1,21,别,4,仄,2,平,ci.清.0015.pinyin.json 第2阕第22字 语料拼音 bié,待裁定
ci.清.0015.pinyin.json#673,1,27,长,2,平,3,仄,ci.清.0015.pinyin.json 第2阕第28字 语料拼音 zhǎng,待裁定
ci.清.0015.pinyin.json#674,1,23,长,2,平,3,仄,ci.清.0015.pinyin.json 第2阕第24字 语料拼音 zhǎng,待裁定
ci.清.0015.pinyin.json#676,0,25,别,4,仄,2,平,ci.清.0015.pinyin.json 第1阕第26字 语料拼音 bié,待裁定
ci.清.0015.pinyin.json#683,0,15,长,2,平,3,仄,ci.清.0015.pinyin.json 第1阕第16字 语料拼音 zhǎng,待裁定
ci.清.0015.pinyin.json#690,0,2,长,2,平,3,仄,ci.清.0015.pinyin.json 第1阕第3字 语料拼音 zhǎng,待裁定
ci.清.0015.pinyin.json#691,0,9,长,2,平,3,仄,ci.清.0015.pinyin.json 第1阕第10字 语料拼音 zhǎng,待裁定
ci.清.0015.pinyin.json#691,0,13,长,2,平,3,仄,ci.清.0015.pinyin.json 第1阕第14字 语料拼音 zhǎng,待裁定
ci.清.0015.pinyin.json#693,0,42,长,2,平,3,仄,ci.清.0015.pinyin.json 第1阕第43字 语料拼音 zhǎng,待裁定
ci.清.0015.pinyin.json#694,0,16,绝,4,仄,2,平,ci.清.0015.pinyin.json 第1阕第17字 语料拼音 jué,待裁定
ci.清.0015.pinyin.json#696,0,36,甚,4,仄,2,平,ci.清.0015.pinyin.json 第1阕第37字 语料拼音 shén,待裁定
ci.清.0015.pinyin.json#698,1,44,绝,4,仄,2,平,ci.清.0015.pinyin.json 第2阕第45字 语料拼音 jué,待裁定
ci.清.0015.pinyin.json#702,1,19,别,4,仄,2,平,ci.清.0015.pinyin.json 第2阕第20字 语料拼音 bié,待裁定
ci.清.0015.pinyin.json#704,0,40,甚,4,仄,2,平,ci.清.0015.pinyin.json 第1阕第41字 语料拼音 shén,待裁定
ci.清.0015.pinyin.json#707,0,21,别,4,仄,2,平,ci.清.0015.pinyin.json 第1阕第22字 语料拼音 bié,待裁定
ci.清.0015.pinyin.json#707,0,24,长,2,平,3,仄,ci.清.0015.pinyin.json 第1阕第25字 语料拼音 zhǎng,待裁定
ci.清.0015.pinyin.json#707,0,35,甚,4,仄,2,平,ci.清.0015.pinyin.json 第1阕第36字 语料拼音 shén,待裁定
ci.清.0015.pinyin.json#713,1,3,长,2,平,3,仄,ci.清.0015.pinyin.json 第2阕第4字 语料拼音 zhǎng,待裁定
ci.清.0015.pinyin.json#720,0,9,别,4,仄,2,平,ci.清.0015.pinyin.json 第1阕第10字 语料拼音 bié,待裁定
ci.清.0015.pinyin.json#720,0,12,别,4,仄,2,平,ci.清.0015.pinyin.json 第1阕第13字 语料拼音 bié,待裁定
ci.清.0015.pinyin.json#721,0,5,甚,4,仄,2,平,ci.清.0015.pinyin.json 第1阕第6字 语料拼音 shén,待裁定
ci.清.0015.pinyin.json#723,1,23,绝,4,仄,2,平,ci.清.0015.pinyin.json 第2阕第24字 语料拼音 jué,待裁定
ci.清.0015.pinyin.json#731,1,1,甚,4,仄,2,平,ci.清.0015.pinyin.json 第2阕第2字 语料拼音 shén,待裁定
ci.清.0015.pinyin.json#732,0,0,甚,4,仄,2,平,ci.清.0015.pinyin.json 第1阕第1字 语料拼音 shén,待裁定
ci.清.0015.pinyin.json#734,0,22,长,2,平,3,仄,ci.清.0015.pinyin.json 第1阕第23字 语料拼音 zhǎng,待裁定
ci.清.0015.pinyin.json#735,1,44,甚,4,仄,2,平,ci.清.0015.pinyin.json 第2阕第45字 语料拼音 shén,待裁定
ci.清.0015.pinyin.json#736,1,1,长,2,平,3,仄,ci.清.0015.pinyin.json 第2阕第2字 语料拼音 zhǎng,待裁定
ci.清.0015.pinyin.json#740,1,18,甚,4,仄,2,平,ci.清.0015.pinyin.json 第2阕第19字 语料拼音 shén,待裁定
ci.清.0015.pinyin.json#740,1,22,甚,4,仄,2,平,ci.清.0015.pinyin.json 第2阕第23字 语料拼音 shén,待裁定
ci.清.0015.pinyin.json#740,2,1,甚,4,仄,2,平,ci.清.0015.pinyin.json 第3阕第2字 语料拼音 shén,待裁定
ci.清.0015.pinyin.json#741,1,12,绝,4,仄,2,平,ci.清.0015.pinyin.json 第2阕第13字 语料拼音 jué,待裁定
ci.清.0015.pinyin.json#742,0,22,甚,4,仄,2,平,ci.清.0015.pinyin.json 第1阕第23字 语料拼音 shén,待裁定
ci.清.0015.pinyin.json#742,4,1,甚,4,仄,2,平,ci.清.0015.pinyin.json 第5阕第2字 语料拼音 shén,待裁定
ci.清.0015.pinyin.json#743,1,31,甚,4,仄,2,平,ci.清.0015.pinyin.json 第2阕第32字 语料拼音 shén,待裁定
ci.清.0015.pinyin.json#745,0,8,绝,4,仄,2,平,ci.清.0015.pinyin.json 第1阕第9字 语料拼音 jué,待裁定
ci.清.0015.pinyin.json#749,0,0,甚,4,仄,2,平,ci.清.0015.pinyin.json 第1阕第1字 语料拼音 shén,待裁定
ci.清.0015.pinyin.json#750,1,37,别,4,仄,2,平,ci.清.0015.pinyin.json 第2阕第38字 语料拼音 bié,待裁定
ci.清.0015.pinyin.json#750,1,39,甚,4,仄,2,平,ci.清.0015.pinyin.json 第2阕第40字 语料拼音 shén,待裁定
ci.清.0015.pinyin.json#753,0,38,长,2,平,3,仄,ci.清.0015.pinyin.json 第1阕第39字 语料拼音 zhǎng,待裁定
ci.清.0015.pinyin.json#755,1,1,别,4,仄,2,平,ci.清.0015.pinyin.json 第2阕第2字 语料拼音 bié,待裁定
ci.清.0015.pinyin.json#756,1,5,别,4,仄,2,平,ci.清.0015.pinyin.json 第2阕第6字 语料拼音 bié,待裁定
ci.清.0015.pinyin.json#760,0,22,长,2,平,3,仄,ci.清.0015.pinyin.json 第1阕第23字 语料拼音 zhǎng,待裁定
ci.清.0015.pinyin.json#768,0,41,绝,4,仄,2,平,ci.清.0015.pinyin.json 第1阕第42字 语料拼音 jué,待裁定
ci.清.0015.pinyin.json#768,1,8,别,4,仄,2,平,ci.清.0015.pinyin.json 第2阕第9字 语料拼音 bié,待裁定
ci.清.0015.pinyin.json#769,1,26,甚,4,仄,2,平,ci.清.0015.pinyin.json 第2阕第27字 语料拼音 shén,待裁定
ci.清.0015.pinyin.json#770,0,0,甚,4,仄,2,平,ci.清.0015.pinyin.json 第1阕第1字 语料拼音 shén,待裁定
ci.清.0015.pinyin.json#774,0,11,别,4,仄,2,平,ci.清.0015.pinyin.json 第1阕第12字 语料拼音 bié,待裁定
ci.清.0015.pinyin.json#782,0,20,绝,4,仄,2,平,ci.清.0015.pinyin.json 第1阕第21字 语料拼音 jué,待裁定
ci.清.0015.pinyin.json#784,0,20,别,4,仄,2,平,ci.清.0015.pinyin.json 第1阕第21字 语料拼音 bié,待裁定
ci.清.0015.pinyin.json#786,1,44,长,2,平,3,仄,ci.清.0015.pinyin.json 第2阕第45字 语料拼音 zhǎng,待裁定
ci.清.0015.pinyin.json#793,0,34,别,4,仄,2,平,ci.清.0015.pinyin.json 第1阕第35字 语料拼音 bié,待裁定
ci.清.0015.pinyin.json#795,1,11,长,2,平,3,仄,ci.清.0015.pinyin.json 第2阕第12字 语料拼音 zhǎng,待裁定
ci.清.0015.pinyin.json#801,0,1,长,2,平,3,仄,ci.清.0015.pinyin.json 第1阕第2字 语料拼音 zhǎng,待裁定
ci.清.0015.pinyin.json#804,0,48,甚,4,仄,2,平,ci.清.0015.pinyin.json 第1阕第49字 语料拼音 shén,待裁定
ci.清.0015.pinyin.json#812,0,23,绝,4,仄,2,平,ci.清.0015.pinyin.json 第1阕第24字 语料拼音 jué,待裁定
ci.清.0015.pinyin.json#812,1,49,别,4,仄,2,平,ci.清.0015.pinyin.json 第2阕第50字 语料拼音 bié,待裁定
ci.清.0015.pinyin.json#813,0,53,绝,4,仄,2,平,ci.清.0015.pinyin.json 第1阕第54字 语料拼音 jué,待裁定
ci.清.0015.pinyin.json#813,1,22,别,4,仄,2,平,ci.清.0015.pinyin.json 第2阕第23字 语料拼音 bié,待裁定
ci.清.0015.pinyin.json#815,1,40,别,4,仄,2,平,ci.清.0015.pinyin.json 第2阕第41字 语料拼音 bié,待裁定
ci.清.0015.pinyin.json#816,1,33,甚,4,仄,2,平,ci.清.0015.pinyin.json 第2阕第34字 语料拼音 shén,待裁定
ci.清.0015.pinyin.json#818,0,30,别,4,仄,2,平,ci.清.0015.pinyin.json 第1阕第31字 语料拼音 bié,待裁定
ci.清.0015.pinyin.json#820,0,24,别,4,仄,2,平,ci.清.0015.pinyin.json 第1阕第25字 语料拼音 bié,待裁定
ci.清.0015.pinyin.json#820,0,26,甚,4,仄,2,平,ci.清.0015.pinyin.json 第1阕第27字 语料拼音 shén,待裁定
ci.清.0015.pinyin.json#824,0,23,甚,4,仄,2,平,ci.清.0015.pinyin.json 第1阕第24字 语料拼音 shén,待裁定
ci.清.0015.pinyin.json#825,0,40,长,2,平,3,仄,ci.清.0015.pinyin.json 第1阕第41字 语料拼音 zhǎng,待裁定
ci.清.0015.pinyin.json#825,1,43,长,2,平,3,仄,ci.清.0015.pinyin.json 第2阕第44字 语料拼音 zhǎng,待裁定
ci.清.0015.pinyin.json#826,1,3,长,2,平,3,仄,ci.清.0015.pinyin.json 第2阕第4字 语料拼音 zhǎng,待裁定
ci.清.0015.pinyin.json#835,1,15,甚,4,仄,2,平,ci.清.0015.pinyin.json 第2阕第16字 语料拼音 shén,待裁定
ci.清.0015.pinyin.json#837,1,2,别,4,仄,2,平,ci.清.0015.pinyin.json 第2阕第3字 语料拼音 bié,待裁定
ci.清.0015.pinyin.json#838,1,25,甚,4,仄,2,平,ci.清.0015.pinyin.json 第2阕第26字 语料拼音 shén,待裁定
ci.清.0015.pinyin.json#846,1,37,甚,4,仄,2,平,ci.清.0015.pinyin.json 第2阕第38字 语料拼音 shén,待裁定
ci.清.0015.pinyin.json#847,0,18,别,4,仄,2,平,ci.清.0015.pinyin.json 第1阕第19字 语料拼音 bié,待裁定
ci.清.0015.pinyin.json#847,1,13,长,2,平,3,仄,ci.清.0015.pinyin.json 第2阕第14字 语料拼音 zhǎng,待裁定
ci.清.0015.pinyin.json#848,0,8,别,4,仄,2,平,ci.清.0015.pinyin.json 第1阕第9字 语料拼音 bié,待裁定
ci.清.0015.pinyin.json#851,0,17,别,4,仄,2,平,ci.清.0015.pinyin.json 第1阕第18字 语料拼音 bié,待裁定
ci.清.0015.pinyin.json#853,1,15,别,4,仄,2,平,ci.清.0015.pinyin.json 第2阕第16字 语料拼音 bié,待裁定
ci.清.0015.pinyin.json#857,0,16,长,2,平,3,仄,ci.清.0015.pinyin.json 第1阕第17字 语料拼音 zhǎng,待裁定
ci.清.0015.pinyin.json#859,0,21,别,4,仄,2,平,ci.清.0015.pinyin.json 第1阕第22字 语料拼音 bié,待裁定
ci.清.0015.pinyin.json#860,1,0,别,4,仄,2,平,ci.清.0015.pinyin.json 第2阕第1字 语料拼音 bié,待裁定
ci.清.0015.pinyin.json#866,1,23,长,2,平,3,仄,ci.清.0015.pinyin.json 第2阕第24字 语料拼音 zhǎng,待裁定
ci.清.0015.pinyin.json#868,1,13,别,4,仄,2,平,ci.清.0015.pinyin.json 第2阕第14字 语料拼音 bié,待裁定
ci.清.0015.pinyin.json#871,1,9,别,4,仄,2,平,ci.清.0015.pinyin.json 第2阕第10字 语料拼音 bié,待裁定
ci.清.0015.pinyin.json#872,0,1,别,4,仄,2,平,ci.清.0015.pinyin.json 第1阕第2字 语料拼音 bié,待裁定
ci.清.0015.pinyin.json#874,0,52,别,4,仄,2,平,ci.清.0015.pinyin.json 第1阕第53字 语料拼音 bié,待裁定
ci.清.0015.pinyin.json#874,1,29,长,2,平,3,仄,ci.清.0015.pinyin.json 第2阕第30字 语料拼音 zhǎng,待裁定
ci.清.0015.pinyin.json#876,0,19,长,2,平,3,仄,ci.清.0015.pinyin.json 第1阕第20字 语料拼音 zhǎng,待裁定
ci.清.0015.pinyin.json#878,0,23,别,4,仄,2,平,ci.清.0015.pinyin.json 第1阕第24字 语料拼音 bié,待裁定
ci.清.0015.pinyin.json#879,1,6,甚,4,仄,2,平,ci.清.0015.pinyin.json 第2阕第7字 语料拼音 shén,待裁定
ci.清.0015.pinyin.json#880,1,6,别,4,仄,2,平,ci.清.0015.pinyin.json 第2阕第7字 语料拼音 bié,待裁定
ci.清.0015.pinyin.json#882,1,2,别,4,仄,2,平,ci.清.0015.pinyin.json 第2阕第3字 语料拼音 bié,待裁定
ci.清.0015.pinyin.json#889,1,24,别,4,仄,2,平,ci.清.0015.pinyin.json 第2阕第25字 语料拼音 bié,待裁定
ci.清.0015.pinyin.json#892,1,30,别,4,仄,2,平,ci.清.0015.pinyin.json 第2阕第31字 语料拼音 bié,待裁定
ci.清.0015.pinyin.json#893,1,50,别,4,仄,2,平,ci.清.0015.pinyin.json 第2阕第51字 语料拼音 bié,待裁定
ci.清.0015.pinyin.json#895,1,52,别,4,仄,2,平,ci.清.0015.pinyin.json 第2阕第53字 语料拼音 bié,待裁定
ci.清.0015.pinyin.json#903,1,12,长,2,平,3,仄,ci.清.0015.pinyin.json 第2阕第13字 语料拼音 zhǎng,待裁定
ci.清.0015.pinyin.json#921,1,5,绝,4,仄,2,平,ci.清.0015.pinyin.json 第2阕第6字 语料拼音 jué,待裁定
ci.清.0015.pinyin.json#922,1,13,绝,4,仄,2,平,ci.清.0015.pinyin.json 第2阕第14字 语料拼音 jué,待裁定
ci.清.0015.pinyin.json#922,1,16,绝,4,仄,2,平,ci.清.0015.pinyin.json 第2阕第17字 语料拼音 jué,待裁定
ci.清.0015.pinyin.json#930,1,7,长,2,平,3,仄,ci.清.0015.pinyin.json 第2阕第8字 语料拼音 zhǎng,待裁定
ci.清.0015.pinyin.json#931,0,5,长,2,平,3,仄,ci.清.0015.pinyin.json 第1阕第6字 语料拼音 zhǎng,待裁定
ci.清.0015.pinyin.json#931,0,7,长,2,平,3,仄,ci.清.0015.pinyin.json 第1阕第8字 语料拼音 zhǎng,待裁定
ci.清.0015.pinyin.json#933,0,8,长,2,平,3,仄,ci.清.0015.pinyin.json 第1阕第9字 语料拼音 zhǎng,待裁定
ci.清.0015.pinyin.json#934,1,22,甚,4,仄,2,平,ci.清.0015.pinyin.json 第2阕第23字 语料拼音 shén,待裁定
ci.清.0015.pinyin.json#936,0,28,甚,4,仄,2,平,ci.清.0015.pinyin.json 第1阕第29字 语料拼音 shén,待裁定
ci.清.0015.pinyin.json#942,0,26,长,2,平,3,仄,ci.清.0015.pinyin.json 第1阕第27字 语料拼音 zhǎng,待裁定
ci.清.0015.pinyin.json#944,1,17,别,4,仄,2,平,ci.清.0015.pinyin.json 第2阕第18字 语料拼音 bié,待裁定
ci.清.0015.pinyin.json#947,0,21,长,2,平,3,仄,ci.清.0015.pinyin.json 第1阕第22字 语料拼音 zhǎng,待裁定
ci.清.0015.pinyin.json#948,0,17,长,2,平,3,仄,ci.清.0015.pinyin.json 第1阕第18字 语料拼音 zhǎng,待裁定
ci.清.0015.pinyin.json#953,1,17,别,4,仄,2,平,ci.清.0015.pinyin.json 第2阕第18字 语料拼音 bié,待裁定
ci.清.0015.pinyin.json#955,0,26,别,4,仄,2,平,ci.清.0015.pinyin.json 第1阕第27字 语料拼音 bié,待裁定
ci.清.0015.pinyin.json#956,0,18,长,2,平,3,仄,ci.清.0015.pinyin.json 第1阕第19字 语料拼音 zhǎng,待裁定
ci.清.0015.pinyin.json#956,0,21,别,4,仄,2,平,ci.清.0015.pinyin.json 第1阕第22字 语料拼音 bié,待裁定
ci.清.0015.pinyin.json#956,1,20,绝,4,仄,2,平,ci.清.0015.pinyin.json 第2阕第21字 语料拼音 jué,待裁定
ci.清.0015.pinyin.json#960,1,2,长,2,平,3,仄,ci.清.0015.pinyin.json 第2阕第3字 语料拼音 zhǎng,待裁定
ci.清.0015.pinyin.json#964,1,15,别,4,仄,2,平,ci.清.0015.pinyin.json 第2阕第16字 语料拼音 bié,待裁定
ci.清.0015.pinyin.json#965,1,50,长,2,平,3,仄,ci.清.0015.pinyin.json 第2阕第51字 语料拼音 zhǎng,待裁定
ci.清.0015.pinyin.json#965,1,56,甚,4,仄,2,平,ci.清.0015.pinyin.json 第2阕第57字 语料拼音 shén,待裁定
ci.清.0015.pinyin.json#966,0,17,长,2,平,3,仄,ci.清.0015.pinyin.json 第1阕第18字 语料拼音 zhǎng,待裁定
ci.清.0015.pinyin.json#968,1,5,别,4,仄,2,平,ci.清.0015.pinyin.json 第2阕第6字 语料拼音 bié,待裁定
ci.清.0015.pinyin.json#969,1,19,长,2,平,3,仄,ci.清.0015.pinyin.json 第2阕第20字 语料拼音 zhǎng,待裁定
ci.清.0015.pinyin.json#970,1,21,别,4,仄,2,平,ci.清.0015.pinyin.json 第2阕第22字 语料拼音 bié,待裁定
ci.清.0015.pinyin.json#971,1,12,长,2,平,3,仄,ci.清.0015.pinyin.json 第2阕第13字 语料拼音 zhǎng,待裁定
ci.清.0015.pinyin.json#972,1,6,绝,4,仄,2,平,ci.清.0015.pinyin.json 第2阕第7字 语料拼音 jué,待裁定
ci.清.0015.pinyin.json#974,1,14,别,4,仄,2,平,ci.清.0015.pinyin.json 第2阕第15字 语料拼音 bié,待裁定
ci.清.0015.pinyin.json#974,1,30,绝,4,仄,2,平,ci.清.0015.pinyin.json 第2阕第31字 语料拼音 jué,待裁定
ci.清.0015.pinyin.json#975,0,5,别,4,仄,2,平,ci.清.0015.pinyin.json 第1阕第6字 语料拼音 bié,待裁定
ci.清.0015.pinyin.json#977,1,13,别,4,仄,2,平,ci.清.0015.pinyin.json 第2阕第14字 语料拼音 bié,待裁定
ci.清.0015.pinyin.json#977,1,14,长,2,平,3,仄,ci.清.0015.pinyin.json 第2阕第15字 语料拼音 zhǎng,待裁定
ci.清.0015.pinyin.json#979,1,22,别,4,仄,2,平,ci.清.0015.pinyin.json 第2阕第23字 语料拼音 bié,待裁定
ci.清.0015.pinyin.json#980,1,7,长,2,平,3,仄,ci.清.0015.pinyin.json 第2阕第8字 语料拼音 zhǎng,待裁定
ci.清.0015.pinyin.json#983,1,10,别,4,仄,2,平,ci.清.0015.pinyin.json 第2阕第11字 语料拼音 bié,待裁定
ci.清.0015.pinyin.json#986,1,22,别,4,仄,2,平,ci.清.0015.pinyin.json 第2阕第23字 语料拼音 bié,待裁定
ci.清.0015.pinyin.json#995,1,6,别,4,仄,2,平,ci.清.0015.pinyin.json 第2阕第7字 语料拼音 bié,待裁定
ci.清.0015.pinyin.json#995,1,11,绝,4,仄,2,平,ci.清.0015.pinyin.json 第2阕第12字 语料拼音 jué,待裁定
ci.清.0015.pinyin.json#996,1,29,长,2,平,3,仄,ci.清.0015.pinyin.json 第2阕第30字 语料拼音 zhǎng,待裁定
ci.清.0015.pinyin.json#997,1,15,甚,4,仄,2,平,ci.清.0015.pinyin.json 第2阕第16字 语料拼音 shén,待裁定
ci.清.0015.pinyin.json#999,0,1,长,2,平,3,仄,ci.清.0015.pinyin.json 第1阕第2字 语料拼音 zhǎng,待裁定
ci.清.0016.pinyin.json#0,0,12,别,4,仄,2,平,ci.清.0016.pinyin.json 第1阕第13字 语料拼音 bié,待裁定
ci.清.0016.pinyin.json#2,1,30,别,4,仄,2,平,ci.清.0016.pinyin.json 第2阕第31字 语料拼音 bié,待裁定
ci.清.0016.pinyin.json#3,0,25,别,4,仄,2,平,ci.清.0016.pinyin.json 第1阕第26字 语料拼音 bié,待裁定
ci.清.0016.pinyin.json#4,1,16,别,4,仄,2,平,ci.清.0016.pinyin.json 第2阕第17字 语料拼音 bié,待裁定
ci.清.0016.pinyin.json#5,0,30,别,4,仄,2,平,ci.清.0016.pinyin.json 第1阕第31字 语料拼音 bié,待裁定
ci.清.0016.pinyin.json#7,0,22,长,2,平,3,仄,ci.清.0016.pinyin.json 第1阕第23字 语料拼音 zhǎng,待裁定
ci.清.0016.pinyin.json#8,0,26,绝,4,仄,2,平,ci.清.0016.pinyin.json 第1阕第27字 语料拼音 jué,待裁定
ci.清.0016.pinyin.json#9,0,12,别,4,仄,2,平,ci.清.0016.pinyin.json 第1阕第13字 语料拼音 bié,待裁定
ci.清.0016.pinyin.json#9,1,33,甚,4,仄,2,平,ci.清.0016.pinyin.json 第2阕第34字 语料拼音 shén,待裁定
ci.清.0016.pinyin.json#12,1,12,绝,4,仄,2,平,ci.清.0016.pinyin.json 第2阕第13字 语料拼音 jué,待裁定
ci.清.0016.pinyin.json#13,2,1,绝,4,仄,2,平,ci.清.0016.pinyin.json 第3阕第2字 语料拼音 jué,待裁定
ci.清.0016.pinyin.json#13,2,18,别,4,仄,2,平,ci.清.0016.pinyin.json 第3阕第19字 语料拼音 bié,待裁定
ci.清.0016.pinyin.json#16,1,1,甚,4,仄,2,平,ci.清.0016.pinyin.json 第2阕第2字 语料拼音 shén,待裁定
ci.清.0016.pinyin.json#23,0,11,长,2,平,3,仄,ci.清.0016.pinyin.json 第1阕第12字 语料拼音 zhǎng,待裁定
ci.清.0016.pinyin.json#23,1,8,别,4,仄,2,平,ci.清.0016.pinyin.json 第2阕第9字 语料拼音 bié,待裁定
ci.清.0016.pinyin.json#25,1,40,甚,4,仄,2,平,ci.清.0016.pinyin.json 第2阕第41字 语料拼音 shén,待裁定
ci.清.0016.pinyin.json#31,2,18,别,4,仄,2,平,ci.清.0016.pinyin.json 第3阕第19字 语料拼音 bié,待裁定
ci.清.0016.pinyin.json#32,1,44,别,4,仄,2,平,ci.清.0016.pinyin.json 第2阕第45字 语料拼音 bié,待裁定
ci.清.0016.pinyin.json#32,1,55,绝,4,仄,2,平,ci.清.0016.pinyin.json 第2阕第56字 语料拼音 jué,待裁定
ci.清.0016.pinyin.json#35,1,46,甚,4,仄,2,平,ci.清.0016.pinyin.json 第2阕第47字 语料拼音 shén,待裁定
ci.清.0016.pinyin.json#38,1,46,别,4,仄,2,平,ci.清.0016.pinyin.json 第2阕第47字 语料拼音 bié,待裁定
ci.清.0016.pinyin.json#51,0,6,长,2,平,3,仄,ci.清.0016.pinyin.json 第1阕第7字 语料拼音 zhǎng,待裁定
ci.清.0016.pinyin.json#51,0,17,别,4,仄,2,平,ci.清.0016.pinyin.json 第1阕第18字 语料拼音 bié,待裁定
ci.清.0016.pinyin.json#57,1,16,别,4,仄,2,平,ci.清.0016.pinyin.json 第2阕第17字 语料拼音 bié,待裁定
ci.清.0016.pinyin.json#58,1,0,别,4,仄,2,平,ci.清.0016.pinyin.json 第2阕第1字 语料拼音 bié,待裁定
ci.清.0016.pinyin.json#60,0,37,长,2,平,3,仄,ci.清.0016.pinyin.json 第1阕第38字 语料拼音 zhǎng,待裁定
ci.清.0016.pinyin.json#61,1,17,长,2,平,3,仄,ci.清.0016.pinyin.json 第2阕第18字 语料拼音 zhǎng,待裁定
ci.清.0016.pinyin.json#62,0,4,别,4,仄,2,平,ci.清.0016.pinyin.json 第1阕第5字 语料拼音 bié,待裁定
ci.清.0016.pinyin.json#63,0,8,长,2,平,3,仄,ci.清.0016.pinyin.json 第1阕第9字 语料拼音 zhǎng,待裁定
ci.清.0016.pinyin.json#64,1,19,绝,4,仄,2,平,ci.清.0016.pinyin.json 第2阕第20字 语料拼音 jué,待裁定
ci.清.0016.pinyin.json#65,1,20,绝,4,仄,2,平,ci.清.0016.pinyin.json 第2阕第21字 语料拼音 jué,待裁定
ci.清.0016.pinyin.json#68,0,23,绝,4,仄,2,平,ci.清.0016.pinyin.json 第1阕第24字 语料拼音 jué,待裁定
ci.清.0016.pinyin.json#72,0,20,别,4,仄,2,平,ci.清.0016.pinyin.json 第1阕第21字 语料拼音 bié,待裁定
ci.清.0016.pinyin.json#74,1,37,别,4,仄,2,平,ci.清.0016.pinyin.json 第2阕第38字 语料拼音 bié,待裁定
ci.清.0016.pinyin.json#78,1,34,绝,4,仄,2,平,ci.清.0016.pinyin.json 第2阕第35字 语料拼音 jué,待裁定
ci.清.0016.pinyin.json#81,1,28,绝,4,仄,2,平,ci.清.0016.pinyin.json 第2阕第29字 语料拼音 jué,待裁定
ci.清.0016.pinyin.json#84,1,29,甚,4,仄,2,平,ci.清.0016.pinyin.json 第2阕第30字 语料拼音 shén,待裁定
ci.清.0016.pinyin.json#85,1,33,甚,4,仄,2,平,ci.清.0016.pinyin.json 第2阕第34字 语料拼音 shén,待裁定
ci.清.0016.pinyin.json#86,1,26,绝,4,仄,2,平,ci.清.0016.pinyin.json 第2阕第27字 语料拼音 jué,待裁定
ci.清.0016.pinyin.json#86,1,46,长,2,平,3,仄,ci.清.0016.pinyin.json 第2阕第47字 语料拼音 zhǎng,待裁定
ci.清.0016.pinyin.json#88,1,22,绝,4,仄,2,平,ci.清.0016.pinyin.json 第2阕第23字 语料拼音 jué,待裁定
ci.清.0016.pinyin.json#90,0,42,长,2,平,3,仄,ci.清.0016.pinyin.json 第1阕第43字 语料拼音 zhǎng,待裁定
ci.清.0016.pinyin.json#96,0,14,别,4,仄,2,平,ci.清.0016.pinyin.json 第1阕第15字 语料拼音 bié,待裁定
ci.清.0016.pinyin.json#101,1,45,别,4,仄,2,平,ci.清.0016.pinyin.json 第2阕第46字 语料拼音 bié,待裁定
ci.清.0016.pinyin.json#108,1,4,长,2,平,3,仄,ci.清.0016.pinyin.json 第2阕第5字 语料拼音 zhǎng,待裁定
ci.清.0016.pinyin.json#113,1,16,长,2,平,3,仄,ci.清.0016.pinyin.json 第2阕第17字 语料拼音 zhǎng,待裁定
ci.清.0016.pinyin.json#114,1,27,绝,4,仄,2,平,ci.清.0016.pinyin.json 第2阕第28字 语料拼音 jué,待裁定
ci.清.0016.pinyin.json#116,1,27,长,2,平,3,仄,ci.清.0016.pinyin.json 第2阕第28字 语料拼音 zhǎng,待裁定
ci.清.0016.pinyin.json#118,0,40,绝,4,仄,2,平,ci.清.0016.pinyin.json 第1阕第41字 语料拼音 jué,待裁定
ci.清.0016.pinyin.json#118,1,43,甚,4,仄,2,平,ci.清.0016.pinyin.json 第2阕第44字 语料拼音 shén,待裁定
ci.清.0016.pinyin.json#120,1,4,甚,4,仄,2,平,ci.清.0016.pinyin.json 第2阕第5字 语料拼音 shén,待裁定
ci.清.0016.pinyin.json#120,1,46,长,2,平,3,仄,ci.清.0016.pinyin.json 第2阕第47字 语料拼音 zhǎng,待裁定
ci.清.0016.pinyin.json#123,0,43,长,2,平,3,仄,ci.清.0016.pinyin.json 第1阕第44字 语料拼音 zhǎng,待裁定
ci.清.0016.pinyin.json#124,0,26,别,4,仄,2,平,ci.清.0016.pinyin.json 第1阕第27字 语料拼音 bié,待裁定
ci.清.0016.pinyin.json#124,1,14,绝,4,仄,2,平,ci.清.0016.pinyin.json 第2阕第15字 语料拼音 jué,待裁定
ci.清.0016.pinyin.json#125,0,25,绝,4,仄,2,平,ci.清.0016.pinyin.json 第1阕第26字 语料拼音 jué,待裁定
ci.清.0016.pinyin.json#130,0,44,甚,4,仄,2,平,ci.清.0016.pinyin.json 第1阕第45字 语料拼音 shén,待裁定
ci.清.0016.pinyin.json#130,1,3,别,4,仄,2,平,ci.清.0016.pinyin.json 第2阕第4字 语料拼音 bié,待裁定
ci.清.0016.pinyin.json#130,1,34,绝,4,仄,2,平,ci.清.0016.pinyin.json 第2阕第35字 语料拼音 jué,待裁定
ci.清.0016.pinyin.json#132,0,4,甚,4,仄,2,平,ci.清.0016.pinyin.json 第1阕第5字 语料拼音 shén,待裁定
ci.清.0016.pinyin.json#132,0,26,绝,4,仄,2,平,ci.清.0016.pinyin.json 第1阕第27字 语料拼音 jué,待裁定
ci.清.0016.pinyin.json#135,2,0,长,2,平,3,仄,ci.清.0016.pinyin.json 第3阕第1字 语料拼音 zhǎng,待裁定
ci.清.0016.pinyin.json#136,0,3,别,4,仄,2,平,ci.清.0016.pinyin.json 第1阕第4字 语料拼音 bié,待裁定
ci.清.0016.pinyin.json#136,0,17,长,2,平,3,仄,ci.清.0016.pinyin.json 第1阕第18字 语料拼音 zhǎng,待裁定
ci.清.0016.pinyin.json#137,1,35,甚,4,仄,2,平,ci.清.0016.pinyin.json 第2阕第36字 语料拼音 shén,待裁定
ci.清.0016.pinyin.json#140,1,35,长,2,平,3,仄,ci.清.0016.pinyin.json 第2阕第36字 语料拼音 zhǎng,待裁定
ci.清.0016.pinyin.json#141,1,35,长,2,平,3,仄,ci.清.0016.pinyin.json 第2阕第36字 语料拼音 zhǎng,待裁定
ci.清.0016.pinyin.json#143,0,27,长,2,平,3,仄,ci.清.0016.pinyin.json 第1阕第28字 语料拼音 zhǎng,待裁定
ci.清.0016.pinyin.json#144,1,14,绝,4,仄,2,平,ci.清.0016.pinyin.json 第2阕第15字 语料拼音 jué,待裁定
ci.清.0016.pinyin.json#145,0,39,长,2,平,3,仄,ci.清.0016.pinyin.json 第1阕第40字 语料拼音 zhǎng,待裁定
ci.清.0016.pinyin.json#145,1,43,长,2,平,3,仄,ci.清.0016.pinyin.json 第2阕第44字 语料拼音 zhǎng,待裁定
ci.清.0016.pinyin.json#146,1,50,长,2,平,3,仄,ci.清.0016.pinyin.json 第2阕第51字 语料拼音 zhǎng,待裁定
ci.清.0016.pinyin.json#148,1,4,别,4,仄,2,平,ci.清.0016.pinyin.json 第2阕第5字 语料拼音 bié,待裁定
ci.清.0016.pinyin.json#151,3,1,绝,4,仄,2,平,ci.清.0016.pinyin.json 第4阕第2字 语料拼音 jué,待裁定
ci.清.0016.pinyin.json#154,0,19,长,2,平,3,仄,ci.清.0016.pinyin.json 第1阕第20字 语料拼音 zhǎng,待裁定
ci.清.0016.pinyin.json#154,1,26,别,4,仄,2,平,ci.清.0016.pinyin.json 第2阕第27字 语料拼音 bié,待裁定
ci.清.0016.pinyin.json#162,1,2,别,4,仄,2,平,ci.清.0016.pinyin.json 第2阕第3字 语料拼音 bié,待裁定
ci.清.0016.pinyin.json#163,0,28,绝,4,仄,2,平,ci.清.0016.pinyin.json 第1阕第29字 语料拼音 jué,待裁定
ci.清.0016.pinyin.json#164,0,33,甚,4,仄,2,平,ci.清.0016.pinyin.json 第1阕第34字 语料拼音 shén,待裁定
ci.清.0016.pinyin.json#164,1,31,绝,4,仄,2,平,ci.清.0016.pinyin.json 第2阕第32字 语料拼音 jué,待裁定
ci.清.0016.pinyin.json#167,0,40,甚,4,仄,2,平,ci.清.0016.pinyin.json 第1阕第41字 语料拼音 shén,待裁定
ci.清.0016.pinyin.json#172,1,36,长,2,平,3,仄,ci.清.0016.pinyin.json 第2阕第37字 语料拼音 zhǎng,待裁定
ci.清.0016.pinyin.json#177,1,49,别,4,仄,2,平,ci.清.0016.pinyin.json 第2阕第50字 语料拼音 bié,待裁定
ci.清.0016.pinyin.json#178,0,7,绝,4,仄,2,平,ci.清.0016.pinyin.json 第1阕第8字 语料拼音 jué,待裁定
ci.清.0016.pinyin.json#178,1,4,别,4,仄,2,平,ci.清.0016.pinyin.json 第2阕第5字 语料拼音 bié,待裁定
ci.清.0016.pinyin.json#181,0,12,别,4,仄,2,平,ci.清.0016.pinyin.json 第1阕第13字 语料拼音 bié,待裁定
ci.清.0016.pinyin.json#185,1,20,甚,4,仄,2,平,ci.清.0016.pinyin.json 第2阕第21字 语料拼音 shén,待裁定
ci.清.0016.pinyin.json#189,1,28,绝,4,仄,2,平,ci.清.0016.pinyin.json 第2阕第29字 语料拼音 jué,待裁定
ci.清.0016.pinyin.json#190,0,15,别,4,仄,2,平,ci.清.0016.pinyin.json 第1阕第16字 语料拼音 bié,待裁定
ci.清.0016.pinyin.json#191,0,35,长,2,平,3,仄,ci.清.0016.pinyin.json 第1阕第36字 语料拼音 zhǎng,待裁定
ci.清.0016.pinyin.json#191,1,28,长,2,平,3,仄,ci.清.0016.pinyin.json 第2阕第29字 语料拼音 zhǎng,待裁定
ci.清.0016.pinyin.json#192,1,16,甚,4,仄,2,平,ci.清.0016.pinyin.json 第2阕第17字 语料拼音 shén,待裁定
ci.清.0016.pinyin.json#193,1,13,长,2,平,3,仄,ci.清.0016.pinyin.json 第2阕第14字 语料拼音 zhǎng,待裁定
ci.清.0016.pinyin.json#195,1,4,长,2,平,3,仄,ci.清.0016.pinyin.json 第2阕第5字 语料拼音 zhǎng,待裁定
ci.清.0016.pinyin.json#198,1,16,别,4,仄,2,平,ci.清.0016.pinyin.json 第2阕第17字 语料拼音 bié,待裁定
ci.清.0016.pinyin.json#204,0,6,长,2,平,3,仄,ci.清.0016.pinyin.json 第1阕第7字 语料拼音 zhǎng,待裁定
ci.清.0016.pinyin.json#204,1,15,绝,4,仄,2,平,ci.清.0016.pinyin.json 第2阕第16字 语料拼音 jué,待裁定
ci.清.0016.pinyin.json#205,0,16,甚,4,仄,2,平,ci.清.0016.pinyin.json 第1阕第17字 语料拼音 shén,待裁定
ci.清.0016.pinyin.json#206,0,35,长,2,平,3,仄,ci.清.0016.pinyin.json 第1阕第36字 语料拼音 zhǎng,待裁定
ci.清.0016.pinyin.json#214,0,42,长,2,平,3,仄,ci.清.0016.pinyin.json 第1阕第43字 语料拼音 zhǎng,待裁定
ci.清.0016.pinyin.json#215,1,36,甚,4,仄,2,平,ci.清.0016.pinyin.json 第2阕第37字 语料拼音 shén,待裁定
ci.清.0016.pinyin.json#217,0,29,甚,4,仄,2,平,ci.清.0016.pinyin.json 第1阕第30字 语料拼音 shén,待裁定
ci.清.0016.pinyin.json#218,0,44,长,2,平,3,仄,ci.清.0016.pinyin.json 第1阕第45字 语料拼音 zhǎng,待裁定
ci.清.0016.pinyin.json#219,0,4,甚,4,仄,2,平,ci.清.0016.pinyin.json 第1阕第5字 语料拼音 shén,待裁定
ci.清.0016.pinyin.json#220,0,36,甚,4,仄,2,平,ci.清.0016.pinyin.json 第1阕第37字 语料拼音 shén,待裁定
ci.清.0016.pinyin.json#221,1,0,甚,4,仄,2,平,ci.清.0016.pinyin.json 第2阕第1字 语料拼音 shén,待裁定
ci.清.0016.pinyin.json#226,0,40,别,4,仄,2,平,ci.清.0016.pinyin.json 第1阕第41字 语料拼音 bié,待裁定
ci.清.0016.pinyin.json#230,0,39,别,4,仄,2,平,ci.清.0016.pinyin.json 第1阕第40字 语料拼音 bié,待裁定
ci.清.0016.pinyin.json#232,1,34,甚,4,仄,2,平,ci.清.0016.pinyin.json 第2阕第35字 语料拼音 shén,待裁定
ci.清.0016.pinyin.json#239,1,15,甚,4,仄,2,平,ci.清.0016.pinyin.json 第2阕第16字 语料拼音 shén,待裁定
ci.清.0016.pinyin.json#240,1,12,长,2,平,3,仄,ci.清.0016.pinyin.json 第2阕第13字 语料拼音 zhǎng,待裁定
ci.清.0016.pinyin.json#240,1,32,长,2,平,3,仄,ci.清.0016.pinyin.json 第2阕第33字 语料拼音 zhǎng,待裁定
ci.清.0016.pinyin.json#243,0,39,别,4,仄,2,平,ci.清.0016.pinyin.json 第1阕第40字 语料拼音 bié,待裁定
ci.清.0016.pinyin.json#246,0,15,别,4,仄,2,平,ci.清.0016.pinyin.json 第1阕第16字 语料拼音 bié,待裁定
ci.清.0016.pinyin.json#250,0,35,绝,4,仄,2,平,ci.清.0016.pinyin.json 第1阕第36字 语料拼音 jué,待裁定
ci.清.0016.pinyin.json#251,1,47,甚,4,仄,2,平,ci.清.0016.pinyin.json 第2阕第48字 语料拼音 shén,待裁定
ci.清.0016.pinyin.json#253,1,6,甚,4,仄,2,平,ci.清.0016.pinyin.json 第2阕第7字 语料拼音 shén,待裁定
ci.清.0016.pinyin.json#255,1,9,长,2,平,3,仄,ci.清.0016.pinyin.json 第2阕第10字 语料拼音 zhǎng,待裁定
ci.清.0016.pinyin.json#255,1,33,甚,4,仄,2,平,ci.清.0016.pinyin.json 第2阕第34字 语料拼音 shén,待裁定
ci.清.0016.pinyin.json#256,1,29,长,2,平,3,仄,ci.清.0016.pinyin.json 第2阕第30字 语料拼音 zhǎng,待裁定
ci.清.0016.pinyin.json#259,0,17,长,2,平,3,仄,ci.清.0016.pinyin.json 第1阕第18字 语料拼音 zhǎng,待裁定
ci.清.0016.pinyin.json#259,1,41,长,2,平,3,仄,ci.清.0016.pinyin.json 第2阕第42字 语料拼音 zhǎng,待裁定
ci.清.0016.pinyin.json#262,1,45,别,4,仄,2,平,ci.清.0016.pinyin.json 第2阕第46字 语料拼音 bié,待裁定
ci.清.0016.pinyin.json#264,3,20,长,2,平,3,仄,ci.清.0016.pinyin.json 第4阕第21字 语料拼音 zhǎng,待裁定
ci.清.0016.pinyin.json#265,0,11,绝,4,仄,2,平,ci.清.0016.pinyin.json 第1阕第12字 语料拼音 jué,待裁定
ci.清.0016.pinyin.json#267,0,11,绝,4,仄,2,平,ci.清.0016.pinyin.json 第1阕第12字 语料拼音 jué,待裁定
ci.清.0016.pinyin.json#268,1,37,长,2,平,3,仄,ci.清.0016.pinyin.json 第2阕第38字 语料拼音 zhǎng,待裁定
ci.清.0016.pinyin.json#270,0,0,别,4,仄,2,平,ci.清.0016.pinyin.json 第1阕第1字 语料拼音 bié,待裁定
ci.清.0016.pinyin.json#274,1,0,别,4,仄,2,平,ci.清.0016.pinyin.json 第2阕第1字 语料拼音 bié,待裁定
ci.清.0016.pinyin.json#274,1,31,绝,4,仄,2,平,ci.清.0016.pinyin.json 第2阕第32字 语料拼音 jué,待裁定
ci.清.0016.pinyin.json#276,1,42,甚,4,仄,2,平,ci.清.0016.pinyin.json 第2阕第43字 语料拼音 shén,待裁定
ci.清.0016.pinyin.json#277,0,38,甚,4,仄,2,平,ci.清.0016.pinyin.json 第1阕第39字 语料拼音 shén,待裁定
ci.清.0016.pinyin.json#278,0,17,绝,4,仄,2,平,ci.清.0016.pinyin.json 第1阕第18字 语料拼音 jué,待裁定
ci.清.0016.pinyin.json#278,1,40,别,4,仄,2,平,ci.清.0016.pinyin.json 第2阕第41字 语料拼音 bié,待裁定
ci.清.0016.pinyin.json#279,1,8,绝,4,仄,2,平,ci.清.0016.pinyin.json 第2阕第9字 语料拼音 jué,待裁定
ci.清.0016.pinyin.json#280,0,16,长,2,平,3,仄,ci.清.0016.pinyin.json 第1阕第17字 语料拼音 zhǎng,待裁定
ci.清.0016.pinyin.json#284,0,28,绝,4,仄,2,平,ci.清.0016.pinyin.json 第1阕第29字 语料拼音 jué,待裁定
ci.清.0016.pinyin.json#287,0,33,绝,4,仄,2,平,ci.清.0016.pinyin.json 第1阕第34字 语料拼音 jué,待裁定
ci.清.0016.pinyin.json#289,1,21,长,2,平,3,仄,ci.清.0016.pinyin.json 第2阕第22字 语料拼音 zhǎng,待裁定
ci.清.0016.pinyin.json#291,1,19,别,4,仄,2,平,ci.清.0016.pinyin.json 第2阕第20字 语料拼音 bié,待裁定
ci.清.0016.pinyin.json#294,0,46,别,4,仄,2,平,ci.清.0016.pinyin.json 第1阕第47字 语料拼音 bié,待裁定
ci.清.0016.pinyin.json#295,4,1,甚,4,仄,2,平,ci.清.0016.pinyin.json 第5阕第2字 语料拼音 shén,待裁定
ci.清.0016.pinyin.json#296,1,14,长,2,平,3,仄,ci.清.0016.pinyin.json 第2阕第15字 语料拼音 zhǎng,待裁定
ci.清.0016.pinyin.json#296,1,15,别,4,仄,2,平,ci.清.0016.pinyin.json 第2阕第16字 语料拼音 bié,待裁定
ci.清.0016.pinyin.json#299,0,42,长,2,平,3,仄,ci.清.0016.pinyin.json 第1阕第43字 语料拼音 zhǎng,待裁定
ci.清.0016.pinyin.json#300,1,44,长,2,平,3,仄,ci.清.0016.pinyin.json 第2阕第45字 语料拼音 zhǎng,待裁定
ci.清.0016.pinyin.json#301,0,6,别,4,仄,2,平,ci.清.0016.pinyin.json 第1阕第7字 语料拼音 bié,待裁定
ci.清.0016.pinyin.json#303,1,34,长,2,平,3,仄,ci.清.0016.pinyin.json 第2阕第35字 语料拼音 zhǎng,待裁定
ci.清.0016.pinyin.json#306,1,2,长,2,平,3,仄,ci.清.0016.pinyin.json 第2阕第3字 语料拼音 zhǎng,待裁定
ci.清.0016.pinyin.json#308,1,42,绝,4,仄,2,平,ci.清.0016.pinyin.json 第2阕第43字 语料拼音 jué,待裁定
ci.清.0016.pinyin.json#309,1,19,长,2,平,3,仄,ci.清.0016.pinyin.json 第2阕第20字 语料拼音 zhǎng,待裁定
ci.清.0016.pinyin.json#311,0,12,别,4,仄,2,平,ci.清.0016.pinyin.json 第1阕第13字 语料拼音 bié,待裁定
ci.清.0016.pinyin.json#315,0,43,甚,4,仄,2,平,ci.清.0016.pinyin.json 第1阕第44字 语料拼音 shén,待裁定
ci.清.0016.pinyin.json#317,1,16,长,2,平,3,仄,ci.清.0016.pinyin.json 第2阕第17字 语料拼音 zhǎng,待裁定
ci.清.0016.pinyin.json#318,0,16,长,2,平,3,仄,ci.清.0016.pinyin.json 第1阕第17字 语料拼音 zhǎng,待裁定
ci.清.0016.pinyin.json#318,1,0,甚,4,仄,2,平,ci.清.0016.pinyin.json 第2阕第1字 语料拼音 shén,待裁定
ci.清.0016.pinyin.json#318,1,24,绝,4,仄,2,平,ci.清.0016.pinyin.json 第2阕第25字 语料拼音 jué,待裁定
ci.清.0016.pinyin.json#319,0,14,长,2,平,3,仄,ci.清.0016.pinyin.json 第1阕第15字 语料拼音 zhǎng,待裁定
ci.清.0016.pinyin.json#319,0,19,甚,4,仄,2,平,ci.清.0016.pinyin.json 第1阕第20字 语料拼音 shén,待裁定
ci.清.0016.pinyin.json#323,1,4,长,2,平,3,仄,ci.清.0016.pinyin.json 第2阕第5字 语料拼音 zhǎng,待裁定
ci.清.0016.pinyin.json#324,0,9,长,2,平,3,仄,ci.清.0016.pinyin.json 第1阕第10字 语料拼音 zhǎng,待裁定
ci.清.0016.pinyin.json#326,0,9,长,2,平,3,仄,ci.清.0016.pinyin.json 第1阕第10字 语料拼音 zhǎng,待裁定
ci.清.0016.pinyin.json#326,1,10,甚,4,仄,2,平,ci.清.0016.pinyin.json 第2阕第11字 语料拼音 shén,待裁定
ci.清.0016.pinyin.json#331,0,3,别,4,仄,2,平,ci.清.0016.pinyin.json 第1阕第4字 语料拼音 bié,待裁定
ci.清.0016.pinyin.json#331,0,28,长,2,平,3,仄,ci.清.0016.pinyin.json 第1阕第29字 语料拼音 zhǎng,待裁定
ci.清.0016.pinyin.json#332,1,12,长,2,平,3,仄,ci.清.0016.pinyin.json 第2阕第13字 语料拼音 zhǎng,待裁定
ci.清.0016.pinyin.json#335,0,22,长,2,平,3,仄,ci.清.0016.pinyin.json 第1阕第23字 语料拼音 zhǎng,待裁定
ci.清.0016.pinyin.json#341,0,12,长,2,平,3,仄,ci.清.0016.pinyin.json 第1阕第13字 语料拼音 zhǎng,待裁定
ci.清.0016.pinyin.json#342,1,21,甚,4,仄,2,平,ci.清.0016.pinyin.json 第2阕第22字 语料拼音 shén,待裁定
ci.清.0016.pinyin.json#350,1,21,别,4,仄,2,平,ci.清.0016.pinyin.json 第2阕第22字 语料拼音 bié,待裁定
ci.清.0016.pinyin.json#353,0,27,长,2,平,3,仄,ci.清.0016.pinyin.json 第1阕第28字 语料拼音 zhǎng,待裁定
ci.清.0016.pinyin.json#353,1,7,甚,4,仄,2,平,ci.清.0016.pinyin.json 第2阕第8字 语料拼音 shén,待裁定
ci.清.0016.pinyin.json#354,0,26,长,2,平,3,仄,ci.清.0016.pinyin.json 第1阕第27字 语料拼音 zhǎng,待裁定
ci.清.0016.pinyin.json#354,1,46,长,2,平,3,仄,ci.清.0016.pinyin.json 第2阕第47字 语料拼音 zhǎng,待裁定
ci.清.0016.pinyin.json#355,1,4,长,2,平,3,仄,ci.清.0016.pinyin.json 第2阕第5字 语料拼音 zhǎng,待裁定
ci.清.0016.pinyin.json#358,0,9,别,4,仄,2,平,ci.清.0016.pinyin.json 第1阕第10字 语料拼音 bié,待裁定
ci.清.0016.pinyin.json#359,0,45,长,2,平,3,仄,ci.清.0016.pinyin.json 第1阕第46字 语料拼音 zhǎng,待裁定
ci.清.0016.pinyin.json#361,0,4,别,4,仄,2,平,ci.清.0016.pinyin.json 第1阕第5字 语料拼音 bié,待裁定
ci.清.0016.pinyin.json#364,0,24,别,4,仄,2,平,ci.清.0016.pinyin.json 第1阕第25字 语料拼音 bié,待裁定
ci.清.0016.pinyin.json#364,1,8,别,4,仄,2,平,ci.清.0016.pinyin.json 第2阕第9字 语料拼音 bié,待裁定
ci.清.0016.pinyin.json#365,1,10,别,4,仄,2,平,ci.清.0016.pinyin.json 第2阕第11字 语料拼音 bié,待裁定
ci.清.0016.pinyin.json#372,0,19,别,4,仄,2,平,ci.清.0016.pinyin.json 第1阕第20字 语料拼音 bié,待裁定
ci.清.0016.pinyin.json#373,1,42,长,2,平,3,仄,ci.清.0016.pinyin.json 第2阕第43字 语料拼音 zhǎng,待裁定
ci.清.0016.pinyin.json#383,0,16,长,2,平,3,仄,ci.清.0016.pinyin.json 第1阕第17字 语料拼音 zhǎng,待裁定
ci.清.0016.pinyin.json#384,0,26,长,2,平,3,仄,ci.清.0016.pinyin.json 第1阕第27字 语料拼音 zhǎng,待裁定
ci.清.0016.pinyin.json#388,0,49,长,2,平,3,仄,ci.清.0016.pinyin.json 第1阕第50字 语料拼音 zhǎng,待裁定
ci.清.0016.pinyin.json#391,0,47,别,4,仄,2,平,ci.清.0016.pinyin.json 第1阕第48字 语料拼音 bié,待裁定
ci.清.0016.pinyin.json#392,0,32,别,4,仄,2,平,ci.清.0016.pinyin.json 第1阕第33字 语料拼音 bié,待裁定
ci.清.0016.pinyin.json#398,1,11,别,4,仄,2,平,ci.清.0016.pinyin.json 第2阕第12字 语料拼音 bié,待裁定
ci.清.0016.pinyin.json#401,0,38,甚,4,仄,2,平,ci.清.0016.pinyin.json 第1阕第39字 语料拼音 shén,待裁定
ci.清.0016.pinyin.json#401,0,42,长,2,平,3,仄,ci.清.0016.pinyin.json 第1阕第43字 语料拼音 zhǎng,待裁定
ci.清.0016.pinyin.json#402,0,21,别,4,仄,2,平,ci.清.0016.pinyin.json 第1阕第22字 语料拼音 bié,待裁定
ci.清.0016.pinyin.json#408,0,19,长,2,平,3,仄,ci.清.0016.pinyin.json 第1阕第20字 语料拼音 zhǎng,待裁定
ci.清.0016.pinyin.json#412,1,4,甚,4,仄,2,平,ci.清.0016.pinyin.json 第2阕第5字 语料拼音 shén,待裁定
ci.清.0016.pinyin.json#412,1,19,长,2,平,3,仄,ci.清.0016.pinyin.json 第2阕第20字 语料拼音 zhǎng,待裁定
ci.清.0016.pinyin.json#416,1,27,别,4,仄,2,平,ci.清.0016.pinyin.json 第2阕第28字 语料拼音 bié,待裁定
ci.清.0016.pinyin.json#417,1,41,别,4,仄,2,平,ci.清.0016.pinyin.json 第2阕第42字 语料拼音 bié,待裁定
ci.清.0016.pinyin.json#420,0,9,别,4,仄,2,平,ci.清.0016.pinyin.json 第1阕第10字 语料拼音 bié,待裁定
ci.清.0016.pinyin.json#425,0,10,长,2,平,3,仄,ci.清.0016.pinyin.json 第1阕第11字 语料拼音 zhǎng,待裁定
ci.清.0016.pinyin.json#425,1,29,长,2,平,3,仄,ci.清.0016.pinyin.json 第2阕第30字 语料拼音 zhǎng,待裁定
ci.清.0016.pinyin.json#426,1,9,长,2,平,3,仄,ci.清.0016.pinyin.json 第2阕第10字 语料拼音 zhǎng,待裁定
ci.清.0016.pinyin.json#427,1,9,长,2,平,3,仄,ci.清.0016.pinyin.json 第2阕第10字 语料拼音 zhǎng,待裁定
ci.清.0016.pinyin.json#428,1,19,长,2,平,3,仄,ci.清.0016.pinyin.json 第2阕第20字 语料拼音 zhǎng,待裁定
ci.清.0016.pinyin.json#436,0,13,别,4,仄,2,平,ci.清.0016.pinyin.json 第1阕第14字 语料拼音 bié,待裁定
ci.清.0016.pinyin.json#440,0,32,别,4,仄,2,平,ci.清.0016.pinyin.json 第1阕第33字 语料拼音 bié,待裁定
ci.清.0016.pinyin.json#441,0,22,长,2,平,3,仄,ci.清.0016.pinyin.json 第1阕第23字 语料拼音 zhǎng,待裁定
ci.清.0016.pinyin.json#455,1,0,长,2,平,3,仄,ci.清.0016.pinyin.json 第2阕第1字 语料拼音 zhǎng,待裁定
ci.清.0016.pinyin.json#458,0,23,长,2,平,3,仄,ci.清.0016.pinyin.json 第1阕第24字 语料拼音 zhǎng,待裁定
ci.清.0016.pinyin.json#465,1,7,长,2,平,3,仄,ci.清.0016.pinyin.json 第2阕第8字 语料拼音 zhǎng,待裁定
ci.清.0016.pinyin.json#466,1,13,长,2,平,3,仄,ci.清.0016.pinyin.json 第2阕第14字 语料拼音 zhǎng,待裁定
ci.清.0016.pinyin.json#469,0,20,长,2,平,3,仄,ci.清.0016.pinyin.json 第1阕第21字 语料拼音 zhǎng,待裁定
ci.清.0016.pinyin.json#474,0,14,长,2,平,3,仄,ci.清.0016.pinyin.json 第1阕第15字 语料拼音 zhǎng,待裁定
ci.清.0016.pinyin.json#476,1,19,长,2,平,3,仄,ci.清.0016.pinyin.json 第2阕第20字 语料拼音 zhǎng,待裁定
ci.清.0016.pinyin.json#484,1,8,长,2,平,3,仄,ci.清.0016.pinyin.json 第2阕第9字 语料拼音 zhǎng,待裁定
ci.清.0016.pinyin.json#484,1,16,别,4,仄,2,平,ci.清.0016.pinyin.json 第2阕第17字 语料拼音 bié,待裁定
ci.清.0016.pinyin.json#491,1,19,长,2,平,3,仄,ci.清.0016.pinyin.json 第2阕第20字 语料拼音 zhǎng,待裁定
ci.清.0016.pinyin.json#499,1,7,长,2,平,3,仄,ci.清.0016.pinyin.json 第2阕第8字 语料拼音 zhǎng,待裁定
ci.清.0016.pinyin.json#513,1,5,甚,4,仄,2,平,ci.清.0016.pinyin.json 第2阕第6字 语料拼音 shén,待裁定
ci.清.0016.pinyin.json#514,1,15,别,4,仄,2,平,ci.清.0016.pinyin.json 第2阕第16字 语料拼音 bié,待裁定
ci.清.0016.pinyin.json#518,0,23,长,2,平,3,仄,ci.清.0016.pinyin.json 第1阕第24字 语料拼音 zhǎng,待裁定
ci.清.0016.pinyin.json#520,1,19,别,4,仄,2,平,ci.清.0016.pinyin.json 第2阕第20字 语料拼音 bié,待裁定
ci.清.0016.pinyin.json#524,0,25,绝,4,仄,2,平,ci.清.0016.pinyin.json 第1阕第26字 语料拼音 jué,待裁定
ci.清.0016.pinyin.json#524,1,13,别,4,仄,2,平,ci.清.0016.pinyin.json 第2阕第14字 语料拼音 bié,待裁定
ci.清.0016.pinyin.json#525,0,7,长,2,平,3,仄,ci.清.0016.pinyin.json 第1阕第8字 语料拼音 zhǎng,待裁定
ci.清.0016.pinyin.json#529,0,4,长,2,平,3,仄,ci.清.0016.pinyin.json 第1阕第5字 语料拼音 zhǎng,待裁定
ci.清.0016.pinyin.json#531,1,11,长,2,平,3,仄,ci.清.0016.pinyin.json 第2阕第12字 语料拼音 zhǎng,待裁定
ci.清.0016.pinyin.json#537,1,21,长,2,平,3,仄,ci.清.0016.pinyin.json 第2阕第22字 语料拼音 zhǎng,待裁定
ci.清.0016.pinyin.json#542,1,21,长,2,平,3,仄,ci.清.0016.pinyin.json 第2阕第22字 语料拼音 zhǎng,待裁定
ci.清.0016.pinyin.json#548,0,11,长,2,平,3,仄,ci.清.0016.pinyin.json 第1阕第12字 语料拼音 zhǎng,待裁定
ci.清.0016.pinyin.json#554,1,9,长,2,平,3,仄,ci.清.0016.pinyin.json 第2阕第10字 语料拼音 zhǎng,待裁定
ci.清.0016.pinyin.json#554,1,21,别,4,仄,2,平,ci.清.0016.pinyin.json 第2阕第22字 语料拼音 bié,待裁定
ci.清.0016.pinyin.json#559,1,28,长,2,平,3,仄,ci.清.0016.pinyin.json 第2阕第29字 语料拼音 zhǎng,待裁定
ci.清.0016.pinyin.json#561,1,11,别,4,仄,2,平,ci.清.0016.pinyin.json 第2阕第12字 语料拼音 bié,待裁定
ci.清.0016.pinyin.json#565,0,10,别,4,仄,2,平,ci.清.0016.pinyin.json 第1阕第11字 语料拼音 bié,待裁定
ci.清.0016.pinyin.json#565,1,17,绝,4,仄,2,平,ci.清.0016.pinyin.json 第2阕第18字 语料拼音 jué,待裁定
ci.清.0016.pinyin.json#565,1,26,别,4,仄,2,平,ci.清.0016.pinyin.json 第2阕第27字 语料拼音 bié,待裁定
ci.清.0016.pinyin.json#569,1,12,绝,4,仄,2,平,ci.清.0016.pinyin.json 第2阕第13字 语料拼音 jué,待裁定
ci.清.0016.pinyin.json#575,1,22,长,2,平,3,仄,ci.清.0016.pinyin.json 第2阕第23字 语料拼音 zhǎng,待裁定
ci.清.0016.pinyin.json#579,1,41,长,2,平,3,仄,ci.清.0016.pinyin.json 第2阕第42字 语料拼音 zhǎng,待裁定
ci.清.0016.pinyin.json#584,1,35,长,2,平,3,仄,ci.清.0016.pinyin.json 第2阕第36字 语料拼音 zhǎng,待裁定
ci.清.0016.pinyin.json#585,1,22,长,2,平,3,仄,ci.清.0016.pinyin.json 第2阕第23字 语料拼音 zhǎng,待裁定
ci.清.0016.pinyin.json#588,1,47,长,2,平,3,仄,ci.清.0016.pinyin.json 第2阕第48字 语料拼音 zhǎng,待裁定
ci.清.0016.pinyin.json#589,1,49,别,4,仄,2,平,ci.清.0016.pinyin.json 第2阕第50字 语料拼音 bié,待裁定
ci.清.0016.pinyin.json#590,1,20,别,4,仄,2,平,ci.清.0016.pinyin.json 第2阕第21字 语料拼音 bié,待裁定
ci.清.0016.pinyin.json#593,0,0,长,2,平,3,仄,ci.清.0016.pinyin.json 第1阕第1字 语料拼音 zhǎng,待裁定
ci.清.0016.pinyin.json#594,0,8,绝,4,仄,2,平,ci.清.0016.pinyin.json 第1阕第9字 语料拼音 jué,待裁定
ci.清.0016.pinyin.json#594,0,39,长,2,平,3,仄,ci.清.0016.pinyin.json 第1阕第40字 语料拼音 zhǎng,待裁定
ci.清.0016.pinyin.json#594,1,47,长,2,平,3,仄,ci.清.0016.pinyin.json 第2阕第48字 语料拼音 zhǎng,待裁定
ci.清.0016.pinyin.json#595,0,21,甚,4,仄,2,平,ci.清.0016.pinyin.json 第1阕第22字 语料拼音 shén,待裁定
ci.清.0016.pinyin.json#595,1,22,绝,4,仄,2,平,ci.清.0016.pinyin.json 第2阕第23字 语料拼音 jué,待裁定
ci.清.0016.pinyin.json#597,0,8,别,4,仄,2,平,ci.清.0016.pinyin.json 第1阕第9字 语料拼音 bié,待裁定
ci.清.0016.pinyin.json#598,1,18,甚,4,仄,2,平,ci.清.0016.pinyin.json 第2阕第19字 语料拼音 shén,待裁定
ci.清.0016.pinyin.json#598,1,19,甚,4,仄,2,平,ci.清.0016.pinyin.json 第2阕第20字 语料拼音 shén,待裁定
ci.清.0016.pinyin.json#599,0,37,长,2,平,3,仄,ci.清.0016.pinyin.json 第1阕第38字 语料拼音 zhǎng,待裁定
ci.清.0016.pinyin.json#600,1,47,长,2,平,3,仄,ci.清.0016.pinyin.json 第2阕第48字 语料拼音 zhǎng,待裁定
ci.清.0016.pinyin.json#601,1,10,长,2,平,3,仄,ci.清.0016.pinyin.json 第2阕第11字 语料拼音 zhǎng,待裁定
ci.清.0016.pinyin.json#602,0,11,绝,4,仄,2,平,ci.清.0016.pinyin.json 第1阕第12字 语料拼音 jué,待裁定
ci.清.0016.pinyin.json#608,1,30,别,4,仄,2,平,ci.清.0016.pinyin.json 第2阕第31字 语料拼音 bié,待裁定
ci.清.0016.pinyin.json#609,1,9,长,2,平,3,仄,ci.清.0016.pinyin.json 第2阕第10字 语料拼音 zhǎng,待裁定
ci.清.0016.pinyin.json#610,1,22,长,2,平,3,仄,ci.清.0016.pinyin.json 第2阕第23字 语料拼音 zhǎng,待裁定
ci.清.0016.pinyin.json#612,0,17,别,4,仄,2,平,ci.清.0016.pinyin.json 第1阕第18字 语料拼音 bié,待裁定
ci.清.0016.pinyin.json#612,0,29,长,2,平,3,仄,ci.清.0016.pinyin.json 第1阕第30字 语料拼音 zhǎng,待裁定
ci.清.0016.pinyin.json#618,3,6,长,2,平,3,仄,ci.清.0016.pinyin.json 第4阕第7字 语料拼音 zhǎng,待裁定
ci.清.0016.pinyin.json#619,1,13,长,2,平,3,仄,ci.清.0016.pinyin.json 第2阕第14字 语料拼音 zhǎng,待裁定
ci.清.0016.pinyin.json#619,1,28,甚,4,仄,2,平,ci.清.0016.pinyin.json 第2阕第29字 语料拼音 shén,待裁定
ci.清.0016.pinyin.json#622,0,29,长,2,平,3,仄,ci.清.0016.pinyin.json 第1阕第30字 语料拼音 zhǎng,待裁定
ci.清.0016.pinyin.json#625,0,17,长,2,平,3,仄,ci.清.0016.pinyin.json 第1阕第18字 语料拼音 zhǎng,待裁定
ci.清.0016.pinyin.json#636,1,18,别,4,仄,2,平,ci.清.0016.pinyin.json 第2阕第19字 语料拼音 bié,待裁定
ci.清.0016.pinyin.json#637,1,0,绝,4,仄,2,平,ci.清.0016.pinyin.json 第2阕第1字 语料拼音 jué,待裁定
ci.清.0016.pinyin.json#648,1,1,别,4,仄,2,平,ci.清.0016.pinyin.json 第2阕第2字 语料拼音 bié,待裁定
ci.清.0016.pinyin.json#648,1,11,甚,4,仄,2,平,ci.清.0016.pinyin.json 第2阕第12字 语料拼音 shén,待裁定
ci.清.0016.pinyin.json#649,0,25,甚,4,仄,2,平,ci.清.0016.pinyin.json 第1阕第26字 语料拼音 shén,待裁定
ci.清.0016.pinyin.json#649,1,9,别,4,仄,2,平,ci.清.0016.pinyin.json 第2阕第10字 语料拼音 bié,待裁定
ci.清.0016.pinyin.json#649,1,34,甚,4,仄,2,平,ci.清.0016.pinyin.json 第2阕第35字 语料拼音 shén,待裁定
ci.清.0016.pinyin.json#660,1,36,甚,4,仄,2,平,ci.清.0016.pinyin.json 第2阕第37字 语料拼音 shén,待裁定
ci.清.0016.pinyin.json#665,1,18,绝,4,仄,2,平,ci.清.0016.pinyin.json 第2阕第19字 语料拼音 jué,待裁定
ci.清.0016.pinyin.json#667,1,5,绝,4,仄,2,平,ci.清.0016.pinyin.json 第2阕第6字 语料拼音 jué,待裁定
ci.清.0016.pinyin.json#669,0,20,别,4,仄,2,平,ci.清.0016.pinyin.json 第1阕第21字 语料拼音 bié,待裁定
ci.清.0016.pinyin.json#669,1,6,绝,4,仄,2,平,ci.清.0016.pinyin.json 第2阕第7字 语料拼音 jué,待裁定
ci.清.0016.pinyin.json#670,0,7,长,2,平,3,仄,ci.清.0016.pinyin.json 第1阕第8字 语料拼音 zhǎng,待裁定
ci.清.0016.pinyin.json#673,1,12,别,4,仄,2,平,ci.清.0016.pinyin.json 第2阕第13字 语料拼音 bié,待裁定
ci.清.0016.pinyin.json#674,0,42,长,2,平,3,仄,ci.清.0016.pinyin.json 第1阕第43字 语料拼音 zhǎng,待裁定
ci.清.0016.pinyin.json#675,0,21,别,4,仄,2,平,ci.清.0016.pinyin.json 第1阕第22字 语料拼音 bié,待裁定
ci.清.0016.pinyin.json#676,0,53,绝,4,仄,2,平,ci.清.0016.pinyin.json 第1阕第54字 语料拼音 jué,待裁定
ci.清.0016.pinyin.json#676,0,54,别,4,仄,2,平,ci.清.0016.pinyin.json 第1阕第55字 语料拼音 bié,待裁定
ci.清.0016.pinyin.json#676,1,36,甚,4,仄,2,平,ci.清.0016.pinyin.json 第2阕第37字 语料拼音 shén,待裁定
ci.清.0016.pinyin.json#697,0,6,别,4,仄,2,平,ci.清.0016.pinyin.json 第1阕第7字 语料拼音 bié,待裁定
ci.清.0016.pinyin.json#700,1,18,长,2,平,3,仄,ci.清.0016.pinyin.json 第2阕第19字 语料拼音 zhǎng,待裁定
ci.清.0016.pinyin.json#701,1,19,别,4,仄,2,平,ci.清.0016.pinyin.json 第2阕第20字 语料拼音 bié,待裁定
ci.清.0016.pinyin.json#708,1,24,别,4,仄,2,平,ci.清.0016.pinyin.json 第2阕第25字 语料拼音 bié,待裁定
ci.清.0016.pinyin.json#709,0,43,别,4,仄,2,平,ci.清.0016.pinyin.json 第1阕第44字 语料拼音 bié,待裁定
ci.清.0016.pinyin.json#723,0,2,绝,4,仄,2,平,ci.清.0016.pinyin.json 第1阕第3字 语料拼音 jué,待裁定
ci.清.0016.pinyin.json#730,0,23,绝,4,仄,2,平,ci.清.0016.pinyin.json 第1阕第24字 语料拼音 jué,待裁定
ci.清.0016.pinyin.json#731,0,17,长,2,平,3,仄,ci.清.0016.pinyin.json 第1阕第18字 语料拼音 zhǎng,待裁定
ci.清.0016.pinyin.json#731,0,22,别,4,仄,2,平,ci.清.0016.pinyin.json 第1阕第23字 语料拼音 bié,待裁定
ci.清.0016.pinyin.json#733,0,19,绝,4,仄,2,平,ci.清.0016.pinyin.json 第1阕第20字 语料拼音 jué,待裁定
ci.清.0016.pinyin.json#733,1,21,别,4,仄,2,平,ci.清.0016.pinyin.json 第2阕第22字 语料拼音 bié,待裁定
ci.清.0016.pinyin.json#735,1,6,甚,4,仄,2,平,ci.清.0016.pinyin.json 第2阕第7字 语料拼音 shén,待裁定
ci.清.0016.pinyin.json#735,1,48,绝,4,仄,2,平,ci.清.0016.pinyin.json 第2阕第49字 语料拼音 jué,待裁定
ci.清.0016.pinyin.json#761,1,23,别,4,仄,2,平,ci.清.0016.pinyin.json 第2阕第24字 语料拼音 bié,待裁定
ci.清.0016.pinyin.json#763,0,2,长,2,平,3,仄,ci.清.0016.pinyin.json 第1阕第3字 语料拼音 zhǎng,待裁定
ci.清.0016.pinyin.json#764,0,0,别,4,仄,2,平,ci.清.0016.pinyin.json 第1阕第1字 语料拼音 bié,待裁定
ci.清.0016.pinyin.json#770,1,46,别,4,仄,2,平,ci.清.0016.pinyin.json 第2阕第47字 语料拼音 bié,待裁定
ci.清.0016.pinyin.json#772,0,12,绝,4,仄,2,平,ci.清.0016.pinyin.json 第1阕第13字 语料拼音 jué,待裁定
ci.清.0016.pinyin.json#773,0,0,别,4,仄,2,平,ci.清.0016.pinyin.json 第1阕第1字 语料拼音 bié,待裁定
ci.清.0016.pinyin.json#779,1,33,甚,4,仄,2,平,ci.清.0016.pinyin.json 第2阕第34字 语料拼音 shén,待裁定
ci.清.0016.pinyin.json#789,0,22,别,4,仄,2,平,ci.清.0016.pinyin.json 第1阕第23字 语料拼音 bié,待裁定
ci.清.0016.pinyin.json#791,0,21,长,2,平,3,仄,ci.清.0016.pinyin.json 第1阕第22字 语料拼音 zhǎng,待裁定
ci.清.0016.pinyin.json#795,1,32,别,4,仄,2,平,ci.清.0016.pinyin.json 第2阕第33字 语料拼音 bié,待裁定
ci.清.0016.pinyin.json#814,3,0,长,2,平,3,仄,ci.清.0016.pinyin.json 第4阕第1字 语料拼音 zhǎng,待裁定
ci.清.0016.pinyin.json#818,1,34,甚,4,仄,2,平,ci.清.0016.pinyin.json 第2阕第35字 语料拼音 shén,待裁定
ci.清.0016.pinyin.json#818,1,48,别,4,仄,2,平,ci.清.0016.pinyin.json 第2阕第49字 语料拼音 bié,待裁定
ci.清.0016.pinyin.json#820,0,0,绝,4,仄,2,平,ci.清.0016.pinyin.json 第1阕第1字 语料拼音 jué,待裁定
ci.清.0016.pinyin.json#820,0,23,长,2,平,3,仄,ci.清.0016.pinyin.json 第1阕第24字 语料拼音 zhǎng,待裁定
ci.清.0016.pinyin.json#824,0,11,绝,4,仄,2,平,ci.清.0016.pinyin.json 第1阕第12字 语料拼音 jué,待裁定
ci.清.0016.pinyin.json#829,0,54,长,2,平,3,仄,ci.清.0016.pinyin.json 第1阕第55字 语料拼音 zhǎng,待裁定
ci.清.0016.pinyin.json#831,0,4,长,2,平,3,仄,ci.清.0016.pinyin.json 第1阕第5字 语料拼音 zhǎng,待裁定
ci.清.0016.pinyin.json#832,0,2,绝,4,仄,2,平,ci.清.0016.pinyin.json 第1阕第3字 语料拼音 jué,待裁定
ci.清.0016.pinyin.json#833,0,4,长,2,平,3,仄,ci.清.0016.pinyin.json 第1阕第5字 语料拼音 zhǎng,待裁定
ci.清.0016.pinyin.json#834,1,35,长,2,平,3,仄,ci.清.0016.pinyin.json 第2阕第36字 语料拼音 zhǎng,待裁定
ci.清.0016.pinyin.json#840,0,36,长,2,平,3,仄,ci.清.0016.pinyin.json 第1阕第37字 语料拼音 zhǎng,待裁定
ci.清.0016.pinyin.json#848,1,12,长,2,平,3,仄,ci.清.0016.pinyin.json 第2阕第13字 语料拼音 zhǎng,待裁定
ci.清.0016.pinyin.json#854,1,10,长,2,平,3,仄,ci.清.0016.pinyin.json 第2阕第11字 语料拼音 zhǎng,待裁定
ci.清.0016.pinyin.json#856,0,22,长,2,平,3,仄,ci.清.0016.pinyin.json 第1阕第23字 语料拼音 zhǎng,待裁定
ci.清.0016.pinyin.json#862,0,46,绝,4,仄,2,平,ci.清.0016.pinyin.json 第1阕第47字 语料拼音 jué,待裁定
ci.清.0016.pinyin.json#867,0,11,别,4,仄,2,平,ci.清.0016.pinyin.json 第1阕第12字 语料拼音 bié,待裁定
ci.清.0016.pinyin.json#877,1,30,长,2,平,3,仄,ci.清.0016.pinyin.json 第2阕第31字 语料拼音 zhǎng,待裁定
ci.清.0016.pinyin.json#880,0,14,长,2,平,3,仄,ci.清.0016.pinyin.json 第1阕第15字 语料拼音 zhǎng,待裁定
ci.清.0016.pinyin.json#881,0,15,别,4,仄,2,平,ci.清.0016.pinyin.json 第1阕第16字 语料拼音 bié,待裁定
ci.清.0016.pinyin.json#883,0,11,长,2,平,3,仄,ci.清.0016.pinyin.json 第1阕第12字 语料拼音 zhǎng,待裁定
ci.清.0016.pinyin.json#886,0,10,长,2,平,3,仄,ci.清.0016.pinyin.json 第1阕第11字 语料拼音 zhǎng,待裁定
ci.清.0016.pinyin.json#887,0,9,长,2,平,3,仄,ci.清.0016.pinyin.json 第1阕第10字 语料拼音 zhǎng,待裁定
ci.清.0016.pinyin.json#887,0,16,别,4,仄,2,平,ci.清.0016.pinyin.json 第1阕第17字 语料拼音 bié,待裁定
ci.清.0016.pinyin.json#894,0,15,别,4,仄,2,平,ci.清.0016.pinyin.json 第1阕第16字 语料拼音 bié,待裁定
ci.清.0016.pinyin.json#894,0,48,长,2,平,3,仄,ci.清.0016.pinyin.json 第1阕第49字 语料拼音 zhǎng,待裁定
ci.清.0016.pinyin.json#894,1,58,绝,4,仄,2,平,ci.清.0016.pinyin.json 第2阕第59字 语料拼音 jué,待裁定
ci.清.0016.pinyin.json#895,0,13,长,2,平,3,仄,ci.清.0016.pinyin.json 第1阕第14字 语料拼音 zhǎng,待裁定
ci.清.0016.pinyin.json#900,1,2,别,4,仄,2,平,ci.清.0016.pinyin.json 第2阕第3字 语料拼音 bié,待裁定
ci.清.0016.pinyin.json#903,0,54,长,2,平,3,仄,ci.清.0016.pinyin.json 第1阕第55字 语料拼音 zhǎng,待裁定
ci.清.0016.pinyin.json#905,0,17,甚,4,仄,2,平,ci.清.0016.pinyin.json 第1阕第18字 语料拼音 shén,待裁定
ci.清.0016.pinyin.json#905,0,27,长,2,平,3,仄,ci.清.0016.pinyin.json 第1阕第28字 语料拼音 zhǎng,待裁定
ci.清.0016.pinyin.json#906,1,11,长,2,平,3,仄,ci.清.0016.pinyin.json 第2阕第12字 语料拼音 zhǎng,待裁定
ci.清.0016.pinyin.json#913,0,42,长,2,平,3,仄,ci.清.0016.pinyin.json 第1阕第43字 语料拼音 zhǎng,待裁定
ci.清.0016.pinyin.json#920,1,10,长,2,平,3,仄,ci.清.0016.pinyin.json 第2阕第11字 语料拼音 zhǎng,待裁定
ci.清.0016.pinyin.json#922,0,21,绝,4,仄,2,平,ci.清.0016.pinyin.json 第1阕第22字 语料拼音 jué,待裁定
ci.清.0016.pinyin.json#924,1,0,别,4,仄,2,平,ci.清.0016.pinyin.json 第2阕第1字 语料拼音 bié,待裁定
ci.清.0016.pinyin.json#928,0,28,甚,4,仄,2,平,ci.清.0016.pinyin.json 第1阕第29字 语料拼音 shén,待裁定
ci.清.0016.pinyin.json#929,0,37,长,2,平,3,仄,ci.清.0016.pinyin.json 第1阕第38字 语料拼音 zhǎng,待裁定
ci.清.0016.pinyin.json#935,0,12,别,4,仄,2,平,ci.清.0016.pinyin.json 第1阕第13字 语料拼音 bié,待裁定
ci.清.0016.pinyin.json#939,0,4,长,2,平,3,仄,ci.清.0016.pinyin.json 第1阕第5字 语料拼音 zhǎng,待裁定
ci.清.0016.pinyin.json#940,1,33,别,4,仄,2,平,ci.清.0016.pinyin.json 第2阕第34字 语料拼音 bié,待裁定
ci.清.0016.pinyin.json#941,1,38,长,2,平,3,仄,ci.清.0016.pinyin.json 第2阕第39字 语料拼音 zhǎng,待裁定
ci.清.0016.pinyin.json#941,1,48,长,2,平,3,仄,ci.清.0016.pinyin.json 第2阕第49字 语料拼音 zhǎng,待裁定
ci.清.0016.pinyin.json#942,0,34,长,2,平,3,仄,ci.清.0016.pinyin.json 第1阕第35字 语料拼音 zhǎng,待裁定
ci.清.0016.pinyin.json#951,1,25,别,4,仄,2,平,ci.清.0016.pinyin.json 第2阕第26字 语料拼音 bié,待裁定
ci.清.0016.pinyin.json#952,1,9,绝,4,仄,2,平,ci.清.0016.pinyin.json 第2阕第10字 语料拼音 jué,待裁定
ci.清.0016.pinyin.json#953,1,11,长,2,平,3,仄,ci.清.0016.pinyin.json 第2阕第12字 语料拼音 zhǎng,待裁定
ci.清.0016.pinyin.json#954,1,11,别,4,仄,2,平,ci.清.0016.pinyin.json 第2阕第12字 语料拼音 bié,待裁定
ci.清.0016.pinyin.json#956,1,12,别,4,仄,2,平,ci.清.0016.pinyin.json 第2阕第13字 语料拼音 bié,待裁定
ci.清.0016.pinyin.json#961,1,7,别,4,仄,2,平,ci.清.0016.pinyin.json 第2阕第8字 语料拼音 bié,待裁定
ci.清.0016.pinyin.json#967,0,8,长,2,平,3,仄,ci.清.0016.pinyin.json 第1阕第9字 语料拼音 zhǎng,待裁定
ci.清.0016.pinyin.json#969,1,0,长,2,平,3,仄,ci.清.0016.pinyin.json 第2阕第1字 语料拼音 zhǎng,待裁定
ci.清.0016.pinyin.json#970,0,6,别,4,仄,2,平,ci.清.0016.pinyin.json 第1阕第7字 语料拼音 bié,待裁定
ci.清.0016.pinyin.json#970,1,11,长,2,平,3,仄,ci.清.0016.pinyin.json 第2阕第12字 语料拼音 zhǎng,待裁定
ci.清.0016.pinyin.json#972,1,9,长,2,平,3,仄,ci.清.0016.pinyin.json 第2阕第10字 语料拼音 zhǎng,待裁定
ci.清.0016.pinyin.json#973,0,10,绝,4,仄,2,平,ci.清.0016.pinyin.json 第1阕第11字 语料拼音 jué,待裁定
ci.清.0016.pinyin.json#974,1,16,别,4,仄,2,平,ci.清.0016.pinyin.json 第2阕第17字 语料拼音 bié,待裁定
ci.清.0016.pinyin.json#977,1,41,长,2,平,3,仄,ci.清.0016.pinyin.json 第2阕第42字 语料拼音 zhǎng,待裁定
ci.清.0016.pinyin.json#992,1,5,别,4,仄,2,平,ci.清.0016.pinyin.json 第2阕第6字 语料拼音 bié,待裁定
ci.清.0016.pinyin.json#994,1,6,别,4,仄,2,平,ci.清.0016.pinyin.json 第2阕第7字 语料拼音 bié,待裁定
ci.清.0016.pinyin.json#995,0,1,长,2,平,3,仄,ci.清.0016.pinyin.json 第1阕第2字 语料拼音 zhǎng,待裁定
ci.清.0016.pinyin.json#998,0,8,绝,4,仄,2,平,ci.清.0016.pinyin.json 第1阕第9字 语料拼音 jué,待裁定
ci.清.0016.pinyin.json#998,1,11,别,4,仄,2,平,ci.清.0016.pinyin.json 第2阕第12字 语料拼音 bié,待裁定
ci.清.0017.pinyin.json#20,0,10,绝,4,仄,2,平,ci.清.0017.pinyin.json 第1阕第11字 语料拼音 jué,待裁定
ci.清.0017.pinyin.json#22,0,1,别,4,仄,2,平,ci.清.0017.pinyin.json 第1阕第2字 语料拼音 bié,待裁定
ci.清.0017.pinyin.json#23,0,18,绝,4,仄,2,平,ci.清.0017.pinyin.json 第1阕第19字 语料拼音 jué,待裁定
ci.清.0017.pinyin.json#26,0,13,别,4,仄,2,平,ci.清.0017.pinyin.json 第1阕第14字 语料拼音 bié,待裁定
ci.清.0017.pinyin.json#26,1,17,长,2,平,3,仄,ci.清.0017.pinyin.json 第2阕第18字 语料拼音 zhǎng,待裁定
ci.清.0017.pinyin.json#28,1,0,别,4,仄,2,平,ci.清.0017.pinyin.json 第2阕第1字 语料拼音 bié,待裁定
ci.清.0017.pinyin.json#33,1,14,别,4,仄,2,平,ci.清.0017.pinyin.json 第2阕第15字 语料拼音 bié,待裁定
ci.清.0017.pinyin.json#36,1,0,别,4,仄,2,平,ci.清.0017.pinyin.json 第2阕第1字 语料拼音 bié,待裁定
ci.清.0017.pinyin.json#37,0,6,绝,4,仄,2,平,ci.清.0017.pinyin.json 第1阕第7字 语料拼音 jué,待裁定
ci.清.0017.pinyin.json#37,1,17,别,4,仄,2,平,ci.清.0017.pinyin.json 第2阕第18字 语料拼音 bié,待裁定
ci.清.0017.pinyin.json#45,1,6,长,2,平,3,仄,ci.清.0017.pinyin.json 第2阕第7字 语料拼音 zhǎng,待裁定
ci.清.0017.pinyin.json#46,1,27,长,2,平,3,仄,ci.清.0017.pinyin.json 第2阕第28字 语料拼音 zhǎng,待裁定
ci.清.0017.pinyin.json#52,1,16,别,4,仄,2,平,ci.清.0017.pinyin.json 第2阕第17字 语料拼音 bié,待裁定
ci.清.0017.pinyin.json#56,1,0,别,4,仄,2,平,ci.清.0017.pinyin.json 第2阕第1字 语料拼音 bié,待裁定
ci.清.0017.pinyin.json#59,1,5,绝,4,仄,2,平,ci.清.0017.pinyin.json 第2阕第6字 语料拼音 jué,待裁定
ci.清.0017.pinyin.json#60,0,16,长,2,平,3,仄,ci.清.0017.pinyin.json 第1阕第17字 语料拼音 zhǎng,待裁定
ci.清.0017.pinyin.json#62,0,0,别,4,仄,2,平,ci.清.0017.pinyin.json 第1阕第1字 语料拼音 bié,待裁定
ci.清.0017.pinyin.json#63,0,8,长,2,平,3,仄,ci.清.0017.pinyin.json 第1阕第9字 语料拼音 zhǎng,待裁定
ci.清.0017.pinyin.json#64,1,0,别,4,仄,2,平,ci.清.0017.pinyin.json 第2阕第1字 语料拼音 bié,待裁定
ci.清.0017.pinyin.json#69,0,5,别,4,仄,2,平,ci.清.0017.pinyin.json 第1阕第6字 语料拼音 bié,待裁定
ci.清.0017.pinyin.json#69,0,7,别,4,仄,2,平,ci.清.0017.pinyin.json 第1阕第8字 语料拼音 bié,待裁定
ci.清.0017.pinyin.json#70,0,17,长,2,平,3,仄,ci.清.0017.pinyin.json 第1阕第18字 语料拼音 zhǎng,待裁定
ci.清.0017.pinyin.json#70,1,10,别,4,仄,2,平,ci.清.0017.pinyin.json 第2阕第11字 语料拼音 bié,待裁定
ci.清.0017.pinyin.json#82,0,11,长,2,平,3,仄,ci.清.0017.pinyin.json 第1阕第12字 语料拼音 zhǎng,待裁定
ci.清.0017.pinyin.json#85,1,4,绝,4,仄,2,平,ci.清.0017.pinyin.json 第2阕第5字 语料拼音 jué,待裁定
ci.清.0017.pinyin.json#86,0,6,长,2,平,3,仄,ci.清.0017.pinyin.json 第1阕第7字 语料拼音 zhǎng,待裁定
ci.清.0017.pinyin.json#89,1,7,长,2,平,3,仄,ci.清.0017.pinyin.json 第2阕第8字 语料拼音 zhǎng,待裁定
ci.清.0017.pinyin.json#91,1,0,甚,4,仄,2,平,ci.清.0017.pinyin.json 第2阕第1字 语料拼音 shén,待裁定
ci.清.0017.pinyin.json#96,0,18,别,4,仄,2,平,ci.清.0017.pinyin.json 第1阕第19字 语料拼音 bié,待裁定
ci.清.0017.pinyin.json#100,1,38,别,4,仄,2,平,ci.清.0017.pinyin.json 第2阕第39字 语料拼音 bié,待裁定
ci.清.0017.pinyin.json#103,1,38,绝,4,仄,2,平,ci.清.0017.pinyin.json 第2阕第39字 语料拼音 jué,待裁定
ci.清.0017.pinyin.json#108,0,37,甚,4,仄,2,平,ci.清.0017.pinyin.json 第1阕第38字 语料拼音 shén,待裁定
ci.清.0017.pinyin.json#108,1,45,别,4,仄,2,平,ci.清.0017.pinyin.json 第2阕第46字 语料拼音 bié,待裁定
ci.清.0017.pinyin.json#109,0,4,绝,4,仄,2,平,ci.清.0017.pinyin.json 第1阕第5字 语料拼音 jué,待裁定
ci.清.0017.pinyin.json#109,0,23,别,4,仄,2,平,ci.清.0017.pinyin.json 第1阕第24字 语料拼音 bié,待裁定
ci.清.0017.pinyin.json#110,0,15,长,2,平,3,仄,ci.清.0017.pinyin.json 第1阕第16字 语料拼音 zhǎng,待裁定
ci.清.0017.pinyin.json#112,0,24,长,2,平,3,仄,ci.清.0017.pinyin.json 第1阕第25字 语料拼音 zhǎng,待裁定
ci.清.0017.pinyin.json#113,0,12,绝,4,仄,2,平,ci.清.0017.pinyin.json 第1阕第13字 语料拼音 jué,待裁定
ci.清.0017.pinyin.json#113,1,14,别,4,仄,2,平,ci.清.0017.pinyin.json 第2阕第15字 语料拼音 bié,待裁定
ci.清.0017.pinyin.json#114,1,3,别,4,仄,2,平,ci.清.0017.pinyin.json 第2阕第4字 语料拼音 bié,待裁定
ci.清.0017.pinyin.json#115,1,14,长,2,平,3,仄,ci.清.0017.pinyin.json 第2阕第15字 语料拼音 zhǎng,待裁定
ci.清.0017.pinyin.json#116,1,45,长,2,平,3,仄,ci.清.0017.pinyin.json 第2阕第46字 语料拼音 zhǎng,待裁定
ci.清.0017.pinyin.json#118,1,27,长,2,平,3,仄,ci.清.0017.pinyin.json 第2阕第28字 语料拼音 zhǎng,待裁定
ci.清.0017.pinyin.json#123,1,34,别,4,仄,2,平,ci.清.0017.pinyin.json 第2阕第35字 语料拼音 bié,待裁定
ci.清.0017.pinyin.json#124,0,11,长,2,平,3,仄,ci.清.0017.pinyin.json 第1阕第12字 语料拼音 zhǎng,待裁定
ci.清.0017.pinyin.json#127,0,55,长,2,平,3,仄,ci.清.0017.pinyin.json 第1阕第56字 语料拼音 zhǎng,待裁定
ci.清.0017.pinyin.json#132,0,21,绝,4,仄,2,平,ci.清.0017.pinyin.json 第1阕第22字 语料拼音 jué,待裁定
ci.清.0017.pinyin.json#132,1,8,别,4,仄,2,平,ci.清.0017.pinyin.json 第2阕第9字 语料拼音 bié,待裁定
ci.清.0017.pinyin.json#133,0,14,别,4,仄,2,平,ci.清.0017.pinyin.json 第1阕第15字 语料拼音 bié,待裁定
ci.清.0017.pinyin.json#135,0,5,长,2,平,3,仄,ci.清.0017.pinyin.json 第1阕第6字 语料拼音 zhǎng,待裁定
ci.清.0017.pinyin.json#137,1,31,长,2,平,3,仄,ci.清.0017.pinyin.json 第2阕第32字 语料拼音 zhǎng,待裁定
ci.清.0017.pinyin.json#139,1,41,别,4,仄,2,平,ci.清.0017.pinyin.json 第2阕第42字 语料拼音 bié,待裁定
ci.清.0017.pinyin.json#140,0,46,绝,4,仄,2,平,ci.清.0017.pinyin.json 第1阕第47字 语料拼音 jué,待裁定
ci.清.0017.pinyin.json#143,0,6,别,4,仄,2,平,ci.清.0017.pinyin.json 第1阕第7字 语料拼音 bié,待裁定
ci.清.0017.pinyin.json#143,0,10,甚,4,仄,2,平,ci.清.0017.pinyin.json 第1阕第11字 语料拼音 shén,待裁定
ci.清.0017.pinyin.json#145,1,26,甚,4,仄,2,平,ci.清.0017.pinyin.json 第2阕第27字 语料拼音 shén,待裁定
ci.清.0017.pinyin.json#146,1,25,绝,4,仄,2,平,ci.清.0017.pinyin.json 第2阕第26字 语料拼音 jué,待裁定
ci.清.0017.pinyin.json#148,0,29,别,4,仄,2,平,ci.清.0017.pinyin.json 第1阕第30字 语料拼音 bié,待裁定
ci.清.0017.pinyin.json#149,1,34,长,2,平,3,仄,ci.清.0017.pinyin.json 第2阕第35字 语料拼音 zhǎng,待裁定
ci.清.0017.pinyin.json#151,0,8,长,2,平,3,仄,ci.清.0017.pinyin.json 第1阕第9字 语料拼音 zhǎng,待裁定
ci.清.0017.pinyin.json#151,0,35,甚,4,仄,2,平,ci.清.0017.pinyin.json 第1阕第36字 语料拼音 shén,待裁定
ci.清.0017.pinyin.json#154,1,15,长,2,平,3,仄,ci.清.0017.pinyin.json 第2阕第16字 语料拼音 zhǎng,待裁定
ci.清.0017.pinyin.json#156,0,20,甚,4,仄,2,平,ci.清.0017.pinyin.json 第1阕第21字 语料拼音 shén,待裁定
ci.清.0017.pinyin.json#159,1,33,甚,4,仄,2,平,ci.清.0017.pinyin.json 第2阕第34字 语料拼音 shén,待裁定
ci.清.0017.pinyin.json#160,1,129,长,2,平,3,仄,ci.清.0017.pinyin.json 第2阕第130字 语料拼音 zhǎng,待裁定
ci.清.0017.pinyin.json#161,1,1,长,2,平,3,仄,ci.清.0017.pinyin.json 第2阕第2字 语料拼音 zhǎng,待裁定
ci.清.0017.pinyin.json#164,0,25,长,2,平,3,仄,ci.清.0017.pinyin.json 第1阕第26字 语料拼音 zhǎng,待裁定
ci.清.0017.pinyin.json#165,0,7,长,2,平,3,仄,ci.清.0017.pinyin.json 第1阕第8字 语料拼音 zhǎng,待裁定
ci.清.0017.pinyin.json#165,1,24,绝,4,仄,2,平,ci.清.0017.pinyin.json 第2阕第25字 语料拼音 jué,待裁定
ci.清.0017.pinyin.json#166,0,54,甚,4,仄,2,平,ci.清.0017.pinyin.json 第1阕第55字 语料拼音 shén,待裁定
ci.清.0017.pinyin.json#167,1,8,甚,4,仄,2,平,ci.清.0017.pinyin.json 第2阕第9字 语料拼音 shén,待裁定
ci.清.0017.pinyin.json#173,1,9,别,4,仄,2,平,ci.清.0017.pinyin.json 第2阕第10字 语料拼音 bié,待裁定
ci.清.0017.pinyin.json#174,1,9,别,4,仄,2,平,ci.清.0017.pinyin.json 第2阕第10字 语料拼音 bié,待裁定
ci.清.0017.pinyin.json#175,0,31,甚,4,仄,2,平,ci.清.0017.pinyin.json 第1阕第32字 语料拼音 shén,待裁定
ci.清.0017.pinyin.json#175,0,35,长,2,平,3,仄,ci.清.0017.pinyin.json 第1阕第36字 语料拼音 zhǎng,待裁定
ci.清.0017.pinyin.json#177,1,25,长,2,平,3,仄,ci.清.0017.pinyin.json 第2阕第26字 语料拼音 zhǎng,待裁定
ci.清.0017.pinyin.json#177,1,46,长,2,平,3,仄,ci.清.0017.pinyin.json 第2阕第47字 语料拼音 zhǎng,待裁定
ci.清.0017.pinyin.json#177,1,49,甚,4,仄,2,平,ci.清.0017.pinyin.json 第2阕第50字 语料拼音 shén,待裁定
ci.清.0017.pinyin.json#178,1,16,别,4,仄,2,平,ci.清.0017.pinyin.json 第2阕第17字 语料拼音 bié,待裁定
ci.清.0017.pinyin.json#178,1,38,绝,4,仄,2,平,ci.清.0017.pinyin.json 第2阕第39字 语料拼音 jué,待裁定
ci.清.0017.pinyin.json#183,0,39,长,2,平,3,仄,ci.清.0017.pinyin.json 第1阕第40字 语料拼音 zhǎng,待裁定
ci.清.0017.pinyin.json#190,1,22,甚,4,仄,2,平,ci.清.0017.pinyin.json 第2阕第23字 语料拼音 shén,待裁定
ci.清.0017.pinyin.json#192,1,0,甚,4,仄,2,平,ci.清.0017.pinyin.json 第2阕第1字 语料拼音 shén,待裁定
ci.清.0017.pinyin.json#198,1,5,别,4,仄,2,平,ci.清.0017.pinyin.json 第2阕第6字 语料拼音 bié,待裁定
ci.清.0017.pinyin.json#201,1,21,长,2,平,3,仄,ci.清.0017.pinyin.json 第2阕第22字 语料拼音 zhǎng,待裁定
ci.清.0017.pinyin.json#204,1,4,甚,4,仄,2,平,ci.清.0017.pinyin.json 第2阕第5字 语料拼音 shén,待裁定
ci.清.0017.pinyin.json#209,0,17,别,4,仄,2,平,ci.清.0017.pinyin.json 第1阕第18字 语料拼音 bié,待裁定
ci.清.0017.pinyin.json#209,1,2,长,2,平,3,仄,ci.清.0017.pinyin.json 第2阕第3字 语料拼音 zhǎng,待裁定
ci.清.0017.pinyin.json#213,1,12,绝,4,仄,2,平,ci.清.0017.pinyin.json 第2阕第13字 语料拼音 jué,待裁定
ci.清.0017.pinyin.json#214,0,5,别,4,仄,2,平,ci.清.0017.pinyin.json 第1阕第6字 语料拼音 bié,待裁定
ci.清.0017.pinyin.json#215,2,9,绝,4,仄,2,平,ci.清.0017.pinyin.json 第3阕第10字 语料拼音 jué,待裁定
ci.清.0017.pinyin.json#215,2,24,绝,4,仄,2,平,ci.清.0017.pinyin.json 第3阕第25字 语料拼音 jué,待裁定
ci.清.0017.pinyin.json#217,0,16,绝,4,仄,2,平,ci.清.0017.pinyin.json 第1阕第17字 语料拼音 jué,待裁定
ci.清.0017.pinyin.json#217,1,0,别,4,仄,2,平,ci.清.0017.pinyin.json 第2阕第1字 语料拼音 bié,待裁定
ci.清.0017.pinyin.json#217,1,21,长,2,平,3,仄,ci.清.0017.pinyin.json 第2阕第22字 语料拼音 zhǎng,待裁定
ci.清.0017.pinyin.json#238,0,13,长,2,平,3,仄,ci.清.0017.pinyin.json 第1阕第14字 语料拼音 zhǎng,待裁定
ci.清.0017.pinyin.json#258,1,2,长,2,平,3,仄,ci.清.0017.pinyin.json 第2阕第3字 语料拼音 zhǎng,待裁定
ci.清.0017.pinyin.json#259,1,15,绝,4,仄,2,平,ci.清.0017.pinyin.json 第2阕第16字 语料拼音 jué,待裁定
ci.清.0017.pinyin.json#261,0,11,长,2,平,3,仄,ci.清.0017.pinyin.json 第1阕第12字 语料拼音 zhǎng,待裁定
ci.清.0017.pinyin.json#261,1,21,长,2,平,3,仄,ci.清.0017.pinyin.json 第2阕第22字 语料拼音 zhǎng,待裁定
ci.清.0017.pinyin.json#262,1,35,别,4,仄,2,平,ci.清.0017.pinyin.json 第2阕第36字 语料拼音 bié,待裁定
ci.清.0017.pinyin.json#266,2,14,绝,4,仄,2,平,ci.清.0017.pinyin.json 第3阕第15字 语料拼音 jué,待裁定
ci.清.0017.pinyin.json#269,3,13,别,4,仄,2,平,ci.清.0017.pinyin.json 第4阕第14字 语料拼音 bié,待裁定
ci.清.0017.pinyin.json#275,1,1,绝,4,仄,2,平,ci.清.0017.pinyin.json 第2阕第2字 语料拼音 jué,待裁定
ci.清.0017.pinyin.json#275,2,24,甚,4,仄,2,平,ci.清.0017.pinyin.json 第3阕第25字 语料拼音 shén,待裁定
ci.清.0017.pinyin.json#292,0,13,长,2,平,3,仄,ci.清.0017.pinyin.json 第1阕第14字 语料拼音 zhǎng,待裁定
ci.清.0017.pinyin.json#292,0,23,长,2,平,3,仄,ci.清.0017.pinyin.json 第1阕第24字 语料拼音 zhǎng,待裁定
ci.清.0017.pinyin.json#321,0,6,长,2,平,3,仄,ci.清.0017.pinyin.json 第1阕第7字 语料拼音 zhǎng,待裁定
ci.清.0017.pinyin.json#322,1,24,绝,4,仄,2,平,ci.清.0017.pinyin.json 第2阕第25字 语料拼音 jué,待裁定
ci.清.0017.pinyin.json#323,0,28,别,4,仄,2,平,ci.清.0017.pinyin.json 第1阕第29字 语料拼音 bié,待裁定
ci.清.0017.pinyin.json#328,0,15,长,2,平,3,仄,ci.清.0017.pinyin.json 第1阕第16字 语料拼音 zhǎng,待裁定
ci.清.0017.pinyin.json#338,1,8,长,2,平,3,仄,ci.清.0017.pinyin.json 第2阕第9字 语料拼音 zhǎng,待裁定
ci.清.0017.pinyin.json#343,0,1,别,4,仄,2,平,ci.清.0017.pinyin.json 第1阕第2字 语料拼音 bié,待裁定
ci.清.0017.pinyin.json#353,0,19,甚,4,仄,2,平,ci.清.0017.pinyin.json 第1阕第20字 语料拼音 shén,待裁定
ci.清.0017.pinyin.json#355,1,24,别,4,仄,2,平,ci.清.0017.pinyin.json 第2阕第25字 语料拼音 bié,待裁定
ci.清.0017.pinyin.json#358,1,9,长,2,平,3,仄,ci.清.0017.pinyin.json 第2阕第10字 语料拼音 zhǎng,待裁定
ci.清.0017.pinyin.json#369,1,5,别,4,仄,2,平,ci.清.0017.pinyin.json 第2阕第6字 语料拼音 bié,待裁定
ci.清.0017.pinyin.json#371,0,15,绝,4,仄,2,平,ci.清.0017.pinyin.json 第1阕第16字 语料拼音 jué,待裁定
ci.清.0017.pinyin.json#372,1,22,别,4,仄,2,平,ci.清.0017.pinyin.json 第2阕第23字 语料拼音 bié,待裁定
ci.清.0017.pinyin.json#375,1,13,长,2,平,3,仄,ci.清.0017.pinyin.json 第2阕第14字 语料拼音 zhǎng,待裁定
ci.清.0017.pinyin.json#378,1,7,长,2,平,3,仄,ci.清.0017.pinyin.json 第2阕第8字 语料拼音 zhǎng,待裁定
ci.清.0017.pinyin.json#379,0,12,绝,4,仄,2,平,ci.清.0017.pinyin.json 第1阕第13字 语料拼音 jué,待裁定
ci.清.0017.pinyin.json#379,0,25,别,4,仄,2,平,ci.清.0017.pinyin.json 第1阕第26字 语料拼音 bié,待裁定
ci.清.0017.pinyin.json#379,1,15,长,2,平,3,仄,ci.清.0017.pinyin.json 第2阕第16字 语料拼音 zhǎng,待裁定
ci.清.0017.pinyin.json#382,1,26,别,4,仄,2,平,ci.清.0017.pinyin.json 第2阕第27字 语料拼音 bié,待裁定
ci.清.0017.pinyin.json#384,0,26,长,2,平,3,仄,ci.清.0017.pinyin.json 第1阕第27字 语料拼音 zhǎng,待裁定
ci.清.0017.pinyin.json#384,1,16,别,4,仄,2,平,ci.清.0017.pinyin.json 第2阕第17字 语料拼音 bié,待裁定
ci.清.0017.pinyin.json#386,1,0,别,4,仄,2,平,ci.清.0017.pinyin.json 第2阕第1字 语料拼音 bié,待裁定
ci.清.0017.pinyin.json#388,0,10,别,4,仄,2,平,ci.清.0017.pinyin.json 第1阕第11字 语料拼音 bié,待裁定
ci.清.0017.pinyin.json#388,0,31,长,2,平,3,仄,ci.清.0017.pinyin.json 第1阕第32字 语料拼音 zhǎng,待裁定
ci.清.0017.pinyin.json#388,1,11,绝,4,仄,2,平,ci.清.0017.pinyin.json 第2阕第12字 语料拼音 jué,待裁定
ci.清.0017.pinyin.json#390,0,17,长,2,平,3,仄,ci.清.0017.pinyin.json 第1阕第18字 语料拼音 zhǎng,待裁定
ci.清.0017.pinyin.json#390,1,1,别,4,仄,2,平,ci.清.0017.pinyin.json 第2阕第2字 语料拼音 bié,待裁定
ci.清.0017.pinyin.json#393,1,45,别,4,仄,2,平,ci.清.0017.pinyin.json 第2阕第46字 语料拼音 bié,待裁定
ci.清.0017.pinyin.json#394,1,6,长,2,平,3,仄,ci.清.0017.pinyin.json 第2阕第7字 语料拼音 zhǎng,待裁定
ci.清.0017.pinyin.json#396,1,30,长,2,平,3,仄,ci.清.0017.pinyin.json 第2阕第31字 语料拼音 zhǎng,待裁定
ci.清.0017.pinyin.json#397,1,22,别,4,仄,2,平,ci.清.0017.pinyin.json 第2阕第23字 语料拼音 bié,待裁定
ci.清.0017.pinyin.json#397,1,47,长,2,平,3,仄,ci.清.0017.pinyin.json 第2阕第48字 语料拼音 zhǎng,待裁定
ci.清.0017.pinyin.json#398,0,25,别,4,仄,2,平,ci.清.0017.pinyin.json 第1阕第26字 语料拼音 bié,待裁定
ci.清.0017.pinyin.json#398,0,38,绝,4,仄,2,平,ci.清.0017.pinyin.json 第1阕第39字 语料拼音 jué,待裁定
ci.清.0017.pinyin.json#398,1,13,别,4,仄,2,平,ci.清.0017.pinyin.json 第2阕第14字 语料拼音 bié,待裁定
ci.清.0017.pinyin.json#399,0,11,别,4,仄,2,平,ci.清.0017.pinyin.json 第1阕第12字 语料拼音 bié,待裁定
ci.清.0017.pinyin.json#402,0,26,别,4,仄,2,平,ci.清.0017.pinyin.json 第1阕第27字 语料拼音 bié,待裁定
ci.清.0017.pinyin.json#403,0,23,长,2,平,3,仄,ci.清.0017.pinyin.json 第1阕第24字 语料拼音 zhǎng,待裁定
ci.清.0017.pinyin.json#404,0,46,别,4,仄,2,平,ci.清.0017.pinyin.json 第1阕第47字 语料拼音 bié,待裁定
ci.清.0017.pinyin.json#404,1,45,长,2,平,3,仄,ci.清.0017.pinyin.json 第2阕第46字 语料拼音 zhǎng,待裁定
ci.清.0017.pinyin.json#409,0,2,别,4,仄,2,平,ci.清.0017.pinyin.json 第1阕第3字 语料拼音 bié,待裁定
ci.清.0017.pinyin.json#409,0,4,长,2,平,3,仄,ci.清.0017.pinyin.json 第1阕第5字 语料拼音 zhǎng,待裁定
ci.清.0017.pinyin.json#412,0,13,长,2,平,3,仄,ci.清.0017.pinyin.json 第1阕第14字 语料拼音 zhǎng,待裁定
ci.清.0017.pinyin.json#419,0,25,别,4,仄,2,平,ci.清.0017.pinyin.json 第1阕第26字 语料拼音 bié,待裁定
ci.清.0017.pinyin.json#423,0,10,别,4,仄,2,平,ci.清.0017.pinyin.json 第1阕第11字 语料拼音 bié,待裁定
ci.清.0017.pinyin.json#423,1,14,长,2,平,3,仄,ci.清.0017.pinyin.json 第2阕第15字 语料拼音 zhǎng,待裁定
ci.清.0017.pinyin.json#426,1,15,别,4,仄,2,平,ci.清.0017.pinyin.json 第2阕第16字 语料拼音 bié,待裁定
ci.清.0017.pinyin.json#429,1,19,长,2,平,3,仄,ci.清.0017.pinyin.json 第2阕第20字 语料拼音 zhǎng,待裁定
ci.清.0017.pinyin.json#434,1,0,长,2,平,3,仄,ci.清.0017.pinyin.json 第2阕第1字 语料拼音 zhǎng,待裁定
ci.清.0017.pinyin.json#434,1,2,长,2,平,3,仄,ci.清.0017.pinyin.json 第2阕第3字 语料拼音 zhǎng,待裁定
ci.清.0017.pinyin.json#437,0,4,绝,4,仄,2,平,ci.清.0017.pinyin.json 第1阕第5字 语料拼音 jué,待裁定
ci.清.0017.pinyin.json#437,1,5,甚,4,仄,2,平,ci.清.0017.pinyin.json 第2阕第6字 语料拼音 shén,待裁定
ci.清.0017.pinyin.json#450,0,22,长,2,平,3,仄,ci.清.0017.pinyin.json 第1阕第23字 语料拼音 zhǎng,待裁定
ci.清.0017.pinyin.json#451,0,17,长,2,平,3,仄,ci.清.0017.pinyin.json 第1阕第18字 语料拼音 zhǎng,待裁定
ci.清.0017.pinyin.json#454,0,4,长,2,平,3,仄,ci.清.0017.pinyin.json 第1阕第5字 语料拼音 zhǎng,待裁定
ci.清.0017.pinyin.json#454,1,13,绝,4,仄,2,平,ci.清.0017.pinyin.json 第2阕第14字 语料拼音 jué,待裁定
ci.清.0017.pinyin.json#456,1,12,长,2,平,3,仄,ci.清.0017.pinyin.json 第2阕第13字 语料拼音 zhǎng,待裁定
ci.清.0017.pinyin.json#458,1,29,长,2,平,3,仄,ci.清.0017.pinyin.json 第2阕第30字 语料拼音 zhǎng,待裁定
ci.清.0017.pinyin.json#459,1,19,甚,4,仄,2,平,ci.清.0017.pinyin.json 第2阕第20字 语料拼音 shén,待裁定
ci.清.0017.pinyin.json#463,0,47,长,2,平,3,仄,ci.清.0017.pinyin.json 第1阕第48字 语料拼音 zhǎng,待裁定
ci.清.0017.pinyin.json#469,1,7,长,2,平,3,仄,ci.清.0017.pinyin.json 第2阕第8字 语料拼音 zhǎng,待裁定
ci.清.0017.pinyin.json#472,1,26,甚,4,仄,2,平,ci.清.0017.pinyin.json 第2阕第27字 语料拼音 shén,待裁定
ci.清.0017.pinyin.json#474,1,17,甚,4,仄,2,平,ci.清.0017.pinyin.json 第2阕第18字 语料拼音 shén,待裁定
ci.清.0017.pinyin.json#489,0,28,甚,4,仄,2,平,ci.清.0017.pinyin.json 第1阕第29字 语料拼音 shén,待裁定
ci.清.0017.pinyin.json#489,0,38,长,2,平,3,仄,ci.清.0017.pinyin.json 第1阕第39字 语料拼音 zhǎng,待裁定
ci.清.0017.pinyin.json#491,1,21,长,2,平,3,仄,ci.清.0017.pinyin.json 第2阕第22字 语料拼音 zhǎng,待裁定
ci.清.0017.pinyin.json#493,0,47,长,2,平,3,仄,ci.清.0017.pinyin.json 第1阕第48字 语料拼音 zhǎng,待裁定
ci.清.0017.pinyin.json#495,0,17,长,2,平,3,仄,ci.清.0017.pinyin.json 第1阕第18字 语料拼音 zhǎng,待裁定
ci.清.0017.pinyin.json#495,0,34,长,2,平,3,仄,ci.清.0017.pinyin.json 第1阕第35字 语料拼音 zhǎng,待裁定
ci.清.0017.pinyin.json#495,0,45,长,2,平,3,仄,ci.清.0017.pinyin.json 第1阕第46字 语料拼音 zhǎng,待裁定
ci.清.0017.pinyin.json#498,1,4,长,2,平,3,仄,ci.清.0017.pinyin.json 第2阕第5字 语料拼音 zhǎng,待裁定
ci.清.0017.pinyin.json#499,0,18,绝,4,仄,2,平,ci.清.0017.pinyin.json 第1阕第19字 语料拼音 jué,待裁定
ci.清.0017.pinyin.json#499,1,38,长,2,平,3,仄,ci.清.0017.pinyin.json 第2阕第39字 语料拼音 zhǎng,待裁定
ci.清.0017.pinyin.json#501,1,17,长,2,平,3,仄,ci.清.0017.pinyin.json 第2阕第18字 语料拼音 zhǎng,待裁定
ci.清.0017.pinyin.json#506,0,1,甚,4,仄,2,平,ci.清.0017.pinyin.json 第1阕第2字 语料拼音 shén,待裁定
ci.清.0017.pinyin.json#510,0,19,长,2,平,3,仄,ci.清.0017.pinyin.json 第1阕第20字 语料拼音 zhǎng,待裁定
ci.清.0017.pinyin.json#519,0,52,别,4,仄,2,平,ci.清.0017.pinyin.json 第1阕第53字 语料拼音 bié,待裁定
ci.清.0017.pinyin.json#522,0,20,长,2,平,3,仄,ci.清.0017.pinyin.json 第1阕第21字 语料拼音 zhǎng,待裁定
ci.清.0017.pinyin.json#525,1,10,长,2,平,3,仄,ci.清.0017.pinyin.json 第2阕第11字 语料拼音 zhǎng,待裁定
ci.清.0017.pinyin.json#526,1,32,长,2,平,3,仄,ci.清.0017.pinyin.json 第2阕第33字 语料拼音 zhǎng,待裁定
ci.清.0017.pinyin.json#530,0,12,甚,4,仄,2,平,ci.清.0017.pinyin.json 第1阕第13字 语料拼音 shén,待裁定
ci.清.0017.pinyin.json#533,0,4,别,4,仄,2,平,ci.清.0017.pinyin.json 第1阕第5字 语料拼音 bié,待裁定
ci.清.0017.pinyin.json#543,0,15,长,2,平,3,仄,ci.清.0017.pinyin.json 第1阕第16字 语料拼音 zhǎng,待裁定
ci.清.0017.pinyin.json#557,0,4,甚,4,仄,2,平,ci.清.0017.pinyin.json 第1阕第5字 语料拼音 shén,待裁定
ci.清.0017.pinyin.json#561,1,19,长,2,平,3,仄,ci.清.0017.pinyin.json 第2阕第20字 语料拼音 zhǎng,待裁定
ci.清.0017.pinyin.json#570,0,49,长,2,平,3,仄,ci.清.0017.pinyin.json 第1阕第50字 语料拼音 zhǎng,待裁定
ci.清.0017.pinyin.json#570,1,5,长,2,平,3,仄,ci.清.0017.pinyin.json 第2阕第6字 语料拼音 zhǎng,待裁定
ci.清.0017.pinyin.json#571,1,42,别,4,仄,2,平,ci.清.0017.pinyin.json 第2阕第43字 语料拼音 bié,待裁定
ci.清.0017.pinyin.json#574,0,9,甚,4,仄,2,平,ci.清.0017.pinyin.json 第1阕第10字 语料拼音 shén,待裁定
ci.清.0017.pinyin.json#578,0,28,甚,4,仄,2,平,ci.清.0017.pinyin.json 第1阕第29字 语料拼音 shén,待裁定
ci.清.0017.pinyin.json#579,1,44,甚,4,仄,2,平,ci.清.0017.pinyin.json 第2阕第45字 语料拼音 shén,待裁定
ci.清.0017.pinyin.json#582,0,32,长,2,平,3,仄,ci.清.0017.pinyin.json 第1阕第33字 语料拼音 zhǎng,待裁定
ci.清.0017.pinyin.json#582,1,48,长,2,平,3,仄,ci.清.0017.pinyin.json 第2阕第49字 语料拼音 zhǎng,待裁定
ci.清.0017.pinyin.json#583,0,32,长,2,平,3,仄,ci.清.0017.pinyin.json 第1阕第33字 语料拼音 zhǎng,待裁定
ci.清.0017.pinyin.json#584,1,22,长,2,平,3,仄,ci.清.0017.pinyin.json 第2阕第23字 语料拼音 zhǎng,待裁定
ci.清.0017.pinyin.json#586,1,19,长,2,平,3,仄,ci.清.0017.pinyin.json 第2阕第20字 语料拼音 zhǎng,待裁定
ci.清.0017.pinyin.json#593,0,10,长,2,平,3,仄,ci.清.0017.pinyin.json 第1阕第11字 语料拼音 zhǎng,待裁定
ci.清.0017.pinyin.json#603,0,23,甚,4,仄,2,平,ci.清.0017.pinyin.json 第1阕第24字 语料拼音 shén,待裁定
ci.清.0017.pinyin.json#615,0,5,甚,4,仄,2,平,ci.清.0017.pinyin.json 第1阕第6字 语料拼音 shén,待裁定
ci.清.0017.pinyin.json#616,0,15,别,4,仄,2,平,ci.清.0017.pinyin.json 第1阕第16字 语料拼音 bié,待裁定
ci.清.0017.pinyin.json#618,1,28,长,2,平,3,仄,ci.清.0017.pinyin.json 第2阕第29字 语料拼音 zhǎng,待裁定
ci.清.0017.pinyin.json#620,0,8,甚,4,仄,2,平,ci.清.0017.pinyin.json 第1阕第9字 语料拼音 shén,待裁定
ci.清.0017.pinyin.json#638,1,0,甚,4,仄,2,平,ci.清.0017.pinyin.json 第2阕第1字 语料拼音 shén,待裁定
ci.清.0017.pinyin.json#639,0,23,别,4,仄,2,平,ci.清.0017.pinyin.json 第1阕第24字 语料拼音 bié,待裁定
ci.清.0017.pinyin.json#650,1,19,甚,4,仄,2,平,ci.清.0017.pinyin.json 第2阕第20字 语料拼音 shén,待裁定
ci.清.0017.pinyin.json#654,0,11,长,2,平,3,仄,ci.清.0017.pinyin.json 第1阕第12字 语料拼音 zhǎng,待裁定
ci.清.0017.pinyin.json#663,1,8,绝,4,仄,2,平,ci.清.0017.pinyin.json 第2阕第9字 语料拼音 jué,待裁定
ci.清.0017.pinyin.json#668,0,16,别,4,仄,2,平,ci.清.0017.pinyin.json 第1阕第17字 语料拼音 bié,待裁定
ci.清.0017.pinyin.json#668,0,21,长,2,平,3,仄,ci.清.0017.pinyin.json 第1阕第22字 语料拼音 zhǎng,待裁定
ci.清.0017.pinyin.json#672,0,9,绝,4,仄,2,平,ci.清.0017.pinyin.json 第1阕第10字 语料拼音 jué,待裁定
ci.清.0017.pinyin.json#680,0,15,长,2,平,3,仄,ci.清.0017.pinyin.json 第1阕第16字 语料拼音 zhǎng,待裁定
ci.清.0017.pinyin.json#681,0,11,长,2,平,3,仄,ci.清.0017.pinyin.json 第1阕第12字 语料拼音 zhǎng,待裁定
ci.清.0017.pinyin.json#684,0,29,长,2,平,3,仄,ci.清.0017.pinyin.json 第1阕第30字 语料拼音 zhǎng,待裁定
ci.清.0017.pinyin.json#693,0,14,长,2,平,3,仄,ci.清.0017.pinyin.json 第1阕第15字 语料拼音 zhǎng,待裁定
ci.清.0017.pinyin.json#696,1,24,绝,4,仄,2,平,ci.清.0017.pinyin.json 第2阕第25字 语料拼音 jué,待裁定
ci.清.0017.pinyin.json#710,1,26,长,2,平,3,仄,ci.清.0017.pinyin.json 第2阕第27字 语料拼音 zhǎng,待裁定
ci.清.0017.pinyin.json#714,0,22,别,4,仄,2,平,ci.清.0017.pinyin.json 第1阕第23字 语料拼音 bié,待裁定
ci.清.0017.pinyin.json#720,0,21,长,2,平,3,仄,ci.清.0017.pinyin.json 第1阕第22字 语料拼音 zhǎng,待裁定
ci.清.0017.pinyin.json#720,1,5,长,2,平,3,仄,ci.清.0017.pinyin.json 第2阕第6字 语料拼音 zhǎng,待裁定
ci.清.0017.pinyin.json#726,1,23,长,2,平,3,仄,ci.清.0017.pinyin.json 第2阕第24字 语料拼音 zhǎng,待裁定
ci.清.0017.pinyin.json#726,1,26,长,2,平,3,仄,ci.清.0017.pinyin.json 第2阕第27字 语料拼音 zhǎng,待裁定
ci.清.0017.pinyin.json#728,0,20,甚,4,仄,2,平,ci.清.0017.pinyin.json 第1阕第21字 语料拼音 shén,待裁定
ci.清.0017.pinyin.json#729,0,15,甚,4,仄,2,平,ci.清.0017.pinyin.json 第1阕第16字 语料拼音 shén,待裁定
ci.清.0017.pinyin.json#736,0,9,长,2,平,3,仄,ci.清.0017.pinyin.json 第1阕第10字 语料拼音 zhǎng,待裁定
ci.清.0017.pinyin.json#740,1,35,长,2,平,3,仄,ci.清.0017.pinyin.json 第2阕第36字 语料拼音 zhǎng,待裁定
ci.清.0017.pinyin.json#744,0,5,长,2,平,3,仄,ci.清.0017.pinyin.json 第1阕第6字 语料拼音 zhǎng,待裁定
ci.清.0017.pinyin.json#749,1,22,甚,4,仄,2,平,ci.清.0017.pinyin.json 第2阕第23字 语料拼音 shén,待裁定
ci.清.0017.pinyin.json#752,1,8,绝,4,仄,2,平,ci.清.0017.pinyin.json 第2阕第9字 语料拼音 jué,待裁定
ci.清.0017.pinyin.json#753,1,27,长,2,平,3,仄,ci.清.0017.pinyin.json 第2阕第28字 语料拼音 zhǎng,待裁定
ci.清.0017.pinyin.json#756,1,46,甚,4,仄,2,平,ci.清.0017.pinyin.json 第2阕第47字 语料拼音 shén,待裁定
ci.清.0017.pinyin.json#757,0,39,长,2,平,3,仄,ci.清.0017.pinyin.json 第1阕第40字 语料拼音 zhǎng,待裁定
ci.清.0017.pinyin.json#758,0,32,甚,4,仄,2,平,ci.清.0017.pinyin.json 第1阕第33字 语料拼音 shén,待裁定
ci.清.0017.pinyin.json#768,1,15,长,2,平,3,仄,ci.清.0017.pinyin.json 第2阕第16字 语料拼音 zhǎng,待裁定
ci.清.0017.pinyin.json#773,0,28,别,4,仄,2,平,ci.清.0017.pinyin.json 第1阕第29字 语料拼音 bié,待裁定
ci.清.0017.pinyin.json#774,1,14,长,2,平,3,仄,ci.清.0017.pinyin.json 第2阕第15字 语料拼音 zhǎng,待裁定
ci.清.0017.pinyin.json#775,0,30,长,2,平,3,仄,ci.清.0017.pinyin.json 第1阕第31字 语料拼音 zhǎng,待裁定
ci.清.0017.pinyin.json#775,0,44,甚,4,仄,2,平,ci.清.0017.pinyin.json 第1阕第45字 语料拼音 shén,待裁定
ci.清.0017.pinyin.json#776,0,44,长,2,平,3,仄,ci.清.0017.pinyin.json 第1阕第45字 语料拼音 zhǎng,待裁定
ci.清.0017.pinyin.json#776,1,48,长,2,平,3,仄,ci.清.0017.pinyin.json 第2阕第49字 语料拼音 zhǎng,待裁定
ci.清.0017.pinyin.json#780,0,19,长,2,平,3,仄,ci.清.0017.pinyin.json 第1阕第20字 语料拼音 zhǎng,待裁定
ci.清.0017.pinyin.json#780,0,21,别,4,仄,2,平,ci.清.0017.pinyin.json 第1阕第22字 语料拼音 bié,待裁定
ci.清.0017.pinyin.json#785,0,38,别,4,仄,2,平,ci.清.0017.pinyin.json 第1阕第39字 语料拼音 bié,待裁定
ci.清.0017.pinyin.json#785,1,21,长,2,平,3,仄,ci.清.0017.pinyin.json 第2阕第22字 语料拼音 zhǎng,待裁定
ci.清.0017.pinyin.json#787,1,15,长,2,平,3,仄,ci.清.0017.pinyin.json 第2阕第16字 语料拼音 zhǎng,待裁定
ci.清.0017.pinyin.json#790,1,20,别,4,仄,2,平,ci.清.0017.pinyin.json 第2阕第21字 语料拼音 bié,待裁定
ci.清.0017.pinyin.json#793,0,16,别,4,仄,2,平,ci.清.0017.pinyin.json 第1阕第17字 语料拼音 bié,待裁定
ci.清.0017.pinyin.json#799,1,19,长,2,平,3,仄,ci.清.0017.pinyin.json 第2阕第20字 语料拼音 zhǎng,待裁定
ci.清.0017.pinyin.json#805,0,20,长,2,平,3,仄,ci.清.0017.pinyin.json 第1阕第21字 语料拼音 zhǎng,待裁定
ci.清.0017.pinyin.json#807,1,40,别,4,仄,2,平,ci.清.0017.pinyin.json 第2阕第41字 语料拼音 bié,待裁定
ci.清.0017.pinyin.json#809,1,0,别,4,仄,2,平,ci.清.0017.pinyin.json 第2阕第1字 语料拼音 bié,待裁定
ci.清.0017.pinyin.json#810,0,2,别,4,仄,2,平,ci.清.0017.pinyin.json 第1阕第3字 语料拼音 bié,待裁定
ci.清.0017.pinyin.json#815,0,23,长,2,平,3,仄,ci.清.0017.pinyin.json 第1阕第24字 语料拼音 zhǎng,待裁定
ci.清.0017.pinyin.json#818,1,19,别,4,仄,2,平,ci.清.0017.pinyin.json 第2阕第20字 语料拼音 bié,待裁定
ci.清.0017.pinyin.json#819,0,28,别,4,仄,2,平,ci.清.0017.pinyin.json 第1阕第29字 语料拼音 bié,待裁定
ci.清.0017.pinyin.json#821,0,21,别,4,仄,2,平,ci.清.0017.pinyin.json 第1阕第22字 语料拼音 bié,待裁定
ci.清.0017.pinyin.json#822,1,18,别,4,仄,2,平,ci.清.0017.pinyin.json 第2阕第19字 语料拼音 bié,待裁定
ci.清.0017.pinyin.json#823,1,29,别,4,仄,2,平,ci.清.0017.pinyin.json 第2阕第30字 语料拼音 bié,待裁定
ci.清.0017.pinyin.json#825,0,3,长,2,平,3,仄,ci.清.0017.pinyin.json 第1阕第4字 语料拼音 zhǎng,待裁定
ci.清.0017.pinyin.json#825,0,18,绝,4,仄,2,平,ci.清.0017.pinyin.json 第1阕第19字 语料拼音 jué,待裁定
ci.清.0017.pinyin.json#825,1,6,别,4,仄,2,平,ci.清.0017.pinyin.json 第2阕第7字 语料拼音 bié,待裁定
ci.清.0017.pinyin.json#826,0,30,别,4,仄,2,平,ci.清.0017.pinyin.json 第1阕第31字 语料拼音 bié,待裁定
ci.清.0017.pinyin.json#831,1,4,别,4,仄,2,平,ci.清.0017.pinyin.json 第2阕第5字 语料拼音 bié,待裁定
ci.清.0017.pinyin.json#833,1,12,别,4,仄,2,平,ci.清.0017.pinyin.json 第2阕第13字 语料拼音 bié,待裁定
ci.清.0017.pinyin.json#834,1,16,长,2,平,3,仄,ci.清.0017.pinyin.json 第2阕第17字 语料拼音 zhǎng,待裁定
ci.清.0017.pinyin.json#834,1,52,别,4,仄,2,平,ci.清.0017.pinyin.json 第2阕第53字 语料拼音 bié,待裁定
ci.清.0017.pinyin.json#836,1,7,别,4,仄,2,平,ci.清.0017.pinyin.json 第2阕第8字 语料拼音 bié,待裁定
ci.清.0017.pinyin.json#840,1,17,别,4,仄,2,平,ci.清.0017.pinyin.json 第2阕第18字 语料拼音 bié,待裁定
ci.清.0017.pinyin.json#840,1,20,长,2,平,3,仄,ci.清.0017.pinyin.json 第2阕第21字 语料拼音 zhǎng,待裁定
ci.清.0017.pinyin.json#842,1,9,长,2,平,3,仄,ci.清.0017.pinyin.json 第2阕第10字 语料拼音 zhǎng,待裁定
ci.清.0017.pinyin.json#845,1,4,别,4,仄,2,平,ci.清.0017.pinyin.json 第2阕第5字 语料拼音 bié,待裁定
ci.清.0017.pinyin.json#846,0,52,绝,4,仄,2,平,ci.清.0017.pinyin.json 第1阕第53字 语料拼音 jué,待裁定
ci.清.0017.pinyin.json#851,0,15,别,4,仄,2,平,ci.清.0017.pinyin.json 第1阕第16字 语料拼音 bié,待裁定
ci.清.0017.pinyin.json#852,1,6,长,2,平,3,仄,ci.清.0017.pinyin.json 第2阕第7字 语料拼音 zhǎng,待裁定
ci.清.0017.pinyin.json#857,0,10,甚,4,仄,2,平,ci.清.0017.pinyin.json 第1阕第11字 语料拼音 shén,待裁定
ci.清.0017.pinyin.json#859,1,45,长,2,平,3,仄,ci.清.0017.pinyin.json 第2阕第46字 语料拼音 zhǎng,待裁定
ci.清.0017.pinyin.json#863,1,15,别,4,仄,2,平,ci.清.0017.pinyin.json 第2阕第16字 语料拼音 bié,待裁定
ci.清.0017.pinyin.json#864,0,42,长,2,平,3,仄,ci.清.0017.pinyin.json 第1阕第43字 语料拼音 zhǎng,待裁定
ci.清.0017.pinyin.json#867,0,27,长,2,平,3,仄,ci.清.0017.pinyin.json 第1阕第28字 语料拼音 zhǎng,待裁定
ci.清.0017.pinyin.json#867,1,32,别,4,仄,2,平,ci.清.0017.pinyin.json 第2阕第33字 语料拼音 bié,待裁定
ci.清.0017.pinyin.json#869,1,37,别,4,仄,2,平,ci.清.0017.pinyin.json 第2阕第38字 语料拼音 bié,待裁定
ci.清.0017.pinyin.json#869,1,47,甚,4,仄,2,平,ci.清.0017.pinyin.json 第2阕第48字 语料拼音 shén,待裁定
ci.清.0017.pinyin.json#871,1,19,别,4,仄,2,平,ci.清.0017.pinyin.json 第2阕第20字 语料拼音 bié,待裁定
ci.清.0017.pinyin.json#878,0,4,长,2,平,3,仄,ci.清.0017.pinyin.json 第1阕第5字 语料拼音 zhǎng,待裁定
ci.清.0017.pinyin.json#895,1,0,长,2,平,3,仄,ci.清.0017.pinyin.json 第2阕第1字 语料拼音 zhǎng,待裁定
ci.清.0017.pinyin.json#896,0,17,别,4,仄,2,平,ci.清.0017.pinyin.json 第1阕第18字 语料拼音 bié,待裁定
ci.清.0017.pinyin.json#900,1,0,长,2,平,3,仄,ci.清.0017.pinyin.json 第2阕第1字 语料拼音 zhǎng,待裁定
ci.清.0017.pinyin.json#904,0,24,长,2,平,3,仄,ci.清.0017.pinyin.json 第1阕第25字 语料拼音 zhǎng,待裁定
ci.清.0017.pinyin.json#905,0,14,长,2,平,3,仄,ci.清.0017.pinyin.json 第1阕第15字 语料拼音 zhǎng,待裁定
ci.清.0017.pinyin.json#916,1,19,长,2,平,3,仄,ci.清.0017.pinyin.json 第2阕第20字 语料拼音 zhǎng,待裁定
ci.清.0017.pinyin.json#921,1,18,别,4,仄,2,平,ci.清.0017.pinyin.json 第2阕第19字 语料拼音 bié,待裁定
ci.清.0017.pinyin.json#922,3,3,绝,4,仄,2,平,ci.清.0017.pinyin.json 第4阕第4字 语料拼音 jué,待裁定
ci.清.0017.pinyin.json#924,1,0,甚,4,仄,2,平,ci.清.0017.pinyin.json 第2阕第1字 语料拼音 shén,待裁定
ci.清.0017.pinyin.json#927,0,28,长,2,平,3,仄,ci.清.0017.pinyin.json 第1阕第29字 语料拼音 zhǎng,待裁定
ci.清.0017.pinyin.json#930,0,20,长,2,平,3,仄,ci.清.0017.pinyin.json 第1阕第21字 语料拼音 zhǎng,待裁定
ci.清.0017.pinyin.json#934,0,2,别,4,仄,2,平,ci.清.0017.pinyin.json 第1阕第3字 语料拼音 bié,待裁定
ci.清.0017.pinyin.json#940,1,1,别,4,仄,2,平,ci.清.0017.pinyin.json 第2阕第2字 语料拼音 bié,待裁定
ci.清.0017.pinyin.json#949,0,5,别,4,仄,2,平,ci.清.0017.pinyin.json 第1阕第6字 语料拼音 bié,待裁定
ci.清.0017.pinyin.json#950,0,9,长,2,平,3,仄,ci.清.0017.pinyin.json 第1阕第10字 语料拼音 zhǎng,待裁定
ci.清.0017.pinyin.json#954,1,9,别,4,仄,2,平,ci.清.0017.pinyin.json 第2阕第10字 语料拼音 bié,待裁定
ci.清.0017.pinyin.json#961,1,14,甚,4,仄,2,平,ci.清.0017.pinyin.json 第2阕第15字 语料拼音 shén,待裁定
ci.清.0017.pinyin.json#970,0,1,绝,4,仄,2,平,ci.清.0017.pinyin.json 第1阕第2字 语料拼音 jué,待裁定
ci.清.0017.pinyin.json#980,1,9,长,2,平,3,仄,ci.清.0017.pinyin.json 第2阕第10字 语料拼音 zhǎng,待裁定
ci.清.0017.pinyin.json#981,1,12,别,4,仄,2,平,ci.清.0017.pinyin.json 第2阕第13字 语料拼音 bié,待裁定
ci.清.0017.pinyin.json#982,1,14,长,2,平,3,仄,ci.清.0017.pinyin.json 第2阕第15字 语料拼音 zhǎng,待裁定
ci.清.0017.pinyin.json#983,0,7,别,4,仄,2,平,ci.清.0017.pinyin.json 第1阕第8字 语料拼音 bié,待裁定
ci.清.0017.pinyin.json#985,1,9,长,2,平,3,仄,ci.清.0017.pinyin.json 第2阕第10字 语料拼音 zhǎng,待裁定
ci.清.0017.pinyin.json#987,0,27,别,4,仄,2,平,ci.清.0017.pinyin.json 第1阕第28字 语料拼音 bié,待裁定
ci.清.0017.pinyin.json#992,0,11,长,2,平,3,仄,ci.清.0017.pinyin.json 第1阕第12字 语料拼音 zhǎng,待裁定
ci.清.0017.pinyin.json#995,1,15,长,2,平,3,仄,ci.清.0017.pinyin.json 第2阕第16字 语料拼音 zhǎng,待裁定
ci.清.0018.pinyin.json#0,0,24,绝,4,仄,2,平,ci.清.0018.pinyin.json 第1阕第25字 语料拼音 jué,待裁定
ci.清.0018.pinyin.json#11,1,27,长,2,平,3,仄,ci.清.0018.pinyin.json 第2阕第28字 语料拼音 zhǎng,待裁定
ci.清.0018.pinyin.json#17,0,14,别,4,仄,2,平,ci.清.0018.pinyin.json 第1阕第15字 语料拼音 bié,待裁定
ci.清.0018.pinyin.json#17,2,18,长,2,平,3,仄,ci.清.0018.pinyin.json 第3阕第19字 语料拼音 zhǎng,待裁定
ci.清.0018.pinyin.json#23,0,31,甚,4,仄,2,平,ci.清.0018.pinyin.json 第1阕第32字 语料拼音 shén,待裁定
ci.清.0018.pinyin.json#23,1,26,长,2,平,3,仄,ci.清.0018.pinyin.json 第2阕第27字 语料拼音 zhǎng,待裁定
ci.清.0018.pinyin.json#27,1,9,甚,4,仄,2,平,ci.清.0018.pinyin.json 第2阕第10字 语料拼音 shén,待裁定
ci.清.0018.pinyin.json#27,1,20,长,2,平,3,仄,ci.清.0018.pinyin.json 第2阕第21字 语料拼音 zhǎng,待裁定
ci.清.0018.pinyin.json#28,1,20,绝,4,仄,2,平,ci.清.0018.pinyin.json 第2阕第21字 语料拼音 jué,待裁定
ci.清.0018.pinyin.json#29,0,21,绝,4,仄,2,平,ci.清.0018.pinyin.json 第1阕第22字 语料拼音 jué,待裁定
ci.清.0018.pinyin.json#29,1,45,别,4,仄,2,平,ci.清.0018.pinyin.json 第2阕第46字 语料拼音 bié,待裁定
ci.清.0018.pinyin.json#31,1,11,长,2,平,3,仄,ci.清.0018.pinyin.json 第2阕第12字 语料拼音 zhǎng,待裁定
ci.清.0018.pinyin.json#33,0,4,长,2,平,3,仄,ci.清.0018.pinyin.json 第1阕第5字 语料拼音 zhǎng,待裁定
ci.清.0018.pinyin.json#34,0,42,长,2,平,3,仄,ci.清.0018.pinyin.json 第1阕第43字 语料拼音 zhǎng,待裁定
ci.清.0018.pinyin.json#34,1,33,长,2,平,3,仄,ci.清.0018.pinyin.json 第2阕第34字 语料拼音 zhǎng,待裁定
ci.清.0018.pinyin.json#36,0,33,甚,4,仄,2,平,ci.清.0018.pinyin.json 第1阕第34字 语料拼音 shén,待裁定
ci.清.0018.pinyin.json#38,0,11,甚,4,仄,2,平,ci.清.0018.pinyin.json 第1阕第12字 语料拼音 shén,待裁定
ci.清.0018.pinyin.json#41,1,15,长,2,平,3,仄,ci.清.0018.pinyin.json 第2阕第16字 语料拼音 zhǎng,待裁定
ci.清.0018.pinyin.json#42,0,5,绝,4,仄,2,平,ci.清.0018.pinyin.json 第1阕第6字 语料拼音 jué,待裁定
ci.清.0018.pinyin.json#48,1,36,长,2,平,3,仄,ci.清.0018.pinyin.json 第2阕第37字 语料拼音 zhǎng,待裁定
ci.清.0018.pinyin.json#49,1,29,长,2,平,3,仄,ci.清.0018.pinyin.json 第2阕第30字 语料拼音 zhǎng,待裁定
ci.清.0018.pinyin.json#49,1,31,别,4,仄,2,平,ci.清.0018.pinyin.json 第2阕第32字 语料拼音 bié,待裁定
ci.清.0018.pinyin.json#54,0,24,长,2,平,3,仄,ci.清.0018.pinyin.json 第1阕第25字 语料拼音 zhǎng,待裁定
ci.清.0018.pinyin.json#58,1,2,绝,4,仄,2,平,ci.清.0018.pinyin.json 第2阕第3字 语料拼音 jué,待裁定
ci.清.0018.pinyin.json#58,1,43,长,2,平,3,仄,ci.清.0018.pinyin.json 第2阕第44字 语料拼音 zhǎng,待裁定
ci.清.0018.pinyin.json#62,0,15,长,2,平,3,仄,ci.清.0018.pinyin.json 第1阕第16字 语料拼音 zhǎng,待裁定
ci.清.0018.pinyin.json#68,1,32,长,2,平,3,仄,ci.清.0018.pinyin.json 第2阕第33字 语料拼音 zhǎng,待裁定
ci.清.0018.pinyin.json#69,1,4,长,2,平,3,仄,ci.清.0018.pinyin.json 第2阕第5字 语料拼音 zhǎng,待裁定
ci.清.0018.pinyin.json#70,0,34,甚,4,仄,2,平,ci.清.0018.pinyin.json 第1阕第35字 语料拼音 shén,待裁定
ci.清.0018.pinyin.json#70,1,22,绝,4,仄,2,平,ci.清.0018.pinyin.json 第2阕第23字 语料拼音 jué,待裁定
ci.清.0018.pinyin.json#71,0,39,长,2,平,3,仄,ci.清.0018.pinyin.json 第1阕第40字 语料拼音 zhǎng,待裁定
ci.清.0018.pinyin.json#73,0,35,绝,4,仄,2,平,ci.清.0018.pinyin.json 第1阕第36字 语料拼音 jué,待裁定
ci.清.0018.pinyin.json#73,1,14,别,4,仄,2,平,ci.清.0018.pinyin.json 第2阕第15字 语料拼音 bié,待裁定
ci.清.0018.pinyin.json#74,0,35,绝,4,仄,2,平,ci.清.0018.pinyin.json 第1阕第36字 语料拼音 jué,待裁定
ci.清.0018.pinyin.json#74,1,14,别,4,仄,2,平,ci.清.0018.pinyin.json 第2阕第15字 语料拼音 bié,待裁定
ci.清.0018.pinyin.json#75,0,35,绝,4,仄,2,平,ci.清.0018.pinyin.json 第1阕第36字 语料拼音 jué,待裁定
ci.清.0018.pinyin.json#75,1,14,别,4,仄,2,平,ci.清.0018.pinyin.json 第2阕第15字 语料拼音 bié,待裁定
ci.清.0018.pinyin.json#76,0,35,绝,4,仄,2,平,ci.清.0018.pinyin.json 第1阕第36字 语料拼音 jué,待裁定
ci.清.0018.pinyin.json#76,1,14,别,4,仄,2,平,ci.清.0018.pinyin.json 第2阕第15字 语料拼音 bié,待裁定
ci.清.0018.pinyin.json#77,0,35,绝,4,仄,2,平,ci.清.0018.pinyin.json 第1阕第36字 语料拼音 jué,待裁定
ci.清.0018.pinyin.json#77,1,11,长,2,平,3,仄,ci.清.0018.pinyin.json 第2阕第12字 语料拼音 zhǎng,待裁定
ci.清.0018.pinyin.json#77,1,14,别,4,仄,2,平,ci.清.0018.pinyin.json 第2阕第15字 语料拼音 bié,待裁定
ci.清.0018.pinyin.json#78,0,35,绝,4,仄,2,平,ci.清.0018.pinyin.json 第1阕第36字 语料拼音 jué,待裁定
ci.清.0018.pinyin.json#78,1,14,别,4,仄,2,平,ci.清.0018.pinyin.json 第2阕第15字 语料拼音 bié,待裁定
ci.清.0018.pinyin.json#79,0,35,绝,4,仄,2,平,ci.清.0018.pinyin.json 第1阕第36字 语料拼音 jué,待裁定
ci.清.0018.pinyin.json#79,1,14,别,4,仄,2,平,ci.清.0018.pinyin.json 第2阕第15字 语料拼音 bié,待裁定
ci.清.0018.pinyin.json#80,0,20,长,2,平,3,仄,ci.清.0018.pinyin.json 第1阕第21字 语料拼音 zhǎng,待裁定
ci.清.0018.pinyin.json#80,0,35,绝,4,仄,2,平,ci.清.0018.pinyin.json 第1阕第36字 语料拼音 jué,待裁定
ci.清.0018.pinyin.json#80,1,14,别,4,仄,2,平,ci.清.0018.pinyin.json 第2阕第15字 语料拼音 bié,待裁定
ci.清.0018.pinyin.json#81,0,35,绝,4,仄,2,平,ci.清.0018.pinyin.json 第1阕第36字 语料拼音 jué,待裁定
ci.清.0018.pinyin.json#81,1,14,别,4,仄,2,平,ci.清.0018.pinyin.json 第2阕第15字 语料拼音 bié,待裁定
ci.清.0018.pinyin.json#82,0,35,绝,4,仄,2,平,ci.清.0018.pinyin.json 第1阕第36字 语料拼音 jué,待裁定
ci.清.0018.pinyin.json#82,1,14,别,4,仄,2,平,ci.清.0018.pinyin.json 第2阕第15字 语料拼音 bié,待裁定
ci.清.0018.pinyin.json#83,1,15,别,4,仄,2,平,ci.清.0018.pinyin.json 第2阕第16字 语料拼音 bié,待裁定
ci.清.0018.pinyin.json#84,1,34,长,2,平,3,仄,ci.清.0018.pinyin.json 第2阕第35字 语料拼音 zhǎng,待裁定
ci.清.0018.pinyin.json#87,1,6,别,4,仄,2,平,ci.清.0018.pinyin.json 第2阕第7字 语料拼音 bié,待裁定
ci.清.0018.pinyin.json#92,0,4,长,2,平,3,仄,ci.清.0018.pinyin.json 第1阕第5字 语料拼音 zhǎng,待裁定
ci.清.0018.pinyin.json#92,1,34,别,4,仄,2,平,ci.清.0018.pinyin.json 第2阕第35字 语料拼音 bié,待裁定
ci.清.0018.pinyin.json#95,3,1,别,4,仄,2,平,ci.清.0018.pinyin.json 第4阕第2字 语料拼音 bié,待裁定
ci.清.0018.pinyin.json#98,1,37,长,2,平,3,仄,ci.清.0018.pinyin.json 第2阕第38字 语料拼音 zhǎng,待裁定
ci.清.0018.pinyin.json#99,0,40,长,2,平,3,仄,ci.清.0018.pinyin.json 第1阕第41字 语料拼音 zhǎng,待裁定
ci.清.0018.pinyin.json#101,1,23,别,4,仄,2,平,ci.清.0018.pinyin.json 第2阕第24字 语料拼音 bié,待裁定
ci.清.0018.pinyin.json#102,1,36,长,2,平,3,仄,ci.清.0018.pinyin.json 第2阕第37字 语料拼音 zhǎng,待裁定
ci.清.0018.pinyin.json#104,1,15,长,2,平,3,仄,ci.清.0018.pinyin.json 第2阕第16字 语料拼音 zhǎng,待裁定
ci.清.0018.pinyin.json#104,1,47,别,4,仄,2,平,ci.清.0018.pinyin.json 第2阕第48字 语料拼音 bié,待裁定
ci.清.0018.pinyin.json#109,0,27,别,4,仄,2,平,ci.清.0018.pinyin.json 第1阕第28字 语料拼音 bié,待裁定
ci.清.0018.pinyin.json#113,0,17,绝,4,仄,2,平,ci.清.0018.pinyin.json 第1阕第18字 语料拼音 jué,待裁定
ci.清.0018.pinyin.json#113,0,53,长,2,平,3,仄,ci.清.0018.pinyin.json 第1阕第54字 语料拼音 zhǎng,待裁定
ci.清.0018.pinyin.json#115,1,7,绝,4,仄,2,平,ci.清.0018.pinyin.json 第2阕第8字 语料拼音 jué,待裁定
ci.清.0018.pinyin.json#116,1,0,长,2,平,3,仄,ci.清.0018.pinyin.json 第2阕第1字 语料拼音 zhǎng,待裁定
ci.清.0018.pinyin.json#116,1,35,绝,4,仄,2,平,ci.清.0018.pinyin.json 第2阕第36字 语料拼音 jué,待裁定
ci.清.0018.pinyin.json#117,0,46,甚,4,仄,2,平,ci.清.0018.pinyin.json 第1阕第47字 语料拼音 shén,待裁定
ci.清.0018.pinyin.json#117,1,27,长,2,平,3,仄,ci.清.0018.pinyin.json 第2阕第28字 语料拼音 zhǎng,待裁定
ci.清.0018.pinyin.json#119,1,40,甚,4,仄,2,平,ci.清.0018.pinyin.json 第2阕第41字 语料拼音 shén,待裁定
ci.清.0018.pinyin.json#122,0,35,绝,4,仄,2,平,ci.清.0018.pinyin.json 第1阕第36字 语料拼音 jué,待裁定
ci.清.0018.pinyin.json#123,0,52,别,4,仄,2,平,ci.清.0018.pinyin.json 第1阕第53字 语料拼音 bié,待裁定
ci.清.0018.pinyin.json#125,0,37,长,2,平,3,仄,ci.清.0018.pinyin.json 第1阕第38字 语料拼音 zhǎng,待裁定
ci.清.0018.pinyin.json#128,0,6,长,2,平,3,仄,ci.清.0018.pinyin.json 第1阕第7字 语料拼音 zhǎng,待裁定
ci.清.0018.pinyin.json#128,1,44,甚,4,仄,2,平,ci.清.0018.pinyin.json 第2阕第45字 语料拼音 shén,待裁定
ci.清.0018.pinyin.json#129,1,21,甚,4,仄,2,平,ci.清.0018.pinyin.json 第2阕第22字 语料拼音 shén,待裁定
ci.清.0018.pinyin.json#129,1,54,长,2,平,3,仄,ci.清.0018.pinyin.json 第2阕第55字 语料拼音 zhǎng,待裁定
ci.清.0018.pinyin.json#130,0,9,长,2,平,3,仄,ci.清.0018.pinyin.json 第1阕第10字 语料拼音 zhǎng,待裁定
ci.清.0018.pinyin.json#135,0,54,绝,4,仄,2,平,ci.清.0018.pinyin.json 第1阕第55字 语料拼音 jué,待裁定
ci.清.0018.pinyin.json#136,0,0,别,4,仄,2,平,ci.清.0018.pinyin.json 第1阕第1字 语料拼音 bié,待裁定
ci.清.0018.pinyin.json#138,1,54,长,2,平,3,仄,ci.清.0018.pinyin.json 第2阕第55字 语料拼音 zhǎng,待裁定
ci.清.0018.pinyin.json#147,0,1,长,2,平,3,仄,ci.清.0018.pinyin.json 第1阕第2字 语料拼音 zhǎng,待裁定
ci.清.0018.pinyin.json#147,0,20,绝,4,仄,2,平,ci.清.0018.pinyin.json 第1阕第21字 语料拼音 jué,待裁定
ci.清.0018.pinyin.json#148,1,15,长,2,平,3,仄,ci.清.0018.pinyin.json 第2阕第16字 语料拼音 zhǎng,待裁定
ci.清.0018.pinyin.json#150,1,26,绝,4,仄,2,平,ci.清.0018.pinyin.json 第2阕第27字 语料拼音 jué,待裁定
ci.清.0018.pinyin.json#151,0,14,绝,4,仄,2,平,ci.清.0018.pinyin.json 第1阕第15字 语料拼音 jué,待裁定
ci.清.0018.pinyin.json#151,0,43,别,4,仄,2,平,ci.清.0018.pinyin.json 第1阕第44字 语料拼音 bié,待裁定
ci.清.0018.pinyin.json#151,1,56,甚,4,仄,2,平,ci.清.0018.pinyin.json 第2阕第57字 语料拼音 shén,待裁定
ci.清.0018.pinyin.json#160,0,32,长,2,平,3,仄,ci.清.0018.pinyin.json 第1阕第33字 语料拼音 zhǎng,待裁定
ci.清.0018.pinyin.json#167,1,49,长,2,平,3,仄,ci.清.0018.pinyin.json 第2阕第50字 语料拼音 zhǎng,待裁定
ci.清.0018.pinyin.json#170,1,4,别,4,仄,2,平,ci.清.0018.pinyin.json 第2阕第5字 语料拼音 bié,待裁定
ci.清.0018.pinyin.json#191,0,23,长,2,平,3,仄,ci.清.0018.pinyin.json 第1阕第24字 语料拼音 zhǎng,待裁定
ci.清.0018.pinyin.json#193,1,42,别,4,仄,2,平,ci.清.0018.pinyin.json 第2阕第43字 语料拼音 bié,待裁定
ci.清.0018.pinyin.json#194,1,48,长,2,平,3,仄,ci.清.0018.pinyin.json 第2阕第49字 语料拼音 zhǎng,待裁定
ci.清.0018.pinyin.json#199,0,13,别,4,仄,2,平,ci.清.0018.pinyin.json 第1阕第14字 语料拼音 bié,待裁定
ci.清.0018.pinyin.json#202,0,2,长,2,平,3,仄,ci.清.0018.pinyin.json 第1阕第3字 语料拼音 zhǎng,待裁定
ci.清.0018.pinyin.json#206,0,9,别,4,仄,2,平,ci.清.0018.pinyin.json 第1阕第10字 语料拼音 bié,待裁定
ci.清.0018.pinyin.json#211,1,6,别,4,仄,2,平,ci.清.0018.pinyin.json 第2阕第7字 语料拼音 bié,待裁定
ci.清.0018.pinyin.json#212,1,12,别,4,仄,2,平,ci.清.0018.pinyin.json 第2阕第13字 语料拼音 bié,待裁定
ci.清.0018.pinyin.json#212,1,51,长,2,平,3,仄,ci.清.0018.pinyin.json 第2阕第52字 语料拼音 zhǎng,待裁定
ci.清.0018.pinyin.json#212,1,58,长,2,平,3,仄,ci.清.0018.pinyin.json 第2阕第59字 语料拼音 zhǎng,待裁定
ci.清.0018.pinyin.json#214,0,0,别,4,仄,2,平,ci.清.0018.pinyin.json 第1阕第1字 语料拼音 bié,待裁定
ci.清.0018.pinyin.json#215,1,16,长,2,平,3,仄,ci.清.0018.pinyin.json 第2阕第17字 语料拼音 zhǎng,待裁定
ci.清.0018.pinyin.json#216,1,2,别,4,仄,2,平,ci.清.0018.pinyin.json 第2阕第3字 语料拼音 bié,待裁定
ci.清.0018.pinyin.json#232,1,0,长,2,平,3,仄,ci.清.0018.pinyin.json 第2阕第1字 语料拼音 zhǎng,待裁定
ci.清.0018.pinyin.json#239,0,3,长,2,平,3,仄,ci.清.0018.pinyin.json 第1阕第4字 语料拼音 zhǎng,待裁定
ci.清.0018.pinyin.json#246,0,17,别,4,仄,2,平,ci.清.0018.pinyin.json 第1阕第18字 语料拼音 bié,待裁定
ci.清.0018.pinyin.json#250,0,10,长,2,平,3,仄,ci.清.0018.pinyin.json 第1阕第11字 语料拼音 zhǎng,待裁定
ci.清.0018.pinyin.json#254,1,19,绝,4,仄,2,平,ci.清.0018.pinyin.json 第2阕第20字 语料拼音 jué,待裁定
ci.清.0018.pinyin.json#256,1,23,长,2,平,3,仄,ci.清.0018.pinyin.json 第2阕第24字 语料拼音 zhǎng,待裁定
ci.清.0018.pinyin.json#257,1,7,别,4,仄,2,平,ci.清.0018.pinyin.json 第2阕第8字 语料拼音 bié,待裁定
ci.清.0018.pinyin.json#266,1,10,长,2,平,3,仄,ci.清.0018.pinyin.json 第2阕第11字 语料拼音 zhǎng,待裁定
ci.清.0018.pinyin.json#275,0,14,甚,4,仄,2,平,ci.清.0018.pinyin.json 第1阕第15字 语料拼音 shén,待裁定
ci.清.0018.pinyin.json#276,1,9,别,4,仄,2,平,ci.清.0018.pinyin.json 第2阕第10字 语料拼音 bié,待裁定
ci.清.0018.pinyin.json#279,1,39,绝,4,仄,2,平,ci.清.0018.pinyin.json 第2阕第40字 语料拼音 jué,待裁定
ci.清.0018.pinyin.json#282,0,24,长,2,平,3,仄,ci.清.0018.pinyin.json 第1阕第25字 语料拼音 zhǎng,待裁定
ci.清.0018.pinyin.json#288,1,3,长,2,平,3,仄,ci.清.0018.pinyin.json 第2阕第4字 语料拼音 zhǎng,待裁定
ci.清.0018.pinyin.json#290,0,20,长,2,平,3,仄,ci.清.0018.pinyin.json 第1阕第21字 语料拼音 zhǎng,待裁定
ci.清.0018.pinyin.json#295,0,0,长,2,平,3,仄,ci.清.0018.pinyin.json 第1阕第1字 语料拼音 zhǎng,待裁定
ci.清.0018.pinyin.json#299,0,7,长,2,平,3,仄,ci.清.0018.pinyin.json 第1阕第8字 语料拼音 zhǎng,待裁定
ci.清.0018.pinyin.json#302,0,29,长,2,平,3,仄,ci.清.0018.pinyin.json 第1阕第30字 语料拼音 zhǎng,待裁定
ci.清.0018.pinyin.json#302,0,40,长,2,平,3,仄,ci.清.0018.pinyin.json 第1阕第41字 语料拼音 zhǎng,待裁定
ci.清.0018.pinyin.json#303,1,28,长,2,平,3,仄,ci.清.0018.pinyin.json 第2阕第29字 语料拼音 zhǎng,待裁定
ci.清.0018.pinyin.json#304,0,21,长,2,平,3,仄,ci.清.0018.pinyin.json 第1阕第22字 语料拼音 zhǎng,待裁定
ci.清.0018.pinyin.json#308,0,38,绝,4,仄,2,平,ci.清.0018.pinyin.json 第1阕第39字 语料拼音 jué,待裁定
ci.清.0018.pinyin.json#309,0,0,别,4,仄,2,平,ci.清.0018.pinyin.json 第1阕第1字 语料拼音 bié,待裁定
ci.清.0018.pinyin.json#310,1,10,长,2,平,3,仄,ci.清.0018.pinyin.json 第2阕第11字 语料拼音 zhǎng,待裁定
ci.清.0018.pinyin.json#311,0,25,别,4,仄,2,平,ci.清.0018.pinyin.json 第1阕第26字 语料拼音 bié,待裁定
ci.清.0018.pinyin.json#311,0,38,绝,4,仄,2,平,ci.清.0018.pinyin.json 第1阕第39字 语料拼音 jué,待裁定
ci.清.0018.pinyin.json#312,0,5,长,2,平,3,仄,ci.清.0018.pinyin.json 第1阕第6字 语料拼音 zhǎng,待裁定
ci.清.0018.pinyin.json#312,1,43,长,2,平,3,仄,ci.清.0018.pinyin.json 第2阕第44字 语料拼音 zhǎng,待裁定
ci.清.0018.pinyin.json#313,1,24,长,2,平,3,仄,ci.清.0018.pinyin.json 第2阕第25字 语料拼音 zhǎng,待裁定
ci.清.0018.pinyin.json#316,0,4,长,2,平,3,仄,ci.清.0018.pinyin.json 第1阕第5字 语料拼音 zhǎng,待裁定
ci.清.0018.pinyin.json#317,1,20,绝,4,仄,2,平,ci.清.0018.pinyin.json 第2阕第21字 语料拼音 jué,待裁定
ci.清.0018.pinyin.json#318,0,14,长,2,平,3,仄,ci.清.0018.pinyin.json 第1阕第15字 语料拼音 zhǎng,待裁定
ci.清.0018.pinyin.json#320,1,42,长,2,平,3,仄,ci.清.0018.pinyin.json 第2阕第43字 语料拼音 zhǎng,待裁定
ci.清.0018.pinyin.json#323,1,2,长,2,平,3,仄,ci.清.0018.pinyin.json 第2阕第3字 语料拼音 zhǎng,待裁定
ci.清.0018.pinyin.json#325,0,54,长,2,平,3,仄,ci.清.0018.pinyin.json 第1阕第55字 语料拼音 zhǎng,待裁定
ci.清.0018.pinyin.json#327,0,0,长,2,平,3,仄,ci.清.0018.pinyin.json 第1阕第1字 语料拼音 zhǎng,待裁定
ci.清.0018.pinyin.json#327,1,33,长,2,平,3,仄,ci.清.0018.pinyin.json 第2阕第34字 语料拼音 zhǎng,待裁定
ci.清.0018.pinyin.json#328,1,17,长,2,平,3,仄,ci.清.0018.pinyin.json 第2阕第18字 语料拼音 zhǎng,待裁定
ci.清.0018.pinyin.json#328,1,25,长,2,平,3,仄,ci.清.0018.pinyin.json 第2阕第26字 语料拼音 zhǎng,待裁定
ci.清.0018.pinyin.json#329,1,22,别,4,仄,2,平,ci.清.0018.pinyin.json 第2阕第23字 语料拼音 bié,待裁定
ci.清.0018.pinyin.json#329,1,39,长,2,平,3,仄,ci.清.0018.pinyin.json 第2阕第40字 语料拼音 zhǎng,待裁定
ci.清.0018.pinyin.json#330,0,4,长,2,平,3,仄,ci.清.0018.pinyin.json 第1阕第5字 语料拼音 zhǎng,待裁定
ci.清.0018.pinyin.json#330,0,23,长,2,平,3,仄,ci.清.0018.pinyin.json 第1阕第24字 语料拼音 zhǎng,待裁定
ci.清.0018.pinyin.json#332,1,9,甚,4,仄,2,平,ci.清.0018.pinyin.json 第2阕第10字 语料拼音 shén,待裁定
ci.清.0018.pinyin.json#332,1,25,长,2,平,3,仄,ci.清.0018.pinyin.json 第2阕第26字 语料拼音 zhǎng,待裁定
ci.清.0018.pinyin.json#332,1,46,长,2,平,3,仄,ci.清.0018.pinyin.json 第2阕第47字 语料拼音 zhǎng,待裁定
ci.清.0018.pinyin.json#334,1,6,别,4,仄,2,平,ci.清.0018.pinyin.json 第2阕第7字 语料拼音 bié,待裁定
ci.清.0018.pinyin.json#335,0,23,别,4,仄,2,平,ci.清.0018.pinyin.json 第1阕第24字 语料拼音 bié,待裁定
ci.清.0018.pinyin.json#336,1,9,别,4,仄,2,平,ci.清.0018.pinyin.json 第2阕第10字 语料拼音 bié,待裁定
ci.清.0018.pinyin.json#336,1,31,长,2,平,3,仄,ci.清.0018.pinyin.json 第2阕第32字 语料拼音 zhǎng,待裁定
ci.清.0018.pinyin.json#337,2,7,别,4,仄,2,平,ci.清.0018.pinyin.json 第3阕第8字 语料拼音 bié,待裁定
ci.清.0018.pinyin.json#338,1,44,别,4,仄,2,平,ci.清.0018.pinyin.json 第2阕第45字 语料拼音 bié,待裁定
ci.清.0018.pinyin.json#339,0,44,甚,4,仄,2,平,ci.清.0018.pinyin.json 第1阕第45字 语料拼音 shén,待裁定
ci.清.0018.pinyin.json#340,1,5,甚,4,仄,2,平,ci.清.0018.pinyin.json 第2阕第6字 语料拼音 shén,待裁定
ci.清.0018.pinyin.json#348,1,52,长,2,平,3,仄,ci.清.0018.pinyin.json 第2阕第53字 语料拼音 zhǎng,待裁定
ci.清.0018.pinyin.json#351,1,40,别,4,仄,2,平,ci.清.0018.pinyin.json 第2阕第41字 语料拼音 bié,待裁定
ci.清.0018.pinyin.json#351,1,41,甚,4,仄,2,平,ci.清.0018.pinyin.json 第2阕第42字 语料拼音 shén,待裁定
ci.清.0018.pinyin.json#353,0,11,绝,4,仄,2,平,ci.清.0018.pinyin.json 第1阕第12字 语料拼音 jué,待裁定
ci.清.0018.pinyin.json#354,0,32,别,4,仄,2,平,ci.清.0018.pinyin.json 第1阕第33字 语料拼音 bié,待裁定
ci.清.0018.pinyin.json#358,0,32,甚,4,仄,2,平,ci.清.0018.pinyin.json 第1阕第33字 语料拼音 shén,待裁定
ci.清.0018.pinyin.json#358,0,43,别,4,仄,2,平,ci.清.0018.pinyin.json 第1阕第44字 语料拼音 bié,待裁定
ci.清.0018.pinyin.json#358,1,8,别,4,仄,2,平,ci.清.0018.pinyin.json 第2阕第9字 语料拼音 bié,待裁定
ci.清.0018.pinyin.json#362,0,49,别,4,仄,2,平,ci.清.0018.pinyin.json 第1阕第50字 语料拼音 bié,待裁定
ci.清.0018.pinyin.json#367,0,34,别,4,仄,2,平,ci.清.0018.pinyin.json 第1阕第35字 语料拼音 bié,待裁定
ci.清.0018.pinyin.json#369,1,34,别,4,仄,2,平,ci.清.0018.pinyin.json 第2阕第35字 语料拼音 bié,待裁定
ci.清.0018.pinyin.json#378,1,20,别,4,仄,2,平,ci.清.0018.pinyin.json 第2阕第21字 语料拼音 bié,待裁定
ci.清.0018.pinyin.json#380,1,4,别,4,仄,2,平,ci.清.0018.pinyin.json 第2阕第5字 语料拼音 bié,待裁定
ci.清.0018.pinyin.json#381,0,6,别,4,仄,2,平,ci.清.0018.pinyin.json 第1阕第7字 语料拼音 bié,待裁定
ci.清.0018.pinyin.json#382,0,6,绝,4,仄,2,平,ci.清.0018.pinyin.json 第1阕第7字 语料拼音 jué,待裁定
ci.清.0018.pinyin.json#382,0,9,别,4,仄,2,平,ci.清.0018.pinyin.json 第1阕第10字 语料拼音 bié,待裁定
ci.清.0018.pinyin.json#386,0,38,甚,4,仄,2,平,ci.清.0018.pinyin.json 第1阕第39字 语料拼音 shén,待裁定
ci.清.0018.pinyin.json#390,1,33,甚,4,仄,2,平,ci.清.0018.pinyin.json 第2阕第34字 语料拼音 shén,待裁定
ci.清.0018.pinyin.json#391,0,31,长,2,平,3,仄,ci.清.0018.pinyin.json 第1阕第32字 语料拼音 zhǎng,待裁定
ci.清.0018.pinyin.json#391,1,29,长,2,平,3,仄,ci.清.0018.pinyin.json 第2阕第30字 语料拼音 zhǎng,待裁定
ci.清.0018.pinyin.json#393,0,49,别,4,仄,2,平,ci.清.0018.pinyin.json 第1阕第50字 语料拼音 bié,待裁定
ci.清.0018.pinyin.json#394,0,16,甚,4,仄,2,平,ci.清.0018.pinyin.json 第1阕第17字 语料拼音 shén,待裁定
ci.清.0018.pinyin.json#400,0,31,甚,4,仄,2,平,ci.清.0018.pinyin.json 第1阕第32字 语料拼音 shén,待裁定
ci.清.0018.pinyin.json#401,1,50,别,4,仄,2,平,ci.清.0018.pinyin.json 第2阕第51字 语料拼音 bié,待裁定
ci.清.0018.pinyin.json#407,0,26,长,2,平,3,仄,ci.清.0018.pinyin.json 第1阕第27字 语料拼音 zhǎng,待裁定
ci.清.0018.pinyin.json#412,0,0,长,2,平,3,仄,ci.清.0018.pinyin.json 第1阕第1字 语料拼音 zhǎng,待裁定
ci.清.0018.pinyin.json#415,1,5,别,4,仄,2,平,ci.清.0018.pinyin.json 第2阕第6字 语料拼音 bié,待裁定
ci.清.0018.pinyin.json#417,1,3,长,2,平,3,仄,ci.清.0018.pinyin.json 第2阕第4字 语料拼音 zhǎng,待裁定
ci.清.0018.pinyin.json#425,1,6,别,4,仄,2,平,ci.清.0018.pinyin.json 第2阕第7字 语料拼音 bié,待裁定
ci.清.0018.pinyin.json#432,0,52,长,2,平,3,仄,ci.清.0018.pinyin.json 第1阕第53字 语料拼音 zhǎng,待裁定
ci.清.0018.pinyin.json#439,1,27,甚,4,仄,2,平,ci.清.0018.pinyin.json 第2阕第28字 语料拼音 shén,待裁定
ci.清.0018.pinyin.json#442,0,55,长,2,平,3,仄,ci.清.0018.pinyin.json 第1阕第56字 语料拼音 zhǎng,待裁定
ci.清.0018.pinyin.json#445,1,49,别,4,仄,2,平,ci.清.0018.pinyin.json 第2阕第50字 语料拼音 bié,待裁定
ci.清.0018.pinyin.json#447,1,45,长,2,平,3,仄,ci.清.0018.pinyin.json 第2阕第46字 语料拼音 zhǎng,待裁定
ci.清.0018.pinyin.json#451,1,24,别,4,仄,2,平,ci.清.0018.pinyin.json 第2阕第25字 语料拼音 bié,待裁定
ci.清.0018.pinyin.json#454,1,52,绝,4,仄,2,平,ci.清.0018.pinyin.json 第2阕第53字 语料拼音 jué,待裁定
ci.清.0018.pinyin.json#455,1,40,长,2,平,3,仄,ci.清.0018.pinyin.json 第2阕第41字 语料拼音 zhǎng,待裁定
ci.清.0018.pinyin.json#457,0,0,绝,4,仄,2,平,ci.清.0018.pinyin.json 第1阕第1字 语料拼音 jué,待裁定
ci.清.0018.pinyin.json#461,1,28,长,2,平,3,仄,ci.清.0018.pinyin.json 第2阕第29字 语料拼音 zhǎng,待裁定
ci.清.0018.pinyin.json#465,0,4,长,2,平,3,仄,ci.清.0018.pinyin.json 第1阕第5字 语料拼音 zhǎng,待裁定
ci.清.0018.pinyin.json#468,1,15,别,4,仄,2,平,ci.清.0018.pinyin.json 第2阕第16字 语料拼音 bié,待裁定
ci.清.0018.pinyin.json#468,1,50,绝,4,仄,2,平,ci.清.0018.pinyin.json 第2阕第51字 语料拼音 jué,待裁定
ci.清.0018.pinyin.json#469,0,23,长,2,平,3,仄,ci.清.0018.pinyin.json 第1阕第24字 语料拼音 zhǎng,待裁定
ci.清.0018.pinyin.json#471,0,19,长,2,平,3,仄,ci.清.0018.pinyin.json 第1阕第20字 语料拼音 zhǎng,待裁定
ci.清.0018.pinyin.json#475,0,2,别,4,仄,2,平,ci.清.0018.pinyin.json 第1阕第3字 语料拼音 bié,待裁定
ci.清.0018.pinyin.json#476,0,3,绝,4,仄,2,平,ci.清.0018.pinyin.json 第1阕第4字 语料拼音 jué,待裁定
ci.清.0018.pinyin.json#477,0,13,别,4,仄,2,平,ci.清.0018.pinyin.json 第1阕第14字 语料拼音 bié,待裁定
ci.清.0018.pinyin.json#477,0,15,长,2,平,3,仄,ci.清.0018.pinyin.json 第1阕第16字 语料拼音 zhǎng,待裁定
ci.清.0018.pinyin.json#480,0,6,长,2,平,3,仄,ci.清.0018.pinyin.json 第1阕第7字 语料拼音 zhǎng,待裁定
ci.清.0018.pinyin.json#482,1,0,别,4,仄,2,平,ci.清.0018.pinyin.json 第2阕第1字 语料拼音 bié,待裁定
ci.清.0018.pinyin.json#482,1,25,甚,4,仄,2,平,ci.清.0018.pinyin.json 第2阕第26字 语料拼音 shén,待裁定
ci.清.0018.pinyin.json#485,1,9,长,2,平,3,仄,ci.清.0018.pinyin.json 第2阕第10字 语料拼音 zhǎng,待裁定
ci.清.0018.pinyin.json#486,1,36,长,2,平,3,仄,ci.清.0018.pinyin.json 第2阕第37字 语料拼音 zhǎng,待裁定
ci.清.0018.pinyin.json#487,1,33,长,2,平,3,仄,ci.清.0018.pinyin.json 第2阕第34字 语料拼音 zhǎng,待裁定
ci.清.0018.pinyin.json#487,1,44,甚,4,仄,2,平,ci.清.0018.pinyin.json 第2阕第45字 语料拼音 shén,待裁定
ci.清.0018.pinyin.json#487,1,46,长,2,平,3,仄,ci.清.0018.pinyin.json 第2阕第47字 语料拼音 zhǎng,待裁定
ci.清.0018.pinyin.json#490,0,53,绝,4,仄,2,平,ci.清.0018.pinyin.json 第1阕第54字 语料拼音 jué,待裁定
ci.清.0018.pinyin.json#490,1,28,别,4,仄,2,平,ci.清.0018.pinyin.json 第2阕第29字 语料拼音 bié,待裁定
ci.清.0018.pinyin.json#490,1,43,甚,4,仄,2,平,ci.清.0018.pinyin.json 第2阕第44字 语料拼音 shén,待裁定
ci.清.0018.pinyin.json#491,1,24,甚,4,仄,2,平,ci.清.0018.pinyin.json 第2阕第25字 语料拼音 shén,待裁定
ci.清.0018.pinyin.json#495,0,4,甚,4,仄,2,平,ci.清.0018.pinyin.json 第1阕第5字 语料拼音 shén,待裁定
ci.清.0018.pinyin.json#495,0,45,长,2,平,3,仄,ci.清.0018.pinyin.json 第1阕第46字 语料拼音 zhǎng,待裁定
ci.清.0018.pinyin.json#499,1,1,绝,4,仄,2,平,ci.清.0018.pinyin.json 第2阕第2字 语料拼音 jué,待裁定
ci.清.0018.pinyin.json#499,1,3,绝,4,仄,2,平,ci.清.0018.pinyin.json 第2阕第4字 语料拼音 jué,待裁定
ci.清.0018.pinyin.json#500,0,16,甚,4,仄,2,平,ci.清.0018.pinyin.json 第1阕第17字 语料拼音 shén,待裁定
ci.清.0018.pinyin.json#501,1,7,别,4,仄,2,平,ci.清.0018.pinyin.json 第2阕第8字 语料拼音 bié,待裁定
ci.清.0018.pinyin.json#503,1,16,绝,4,仄,2,平,ci.清.0018.pinyin.json 第2阕第17字 语料拼音 jué,待裁定
ci.清.0018.pinyin.json#506,1,17,绝,4,仄,2,平,ci.清.0018.pinyin.json 第2阕第18字 语料拼音 jué,待裁定
ci.清.0018.pinyin.json#513,0,6,绝,4,仄,2,平,ci.清.0018.pinyin.json 第1阕第7字 语料拼音 jué,待裁定
ci.清.0018.pinyin.json#513,0,9,别,4,仄,2,平,ci.清.0018.pinyin.json 第1阕第10字 语料拼音 bié,待裁定
ci.清.0018.pinyin.json#520,1,32,长,2,平,3,仄,ci.清.0018.pinyin.json 第2阕第33字 语料拼音 zhǎng,待裁定
ci.清.0018.pinyin.json#521,0,0,别,4,仄,2,平,ci.清.0018.pinyin.json 第1阕第1字 语料拼音 bié,待裁定
ci.清.0018.pinyin.json#522,1,29,长,2,平,3,仄,ci.清.0018.pinyin.json 第2阕第30字 语料拼音 zhǎng,待裁定
ci.清.0018.pinyin.json#524,0,11,长,2,平,3,仄,ci.清.0018.pinyin.json 第1阕第12字 语料拼音 zhǎng,待裁定
ci.清.0018.pinyin.json#524,1,40,别,4,仄,2,平,ci.清.0018.pinyin.json 第2阕第41字 语料拼音 bié,待裁定
ci.清.0018.pinyin.json#527,1,15,长,2,平,3,仄,ci.清.0018.pinyin.json 第2阕第16字 语料拼音 zhǎng,待裁定
ci.清.0018.pinyin.json#529,0,8,别,4,仄,2,平,ci.清.0018.pinyin.json 第1阕第9字 语料拼音 bié,待裁定
ci.清.0018.pinyin.json#530,1,24,长,2,平,3,仄,ci.清.0018.pinyin.json 第2阕第25字 语料拼音 zhǎng,待裁定
ci.清.0018.pinyin.json#531,1,0,长,2,平,3,仄,ci.清.0018.pinyin.json 第2阕第1字 语料拼音 zhǎng,待裁定
ci.清.0018.pinyin.json#531,1,22,别,4,仄,2,平,ci.清.0018.pinyin.json 第2阕第23字 语料拼音 bié,待裁定
ci.清.0018.pinyin.json#534,0,2,长,2,平,3,仄,ci.清.0018.pinyin.json 第1阕第3字 语料拼音 zhǎng,待裁定
ci.清.0018.pinyin.json#536,1,43,甚,4,仄,2,平,ci.清.0018.pinyin.json 第2阕第44字 语料拼音 shén,待裁定
ci.清.0018.pinyin.json#537,1,0,长,2,平,3,仄,ci.清.0018.pinyin.json 第2阕第1字 语料拼音 zhǎng,待裁定
ci.清.0018.pinyin.json#537,1,5,长,2,平,3,仄,ci.清.0018.pinyin.json 第2阕第6字 语料拼音 zhǎng,待裁定
ci.清.0018.pinyin.json#538,0,18,长,2,平,3,仄,ci.清.0018.pinyin.json 第1阕第19字 语料拼音 zhǎng,待裁定
ci.清.0018.pinyin.json#539,1,5,绝,4,仄,2,平,ci.清.0018.pinyin.json 第2阕第6字 语料拼音 jué,待裁定
ci.清.0018.pinyin.json#540,1,26,长,2,平,3,仄,ci.清.0018.pinyin.json 第2阕第27字 语料拼音 zhǎng,待裁定
ci.清.0018.pinyin.json#543,0,16,甚,4,仄,2,平,ci.清.0018.pinyin.json 第1阕第17字 语料拼音 shén,待裁定
ci.清.0018.pinyin.json#544,1,25,长,2,平,3,仄,ci.清.0018.pinyin.json 第2阕第26字 语料拼音 zhǎng,待裁定
ci.清.0018.pinyin.json#546,0,22,长,2,平,3,仄,ci.清.0018.pinyin.json 第1阕第23字 语料拼音 zhǎng,待裁定
ci.清.0018.pinyin.json#551,1,10,长,2,平,3,仄,ci.清.0018.pinyin.json 第2阕第11字 语料拼音 zhǎng,待裁定
ci.清.0018.pinyin.json#551,1,14,长,2,平,3,仄,ci.清.0018.pinyin.json 第2阕第15字 语料拼音 zhǎng,待裁定
ci.清.0018.pinyin.json#554,0,31,长,2,平,3,仄,ci.清.0018.pinyin.json 第1阕第32字 语料拼音 zhǎng,待裁定
ci.清.0018.pinyin.json#555,0,31,长,2,平,3,仄,ci.清.0018.pinyin.json 第1阕第32字 语料拼音 zhǎng,待裁定
ci.清.0018.pinyin.json#556,0,26,长,2,平,3,仄,ci.清.0018.pinyin.json 第1阕第27字 语料拼音 zhǎng,待裁定
ci.清.0018.pinyin.json#560,0,13,长,2,平,3,仄,ci.清.0018.pinyin.json 第1阕第14字 语料拼音 zhǎng,待裁定
ci.清.0018.pinyin.json#562,0,10,别,4,仄,2,平,ci.清.0018.pinyin.json 第1阕第11字 语料拼音 bié,待裁定
ci.清.0018.pinyin.json#562,1,12,长,2,平,3,仄,ci.清.0018.pinyin.json 第2阕第13字 语料拼音 zhǎng,待裁定
ci.清.0018.pinyin.json#567,1,28,长,2,平,3,仄,ci.清.0018.pinyin.json 第2阕第29字 语料拼音 zhǎng,待裁定
ci.清.0018.pinyin.json#576,0,12,绝,4,仄,2,平,ci.清.0018.pinyin.json 第1阕第13字 语料拼音 jué,待裁定
ci.清.0018.pinyin.json#576,1,45,长,2,平,3,仄,ci.清.0018.pinyin.json 第2阕第46字 语料拼音 zhǎng,待裁定
ci.清.0018.pinyin.json#578,1,9,长,2,平,3,仄,ci.清.0018.pinyin.json 第2阕第10字 语料拼音 zhǎng,待裁定
ci.清.0018.pinyin.json#578,1,35,长,2,平,3,仄,ci.清.0018.pinyin.json 第2阕第36字 语料拼音 zhǎng,待裁定
ci.清.0018.pinyin.json#579,0,44,长,2,平,3,仄,ci.清.0018.pinyin.json 第1阕第45字 语料拼音 zhǎng,待裁定
ci.清.0018.pinyin.json#581,0,16,甚,4,仄,2,平,ci.清.0018.pinyin.json 第1阕第17字 语料拼音 shén,待裁定
ci.清.0018.pinyin.json#588,0,15,长,2,平,3,仄,ci.清.0018.pinyin.json 第1阕第16字 语料拼音 zhǎng,待裁定
ci.清.0018.pinyin.json#590,1,25,绝,4,仄,2,平,ci.清.0018.pinyin.json 第2阕第26字 语料拼音 jué,待裁定
ci.清.0018.pinyin.json#592,1,26,长,2,平,3,仄,ci.清.0018.pinyin.json 第2阕第27字 语料拼音 zhǎng,待裁定
ci.清.0018.pinyin.json#600,1,32,长,2,平,3,仄,ci.清.0018.pinyin.json 第2阕第33字 语料拼音 zhǎng,待裁定
ci.清.0018.pinyin.json#612,0,7,长,2,平,3,仄,ci.清.0018.pinyin.json 第1阕第8字 语料拼音 zhǎng,待裁定
ci.清.0018.pinyin.json#612,1,6,绝,4,仄,2,平,ci.清.0018.pinyin.json 第2阕第7字 语料拼音 jué,待裁定
ci.清.0018.pinyin.json#616,1,0,甚,4,仄,2,平,ci.清.0018.pinyin.json 第2阕第1字 语料拼音 shén,待裁定
ci.清.0018.pinyin.json#619,0,5,别,4,仄,2,平,ci.清.0018.pinyin.json 第1阕第6字 语料拼音 bié,待裁定
ci.清.0018.pinyin.json#622,1,12,长,2,平,3,仄,ci.清.0018.pinyin.json 第2阕第13字 语料拼音 zhǎng,待裁定
ci.清.0018.pinyin.json#623,0,0,长,2,平,3,仄,ci.清.0018.pinyin.json 第1阕第1字 语料拼音 zhǎng,待裁定
ci.清.0018.pinyin.json#627,1,1,长,2,平,3,仄,ci.清.0018.pinyin.json 第2阕第2字 语料拼音 zhǎng,待裁定
ci.清.0018.pinyin.json#633,0,38,甚,4,仄,2,平,ci.清.0018.pinyin.json 第1阕第39字 语料拼音 shén,待裁定
ci.清.0018.pinyin.json#633,0,51,长,2,平,3,仄,ci.清.0018.pinyin.json 第1阕第52字 语料拼音 zhǎng,待裁定
ci.清.0018.pinyin.json#634,0,17,长,2,平,3,仄,ci.清.0018.pinyin.json 第1阕第18字 语料拼音 zhǎng,待裁定
ci.清.0018.pinyin.json#640,1,45,长,2,平,3,仄,ci.清.0018.pinyin.json 第2阕第46字 语料拼音 zhǎng,待裁定
ci.清.0018.pinyin.json#643,0,39,绝,4,仄,2,平,ci.清.0018.pinyin.json 第1阕第40字 语料拼音 jué,待裁定
ci.清.0018.pinyin.json#645,0,37,长,2,平,3,仄,ci.清.0018.pinyin.json 第1阕第38字 语料拼音 zhǎng,待裁定
ci.清.0018.pinyin.json#646,1,12,甚,4,仄,2,平,ci.清.0018.pinyin.json 第2阕第13字 语料拼音 shén,待裁定
ci.清.0018.pinyin.json#655,1,40,长,2,平,3,仄,ci.清.0018.pinyin.json 第2阕第41字 语料拼音 zhǎng,待裁定
ci.清.0018.pinyin.json#663,0,23,绝,4,仄,2,平,ci.清.0018.pinyin.json 第1阕第24字 语料拼音 jué,待裁定
ci.清.0018.pinyin.json#665,0,24,绝,4,仄,2,平,ci.清.0018.pinyin.json 第1阕第25字 语料拼音 jué,待裁定
ci.清.0018.pinyin.json#666,1,38,长,2,平,3,仄,ci.清.0018.pinyin.json 第2阕第39字 语料拼音 zhǎng,待裁定
ci.清.0018.pinyin.json#668,0,45,绝,4,仄,2,平,ci.清.0018.pinyin.json 第1阕第46字 语料拼音 jué,待裁定
ci.清.0018.pinyin.json#668,1,17,长,2,平,3,仄,ci.清.0018.pinyin.json 第2阕第18字 语料拼音 zhǎng,待裁定
ci.清.0018.pinyin.json#669,1,6,甚,4,仄,2,平,ci.清.0018.pinyin.json 第2阕第7字 语料拼音 shén,待裁定
ci.清.0018.pinyin.json#676,0,0,甚,4,仄,2,平,ci.清.0018.pinyin.json 第1阕第1字 语料拼音 shén,待裁定
ci.清.0018.pinyin.json#681,4,17,长,2,平,3,仄,ci.清.0018.pinyin.json 第5阕第18字 语料拼音 zhǎng,待裁定
ci.清.0018.pinyin.json#685,0,2,长,2,平,3,仄,ci.清.0018.pinyin.json 第1阕第3字 语料拼音 zhǎng,待裁定
ci.清.0018.pinyin.json#685,1,8,别,4,仄,2,平,ci.清.0018.pinyin.json 第2阕第9字 语料拼音 bié,待裁定
ci.清.0018.pinyin.json#685,1,15,绝,4,仄,2,平,ci.清.0018.pinyin.json 第2阕第16字 语料拼音 jué,待裁定
ci.清.0018.pinyin.json#694,1,30,长,2,平,3,仄,ci.清.0018.pinyin.json 第2阕第31字 语料拼音 zhǎng,待裁定
ci.清.0018.pinyin.json#701,0,14,别,4,仄,2,平,ci.清.0018.pinyin.json 第1阕第15字 语料拼音 bié,待裁定
ci.清.0018.pinyin.json#702,1,12,长,2,平,3,仄,ci.清.0018.pinyin.json 第2阕第13字 语料拼音 zhǎng,待裁定
ci.清.0018.pinyin.json#704,1,23,长,2,平,3,仄,ci.清.0018.pinyin.json 第2阕第24字 语料拼音 zhǎng,待裁定
ci.清.0018.pinyin.json#706,0,16,绝,4,仄,2,平,ci.清.0018.pinyin.json 第1阕第17字 语料拼音 jué,待裁定
ci.清.0018.pinyin.json#706,1,28,甚,4,仄,2,平,ci.清.0018.pinyin.json 第2阕第29字 语料拼音 shén,待裁定
ci.清.0018.pinyin.json#707,0,6,绝,4,仄,2,平,ci.清.0018.pinyin.json 第1阕第7字 语料拼音 jué,待裁定
ci.清.0018.pinyin.json#707,1,40,甚,4,仄,2,平,ci.清.0018.pinyin.json 第2阕第41字 语料拼音 shén,待裁定
ci.清.0018.pinyin.json#708,0,7,别,4,仄,2,平,ci.清.0018.pinyin.json 第1阕第8字 语料拼音 bié,待裁定
ci.清.0018.pinyin.json#716,0,11,别,4,仄,2,平,ci.清.0018.pinyin.json 第1阕第12字 语料拼音 bié,待裁定
ci.清.0018.pinyin.json#722,1,16,长,2,平,3,仄,ci.清.0018.pinyin.json 第2阕第17字 语料拼音 zhǎng,待裁定
ci.清.0018.pinyin.json#724,1,16,别,4,仄,2,平,ci.清.0018.pinyin.json 第2阕第17字 语料拼音 bié,待裁定
ci.清.0018.pinyin.json#725,1,36,别,4,仄,2,平,ci.清.0018.pinyin.json 第2阕第37字 语料拼音 bié,待裁定
ci.清.0018.pinyin.json#727,1,6,甚,4,仄,2,平,ci.清.0018.pinyin.json 第2阕第7字 语料拼音 shén,待裁定
ci.清.0018.pinyin.json#731,1,29,绝,4,仄,2,平,ci.清.0018.pinyin.json 第2阕第30字 语料拼音 jué,待裁定
ci.清.0018.pinyin.json#734,0,12,别,4,仄,2,平,ci.清.0018.pinyin.json 第1阕第13字 语料拼音 bié,待裁定
ci.清.0018.pinyin.json#734,0,21,长,2,平,3,仄,ci.清.0018.pinyin.json 第1阕第22字 语料拼音 zhǎng,待裁定
ci.清.0018.pinyin.json#737,1,15,长,2,平,3,仄,ci.清.0018.pinyin.json 第2阕第16字 语料拼音 zhǎng,待裁定
ci.清.0018.pinyin.json#738,0,5,长,2,平,3,仄,ci.清.0018.pinyin.json 第1阕第6字 语料拼音 zhǎng,待裁定
ci.清.0018.pinyin.json#738,0,12,长,2,平,3,仄,ci.清.0018.pinyin.json 第1阕第13字 语料拼音 zhǎng,待裁定
ci.清.0018.pinyin.json#747,1,21,长,2,平,3,仄,ci.清.0018.pinyin.json 第2阕第22字 语料拼音 zhǎng,待裁定
ci.清.0018.pinyin.json#752,0,18,别,4,仄,2,平,ci.清.0018.pinyin.json 第1阕第19字 语料拼音 bié,待裁定
ci.清.0018.pinyin.json#754,1,37,甚,4,仄,2,平,ci.清.0018.pinyin.json 第2阕第38字 语料拼音 shén,待裁定
ci.清.0018.pinyin.json#755,0,16,长,2,平,3,仄,ci.清.0018.pinyin.json 第1阕第17字 语料拼音 zhǎng,待裁定
ci.清.0018.pinyin.json#762,0,2,长,2,平,3,仄,ci.清.0018.pinyin.json 第1阕第3字 语料拼音 zhǎng,待裁定
ci.清.0018.pinyin.json#778,1,14,别,4,仄,2,平,ci.清.0018.pinyin.json 第2阕第15字 语料拼音 bié,待裁定
ci.清.0018.pinyin.json#780,0,26,长,2,平,3,仄,ci.清.0018.pinyin.json 第1阕第27字 语料拼音 zhǎng,待裁定
ci.清.0018.pinyin.json#782,0,2,长,2,平,3,仄,ci.清.0018.pinyin.json 第1阕第3字 语料拼音 zhǎng,待裁定
ci.清.0018.pinyin.json#785,1,21,甚,4,仄,2,平,ci.清.0018.pinyin.json 第2阕第22字 语料拼音 shén,待裁定
ci.清.0018.pinyin.json#785,1,36,别,4,仄,2,平,ci.清.0018.pinyin.json 第2阕第37字 语料拼音 bié,待裁定
ci.清.0018.pinyin.json#787,1,33,长,2,平,3,仄,ci.清.0018.pinyin.json 第2阕第34字 语料拼音 zhǎng,待裁定
ci.清.0018.pinyin.json#788,0,25,长,2,平,3,仄,ci.清.0018.pinyin.json 第1阕第26字 语料拼音 zhǎng,待裁定
ci.清.0018.pinyin.json#799,0,17,别,4,仄,2,平,ci.清.0018.pinyin.json 第1阕第18字 语料拼音 bié,待裁定
ci.清.0018.pinyin.json#804,0,8,甚,4,仄,2,平,ci.清.0018.pinyin.json 第1阕第9字 语料拼音 shén,待裁定
ci.清.0018.pinyin.json#805,0,25,长,2,平,3,仄,ci.清.0018.pinyin.json 第1阕第26字 语料拼音 zhǎng,待裁定
ci.清.0018.pinyin.json#805,1,31,长,2,平,3,仄,ci.清.0018.pinyin.json 第2阕第32字 语料拼音 zhǎng,待裁定
ci.清.0018.pinyin.json#807,1,42,长,2,平,3,仄,ci.清.0018.pinyin.json 第2阕第43字 语料拼音 zhǎng,待裁定
ci.清.0018.pinyin.json#809,0,9,长,2,平,3,仄,ci.清.0018.pinyin.json 第1阕第10字 语料拼音 zhǎng,待裁定
ci.清.0018.pinyin.json#813,1,0,长,2,平,3,仄,ci.清.0018.pinyin.json 第2阕第1字 语料拼音 zhǎng,待裁定
ci.清.0018.pinyin.json#813,1,6,绝,4,仄,2,平,ci.清.0018.pinyin.json 第2阕第7字 语料拼音 jué,待裁定
ci.清.0018.pinyin.json#814,0,3,长,2,平,3,仄,ci.清.0018.pinyin.json 第1阕第4字 语料拼音 zhǎng,待裁定
ci.清.0018.pinyin.json#815,1,4,别,4,仄,2,平,ci.清.0018.pinyin.json 第2阕第5字 语料拼音 bié,待裁定
ci.清.0018.pinyin.json#816,0,38,别,4,仄,2,平,ci.清.0018.pinyin.json 第1阕第39字 语料拼音 bié,待裁定
ci.清.0018.pinyin.json#823,1,20,别,4,仄,2,平,ci.清.0018.pinyin.json 第2阕第21字 语料拼音 bié,待裁定
ci.清.0018.pinyin.json#828,0,0,别,4,仄,2,平,ci.清.0018.pinyin.json 第1阕第1字 语料拼音 bié,待裁定
ci.清.0018.pinyin.json#830,1,11,别,4,仄,2,平,ci.清.0018.pinyin.json 第2阕第12字 语料拼音 bié,待裁定
ci.清.0018.pinyin.json#834,0,2,长,2,平,3,仄,ci.清.0018.pinyin.json 第1阕第3字 语料拼音 zhǎng,待裁定
ci.清.0018.pinyin.json#837,0,21,长,2,平,3,仄,ci.清.0018.pinyin.json 第1阕第22字 语料拼音 zhǎng,待裁定
ci.清.0018.pinyin.json#841,0,18,长,2,平,3,仄,ci.清.0018.pinyin.json 第1阕第19字 语料拼音 zhǎng,待裁定
ci.清.0018.pinyin.json#842,0,19,长,2,平,3,仄,ci.清.0018.pinyin.json 第1阕第20字 语料拼音 zhǎng,待裁定
ci.清.0018.pinyin.json#846,0,14,别,4,仄,2,平,ci.清.0018.pinyin.json 第1阕第15字 语料拼音 bié,待裁定
ci.清.0018.pinyin.json#851,0,13,长,2,平,3,仄,ci.清.0018.pinyin.json 第1阕第14字 语料拼音 zhǎng,待裁定
ci.清.0018.pinyin.json#855,1,1,长,2,平,3,仄,ci.清.0018.pinyin.json 第2阕第2字 语料拼音 zhǎng,待裁定
ci.清.0018.pinyin.json#859,0,2,绝,4,仄,2,平,ci.清.0018.pinyin.json 第1阕第3字 语料拼音 jué,待裁定
ci.清.0018.pinyin.json#862,0,40,别,4,仄,2,平,ci.清.0018.pinyin.json 第1阕第41字 语料拼音 bié,待裁定
ci.清.0018.pinyin.json#878,1,12,长,2,平,3,仄,ci.清.0018.pinyin.json 第2阕第13字 语料拼音 zhǎng,待裁定
ci.清.0018.pinyin.json#879,0,14,长,2,平,3,仄,ci.清.0018.pinyin.json 第1阕第15字 语料拼音 zhǎng,待裁定
ci.清.0018.pinyin.json#882,1,30,别,4,仄,2,平,ci.清.0018.pinyin.json 第2阕第31字 语料拼音 bié,待裁定
ci.清.0018.pinyin.json#882,1,32,别,4,仄,2,平,ci.清.0018.pinyin.json 第2阕第33字 语料拼音 bié,待裁定
ci.清.0018.pinyin.json#888,1,18,长,2,平,3,仄,ci.清.0018.pinyin.json 第2阕第19字 语料拼音 zhǎng,待裁定
ci.清.0018.pinyin.json#891,0,0,长,2,平,3,仄,ci.清.0018.pinyin.json 第1阕第1字 语料拼音 zhǎng,待裁定
ci.清.0018.pinyin.json#892,1,23,长,2,平,3,仄,ci.清.0018.pinyin.json 第2阕第24字 语料拼音 zhǎng,待裁定
ci.清.0018.pinyin.json#903,1,34,长,2,平,3,仄,ci.清.0018.pinyin.json 第2阕第35字 语料拼音 zhǎng,待裁定
ci.清.0018.pinyin.json#906,1,3,长,2,平,3,仄,ci.清.0018.pinyin.json 第2阕第4字 语料拼音 zhǎng,待裁定
ci.清.0018.pinyin.json#911,1,19,绝,4,仄,2,平,ci.清.0018.pinyin.json 第2阕第20字 语料拼音 jué,待裁定
ci.清.0018.pinyin.json#914,1,7,别,4,仄,2,平,ci.清.0018.pinyin.json 第2阕第8字 语料拼音 bié,待裁定
ci.清.0018.pinyin.json#916,0,14,长,2,平,3,仄,ci.清.0018.pinyin.json 第1阕第15字 语料拼音 zhǎng,待裁定
ci.清.0018.pinyin.json#917,0,23,别,4,仄,2,平,ci.清.0018.pinyin.json 第1阕第24字 语料拼音 bié,待裁定
ci.清.0018.pinyin.json#921,1,28,绝,4,仄,2,平,ci.清.0018.pinyin.json 第2阕第29字 语料拼音 jué,待裁定
ci.清.0018.pinyin.json#927,0,7,别,4,仄,2,平,ci.清.0018.pinyin.json 第1阕第8字 语料拼音 bié,待裁定
ci.清.0018.pinyin.json#929,0,7,别,4,仄,2,平,ci.清.0018.pinyin.json 第1阕第8字 语料拼音 bié,待裁定
ci.清.0018.pinyin.json#930,1,48,绝,4,仄,2,平,ci.清.0018.pinyin.json 第2阕第49字 语料拼音 jué,待裁定
ci.清.0018.pinyin.json#931,1,21,长,2,平,3,仄,ci.清.0018.pinyin.json 第2阕第22字 语料拼音 zhǎng,待裁定
ci.清.0018.pinyin.json#935,1,40,长,2,平,3,仄,ci.清.0018.pinyin.json 第2阕第41字 语料拼音 zhǎng,待裁定
ci.清.0018.pinyin.json#938,1,13,别,4,仄,2,平,ci.清.0018.pinyin.json 第2阕第14字 语料拼音 bié,待裁定
ci.清.0018.pinyin.json#944,0,37,长,2,平,3,仄,ci.清.0018.pinyin.json 第1阕第38字 语料拼音 zhǎng,待裁定
ci.清.0018.pinyin.json#947,0,39,长,2,平,3,仄,ci.清.0018.pinyin.json 第1阕第40字 语料拼音 zhǎng,待裁定
ci.清.0018.pinyin.json#948,0,8,长,2,平,3,仄,ci.清.0018.pinyin.json 第1阕第9字 语料拼音 zhǎng,待裁定
ci.清.0018.pinyin.json#948,1,36,别,4,仄,2,平,ci.清.0018.pinyin.json 第2阕第37字 语料拼音 bié,待裁定
ci.清.0018.pinyin.json#950,0,10,别,4,仄,2,平,ci.清.0018.pinyin.json 第1阕第11字 语料拼音 bié,待裁定
ci.清.0018.pinyin.json#950,1,9,长,2,平,3,仄,ci.清.0018.pinyin.json 第2阕第10字 语料拼音 zhǎng,待裁定
ci.清.0018.pinyin.json#968,0,9,绝,4,仄,2,平,ci.清.0018.pinyin.json 第1阕第10字 语料拼音 jué,待裁定
ci.清.0018.pinyin.json#968,1,6,别,4,仄,2,平,ci.清.0018.pinyin.json 第2阕第7字 语料拼音 bié,待裁定
ci.清.0018.pinyin.json#972,0,17,绝,4,仄,2,平,ci.清.0018.pinyin.json 第1阕第18字 语料拼音 jué,待裁定
ci.清.0018.pinyin.json#972,1,26,别,4,仄,2,平,ci.清.0018.pinyin.json 第2阕第27字 语料拼音 bié,待裁定
ci.清.0018.pinyin.json#976,1,22,别,4,仄,2,平,ci.清.0018.pinyin.json 第2阕第23字 语料拼音 bié,待裁定
ci.清.0018.pinyin.json#978,0,17,别,4,仄,2,平,ci.清.0018.pinyin.json 第1阕第18字 语料拼音 bié,待裁定
ci.清.0018.pinyin.json#978,1,25,绝,4,仄,2,平,ci.清.0018.pinyin.json 第2阕第26字 语料拼音 jué,待裁定
ci.清.0018.pinyin.json#979,0,55,长,2,平,3,仄,ci.清.0018.pinyin.json 第1阕第56字 语料拼音 zhǎng,待裁定
ci.清.0018.pinyin.json#980,1,57,长,2,平,3,仄,ci.清.0018.pinyin.json 第2阕第58字 语料拼音 zhǎng,待裁定
ci.清.0018.pinyin.json#984,0,12,别,4,仄,2,平,ci.清.0018.pinyin.json 第1阕第13字 语料拼音 bié,待裁定
ci.清.0018.pinyin.json#988,0,34,别,4,仄,2,平,ci.清.0018.pinyin.json 第1阕第35字 语料拼音 bié,待裁定
ci.清.0018.pinyin.json#988,1,43,长,2,平,3,仄,ci.清.0018.pinyin.json 第2阕第44字 语料拼音 zhǎng,待裁定
ci.清.0018.pinyin.json#990,0,10,长,2,平,3,仄,ci.清.0018.pinyin.json 第1阕第11字 语料拼音 zhǎng,待裁定
ci.清.0019.pinyin.json#11,1,16,别,4,仄,2,平,ci.清.0019.pinyin.json 第2阕第17字 语料拼音 bié,待裁定
ci.清.0019.pinyin.json#18,1,25,别,4,仄,2,平,ci.清.0019.pinyin.json 第2阕第26字 语料拼音 bié,待裁定
ci.清.0019.pinyin.json#19,0,23,绝,4,仄,2,平,ci.清.0019.pinyin.json 第1阕第24字 语料拼音 jué,待裁定
ci.清.0019.pinyin.json#21,0,0,别,4,仄,2,平,ci.清.0019.pinyin.json 第1阕第1字 语料拼音 bié,待裁定
ci.清.0019.pinyin.json#21,1,2,长,2,平,3,仄,ci.清.0019.pinyin.json 第2阕第3字 语料拼音 zhǎng,待裁定
ci.清.0019.pinyin.json#22,1,6,绝,4,仄,2,平,ci.清.0019.pinyin.json 第2阕第7字 语料拼音 jué,待裁定
ci.清.0019.pinyin.json#24,0,14,长,2,平,3,仄,ci.清.0019.pinyin.json 第1阕第15字 语料拼音 zhǎng,待裁定
ci.清.0019.pinyin.json#31,1,53,长,2,平,3,仄,ci.清.0019.pinyin.json 第2阕第54字 语料拼音 zhǎng,待裁定
ci.清.0019.pinyin.json#39,0,16,长,2,平,3,仄,ci.清.0019.pinyin.json 第1阕第17字 语料拼音 zhǎng,待裁定
ci.清.0019.pinyin.json#40,1,35,长,2,平,3,仄,ci.清.0019.pinyin.json 第2阕第36字 语料拼音 zhǎng,待裁定
ci.清.0019.pinyin.json#40,1,48,甚,4,仄,2,平,ci.清.0019.pinyin.json 第2阕第49字 语料拼音 shén,待裁定
ci.清.0019.pinyin.json#41,0,46,甚,4,仄,2,平,ci.清.0019.pinyin.json 第1阕第47字 语料拼音 shén,待裁定
ci.清.0019.pinyin.json#42,0,20,长,2,平,3,仄,ci.清.0019.pinyin.json 第1阕第21字 语料拼音 zhǎng,待裁定
ci.清.0019.pinyin.json#45,0,1,长,2,平,3,仄,ci.清.0019.pinyin.json 第1阕第2字 语料拼音 zhǎng,待裁定
ci.清.0019.pinyin.json#47,1,24,别,4,仄,2,平,ci.清.0019.pinyin.json 第2阕第25字 语料拼音 bié,待裁定
ci.清.0019.pinyin.json#49,1,47,长,2,平,3,仄,ci.清.0019.pinyin.json 第2阕第48字 语料拼音 zhǎng,待裁定
ci.清.0019.pinyin.json#53,0,4,别,4,仄,2,平,ci.清.0019.pinyin.json 第1阕第5字 语料拼音 bié,待裁定
ci.清.0019.pinyin.json#62,0,18,长,2,平,3,仄,ci.清.0019.pinyin.json 第1阕第19字 语料拼音 zhǎng,待裁定
ci.清.0019.pinyin.json#66,1,6,甚,4,仄,2,平,ci.清.0019.pinyin.json 第2阕第7字 语料拼音 shén,待裁定
ci.清.0019.pinyin.json#67,0,25,别,4,仄,2,平,ci.清.0019.pinyin.json 第1阕第26字 语料拼音 bié,待裁定
ci.清.0019.pinyin.json#69,0,46,别,4,仄,2,平,ci.清.0019.pinyin.json 第1阕第47字 语料拼音 bié,待裁定
ci.清.0019.pinyin.json#72,0,19,长,2,平,3,仄,ci.清.0019.pinyin.json 第1阕第20字 语料拼音 zhǎng,待裁定
ci.清.0019.pinyin.json#88,1,28,绝,4,仄,2,平,ci.清.0019.pinyin.json 第2阕第29字 语料拼音 jué,待裁定
ci.清.0019.pinyin.json#95,1,0,绝,4,仄,2,平,ci.清.0019.pinyin.json 第2阕第1字 语料拼音 jué,待裁定
ci.清.0019.pinyin.json#96,1,23,别,4,仄,2,平,ci.清.0019.pinyin.json 第2阕第24字 语料拼音 bié,待裁定
ci.清.0019.pinyin.json#97,0,0,别,4,仄,2,平,ci.清.0019.pinyin.json 第1阕第1字 语料拼音 bié,待裁定
ci.清.0019.pinyin.json#101,0,22,长,2,平,3,仄,ci.清.0019.pinyin.json 第1阕第23字 语料拼音 zhǎng,待裁定
ci.清.0019.pinyin.json#104,1,10,长,2,平,3,仄,ci.清.0019.pinyin.json 第2阕第11字 语料拼音 zhǎng,待裁定
ci.清.0019.pinyin.json#108,0,6,别,4,仄,2,平,ci.清.0019.pinyin.json 第1阕第7字 语料拼音 bié,待裁定
ci.清.0019.pinyin.json#110,1,22,长,2,平,3,仄,ci.清.0019.pinyin.json 第2阕第23字 语料拼音 zhǎng,待裁定
ci.清.0019.pinyin.json#111,1,30,长,2,平,3,仄,ci.清.0019.pinyin.json 第2阕第31字 语料拼音 zhǎng,待裁定
ci.清.0019.pinyin.json#113,1,4,长,2,平,3,仄,ci.清.0019.pinyin.json 第2阕第5字 语料拼音 zhǎng,待裁定
ci.清.0019.pinyin.json#114,0,3,别,4,仄,2,平,ci.清.0019.pinyin.json 第1阕第4字 语料拼音 bié,待裁定
ci.清.0019.pinyin.json#115,0,11,绝,4,仄,2,平,ci.清.0019.pinyin.json 第1阕第12字 语料拼音 jué,待裁定
ci.清.0019.pinyin.json#115,1,9,别,4,仄,2,平,ci.清.0019.pinyin.json 第2阕第10字 语料拼音 bié,待裁定
ci.清.0019.pinyin.json#120,0,8,长,2,平,3,仄,ci.清.0019.pinyin.json 第1阕第9字 语料拼音 zhǎng,待裁定
ci.清.0019.pinyin.json#127,0,8,长,2,平,3,仄,ci.清.0019.pinyin.json 第1阕第9字 语料拼音 zhǎng,待裁定
ci.清.0019.pinyin.json#140,1,0,绝,4,仄,2,平,ci.清.0019.pinyin.json 第2阕第1字 语料拼音 jué,待裁定
ci.清.0019.pinyin.json#140,1,2,绝,4,仄,2,平,ci.清.0019.pinyin.json 第2阕第3字 语料拼音 jué,待裁定
ci.清.0019.pinyin.json#149,0,2,别,4,仄,2,平,ci.清.0019.pinyin.json 第1阕第3字 语料拼音 bié,待裁定
ci.清.0019.pinyin.json#153,1,9,长,2,平,3,仄,ci.清.0019.pinyin.json 第2阕第10字 语料拼音 zhǎng,待裁定
ci.清.0019.pinyin.json#158,0,7,绝,4,仄,2,平,ci.清.0019.pinyin.json 第1阕第8字 语料拼音 jué,待裁定
ci.清.0019.pinyin.json#160,0,2,长,2,平,3,仄,ci.清.0019.pinyin.json 第1阕第3字 语料拼音 zhǎng,待裁定
ci.清.0019.pinyin.json#176,1,0,长,2,平,3,仄,ci.清.0019.pinyin.json 第2阕第1字 语料拼音 zhǎng,待裁定
ci.清.0019.pinyin.json#183,1,11,长,2,平,3,仄,ci.清.0019.pinyin.json 第2阕第12字 语料拼音 zhǎng,待裁定
ci.清.0019.pinyin.json#187,0,15,长,2,平,3,仄,ci.清.0019.pinyin.json 第1阕第16字 语料拼音 zhǎng,待裁定
ci.清.0019.pinyin.json#192,1,15,绝,4,仄,2,平,ci.清.0019.pinyin.json 第2阕第16字 语料拼音 jué,待裁定
ci.清.0019.pinyin.json#194,1,7,长,2,平,3,仄,ci.清.0019.pinyin.json 第2阕第8字 语料拼音 zhǎng,待裁定
ci.清.0019.pinyin.json#195,1,15,绝,4,仄,2,平,ci.清.0019.pinyin.json 第2阕第16字 语料拼音 jué,待裁定
ci.清.0019.pinyin.json#211,1,12,长,2,平,3,仄,ci.清.0019.pinyin.json 第2阕第13字 语料拼音 zhǎng,待裁定
ci.清.0019.pinyin.json#211,1,20,别,4,仄,2,平,ci.清.0019.pinyin.json 第2阕第21字 语料拼音 bié,待裁定
ci.清.0019.pinyin.json#217,1,9,长,2,平,3,仄,ci.清.0019.pinyin.json 第2阕第10字 语料拼音 zhǎng,待裁定
ci.清.0019.pinyin.json#225,1,32,长,2,平,3,仄,ci.清.0019.pinyin.json 第2阕第33字 语料拼音 zhǎng,待裁定
ci.清.0019.pinyin.json#230,0,4,长,2,平,3,仄,ci.清.0019.pinyin.json 第1阕第5字 语料拼音 zhǎng,待裁定
ci.清.0019.pinyin.json#233,0,24,长,2,平,3,仄,ci.清.0019.pinyin.json 第1阕第25字 语料拼音 zhǎng,待裁定
ci.清.0019.pinyin.json#235,1,18,别,4,仄,2,平,ci.清.0019.pinyin.json 第2阕第19字 语料拼音 bié,待裁定
ci.清.0019.pinyin.json#237,1,14,长,2,平,3,仄,ci.清.0019.pinyin.json 第2阕第15字 语料拼音 zhǎng,待裁定
ci.清.0019.pinyin.json#241,0,31,长,2,平,3,仄,ci.清.0019.pinyin.json 第1阕第32字 语料拼音 zhǎng,待裁定
ci.清.0019.pinyin.json#242,1,36,长,2,平,3,仄,ci.清.0019.pinyin.json 第2阕第37字 语料拼音 zhǎng,待裁定
ci.清.0019.pinyin.json#243,0,41,长,2,平,3,仄,ci.清.0019.pinyin.json 第1阕第42字 语料拼音 zhǎng,待裁定
ci.清.0019.pinyin.json#244,0,37,长,2,平,3,仄,ci.清.0019.pinyin.json 第1阕第38字 语料拼音 zhǎng,待裁定
ci.清.0019.pinyin.json#246,0,24,长,2,平,3,仄,ci.清.0019.pinyin.json 第1阕第25字 语料拼音 zhǎng,待裁定
ci.清.0019.pinyin.json#246,1,6,别,4,仄,2,平,ci.清.0019.pinyin.json 第2阕第7字 语料拼音 bié,待裁定
ci.清.0019.pinyin.json#246,1,27,长,2,平,3,仄,ci.清.0019.pinyin.json 第2阕第28字 语料拼音 zhǎng,待裁定
ci.清.0019.pinyin.json#247,0,6,别,4,仄,2,平,ci.清.0019.pinyin.json 第1阕第7字 语料拼音 bié,待裁定
ci.清.0019.pinyin.json#248,1,13,长,2,平,3,仄,ci.清.0019.pinyin.json 第2阕第14字 语料拼音 zhǎng,待裁定
ci.清.0019.pinyin.json#252,0,17,别,4,仄,2,平,ci.清.0019.pinyin.json 第1阕第18字 语料拼音 bié,待裁定
ci.清.0019.pinyin.json#256,0,23,别,4,仄,2,平,ci.清.0019.pinyin.json 第1阕第24字 语料拼音 bié,待裁定
ci.清.0019.pinyin.json#256,1,42,长,2,平,3,仄,ci.清.0019.pinyin.json 第2阕第43字 语料拼音 zhǎng,待裁定
ci.清.0019.pinyin.json#266,0,15,绝,4,仄,2,平,ci.清.0019.pinyin.json 第1阕第16字 语料拼音 jué,待裁定
ci.清.0019.pinyin.json#266,1,45,长,2,平,3,仄,ci.清.0019.pinyin.json 第2阕第46字 语料拼音 zhǎng,待裁定
ci.清.0019.pinyin.json#267,0,11,长,2,平,3,仄,ci.清.0019.pinyin.json 第1阕第12字 语料拼音 zhǎng,待裁定
ci.清.0019.pinyin.json#267,1,25,长,2,平,3,仄,ci.清.0019.pinyin.json 第2阕第26字 语料拼音 zhǎng,待裁定
ci.清.0019.pinyin.json#268,0,46,绝,4,仄,2,平,ci.清.0019.pinyin.json 第1阕第47字 语料拼音 jué,待裁定
ci.清.0019.pinyin.json#269,1,14,甚,4,仄,2,平,ci.清.0019.pinyin.json 第2阕第15字 语料拼音 shén,待裁定
ci.清.0019.pinyin.json#271,1,17,长,2,平,3,仄,ci.清.0019.pinyin.json 第2阕第18字 语料拼音 zhǎng,待裁定
ci.清.0019.pinyin.json#272,1,21,长,2,平,3,仄,ci.清.0019.pinyin.json 第2阕第22字 语料拼音 zhǎng,待裁定
ci.清.0019.pinyin.json#279,1,6,长,2,平,3,仄,ci.清.0019.pinyin.json 第2阕第7字 语料拼音 zhǎng,待裁定
ci.清.0019.pinyin.json#280,1,14,别,4,仄,2,平,ci.清.0019.pinyin.json 第2阕第15字 语料拼音 bié,待裁定
ci.清.0019.pinyin.json#281,1,14,别,4,仄,2,平,ci.清.0019.pinyin.json 第2阕第15字 语料拼音 bié,待裁定
ci.清.0019.pinyin.json#282,1,14,别,4,仄,2,平,ci.清.0019.pinyin.json 第2阕第15字 语料拼音 bié,待裁定
ci.清.0019.pinyin.json#284,0,25,别,4,仄,2,平,ci.清.0019.pinyin.json 第1阕第26字 语料拼音 bié,待裁定
ci.清.0019.pinyin.json#286,0,5,长,2,平,3,仄,ci.清.0019.pinyin.json 第1阕第6字 语料拼音 zhǎng,待裁定
ci.清.0019.pinyin.json#286,0,7,别,4,仄,2,平,ci.清.0019.pinyin.json 第1阕第8字 语料拼音 bié,待裁定
ci.清.0019.pinyin.json#287,0,15,长,2,平,3,仄,ci.清.0019.pinyin.json 第1阕第16字 语料拼音 zhǎng,待裁定
ci.清.0019.pinyin.json#287,0,38,别,4,仄,2,平,ci.清.0019.pinyin.json 第1阕第39字 语料拼音 bié,待裁定
ci.清.0019.pinyin.json#287,1,17,长,2,平,3,仄,ci.清.0019.pinyin.json 第2阕第18字 语料拼音 zhǎng,待裁定
ci.清.0019.pinyin.json#287,1,41,长,2,平,3,仄,ci.清.0019.pinyin.json 第2阕第42字 语料拼音 zhǎng,待裁定
ci.清.0019.pinyin.json#288,0,9,长,2,平,3,仄,ci.清.0019.pinyin.json 第1阕第10字 语料拼音 zhǎng,待裁定
ci.清.0019.pinyin.json#291,0,5,长,2,平,3,仄,ci.清.0019.pinyin.json 第1阕第6字 语料拼音 zhǎng,待裁定
ci.清.0019.pinyin.json#293,1,45,别,4,仄,2,平,ci.清.0019.pinyin.json 第2阕第46字 语料拼音 bié,待裁定
ci.清.0019.pinyin.json#295,0,41,长,2,平,3,仄,ci.清.0019.pinyin.json 第1阕第42字 语料拼音 zhǎng,待裁定
ci.清.0019.pinyin.json#295,1,40,绝,4,仄,2,平,ci.清.0019.pinyin.json 第2阕第41字 语料拼音 jué,待裁定
ci.清.0019.pinyin.json#300,0,36,长,2,平,3,仄,ci.清.0019.pinyin.json 第1阕第37字 语料拼音 zhǎng,待裁定
ci.清.0019.pinyin.json#301,0,13,长,2,平,3,仄,ci.清.0019.pinyin.json 第1阕第14字 语料拼音 zhǎng,待裁定
ci.清.0019.pinyin.json#304,1,0,长,2,平,3,仄,ci.清.0019.pinyin.json 第2阕第1字 语料拼音 zhǎng,待裁定
ci.清.0019.pinyin.json#312,1,23,甚,4,仄,2,平,ci.清.0019.pinyin.json 第2阕第24字 语料拼音 shén,待裁定
ci.清.0019.pinyin.json#314,0,13,别,4,仄,2,平,ci.清.0019.pinyin.json 第1阕第14字 语料拼音 bié,待裁定
ci.清.0019.pinyin.json#315,1,34,绝,4,仄,2,平,ci.清.0019.pinyin.json 第2阕第35字 语料拼音 jué,待裁定
ci.清.0019.pinyin.json#318,1,47,长,2,平,3,仄,ci.清.0019.pinyin.json 第2阕第48字 语料拼音 zhǎng,待裁定
ci.清.0019.pinyin.json#319,1,50,别,4,仄,2,平,ci.清.0019.pinyin.json 第2阕第51字 语料拼音 bié,待裁定
ci.清.0019.pinyin.json#326,0,2,长,2,平,3,仄,ci.清.0019.pinyin.json 第1阕第3字 语料拼音 zhǎng,待裁定
ci.清.0019.pinyin.json#331,0,40,长,2,平,3,仄,ci.清.0019.pinyin.json 第1阕第41字 语料拼音 zhǎng,待裁定
ci.清.0019.pinyin.json#333,0,13,绝,4,仄,2,平,ci.清.0019.pinyin.json 第1阕第14字 语料拼音 jué,待裁定
ci.清.0019.pinyin.json#335,1,40,长,2,平,3,仄,ci.清.0019.pinyin.json 第2阕第41字 语料拼音 zhǎng,待裁定
ci.清.0019.pinyin.json#336,0,6,长,2,平,3,仄,ci.清.0019.pinyin.json 第1阕第7字 语料拼音 zhǎng,待裁定
ci.清.0019.pinyin.json#337,0,0,长,2,平,3,仄,ci.清.0019.pinyin.json 第1阕第1字 语料拼音 zhǎng,待裁定
ci.清.0019.pinyin.json#339,0,38,绝,4,仄,2,平,ci.清.0019.pinyin.json 第1阕第39字 语料拼音 jué,待裁定
ci.清.0019.pinyin.json#342,0,25,绝,4,仄,2,平,ci.清.0019.pinyin.json 第1阕第26字 语料拼音 jué,待裁定
ci.清.0019.pinyin.json#347,1,25,别,4,仄,2,平,ci.清.0019.pinyin.json 第2阕第26字 语料拼音 bié,待裁定
ci.清.0019.pinyin.json#351,1,0,长,2,平,3,仄,ci.清.0019.pinyin.json 第2阕第1字 语料拼音 zhǎng,待裁定
ci.清.0019.pinyin.json#353,1,2,别,4,仄,2,平,ci.清.0019.pinyin.json 第2阕第3字 语料拼音 bié,待裁定
ci.清.0019.pinyin.json#358,1,18,绝,4,仄,2,平,ci.清.0019.pinyin.json 第2阕第19字 语料拼音 jué,待裁定
ci.清.0019.pinyin.json#362,0,28,别,4,仄,2,平,ci.清.0019.pinyin.json 第1阕第29字 语料拼音 bié,待裁定
ci.清.0019.pinyin.json#362,0,57,长,2,平,3,仄,ci.清.0019.pinyin.json 第1阕第58字 语料拼音 zhǎng,待裁定
ci.清.0019.pinyin.json#367,0,18,长,2,平,3,仄,ci.清.0019.pinyin.json 第1阕第19字 语料拼音 zhǎng,待裁定
ci.清.0019.pinyin.json#367,1,9,绝,4,仄,2,平,ci.清.0019.pinyin.json 第2阕第10字 语料拼音 jué,待裁定
ci.清.0019.pinyin.json#369,1,15,长,2,平,3,仄,ci.清.0019.pinyin.json 第2阕第16字 语料拼音 zhǎng,待裁定
ci.清.0019.pinyin.json#372,1,39,长,2,平,3,仄,ci.清.0019.pinyin.json 第2阕第40字 语料拼音 zhǎng,待裁定
ci.清.0019.pinyin.json#373,0,22,长,2,平,3,仄,ci.清.0019.pinyin.json 第1阕第23字 语料拼音 zhǎng,待裁定
ci.清.0019.pinyin.json#373,1,11,别,4,仄,2,平,ci.清.0019.pinyin.json 第2阕第12字 语料拼音 bié,待裁定
ci.清.0019.pinyin.json#375,1,18,别,4,仄,2,平,ci.清.0019.pinyin.json 第2阕第19字 语料拼音 bié,待裁定
ci.清.0019.pinyin.json#377,1,7,长,2,平,3,仄,ci.清.0019.pinyin.json 第2阕第8字 语料拼音 zhǎng,待裁定
ci.清.0019.pinyin.json#385,0,2,长,2,平,3,仄,ci.清.0019.pinyin.json 第1阕第3字 语料拼音 zhǎng,待裁定
ci.清.0019.pinyin.json#386,0,7,长,2,平,3,仄,ci.清.0019.pinyin.json 第1阕第8字 语料拼音 zhǎng,待裁定
ci.清.0019.pinyin.json#387,0,21,长,2,平,3,仄,ci.清.0019.pinyin.json 第1阕第22字 语料拼音 zhǎng,待裁定
ci.清.0019.pinyin.json#393,0,41,甚,4,仄,2,平,ci.清.0019.pinyin.json 第1阕第42字 语料拼音 shén,待裁定
ci.清.0019.pinyin.json#395,0,51,别,4,仄,2,平,ci.清.0019.pinyin.json 第1阕第52字 语料拼音 bié,待裁定
ci.清.0019.pinyin.json#403,0,44,别,4,仄,2,平,ci.清.0019.pinyin.json 第1阕第45字 语料拼音 bié,待裁定
ci.清.0019.pinyin.json#403,1,34,长,2,平,3,仄,ci.清.0019.pinyin.json 第2阕第35字 语料拼音 zhǎng,待裁定
ci.清.0019.pinyin.json#406,0,6,别,4,仄,2,平,ci.清.0019.pinyin.json 第1阕第7字 语料拼音 bié,待裁定
ci.清.0019.pinyin.json#407,1,1,别,4,仄,2,平,ci.清.0019.pinyin.json 第2阕第2字 语料拼音 bié,待裁定
ci.清.0019.pinyin.json#409,1,42,长,2,平,3,仄,ci.清.0019.pinyin.json 第2阕第43字 语料拼音 zhǎng,待裁定
ci.清.0019.pinyin.json#413,1,0,长,2,平,3,仄,ci.清.0019.pinyin.json 第2阕第1字 语料拼音 zhǎng,待裁定
ci.清.0019.pinyin.json#428,1,0,长,2,平,3,仄,ci.清.0019.pinyin.json 第2阕第1字 语料拼音 zhǎng,待裁定
ci.清.0019.pinyin.json#444,1,4,长,2,平,3,仄,ci.清.0019.pinyin.json 第2阕第5字 语料拼音 zhǎng,待裁定
ci.清.0019.pinyin.json#458,1,26,绝,4,仄,2,平,ci.清.0019.pinyin.json 第2阕第27字 语料拼音 jué,待裁定
ci.清.0019.pinyin.json#461,0,0,长,2,平,3,仄,ci.清.0019.pinyin.json 第1阕第1字 语料拼音 zhǎng,待裁定
ci.清.0019.pinyin.json#471,0,12,长,2,平,3,仄,ci.清.0019.pinyin.json 第1阕第13字 语料拼音 zhǎng,待裁定
ci.清.0019.pinyin.json#472,1,28,别,4,仄,2,平,ci.清.0019.pinyin.json 第2阕第29字 语料拼音 bié,待裁定
ci.清.0019.pinyin.json#473,1,23,长,2,平,3,仄,ci.清.0019.pinyin.json 第2阕第24字 语料拼音 zhǎng,待裁定
ci.清.0019.pinyin.json#474,1,2,别,4,仄,2,平,ci.清.0019.pinyin.json 第2阕第3字 语料拼音 bié,待裁定
ci.清.0019.pinyin.json#478,0,13,别,4,仄,2,平,ci.清.0019.pinyin.json 第1阕第14字 语料拼音 bié,待裁定
ci.清.0019.pinyin.json#478,1,4,长,2,平,3,仄,ci.清.0019.pinyin.json 第2阕第5字 语料拼音 zhǎng,待裁定
ci.清.0019.pinyin.json#480,0,1,绝,4,仄,2,平,ci.清.0019.pinyin.json 第1阕第2字 语料拼音 jué,待裁定
ci.清.0019.pinyin.json#490,0,16,别,4,仄,2,平,ci.清.0019.pinyin.json 第1阕第17字 语料拼音 bié,待裁定
ci.清.0019.pinyin.json#504,0,6,别,4,仄,2,平,ci.清.0019.pinyin.json 第1阕第7字 语料拼音 bié,待裁定
ci.清.0019.pinyin.json#505,0,23,长,2,平,3,仄,ci.清.0019.pinyin.json 第1阕第24字 语料拼音 zhǎng,待裁定
ci.清.0019.pinyin.json#506,0,6,别,4,仄,2,平,ci.清.0019.pinyin.json 第1阕第7字 语料拼音 bié,待裁定
ci.清.0019.pinyin.json#508,0,14,绝,4,仄,2,平,ci.清.0019.pinyin.json 第1阕第15字 语料拼音 jué,待裁定
ci.清.0019.pinyin.json#514,1,5,甚,4,仄,2,平,ci.清.0019.pinyin.json 第2阕第6字 语料拼音 shén,待裁定
ci.清.0019.pinyin.json#515,1,19,别,4,仄,2,平,ci.清.0019.pinyin.json 第2阕第20字 语料拼音 bié,待裁定
ci.清.0019.pinyin.json#519,0,22,长,2,平,3,仄,ci.清.0019.pinyin.json 第1阕第23字 语料拼音 zhǎng,待裁定
ci.清.0019.pinyin.json#523,1,22,长,2,平,3,仄,ci.清.0019.pinyin.json 第2阕第23字 语料拼音 zhǎng,待裁定
ci.清.0019.pinyin.json#527,0,26,绝,4,仄,2,平,ci.清.0019.pinyin.json 第1阕第27字 语料拼音 jué,待裁定
ci.清.0019.pinyin.json#527,0,32,别,4,仄,2,平,ci.清.0019.pinyin.json 第1阕第33字 语料拼音 bié,待裁定
ci.清.0019.pinyin.json#528,0,15,长,2,平,3,仄,ci.清.0019.pinyin.json 第1阕第16字 语料拼音 zhǎng,待裁定
ci.清.0019.pinyin.json#529,1,5,别,4,仄,2,平,ci.清.0019.pinyin.json 第2阕第6字 语料拼音 bié,待裁定
ci.清.0019.pinyin.json#531,0,27,别,4,仄,2,平,ci.清.0019.pinyin.json 第1阕第28字 语料拼音 bié,待裁定
ci.清.0019.pinyin.json#534,0,32,别,4,仄,2,平,ci.清.0019.pinyin.json 第1阕第33字 语料拼音 bié,待裁定
ci.清.0019.pinyin.json#535,0,1,别,4,仄,2,平,ci.清.0019.pinyin.json 第1阕第2字 语料拼音 bié,待裁定
ci.清.0019.pinyin.json#535,0,12,别,4,仄,2,平,ci.清.0019.pinyin.json 第1阕第13字 语料拼音 bié,待裁定
ci.清.0019.pinyin.json#537,1,7,长,2,平,3,仄,ci.清.0019.pinyin.json 第2阕第8字 语料拼音 zhǎng,待裁定
ci.清.0019.pinyin.json#548,0,12,绝,4,仄,2,平,ci.清.0019.pinyin.json 第1阕第13字 语料拼音 jué,待裁定
ci.清.0019.pinyin.json#548,1,14,别,4,仄,2,平,ci.清.0019.pinyin.json 第2阕第15字 语料拼音 bié,待裁定
ci.清.0019.pinyin.json#550,1,14,长,2,平,3,仄,ci.清.0019.pinyin.json 第2阕第15字 语料拼音 zhǎng,待裁定
ci.清.0019.pinyin.json#552,0,20,绝,4,仄,2,平,ci.清.0019.pinyin.json 第1阕第21字 语料拼音 jué,待裁定
ci.清.0019.pinyin.json#552,0,38,绝,4,仄,2,平,ci.清.0019.pinyin.json 第1阕第39字 语料拼音 jué,待裁定
ci.清.0019.pinyin.json#552,1,4,长,2,平,3,仄,ci.清.0019.pinyin.json 第2阕第5字 语料拼音 zhǎng,待裁定
ci.清.0019.pinyin.json#553,1,27,长,2,平,3,仄,ci.清.0019.pinyin.json 第2阕第28字 语料拼音 zhǎng,待裁定
ci.清.0019.pinyin.json#554,1,9,长,2,平,3,仄,ci.清.0019.pinyin.json 第2阕第10字 语料拼音 zhǎng,待裁定
ci.清.0019.pinyin.json#555,1,50,长,2,平,3,仄,ci.清.0019.pinyin.json 第2阕第51字 语料拼音 zhǎng,待裁定
ci.清.0019.pinyin.json#556,0,8,长,2,平,3,仄,ci.清.0019.pinyin.json 第1阕第9字 语料拼音 zhǎng,待裁定
ci.清.0019.pinyin.json#556,1,1,绝,4,仄,2,平,ci.清.0019.pinyin.json 第2阕第2字 语料拼音 jué,待裁定
ci.清.0019.pinyin.json#556,1,3,绝,4,仄,2,平,ci.清.0019.pinyin.json 第2阕第4字 语料拼音 jué,待裁定
ci.清.0019.pinyin.json#557,0,37,绝,4,仄,2,平,ci.清.0019.pinyin.json 第1阕第38字 语料拼音 jué,待裁定
ci.清.0019.pinyin.json#558,0,24,别,4,仄,2,平,ci.清.0019.pinyin.json 第1阕第25字 语料拼音 bié,待裁定
ci.清.0019.pinyin.json#558,1,38,别,4,仄,2,平,ci.清.0019.pinyin.json 第2阕第39字 语料拼音 bié,待裁定
ci.清.0019.pinyin.json#559,1,5,别,4,仄,2,平,ci.清.0019.pinyin.json 第2阕第6字 语料拼音 bié,待裁定
ci.清.0019.pinyin.json#560,1,18,别,4,仄,2,平,ci.清.0019.pinyin.json 第2阕第19字 语料拼音 bié,待裁定
ci.清.0019.pinyin.json#561,0,28,甚,4,仄,2,平,ci.清.0019.pinyin.json 第1阕第29字 语料拼音 shén,待裁定
ci.清.0019.pinyin.json#561,0,37,绝,4,仄,2,平,ci.清.0019.pinyin.json 第1阕第38字 语料拼音 jué,待裁定
ci.清.0019.pinyin.json#562,0,52,长,2,平,3,仄,ci.清.0019.pinyin.json 第1阕第53字 语料拼音 zhǎng,待裁定
ci.清.0019.pinyin.json#567,1,36,长,2,平,3,仄,ci.清.0019.pinyin.json 第2阕第37字 语料拼音 zhǎng,待裁定
ci.清.0019.pinyin.json#568,0,24,绝,4,仄,2,平,ci.清.0019.pinyin.json 第1阕第25字 语料拼音 jué,待裁定
ci.清.0019.pinyin.json#568,0,36,别,4,仄,2,平,ci.清.0019.pinyin.json 第1阕第37字 语料拼音 bié,待裁定
ci.清.0019.pinyin.json#569,0,47,绝,4,仄,2,平,ci.清.0019.pinyin.json 第1阕第48字 语料拼音 jué,待裁定
ci.清.0019.pinyin.json#576,1,14,长,2,平,3,仄,ci.清.0019.pinyin.json 第2阕第15字 语料拼音 zhǎng,待裁定
ci.清.0019.pinyin.json#579,0,38,绝,4,仄,2,平,ci.清.0019.pinyin.json 第1阕第39字 语料拼音 jué,待裁定
ci.清.0019.pinyin.json#579,1,15,绝,4,仄,2,平,ci.清.0019.pinyin.json 第2阕第16字 语料拼音 jué,待裁定
ci.清.0019.pinyin.json#581,0,20,长,2,平,3,仄,ci.清.0019.pinyin.json 第1阕第21字 语料拼音 zhǎng,待裁定
ci.清.0019.pinyin.json#589,0,2,长,2,平,3,仄,ci.清.0019.pinyin.json 第1阕第3字 语料拼音 zhǎng,待裁定
ci.清.0019.pinyin.json#594,1,49,甚,4,仄,2,平,ci.清.0019.pinyin.json 第2阕第50字 语料拼音 shén,待裁定
ci.清.0019.pinyin.json#598,1,46,长,2,平,3,仄,ci.清.0019.pinyin.json 第2阕第47字 语料拼音 zhǎng,待裁定
ci.清.0019.pinyin.json#600,1,34,甚,4,仄,2,平,ci.清.0019.pinyin.json 第2阕第35字 语料拼音 shén,待裁定
ci.清.0019.pinyin.json#609,0,20,别,4,仄,2,平,ci.清.0019.pinyin.json 第1阕第21字 语料拼音 bié,待裁定
ci.清.0019.pinyin.json#610,0,49,长,2,平,3,仄,ci.清.0019.pinyin.json 第1阕第50字 语料拼音 zhǎng,待裁定
ci.清.0019.pinyin.json#611,1,4,长,2,平,3,仄,ci.清.0019.pinyin.json 第2阕第5字 语料拼音 zhǎng,待裁定
ci.清.0019.pinyin.json#614,1,19,长,2,平,3,仄,ci.清.0019.pinyin.json 第2阕第20字 语料拼音 zhǎng,待裁定
ci.清.0019.pinyin.json#617,0,14,长,2,平,3,仄,ci.清.0019.pinyin.json 第1阕第15字 语料拼音 zhǎng,待裁定
ci.清.0019.pinyin.json#617,0,30,别,4,仄,2,平,ci.清.0019.pinyin.json 第1阕第31字 语料拼音 bié,待裁定
ci.清.0019.pinyin.json#617,1,47,别,4,仄,2,平,ci.清.0019.pinyin.json 第2阕第48字 语料拼音 bié,待裁定
ci.清.0019.pinyin.json#618,0,7,别,4,仄,2,平,ci.清.0019.pinyin.json 第1阕第8字 语料拼音 bié,待裁定
ci.清.0019.pinyin.json#618,0,44,别,4,仄,2,平,ci.清.0019.pinyin.json 第1阕第45字 语料拼音 bié,待裁定
ci.清.0019.pinyin.json#619,1,43,甚,4,仄,2,平,ci.清.0019.pinyin.json 第2阕第44字 语料拼音 shén,待裁定
ci.清.0019.pinyin.json#621,0,2,长,2,平,3,仄,ci.清.0019.pinyin.json 第1阕第3字 语料拼音 zhǎng,待裁定
ci.清.0019.pinyin.json#621,1,4,长,2,平,3,仄,ci.清.0019.pinyin.json 第2阕第5字 语料拼音 zhǎng,待裁定
ci.清.0019.pinyin.json#621,1,16,别,4,仄,2,平,ci.清.0019.pinyin.json 第2阕第17字 语料拼音 bié,待裁定
ci.清.0019.pinyin.json#622,1,5,绝,4,仄,2,平,ci.清.0019.pinyin.json 第2阕第6字 语料拼音 jué,待裁定
ci.清.0019.pinyin.json#625,0,53,绝,4,仄,2,平,ci.清.0019.pinyin.json 第1阕第54字 语料拼音 jué,待裁定
ci.清.0019.pinyin.json#626,1,16,长,2,平,3,仄,ci.清.0019.pinyin.json 第2阕第17字 语料拼音 zhǎng,待裁定
ci.清.0019.pinyin.json#627,0,48,甚,4,仄,2,平,ci.清.0019.pinyin.json 第1阕第49字 语料拼音 shén,待裁定
ci.清.0019.pinyin.json#630,1,8,长,2,平,3,仄,ci.清.0019.pinyin.json 第2阕第9字 语料拼音 zhǎng,待裁定
ci.清.0019.pinyin.json#630,1,9,别,4,仄,2,平,ci.清.0019.pinyin.json 第2阕第10字 语料拼音 bié,待裁定
ci.清.0019.pinyin.json#632,0,9,别,4,仄,2,平,ci.清.0019.pinyin.json 第1阕第10字 语料拼音 bié,待裁定
ci.清.0019.pinyin.json#634,0,4,甚,4,仄,2,平,ci.清.0019.pinyin.json 第1阕第5字 语料拼音 shén,待裁定
ci.清.0019.pinyin.json#635,0,15,绝,4,仄,2,平,ci.清.0019.pinyin.json 第1阕第16字 语料拼音 jué,待裁定
ci.清.0019.pinyin.json#636,0,42,甚,4,仄,2,平,ci.清.0019.pinyin.json 第1阕第43字 语料拼音 shén,待裁定
ci.清.0019.pinyin.json#641,1,4,别,4,仄,2,平,ci.清.0019.pinyin.json 第2阕第5字 语料拼音 bié,待裁定
ci.清.0019.pinyin.json#643,1,21,长,2,平,3,仄,ci.清.0019.pinyin.json 第2阕第22字 语料拼音 zhǎng,待裁定
ci.清.0019.pinyin.json#644,0,26,绝,4,仄,2,平,ci.清.0019.pinyin.json 第1阕第27字 语料拼音 jué,待裁定
ci.清.0019.pinyin.json#648,0,46,甚,4,仄,2,平,ci.清.0019.pinyin.json 第1阕第47字 语料拼音 shén,待裁定
ci.清.0019.pinyin.json#656,0,22,长,2,平,3,仄,ci.清.0019.pinyin.json 第1阕第23字 语料拼音 zhǎng,待裁定
ci.清.0019.pinyin.json#662,0,48,绝,4,仄,2,平,ci.清.0019.pinyin.json 第1阕第49字 语料拼音 jué,待裁定
ci.清.0019.pinyin.json#663,1,32,长,2,平,3,仄,ci.清.0019.pinyin.json 第2阕第33字 语料拼音 zhǎng,待裁定
ci.清.0019.pinyin.json#665,0,21,别,4,仄,2,平,ci.清.0019.pinyin.json 第1阕第22字 语料拼音 bié,待裁定
ci.清.0019.pinyin.json#666,0,15,长,2,平,3,仄,ci.清.0019.pinyin.json 第1阕第16字 语料拼音 zhǎng,待裁定
ci.清.0019.pinyin.json#667,1,8,长,2,平,3,仄,ci.清.0019.pinyin.json 第2阕第9字 语料拼音 zhǎng,待裁定
ci.清.0019.pinyin.json#669,1,19,甚,4,仄,2,平,ci.清.0019.pinyin.json 第2阕第20字 语料拼音 shén,待裁定
ci.清.0019.pinyin.json#669,1,41,别,4,仄,2,平,ci.清.0019.pinyin.json 第2阕第42字 语料拼音 bié,待裁定
ci.清.0019.pinyin.json#671,1,27,绝,4,仄,2,平,ci.清.0019.pinyin.json 第2阕第28字 语料拼音 jué,待裁定
ci.清.0019.pinyin.json#675,1,46,长,2,平,3,仄,ci.清.0019.pinyin.json 第2阕第47字 语料拼音 zhǎng,待裁定
ci.清.0019.pinyin.json#676,0,28,绝,4,仄,2,平,ci.清.0019.pinyin.json 第1阕第29字 语料拼音 jué,待裁定
ci.清.0019.pinyin.json#676,1,9,长,2,平,3,仄,ci.清.0019.pinyin.json 第2阕第10字 语料拼音 zhǎng,待裁定
ci.清.0019.pinyin.json#678,0,0,长,2,平,3,仄,ci.清.0019.pinyin.json 第1阕第1字 语料拼音 zhǎng,待裁定
ci.清.0019.pinyin.json#678,0,9,别,4,仄,2,平,ci.清.0019.pinyin.json 第1阕第10字 语料拼音 bié,待裁定
ci.清.0019.pinyin.json#681,0,37,长,2,平,3,仄,ci.清.0019.pinyin.json 第1阕第38字 语料拼音 zhǎng,待裁定
ci.清.0019.pinyin.json#687,1,40,别,4,仄,2,平,ci.清.0019.pinyin.json 第2阕第41字 语料拼音 bié,待裁定
ci.清.0019.pinyin.json#689,0,3,别,4,仄,2,平,ci.清.0019.pinyin.json 第1阕第4字 语料拼音 bié,待裁定
ci.清.0019.pinyin.json#689,0,44,长,2,平,3,仄,ci.清.0019.pinyin.json 第1阕第45字 语料拼音 zhǎng,待裁定
ci.清.0019.pinyin.json#691,1,37,长,2,平,3,仄,ci.清.0019.pinyin.json 第2阕第38字 语料拼音 zhǎng,待裁定
ci.清.0019.pinyin.json#694,1,9,长,2,平,3,仄,ci.清.0019.pinyin.json 第2阕第10字 语料拼音 zhǎng,待裁定
ci.清.0019.pinyin.json#701,1,5,长,2,平,3,仄,ci.清.0019.pinyin.json 第2阕第6字 语料拼音 zhǎng,待裁定
ci.清.0019.pinyin.json#702,0,39,长,2,平,3,仄,ci.清.0019.pinyin.json 第1阕第40字 语料拼音 zhǎng,待裁定
ci.清.0019.pinyin.json#703,0,6,绝,4,仄,2,平,ci.清.0019.pinyin.json 第1阕第7字 语料拼音 jué,待裁定
ci.清.0019.pinyin.json#703,1,25,别,4,仄,2,平,ci.清.0019.pinyin.json 第2阕第26字 语料拼音 bié,待裁定
ci.清.0019.pinyin.json#703,1,45,甚,4,仄,2,平,ci.清.0019.pinyin.json 第2阕第46字 语料拼音 shén,待裁定
ci.清.0019.pinyin.json#708,0,10,长,2,平,3,仄,ci.清.0019.pinyin.json 第1阕第11字 语料拼音 zhǎng,待裁定
ci.清.0019.pinyin.json#708,1,9,长,2,平,3,仄,ci.清.0019.pinyin.json 第2阕第10字 语料拼音 zhǎng,待裁定
ci.清.0019.pinyin.json#715,0,20,长,2,平,3,仄,ci.清.0019.pinyin.json 第1阕第21字 语料拼音 zhǎng,待裁定
ci.清.0019.pinyin.json#716,1,20,别,4,仄,2,平,ci.清.0019.pinyin.json 第2阕第21字 语料拼音 bié,待裁定
ci.清.0019.pinyin.json#717,1,5,别,4,仄,2,平,ci.清.0019.pinyin.json 第2阕第6字 语料拼音 bié,待裁定
ci.清.0019.pinyin.json#719,1,18,别,4,仄,2,平,ci.清.0019.pinyin.json 第2阕第19字 语料拼音 bié,待裁定
ci.清.0019.pinyin.json#725,1,33,甚,4,仄,2,平,ci.清.0019.pinyin.json 第2阕第34字 语料拼音 shén,待裁定
ci.清.0019.pinyin.json#726,1,7,长,2,平,3,仄,ci.清.0019.pinyin.json 第2阕第8字 语料拼音 zhǎng,待裁定
ci.清.0019.pinyin.json#726,1,32,甚,4,仄,2,平,ci.清.0019.pinyin.json 第2阕第33字 语料拼音 shén,待裁定
ci.清.0019.pinyin.json#726,1,45,甚,4,仄,2,平,ci.清.0019.pinyin.json 第2阕第46字 语料拼音 shén,待裁定
ci.清.0019.pinyin.json#729,0,10,长,2,平,3,仄,ci.清.0019.pinyin.json 第1阕第11字 语料拼音 zhǎng,待裁定
ci.清.0019.pinyin.json#729,1,37,甚,4,仄,2,平,ci.清.0019.pinyin.json 第2阕第38字 语料拼音 shén,待裁定
ci.清.0019.pinyin.json#731,0,7,长,2,平,3,仄,ci.清.0019.pinyin.json 第1阕第8字 语料拼音 zhǎng,待裁定
ci.清.0019.pinyin.json#733,1,30,长,2,平,3,仄,ci.清.0019.pinyin.json 第2阕第31字 语料拼音 zhǎng,待裁定
ci.清.0019.pinyin.json#735,0,53,绝,4,仄,2,平,ci.清.0019.pinyin.json 第1阕第54字 语料拼音 jué,待裁定
ci.清.0019.pinyin.json#739,1,33,甚,4,仄,2,平,ci.清.0019.pinyin.json 第2阕第34字 语料拼音 shén,待裁定
ci.清.0019.pinyin.json#749,0,12,长,2,平,3,仄,ci.清.0019.pinyin.json 第1阕第13字 语料拼音 zhǎng,待裁定
ci.清.0019.pinyin.json#751,1,6,甚,4,仄,2,平,ci.清.0019.pinyin.json 第2阕第7字 语料拼音 shén,待裁定
ci.清.0019.pinyin.json#752,1,15,甚,4,仄,2,平,ci.清.0019.pinyin.json 第2阕第16字 语料拼音 shén,待裁定
ci.清.0019.pinyin.json#752,1,26,绝,4,仄,2,平,ci.清.0019.pinyin.json 第2阕第27字 语料拼音 jué,待裁定
ci.清.0019.pinyin.json#753,1,30,别,4,仄,2,平,ci.清.0019.pinyin.json 第2阕第31字 语料拼音 bié,待裁定
ci.清.0019.pinyin.json#759,1,32,长,2,平,3,仄,ci.清.0019.pinyin.json 第2阕第33字 语料拼音 zhǎng,待裁定
ci.清.0019.pinyin.json#760,1,2,甚,4,仄,2,平,ci.清.0019.pinyin.json 第2阕第3字 语料拼音 shén,待裁定
ci.清.0019.pinyin.json#760,1,38,绝,4,仄,2,平,ci.清.0019.pinyin.json 第2阕第39字 语料拼音 jué,待裁定
ci.清.0019.pinyin.json#764,0,14,长,2,平,3,仄,ci.清.0019.pinyin.json 第1阕第15字 语料拼音 zhǎng,待裁定
ci.清.0019.pinyin.json#765,1,17,长,2,平,3,仄,ci.清.0019.pinyin.json 第2阕第18字 语料拼音 zhǎng,待裁定
ci.清.0019.pinyin.json#767,1,29,绝,4,仄,2,平,ci.清.0019.pinyin.json 第2阕第30字 语料拼音 jué,待裁定
ci.清.0019.pinyin.json#767,1,35,长,2,平,3,仄,ci.清.0019.pinyin.json 第2阕第36字 语料拼音 zhǎng,待裁定
ci.清.0019.pinyin.json#774,0,5,长,2,平,3,仄,ci.清.0019.pinyin.json 第1阕第6字 语料拼音 zhǎng,待裁定
ci.清.0019.pinyin.json#775,1,40,绝,4,仄,2,平,ci.清.0019.pinyin.json 第2阕第41字 语料拼音 jué,待裁定
ci.清.0019.pinyin.json#784,0,30,长,2,平,3,仄,ci.清.0019.pinyin.json 第1阕第31字 语料拼音 zhǎng,待裁定
ci.清.0019.pinyin.json#787,1,15,长,2,平,3,仄,ci.清.0019.pinyin.json 第2阕第16字 语料拼音 zhǎng,待裁定
ci.清.0019.pinyin.json#788,0,10,别,4,仄,2,平,ci.清.0019.pinyin.json 第1阕第11字 语料拼音 bié,待裁定
ci.清.0019.pinyin.json#793,1,19,长,2,平,3,仄,ci.清.0019.pinyin.json 第2阕第20字 语料拼音 zhǎng,待裁定
ci.清.0019.pinyin.json#802,1,119,长,2,平,3,仄,ci.清.0019.pinyin.json 第2阕第120字 语料拼音 zhǎng,待裁定
ci.清.0019.pinyin.json#802,1,134,长,2,平,3,仄,ci.清.0019.pinyin.json 第2阕第135字 语料拼音 zhǎng,待裁定
ci.清.0019.pinyin.json#804,3,10,长,2,平,3,仄,ci.清.0019.pinyin.json 第4阕第11字 语料拼音 zhǎng,待裁定
ci.清.0019.pinyin.json#806,1,19,绝,4,仄,2,平,ci.清.0019.pinyin.json 第2阕第20字 语料拼音 jué,待裁定
ci.清.0019.pinyin.json#807,0,13,绝,4,仄,2,平,ci.清.0019.pinyin.json 第1阕第14字 语料拼音 jué,待裁定
ci.清.0019.pinyin.json#807,1,42,长,2,平,3,仄,ci.清.0019.pinyin.json 第2阕第43字 语料拼音 zhǎng,待裁定
ci.清.0019.pinyin.json#808,0,30,长,2,平,3,仄,ci.清.0019.pinyin.json 第1阕第31字 语料拼音 zhǎng,待裁定
ci.清.0019.pinyin.json#809,0,22,长,2,平,3,仄,ci.清.0019.pinyin.json 第1阕第23字 语料拼音 zhǎng,待裁定
ci.清.0019.pinyin.json#812,1,51,绝,4,仄,2,平,ci.清.0019.pinyin.json 第2阕第52字 语料拼音 jué,待裁定
ci.清.0019.pinyin.json#814,0,8,绝,4,仄,2,平,ci.清.0019.pinyin.json 第1阕第9字 语料拼音 jué,待裁定
ci.清.0019.pinyin.json#818,0,25,甚,4,仄,2,平,ci.清.0019.pinyin.json 第1阕第26字 语料拼音 shén,待裁定
ci.清.0019.pinyin.json#818,0,63,长,2,平,3,仄,ci.清.0019.pinyin.json 第1阕第64字 语料拼音 zhǎng,待裁定
ci.清.0019.pinyin.json#824,0,32,长,2,平,3,仄,ci.清.0019.pinyin.json 第1阕第33字 语料拼音 zhǎng,待裁定
ci.清.0019.pinyin.json#825,1,7,甚,4,仄,2,平,ci.清.0019.pinyin.json 第2阕第8字 语料拼音 shén,待裁定
ci.清.0019.pinyin.json#832,1,31,甚,4,仄,2,平,ci.清.0019.pinyin.json 第2阕第32字 语料拼音 shén,待裁定
ci.清.0019.pinyin.json#833,0,45,绝,4,仄,2,平,ci.清.0019.pinyin.json 第1阕第46字 语料拼音 jué,待裁定
ci.清.0019.pinyin.json#836,0,24,长,2,平,3,仄,ci.清.0019.pinyin.json 第1阕第25字 语料拼音 zhǎng,待裁定
ci.清.0019.pinyin.json#837,0,9,甚,4,仄,2,平,ci.清.0019.pinyin.json 第1阕第10字 语料拼音 shén,待裁定
ci.清.0019.pinyin.json#837,1,35,长,2,平,3,仄,ci.清.0019.pinyin.json 第2阕第36字 语料拼音 zhǎng,待裁定
ci.清.0019.pinyin.json#841,0,42,绝,4,仄,2,平,ci.清.0019.pinyin.json 第1阕第43字 语料拼音 jué,待裁定
ci.清.0019.pinyin.json#847,0,3,绝,4,仄,2,平,ci.清.0019.pinyin.json 第1阕第4字 语料拼音 jué,待裁定
ci.清.0019.pinyin.json#848,0,21,长,2,平,3,仄,ci.清.0019.pinyin.json 第1阕第22字 语料拼音 zhǎng,待裁定
ci.清.0019.pinyin.json#857,0,24,长,2,平,3,仄,ci.清.0019.pinyin.json 第1阕第25字 语料拼音 zhǎng,待裁定
ci.清.0019.pinyin.json#857,1,11,甚,4,仄,2,平,ci.清.0019.pinyin.json 第2阕第12字 语料拼音 shén,待裁定
ci.清.0019.pinyin.json#859,1,1,绝,4,仄,2,平,ci.清.0019.pinyin.json 第2阕第2字 语料拼音 jué,待裁定
ci.清.0019.pinyin.json#865,0,22,长,2,平,3,仄,ci.清.0019.pinyin.json 第1阕第23字 语料拼音 zhǎng,待裁定
ci.清.0019.pinyin.json#868,0,5,长,2,平,3,仄,ci.清.0019.pinyin.json 第1阕第6字 语料拼音 zhǎng,待裁定
ci.清.0019.pinyin.json#868,1,33,别,4,仄,2,平,ci.清.0019.pinyin.json 第2阕第34字 语料拼音 bié,待裁定
ci.清.0019.pinyin.json#871,0,14,绝,4,仄,2,平,ci.清.0019.pinyin.json 第1阕第15字 语料拼音 jué,待裁定
ci.清.0019.pinyin.json#880,1,26,别,4,仄,2,平,ci.清.0019.pinyin.json 第2阕第27字 语料拼音 bié,待裁定
ci.清.0019.pinyin.json#883,0,8,长,2,平,3,仄,ci.清.0019.pinyin.json 第1阕第9字 语料拼音 zhǎng,待裁定
ci.清.0019.pinyin.json#893,0,25,绝,4,仄,2,平,ci.清.0019.pinyin.json 第1阕第26字 语料拼音 jué,待裁定
ci.清.0019.pinyin.json#893,0,29,别,4,仄,2,平,ci.清.0019.pinyin.json 第1阕第30字 语料拼音 bié,待裁定
ci.清.0019.pinyin.json#893,1,13,长,2,平,3,仄,ci.清.0019.pinyin.json 第2阕第14字 语料拼音 zhǎng,待裁定
ci.清.0019.pinyin.json#901,1,15,长,2,平,3,仄,ci.清.0019.pinyin.json 第2阕第16字 语料拼音 zhǎng,待裁定
ci.清.0019.pinyin.json#912,0,4,绝,4,仄,2,平,ci.清.0019.pinyin.json 第1阕第5字 语料拼音 jué,待裁定
ci.清.0019.pinyin.json#913,0,14,长,2,平,3,仄,ci.清.0019.pinyin.json 第1阕第15字 语料拼音 zhǎng,待裁定
ci.清.0019.pinyin.json#913,1,17,长,2,平,3,仄,ci.清.0019.pinyin.json 第2阕第18字 语料拼音 zhǎng,待裁定
ci.清.0019.pinyin.json#918,1,6,甚,4,仄,2,平,ci.清.0019.pinyin.json 第2阕第7字 语料拼音 shén,待裁定
ci.清.0019.pinyin.json#928,0,10,长,2,平,3,仄,ci.清.0019.pinyin.json 第1阕第11字 语料拼音 zhǎng,待裁定
ci.清.0019.pinyin.json#930,1,20,长,2,平,3,仄,ci.清.0019.pinyin.json 第2阕第21字 语料拼音 zhǎng,待裁定
ci.清.0019.pinyin.json#931,1,16,长,2,平,3,仄,ci.清.0019.pinyin.json 第2阕第17字 语料拼音 zhǎng,待裁定
ci.清.0019.pinyin.json#942,0,7,长,2,平,3,仄,ci.清.0019.pinyin.json 第1阕第8字 语料拼音 zhǎng,待裁定
ci.清.0019.pinyin.json#951,1,0,别,4,仄,2,平,ci.清.0019.pinyin.json 第2阕第1字 语料拼音 bié,待裁定
ci.清.0019.pinyin.json#952,1,34,绝,4,仄,2,平,ci.清.0019.pinyin.json 第2阕第35字 语料拼音 jué,待裁定
ci.清.0019.pinyin.json#956,0,20,长,2,平,3,仄,ci.清.0019.pinyin.json 第1阕第21字 语料拼音 zhǎng,待裁定
ci.清.0019.pinyin.json#957,1,16,长,2,平,3,仄,ci.清.0019.pinyin.json 第2阕第17字 语料拼音 zhǎng,待裁定
ci.清.0019.pinyin.json#963,1,38,长,2,平,3,仄,ci.清.0019.pinyin.json 第2阕第39字 语料拼音 zhǎng,待裁定
ci.清.0019.pinyin.json#964,1,7,长,2,平,3,仄,ci.清.0019.pinyin.json 第2阕第8字 语料拼音 zhǎng,待裁定
ci.清.0019.pinyin.json#966,0,22,长,2,平,3,仄,ci.清.0019.pinyin.json 第1阕第23字 语料拼音 zhǎng,待裁定
ci.清.0019.pinyin.json#971,0,12,别,4,仄,2,平,ci.清.0019.pinyin.json 第1阕第13字 语料拼音 bié,待裁定
ci.清.0019.pinyin.json#971,1,28,绝,4,仄,2,平,ci.清.0019.pinyin.json 第2阕第29字 语料拼音 jué,待裁定
ci.清.0019.pinyin.json#973,0,48,绝,4,仄,2,平,ci.清.0019.pinyin.json 第1阕第49字 语料拼音 jué,待裁定
ci.清.0019.pinyin.json#977,1,4,长,2,平,3,仄,ci.清.0019.pinyin.json 第2阕第5字 语料拼音 zhǎng,待裁定
ci.清.0019.pinyin.json#982,0,46,长,2,平,3,仄,ci.清.0019.pinyin.json 第1阕第47字 语料拼音 zhǎng,待裁定
ci.清.0019.pinyin.json#983,0,0,长,2,平,3,仄,ci.清.0019.pinyin.json 第1阕第1字 语料拼音 zhǎng,待裁定
ci.清.0019.pinyin.json#985,1,42,长,2,平,3,仄,ci.清.0019.pinyin.json 第2阕第43字 语料拼音 zhǎng,待裁定
ci.清.0019.pinyin.json#991,0,21,绝,4,仄,2,平,ci.清.0019.pinyin.json 第1阕第22字 语料拼音 jué,待裁定
ci.清.0019.pinyin.json#995,0,23,别,4,仄,2,平,ci.清.0019.pinyin.json 第1阕第24字 语料拼音 bié,待裁定
ci.清.0019.pinyin.json#998,2,19,绝,4,仄,2,平,ci.清.0019.pinyin.json 第3阕第20字 语料拼音 jué,待裁定
ci.清.0020.pinyin.json#0,1,12,长,2,平,3,仄,ci.清.0020.pinyin.json 第2阕第13字 语料拼音 zhǎng,待裁定
ci.清.0020.pinyin.json#2,1,20,别,4,仄,2,平,ci.清.0020.pinyin.json 第2阕第21字 语料拼音 bié,待裁定
ci.清.0020.pinyin.json#13,2,13,长,2,平,3,仄,ci.清.0020.pinyin.json 第3阕第14字 语料拼音 zhǎng,待裁定
ci.清.0020.pinyin.json#13,4,8,别,4,仄,2,平,ci.清.0020.pinyin.json 第5阕第9字 语料拼音 bié,待裁定
ci.清.0020.pinyin.json#14,0,15,甚,4,仄,2,平,ci.清.0020.pinyin.json 第1阕第16字 语料拼音 shén,待裁定
ci.清.0020.pinyin.json#14,0,35,长,2,平,3,仄,ci.清.0020.pinyin.json 第1阕第36字 语料拼音 zhǎng,待裁定
ci.清.0020.pinyin.json#14,1,7,长,2,平,3,仄,ci.清.0020.pinyin.json 第2阕第8字 语料拼音 zhǎng,待裁定
ci.清.0020.pinyin.json#21,0,28,别,4,仄,2,平,ci.清.0020.pinyin.json 第1阕第29字 语料拼音 bié,待裁定
ci.清.0020.pinyin.json#22,0,8,别,4,仄,2,平,ci.清.0020.pinyin.json 第1阕第9字 语料拼音 bié,待裁定
ci.清.0020.pinyin.json#27,0,47,长,2,平,3,仄,ci.清.0020.pinyin.json 第1阕第48字 语料拼音 zhǎng,待裁定
ci.清.0020.pinyin.json#28,0,39,绝,4,仄,2,平,ci.清.0020.pinyin.json 第1阕第40字 语料拼音 jué,待裁定
ci.清.0020.pinyin.json#29,1,17,长,2,平,3,仄,ci.清.0020.pinyin.json 第2阕第18字 语料拼音 zhǎng,待裁定
ci.清.0020.pinyin.json#32,1,6,长,2,平,3,仄,ci.清.0020.pinyin.json 第2阕第7字 语料拼音 zhǎng,待裁定
ci.清.0020.pinyin.json#35,0,17,别,4,仄,2,平,ci.清.0020.pinyin.json 第1阕第18字 语料拼音 bié,待裁定
ci.清.0020.pinyin.json#37,1,7,别,4,仄,2,平,ci.清.0020.pinyin.json 第2阕第8字 语料拼音 bié,待裁定
ci.清.0020.pinyin.json#39,1,13,别,4,仄,2,平,ci.清.0020.pinyin.json 第2阕第14字 语料拼音 bié,待裁定
ci.清.0020.pinyin.json#41,0,39,长,2,平,3,仄,ci.清.0020.pinyin.json 第1阕第40字 语料拼音 zhǎng,待裁定
ci.清.0020.pinyin.json#44,0,12,长,2,平,3,仄,ci.清.0020.pinyin.json 第1阕第13字 语料拼音 zhǎng,待裁定
ci.清.0020.pinyin.json#44,1,13,长,2,平,3,仄,ci.清.0020.pinyin.json 第2阕第14字 语料拼音 zhǎng,待裁定
ci.清.0020.pinyin.json#44,1,25,绝,4,仄,2,平,ci.清.0020.pinyin.json 第2阕第26字 语料拼音 jué,待裁定
ci.清.0020.pinyin.json#47,0,8,别,4,仄,2,平,ci.清.0020.pinyin.json 第1阕第9字 语料拼音 bié,待裁定
ci.清.0020.pinyin.json#54,1,14,长,2,平,3,仄,ci.清.0020.pinyin.json 第2阕第15字 语料拼音 zhǎng,待裁定
ci.清.0020.pinyin.json#56,0,4,甚,4,仄,2,平,ci.清.0020.pinyin.json 第1阕第5字 语料拼音 shén,待裁定
ci.清.0020.pinyin.json#56,1,31,长,2,平,3,仄,ci.清.0020.pinyin.json 第2阕第32字 语料拼音 zhǎng,待裁定
ci.清.0020.pinyin.json#61,0,40,长,2,平,3,仄,ci.清.0020.pinyin.json 第1阕第41字 语料拼音 zhǎng,待裁定
ci.清.0020.pinyin.json#69,1,16,长,2,平,3,仄,ci.清.0020.pinyin.json 第2阕第17字 语料拼音 zhǎng,待裁定
ci.清.0020.pinyin.json#72,1,17,长,2,平,3,仄,ci.清.0020.pinyin.json 第2阕第18字 语料拼音 zhǎng,待裁定
ci.清.0020.pinyin.json#73,1,49,别,4,仄,2,平,ci.清.0020.pinyin.json 第2阕第50字 语料拼音 bié,待裁定
ci.清.0020.pinyin.json#80,1,13,别,4,仄,2,平,ci.清.0020.pinyin.json 第2阕第14字 语料拼音 bié,待裁定
ci.清.0020.pinyin.json#83,0,5,长,2,平,3,仄,ci.清.0020.pinyin.json 第1阕第6字 语料拼音 zhǎng,待裁定
ci.清.0020.pinyin.json#88,0,25,长,2,平,3,仄,ci.清.0020.pinyin.json 第1阕第26字 语料拼音 zhǎng,待裁定
ci.清.0020.pinyin.json#92,1,11,别,4,仄,2,平,ci.清.0020.pinyin.json 第2阕第12字 语料拼音 bié,待裁定
ci.清.0020.pinyin.json#94,1,35,长,2,平,3,仄,ci.清.0020.pinyin.json 第2阕第36字 语料拼音 zhǎng,待裁定
ci.清.0020.pinyin.json#95,0,11,长,2,平,3,仄,ci.清.0020.pinyin.json 第1阕第12字 语料拼音 zhǎng,待裁定
ci.清.0020.pinyin.json#101,1,4,长,2,平,3,仄,ci.清.0020.pinyin.json 第2阕第5字 语料拼音 zhǎng,待裁定
ci.清.0020.pinyin.json#102,0,23,别,4,仄,2,平,ci.清.0020.pinyin.json 第1阕第24字 语料拼音 bié,待裁定
ci.清.0020.pinyin.json#102,1,1,长,2,平,3,仄,ci.清.0020.pinyin.json 第2阕第2字 语料拼音 zhǎng,待裁定
ci.清.0020.pinyin.json#105,2,6,长,2,平,3,仄,ci.清.0020.pinyin.json 第3阕第7字 语料拼音 zhǎng,待裁定
ci.清.0020.pinyin.json#106,1,7,长,2,平,3,仄,ci.清.0020.pinyin.json 第2阕第8字 语料拼音 zhǎng,待裁定
ci.清.0020.pinyin.json#108,0,23,长,2,平,3,仄,ci.清.0020.pinyin.json 第1阕第24字 语料拼音 zhǎng,待裁定
ci.清.0020.pinyin.json#112,0,20,别,4,仄,2,平,ci.清.0020.pinyin.json 第1阕第21字 语料拼音 bié,待裁定
ci.清.0020.pinyin.json#112,0,38,绝,4,仄,2,平,ci.清.0020.pinyin.json 第1阕第39字 语料拼音 jué,待裁定
ci.清.0020.pinyin.json#112,1,47,长,2,平,3,仄,ci.清.0020.pinyin.json 第2阕第48字 语料拼音 zhǎng,待裁定
ci.清.0020.pinyin.json#113,0,44,长,2,平,3,仄,ci.清.0020.pinyin.json 第1阕第45字 语料拼音 zhǎng,待裁定
ci.清.0020.pinyin.json#113,1,19,绝,4,仄,2,平,ci.清.0020.pinyin.json 第2阕第20字 语料拼音 jué,待裁定
ci.清.0020.pinyin.json#118,0,14,别,4,仄,2,平,ci.清.0020.pinyin.json 第1阕第15字 语料拼音 bié,待裁定
ci.清.0020.pinyin.json#118,0,29,长,2,平,3,仄,ci.清.0020.pinyin.json 第1阕第30字 语料拼音 zhǎng,待裁定
ci.清.0020.pinyin.json#127,0,20,别,4,仄,2,平,ci.清.0020.pinyin.json 第1阕第21字 语料拼音 bié,待裁定
ci.清.0020.pinyin.json#131,0,39,别,4,仄,2,平,ci.清.0020.pinyin.json 第1阕第40字 语料拼音 bié,待裁定
ci.清.0020.pinyin.json#132,0,9,甚,4,仄,2,平,ci.清.0020.pinyin.json 第1阕第10字 语料拼音 shén,待裁定
ci.清.0020.pinyin.json#136,0,3,别,4,仄,2,平,ci.清.0020.pinyin.json 第1阕第4字 语料拼音 bié,待裁定
ci.清.0020.pinyin.json#141,1,6,甚,4,仄,2,平,ci.清.0020.pinyin.json 第2阕第7字 语料拼音 shén,待裁定
ci.清.0020.pinyin.json#142,1,6,别,4,仄,2,平,ci.清.0020.pinyin.json 第2阕第7字 语料拼音 bié,待裁定
ci.清.0020.pinyin.json#144,1,17,长,2,平,3,仄,ci.清.0020.pinyin.json 第2阕第18字 语料拼音 zhǎng,待裁定
ci.清.0020.pinyin.json#148,0,8,长,2,平,3,仄,ci.清.0020.pinyin.json 第1阕第9字 语料拼音 zhǎng,待裁定
ci.清.0020.pinyin.json#148,0,11,长,2,平,3,仄,ci.清.0020.pinyin.json 第1阕第12字 语料拼音 zhǎng,待裁定
ci.清.0020.pinyin.json#149,0,12,别,4,仄,2,平,ci.清.0020.pinyin.json 第1阕第13字 语料拼音 bié,待裁定
ci.清.0020.pinyin.json#158,0,22,长,2,平,3,仄,ci.清.0020.pinyin.json 第1阕第23字 语料拼音 zhǎng,待裁定
ci.清.0020.pinyin.json#161,0,12,绝,4,仄,2,平,ci.清.0020.pinyin.json 第1阕第13字 语料拼音 jué,待裁定
ci.清.0020.pinyin.json#161,0,13,别,4,仄,2,平,ci.清.0020.pinyin.json 第1阕第14字 语料拼音 bié,待裁定
ci.清.0020.pinyin.json#170,0,8,甚,4,仄,2,平,ci.清.0020.pinyin.json 第1阕第9字 语料拼音 shén,待裁定
ci.清.0020.pinyin.json#176,0,11,长,2,平,3,仄,ci.清.0020.pinyin.json 第1阕第12字 语料拼音 zhǎng,待裁定
ci.清.0020.pinyin.json#176,1,0,甚,4,仄,2,平,ci.清.0020.pinyin.json 第2阕第1字 语料拼音 shén,待裁定
ci.清.0020.pinyin.json#177,1,0,绝,4,仄,2,平,ci.清.0020.pinyin.json 第2阕第1字 语料拼音 jué,待裁定
ci.清.0020.pinyin.json#178,0,41,甚,4,仄,2,平,ci.清.0020.pinyin.json 第1阕第42字 语料拼音 shén,待裁定
ci.清.0020.pinyin.json#180,1,15,绝,4,仄,2,平,ci.清.0020.pinyin.json 第2阕第16字 语料拼音 jué,待裁定
ci.清.0020.pinyin.json#181,0,0,长,2,平,3,仄,ci.清.0020.pinyin.json 第1阕第1字 语料拼音 zhǎng,待裁定
ci.清.0020.pinyin.json#182,0,1,甚,4,仄,2,平,ci.清.0020.pinyin.json 第1阕第2字 语料拼音 shén,待裁定
ci.清.0020.pinyin.json#183,1,40,长,2,平,3,仄,ci.清.0020.pinyin.json 第2阕第41字 语料拼音 zhǎng,待裁定
ci.清.0020.pinyin.json#185,1,42,甚,4,仄,2,平,ci.清.0020.pinyin.json 第2阕第43字 语料拼音 shén,待裁定
ci.清.0020.pinyin.json#186,0,12,长,2,平,3,仄,ci.清.0020.pinyin.json 第1阕第13字 语料拼音 zhǎng,待裁定
ci.清.0020.pinyin.json#190,1,12,长,2,平,3,仄,ci.清.0020.pinyin.json 第2阕第13字 语料拼音 zhǎng,待裁定
ci.清.0020.pinyin.json#194,1,46,长,2,平,3,仄,ci.清.0020.pinyin.json 第2阕第47字 语料拼音 zhǎng,待裁定
ci.清.0020.pinyin.json#198,0,33,别,4,仄,2,平,ci.清.0020.pinyin.json 第1阕第34字 语料拼音 bié,待裁定
ci.清.0020.pinyin.json#207,0,54,甚,4,仄,2,平,ci.清.0020.pinyin.json 第1阕第55字 语料拼音 shén,待裁定
ci.清.0020.pinyin.json#210,0,46,甚,4,仄,2,平,ci.清.0020.pinyin.json 第1阕第47字 语料拼音 shén,待裁定
ci.清.0020.pinyin.json#210,1,20,别,4,仄,2,平,ci.清.0020.pinyin.json 第2阕第21字 语料拼音 bié,待裁定
ci.清.0020.pinyin.json#211,0,0,长,2,平,3,仄,ci.清.0020.pinyin.json 第1阕第1字 语料拼音 zhǎng,待裁定
ci.清.0020.pinyin.json#216,1,19,长,2,平,3,仄,ci.清.0020.pinyin.json 第2阕第20字 语料拼音 zhǎng,待裁定
ci.清.0020.pinyin.json#224,0,20,别,4,仄,2,平,ci.清.0020.pinyin.json 第1阕第21字 语料拼音 bié,待裁定
ci.清.0020.pinyin.json#235,0,16,别,4,仄,2,平,ci.清.0020.pinyin.json 第1阕第17字 语料拼音 bié,待裁定
ci.清.0020.pinyin.json#235,0,24,长,2,平,3,仄,ci.清.0020.pinyin.json 第1阕第25字 语料拼音 zhǎng,待裁定
ci.清.0020.pinyin.json#235,1,4,长,2,平,3,仄,ci.清.0020.pinyin.json 第2阕第5字 语料拼音 zhǎng,待裁定
ci.清.0020.pinyin.json#236,0,0,别,4,仄,2,平,ci.清.0020.pinyin.json 第1阕第1字 语料拼音 bié,待裁定
ci.清.0020.pinyin.json#237,0,12,别,4,仄,2,平,ci.清.0020.pinyin.json 第1阕第13字 语料拼音 bié,待裁定
ci.清.0020.pinyin.json#250,0,11,别,4,仄,2,平,ci.清.0020.pinyin.json 第1阕第12字 语料拼音 bié,待裁定
ci.清.0020.pinyin.json#250,0,15,长,2,平,3,仄,ci.清.0020.pinyin.json 第1阕第16字 语料拼音 zhǎng,待裁定
ci.清.0020.pinyin.json#258,1,1,别,4,仄,2,平,ci.清.0020.pinyin.json 第2阕第2字 语料拼音 bié,待裁定
ci.清.0020.pinyin.json#261,0,15,别,4,仄,2,平,ci.清.0020.pinyin.json 第1阕第16字 语料拼音 bié,待裁定
ci.清.0020.pinyin.json#263,1,30,甚,4,仄,2,平,ci.清.0020.pinyin.json 第2阕第31字 语料拼音 shén,待裁定
ci.清.0020.pinyin.json#265,1,12,别,4,仄,2,平,ci.清.0020.pinyin.json 第2阕第13字 语料拼音 bié,待裁定
ci.清.0020.pinyin.json#266,1,22,长,2,平,3,仄,ci.清.0020.pinyin.json 第2阕第23字 语料拼音 zhǎng,待裁定
ci.清.0020.pinyin.json#269,0,4,甚,4,仄,2,平,ci.清.0020.pinyin.json 第1阕第5字 语料拼音 shén,待裁定
ci.清.0020.pinyin.json#270,0,19,长,2,平,3,仄,ci.清.0020.pinyin.json 第1阕第20字 语料拼音 zhǎng,待裁定
ci.清.0020.pinyin.json#274,1,17,别,4,仄,2,平,ci.清.0020.pinyin.json 第2阕第18字 语料拼音 bié,待裁定
ci.清.0020.pinyin.json#277,1,4,长,2,平,3,仄,ci.清.0020.pinyin.json 第2阕第5字 语料拼音 zhǎng,待裁定
ci.清.0020.pinyin.json#280,0,24,绝,4,仄,2,平,ci.清.0020.pinyin.json 第1阕第25字 语料拼音 jué,待裁定
ci.清.0020.pinyin.json#280,0,37,甚,4,仄,2,平,ci.清.0020.pinyin.json 第1阕第38字 语料拼音 shén,待裁定
ci.清.0020.pinyin.json#287,0,8,绝,4,仄,2,平,ci.清.0020.pinyin.json 第1阕第9字 语料拼音 jué,待裁定
ci.清.0020.pinyin.json#288,0,15,长,2,平,3,仄,ci.清.0020.pinyin.json 第1阕第16字 语料拼音 zhǎng,待裁定
ci.清.0020.pinyin.json#290,1,16,长,2,平,3,仄,ci.清.0020.pinyin.json 第2阕第17字 语料拼音 zhǎng,待裁定
ci.清.0020.pinyin.json#290,1,44,长,2,平,3,仄,ci.清.0020.pinyin.json 第2阕第45字 语料拼音 zhǎng,待裁定
ci.清.0020.pinyin.json#298,1,12,绝,4,仄,2,平,ci.清.0020.pinyin.json 第2阕第13字 语料拼音 jué,待裁定
ci.清.0020.pinyin.json#316,0,21,长,2,平,3,仄,ci.清.0020.pinyin.json 第1阕第22字 语料拼音 zhǎng,待裁定
ci.清.0020.pinyin.json#319,1,17,绝,4,仄,2,平,ci.清.0020.pinyin.json 第2阕第18字 语料拼音 jué,待裁定
ci.清.0020.pinyin.json#320,0,2,别,4,仄,2,平,ci.清.0020.pinyin.json 第1阕第3字 语料拼音 bié,待裁定
ci.清.0020.pinyin.json#322,1,1,绝,4,仄,2,平,ci.清.0020.pinyin.json 第2阕第2字 语料拼音 jué,待裁定
ci.清.0020.pinyin.json#328,0,6,别,4,仄,2,平,ci.清.0020.pinyin.json 第1阕第7字 语料拼音 bié,待裁定
ci.清.0020.pinyin.json#336,1,50,长,2,平,3,仄,ci.清.0020.pinyin.json 第2阕第51字 语料拼音 zhǎng,待裁定
ci.清.0020.pinyin.json#337,1,23,别,4,仄,2,平,ci.清.0020.pinyin.json 第2阕第24字 语料拼音 bié,待裁定
ci.清.0020.pinyin.json#338,0,7,绝,4,仄,2,平,ci.清.0020.pinyin.json 第1阕第8字 语料拼音 jué,待裁定
ci.清.0020.pinyin.json#339,0,23,长,2,平,3,仄,ci.清.0020.pinyin.json 第1阕第24字 语料拼音 zhǎng,待裁定
ci.清.0020.pinyin.json#346,0,2,别,4,仄,2,平,ci.清.0020.pinyin.json 第1阕第3字 语料拼音 bié,待裁定
ci.清.0020.pinyin.json#367,0,40,别,4,仄,2,平,ci.清.0020.pinyin.json 第1阕第41字 语料拼音 bié,待裁定
ci.清.0020.pinyin.json#372,0,22,别,4,仄,2,平,ci.清.0020.pinyin.json 第1阕第23字 语料拼音 bié,待裁定
ci.清.0020.pinyin.json#372,1,0,长,2,平,3,仄,ci.清.0020.pinyin.json 第2阕第1字 语料拼音 zhǎng,待裁定
ci.清.0020.pinyin.json#379,0,30,别,4,仄,2,平,ci.清.0020.pinyin.json 第1阕第31字 语料拼音 bié,待裁定
ci.清.0020.pinyin.json#379,1,32,绝,4,仄,2,平,ci.清.0020.pinyin.json 第2阕第33字 语料拼音 jué,待裁定
ci.清.0020.pinyin.json#384,0,1,别,4,仄,2,平,ci.清.0020.pinyin.json 第1阕第2字 语料拼音 bié,待裁定
ci.清.0020.pinyin.json#402,0,29,长,2,平,3,仄,ci.清.0020.pinyin.json 第1阕第30字 语料拼音 zhǎng,待裁定
ci.清.0020.pinyin.json#402,1,27,绝,4,仄,2,平,ci.清.0020.pinyin.json 第2阕第28字 语料拼音 jué,待裁定
ci.清.0020.pinyin.json#402,1,36,甚,4,仄,2,平,ci.清.0020.pinyin.json 第2阕第37字 语料拼音 shén,待裁定
ci.清.0020.pinyin.json#407,1,16,绝,4,仄,2,平,ci.清.0020.pinyin.json 第2阕第17字 语料拼音 jué,待裁定
ci.清.0020.pinyin.json#408,1,12,甚,4,仄,2,平,ci.清.0020.pinyin.json 第2阕第13字 语料拼音 shén,待裁定
ci.清.0020.pinyin.json#409,0,11,别,4,仄,2,平,ci.清.0020.pinyin.json 第1阕第12字 语料拼音 bié,待裁定
ci.清.0020.pinyin.json#409,1,5,别,4,仄,2,平,ci.清.0020.pinyin.json 第2阕第6字 语料拼音 bié,待裁定
ci.清.0020.pinyin.json#410,0,7,绝,4,仄,2,平,ci.清.0020.pinyin.json 第1阕第8字 语料拼音 jué,待裁定
ci.清.0020.pinyin.json#414,0,13,别,4,仄,2,平,ci.清.0020.pinyin.json 第1阕第14字 语料拼音 bié,待裁定
ci.清.0020.pinyin.json#415,1,0,绝,4,仄,2,平,ci.清.0020.pinyin.json 第2阕第1字 语料拼音 jué,待裁定
ci.清.0020.pinyin.json#420,1,15,长,2,平,3,仄,ci.清.0020.pinyin.json 第2阕第16字 语料拼音 zhǎng,待裁定
ci.清.0020.pinyin.json#421,0,14,绝,4,仄,2,平,ci.清.0020.pinyin.json 第1阕第15字 语料拼音 jué,待裁定
ci.清.0020.pinyin.json#424,0,12,长,2,平,3,仄,ci.清.0020.pinyin.json 第1阕第13字 语料拼音 zhǎng,待裁定
ci.清.0020.pinyin.json#424,1,17,别,4,仄,2,平,ci.清.0020.pinyin.json 第2阕第18字 语料拼音 bié,待裁定
ci.清.0020.pinyin.json#425,0,39,长,2,平,3,仄,ci.清.0020.pinyin.json 第1阕第40字 语料拼音 zhǎng,待裁定
ci.清.0020.pinyin.json#426,0,16,别,4,仄,2,平,ci.清.0020.pinyin.json 第1阕第17字 语料拼音 bié,待裁定
ci.清.0020.pinyin.json#430,1,38,甚,4,仄,2,平,ci.清.0020.pinyin.json 第2阕第39字 语料拼音 shén,待裁定
ci.清.0020.pinyin.json#431,0,41,别,4,仄,2,平,ci.清.0020.pinyin.json 第1阕第42字 语料拼音 bié,待裁定
ci.清.0020.pinyin.json#431,1,15,长,2,平,3,仄,ci.清.0020.pinyin.json 第2阕第16字 语料拼音 zhǎng,待裁定
ci.清.0020.pinyin.json#431,1,53,别,4,仄,2,平,ci.清.0020.pinyin.json 第2阕第54字 语料拼音 bié,待裁定
ci.清.0020.pinyin.json#436,0,17,长,2,平,3,仄,ci.清.0020.pinyin.json 第1阕第18字 语料拼音 zhǎng,待裁定
ci.清.0020.pinyin.json#440,1,42,绝,4,仄,2,平,ci.清.0020.pinyin.json 第2阕第43字 语料拼音 jué,待裁定
ci.清.0020.pinyin.json#447,0,16,甚,4,仄,2,平,ci.清.0020.pinyin.json 第1阕第17字 语料拼音 shén,待裁定
ci.清.0020.pinyin.json#448,0,4,甚,4,仄,2,平,ci.清.0020.pinyin.json 第1阕第5字 语料拼音 shén,待裁定
ci.清.0020.pinyin.json#451,0,8,别,4,仄,2,平,ci.清.0020.pinyin.json 第1阕第9字 语料拼音 bié,待裁定
ci.清.0020.pinyin.json#455,0,3,甚,4,仄,2,平,ci.清.0020.pinyin.json 第1阕第4字 语料拼音 shén,待裁定
ci.清.0020.pinyin.json#460,1,9,绝,4,仄,2,平,ci.清.0020.pinyin.json 第2阕第10字 语料拼音 jué,待裁定
ci.清.0020.pinyin.json#462,0,0,长,2,平,3,仄,ci.清.0020.pinyin.json 第1阕第1字 语料拼音 zhǎng,待裁定
ci.清.0020.pinyin.json#466,0,40,别,4,仄,2,平,ci.清.0020.pinyin.json 第1阕第41字 语料拼音 bié,待裁定
ci.清.0020.pinyin.json#467,0,36,长,2,平,3,仄,ci.清.0020.pinyin.json 第1阕第37字 语料拼音 zhǎng,待裁定
ci.清.0020.pinyin.json#469,1,5,别,4,仄,2,平,ci.清.0020.pinyin.json 第2阕第6字 语料拼音 bié,待裁定
ci.清.0020.pinyin.json#471,0,15,别,4,仄,2,平,ci.清.0020.pinyin.json 第1阕第16字 语料拼音 bié,待裁定
ci.清.0020.pinyin.json#473,0,15,长,2,平,3,仄,ci.清.0020.pinyin.json 第1阕第16字 语料拼音 zhǎng,待裁定
ci.清.0020.pinyin.json#479,1,13,长,2,平,3,仄,ci.清.0020.pinyin.json 第2阕第14字 语料拼音 zhǎng,待裁定
ci.清.0020.pinyin.json#484,0,15,别,4,仄,2,平,ci.清.0020.pinyin.json 第1阕第16字 语料拼音 bié,待裁定
ci.清.0020.pinyin.json#484,1,30,绝,4,仄,2,平,ci.清.0020.pinyin.json 第2阕第31字 语料拼音 jué,待裁定
ci.清.0020.pinyin.json#486,1,40,甚,4,仄,2,平,ci.清.0020.pinyin.json 第2阕第41字 语料拼音 shén,待裁定
ci.清.0020.pinyin.json#489,1,5,甚,4,仄,2,平,ci.清.0020.pinyin.json 第2阕第6字 语料拼音 shén,待裁定
ci.清.0020.pinyin.json#490,1,8,绝,4,仄,2,平,ci.清.0020.pinyin.json 第2阕第9字 语料拼音 jué,待裁定
ci.清.0020.pinyin.json#494,0,38,甚,4,仄,2,平,ci.清.0020.pinyin.json 第1阕第39字 语料拼音 shén,待裁定
ci.清.0020.pinyin.json#494,1,43,长,2,平,3,仄,ci.清.0020.pinyin.json 第2阕第44字 语料拼音 zhǎng,待裁定
ci.清.0020.pinyin.json#495,1,19,别,4,仄,2,平,ci.清.0020.pinyin.json 第2阕第20字 语料拼音 bié,待裁定
ci.清.0020.pinyin.json#497,0,36,绝,4,仄,2,平,ci.清.0020.pinyin.json 第1阕第37字 语料拼音 jué,待裁定
ci.清.0020.pinyin.json#498,0,0,别,4,仄,2,平,ci.清.0020.pinyin.json 第1阕第1字 语料拼音 bié,待裁定
ci.清.0020.pinyin.json#498,4,2,长,2,平,3,仄,ci.清.0020.pinyin.json 第5阕第3字 语料拼音 zhǎng,待裁定
ci.清.0020.pinyin.json#499,0,21,绝,4,仄,2,平,ci.清.0020.pinyin.json 第1阕第22字 语料拼音 jué,待裁定
ci.清.0020.pinyin.json#500,0,12,别,4,仄,2,平,ci.清.0020.pinyin.json 第1阕第13字 语料拼音 bié,待裁定
ci.清.0020.pinyin.json#504,1,0,别,4,仄,2,平,ci.清.0020.pinyin.json 第2阕第1字 语料拼音 bié,待裁定
ci.清.0020.pinyin.json#514,0,12,绝,4,仄,2,平,ci.清.0020.pinyin.json 第1阕第13字 语料拼音 jué,待裁定
ci.清.0020.pinyin.json#514,1,46,长,2,平,3,仄,ci.清.0020.pinyin.json 第2阕第47字 语料拼音 zhǎng,待裁定
ci.清.0020.pinyin.json#516,0,15,长,2,平,3,仄,ci.清.0020.pinyin.json 第1阕第16字 语料拼音 zhǎng,待裁定
ci.清.0020.pinyin.json#516,1,18,别,4,仄,2,平,ci.清.0020.pinyin.json 第2阕第19字 语料拼音 bié,待裁定
ci.清.0020.pinyin.json#519,1,1,长,2,平,3,仄,ci.清.0020.pinyin.json 第2阕第2字 语料拼音 zhǎng,待裁定
ci.清.0020.pinyin.json#522,0,6,绝,4,仄,2,平,ci.清.0020.pinyin.json 第1阕第7字 语料拼音 jué,待裁定
ci.清.0020.pinyin.json#522,1,0,长,2,平,3,仄,ci.清.0020.pinyin.json 第2阕第1字 语料拼音 zhǎng,待裁定
ci.清.0020.pinyin.json#523,1,12,长,2,平,3,仄,ci.清.0020.pinyin.json 第2阕第13字 语料拼音 zhǎng,待裁定
ci.清.0020.pinyin.json#531,1,0,长,2,平,3,仄,ci.清.0020.pinyin.json 第2阕第1字 语料拼音 zhǎng,待裁定
ci.清.0020.pinyin.json#531,1,2,长,2,平,3,仄,ci.清.0020.pinyin.json 第2阕第3字 语料拼音 zhǎng,待裁定
ci.清.0020.pinyin.json#534,1,17,绝,4,仄,2,平,ci.清.0020.pinyin.json 第2阕第18字 语料拼音 jué,待裁定
ci.清.0020.pinyin.json#537,1,17,甚,4,仄,2,平,ci.清.0020.pinyin.json 第2阕第18字 语料拼音 shén,待裁定
ci.清.0020.pinyin.json#545,1,33,甚,4,仄,2,平,ci.清.0020.pinyin.json 第2阕第34字 语料拼音 shén,待裁定
ci.清.0020.pinyin.json#546,0,12,别,4,仄,2,平,ci.清.0020.pinyin.json 第1阕第13字 语料拼音 bié,待裁定
ci.清.0020.pinyin.json#554,1,13,别,4,仄,2,平,ci.清.0020.pinyin.json 第2阕第14字 语料拼音 bié,待裁定
ci.清.0020.pinyin.json#554,1,41,甚,4,仄,2,平,ci.清.0020.pinyin.json 第2阕第42字 语料拼音 shén,待裁定
ci.清.0020.pinyin.json#555,1,6,绝,4,仄,2,平,ci.清.0020.pinyin.json 第2阕第7字 语料拼音 jué,待裁定
ci.清.0020.pinyin.json#559,0,14,别,4,仄,2,平,ci.清.0020.pinyin.json 第1阕第15字 语料拼音 bié,待裁定
ci.清.0020.pinyin.json#563,1,39,绝,4,仄,2,平,ci.清.0020.pinyin.json 第2阕第40字 语料拼音 jué,待裁定
ci.清.0020.pinyin.json#567,1,8,别,4,仄,2,平,ci.清.0020.pinyin.json 第2阕第9字 语料拼音 bié,待裁定
ci.清.0020.pinyin.json#568,0,10,甚,4,仄,2,平,ci.清.0020.pinyin.json 第1阕第11字 语料拼音 shén,待裁定
ci.清.0020.pinyin.json#572,1,47,别,4,仄,2,平,ci.清.0020.pinyin.json 第2阕第48字 语料拼音 bié,待裁定
ci.清.0020.pinyin.json#574,1,1,绝,4,仄,2,平,ci.清.0020.pinyin.json 第2阕第2字 语料拼音 jué,待裁定
ci.清.0020.pinyin.json#577,1,7,甚,4,仄,2,平,ci.清.0020.pinyin.json 第2阕第8字 语料拼音 shén,待裁定
ci.清.0020.pinyin.json#577,1,29,别,4,仄,2,平,ci.清.0020.pinyin.json 第2阕第30字 语料拼音 bié,待裁定
ci.清.0020.pinyin.json#579,1,52,甚,4,仄,2,平,ci.清.0020.pinyin.json 第2阕第53字 语料拼音 shén,待裁定
ci.清.0020.pinyin.json#584,0,40,绝,4,仄,2,平,ci.清.0020.pinyin.json 第1阕第41字 语料拼音 jué,待裁定
ci.清.0020.pinyin.json#588,0,33,甚,4,仄,2,平,ci.清.0020.pinyin.json 第1阕第34字 语料拼音 shén,待裁定
ci.清.0020.pinyin.json#599,0,14,长,2,平,3,仄,ci.清.0020.pinyin.json 第1阕第15字 语料拼音 zhǎng,待裁定
ci.清.0020.pinyin.json#600,1,21,长,2,平,3,仄,ci.清.0020.pinyin.json 第2阕第22字 语料拼音 zhǎng,待裁定
ci.清.0020.pinyin.json#603,1,42,绝,4,仄,2,平,ci.清.0020.pinyin.json 第2阕第43字 语料拼音 jué,待裁定
ci.清.0020.pinyin.json#605,0,41,甚,4,仄,2,平,ci.清.0020.pinyin.json 第1阕第42字 语料拼音 shén,待裁定
ci.清.0020.pinyin.json#606,0,5,甚,4,仄,2,平,ci.清.0020.pinyin.json 第1阕第6字 语料拼音 shén,待裁定
ci.清.0020.pinyin.json#607,0,7,长,2,平,3,仄,ci.清.0020.pinyin.json 第1阕第8字 语料拼音 zhǎng,待裁定
ci.清.0020.pinyin.json#610,0,27,别,4,仄,2,平,ci.清.0020.pinyin.json 第1阕第28字 语料拼音 bié,待裁定
ci.清.0020.pinyin.json#615,0,0,别,4,仄,2,平,ci.清.0020.pinyin.json 第1阕第1字 语料拼音 bié,待裁定
ci.清.0020.pinyin.json#617,0,5,别,4,仄,2,平,ci.清.0020.pinyin.json 第1阕第6字 语料拼音 bié,待裁定
ci.清.0020.pinyin.json#620,1,20,长,2,平,3,仄,ci.清.0020.pinyin.json 第2阕第21字 语料拼音 zhǎng,待裁定
ci.清.0020.pinyin.json#622,1,33,甚,4,仄,2,平,ci.清.0020.pinyin.json 第2阕第34字 语料拼音 shén,待裁定
ci.清.0020.pinyin.json#624,0,56,别,4,仄,2,平,ci.清.0020.pinyin.json 第1阕第57字 语料拼音 bié,待裁定
ci.清.0020.pinyin.json#624,1,3,别,4,仄,2,平,ci.清.0020.pinyin.json 第2阕第4字 语料拼音 bié,待裁定
ci.清.0020.pinyin.json#629,0,3,甚,4,仄,2,平,ci.清.0020.pinyin.json 第1阕第4字 语料拼音 shén,待裁定
ci.清.0020.pinyin.json#630,1,4,别,4,仄,2,平,ci.清.0020.pinyin.json 第2阕第5字 语料拼音 bié,待裁定
ci.清.0020.pinyin.json#632,1,46,别,4,仄,2,平,ci.清.0020.pinyin.json 第2阕第47字 语料拼音 bié,待裁定
ci.清.0020.pinyin.json#639,1,3,长,2,平,3,仄,ci.清.0020.pinyin.json 第2阕第4字 语料拼音 zhǎng,待裁定
ci.清.0020.pinyin.json#641,1,8,别,4,仄,2,平,ci.清.0020.pinyin.json 第2阕第9字 语料拼音 bié,待裁定
ci.清.0020.pinyin.json#647,1,10,长,2,平,3,仄,ci.清.0020.pinyin.json 第2阕第11字 语料拼音 zhǎng,待裁定
ci.清.0020.pinyin.json#657,0,17,别,4,仄,2,平,ci.清.0020.pinyin.json 第1阕第18字 语料拼音 bié,待裁定
ci.清.0020.pinyin.json#658,0,16,别,4,仄,2,平,ci.清.0020.pinyin.json 第1阕第17字 语料拼音 bié,待裁定
ci.清.0020.pinyin.json#668,0,0,甚,4,仄,2,平,ci.清.0020.pinyin.json 第1阕第1字 语料拼音 shén,待裁定
ci.清.0020.pinyin.json#668,1,25,别,4,仄,2,平,ci.清.0020.pinyin.json 第2阕第26字 语料拼音 bié,待裁定
ci.清.0020.pinyin.json#674,0,19,别,4,仄,2,平,ci.清.0020.pinyin.json 第1阕第20字 语料拼音 bié,待裁定
ci.清.0020.pinyin.json#677,1,4,别,4,仄,2,平,ci.清.0020.pinyin.json 第2阕第5字 语料拼音 bié,待裁定
ci.清.0020.pinyin.json#681,1,13,别,4,仄,2,平,ci.清.0020.pinyin.json 第2阕第14字 语料拼音 bié,待裁定
ci.清.0020.pinyin.json#681,1,39,甚,4,仄,2,平,ci.清.0020.pinyin.json 第2阕第40字 语料拼音 shén,待裁定
ci.清.0020.pinyin.json#683,0,23,别,4,仄,2,平,ci.清.0020.pinyin.json 第1阕第24字 语料拼音 bié,待裁定
ci.清.0020.pinyin.json#687,1,0,别,4,仄,2,平,ci.清.0020.pinyin.json 第2阕第1字 语料拼音 bié,待裁定
ci.清.0020.pinyin.json#694,1,12,别,4,仄,2,平,ci.清.0020.pinyin.json 第2阕第13字 语料拼音 bié,待裁定
ci.清.0020.pinyin.json#698,1,2,别,4,仄,2,平,ci.清.0020.pinyin.json 第2阕第3字 语料拼音 bié,待裁定
ci.清.0020.pinyin.json#710,1,0,别,4,仄,2,平,ci.清.0020.pinyin.json 第2阕第1字 语料拼音 bié,待裁定
ci.清.0020.pinyin.json#710,1,4,别,4,仄,2,平,ci.清.0020.pinyin.json 第2阕第5字 语料拼音 bié,待裁定
ci.清.0020.pinyin.json#710,1,9,绝,4,仄,2,平,ci.清.0020.pinyin.json 第2阕第10字 语料拼音 jué,待裁定
ci.清.0020.pinyin.json#715,0,19,长,2,平,3,仄,ci.清.0020.pinyin.json 第1阕第20字 语料拼音 zhǎng,待裁定
ci.清.0020.pinyin.json#716,0,23,长,2,平,3,仄,ci.清.0020.pinyin.json 第1阕第24字 语料拼音 zhǎng,待裁定
ci.清.0020.pinyin.json#716,1,11,甚,4,仄,2,平,ci.清.0020.pinyin.json 第2阕第12字 语料拼音 shén,待裁定
ci.清.0020.pinyin.json#718,0,19,长,2,平,3,仄,ci.清.0020.pinyin.json 第1阕第20字 语料拼音 zhǎng,待裁定
ci.清.0020.pinyin.json#725,0,9,长,2,平,3,仄,ci.清.0020.pinyin.json 第1阕第10字 语料拼音 zhǎng,待裁定
ci.清.0020.pinyin.json#728,0,11,长,2,平,3,仄,ci.清.0020.pinyin.json 第1阕第12字 语料拼音 zhǎng,待裁定
ci.清.0020.pinyin.json#731,1,2,长,2,平,3,仄,ci.清.0020.pinyin.json 第2阕第3字 语料拼音 zhǎng,待裁定
ci.清.0020.pinyin.json#732,0,20,长,2,平,3,仄,ci.清.0020.pinyin.json 第1阕第21字 语料拼音 zhǎng,待裁定
ci.清.0020.pinyin.json#733,1,11,长,2,平,3,仄,ci.清.0020.pinyin.json 第2阕第12字 语料拼音 zhǎng,待裁定
ci.清.0020.pinyin.json#737,0,2,长,2,平,3,仄,ci.清.0020.pinyin.json 第1阕第3字 语料拼音 zhǎng,待裁定
ci.清.0020.pinyin.json#737,0,12,甚,4,仄,2,平,ci.清.0020.pinyin.json 第1阕第13字 语料拼音 shén,待裁定
ci.清.0020.pinyin.json#738,1,37,别,4,仄,2,平,ci.清.0020.pinyin.json 第2阕第38字 语料拼音 bié,待裁定
ci.清.0020.pinyin.json#740,0,33,别,4,仄,2,平,ci.清.0020.pinyin.json 第1阕第34字 语料拼音 bié,待裁定
ci.清.0020.pinyin.json#741,1,4,长,2,平,3,仄,ci.清.0020.pinyin.json 第2阕第5字 语料拼音 zhǎng,待裁定
ci.清.0020.pinyin.json#743,0,29,别,4,仄,2,平,ci.清.0020.pinyin.json 第1阕第30字 语料拼音 bié,待裁定
ci.清.0020.pinyin.json#743,0,84,别,4,仄,2,平,ci.清.0020.pinyin.json 第1阕第85字 语料拼音 bié,待裁定
ci.清.0020.pinyin.json#743,1,46,别,4,仄,2,平,ci.清.0020.pinyin.json 第2阕第47字 语料拼音 bié,待裁定
ci.清.0020.pinyin.json#746,1,6,别,4,仄,2,平,ci.清.0020.pinyin.json 第2阕第7字 语料拼音 bié,待裁定
ci.清.0020.pinyin.json#749,1,20,绝,4,仄,2,平,ci.清.0020.pinyin.json 第2阕第21字 语料拼音 jué,待裁定
ci.清.0020.pinyin.json#762,0,45,长,2,平,3,仄,ci.清.0020.pinyin.json 第1阕第46字 语料拼音 zhǎng,待裁定
ci.清.0020.pinyin.json#764,0,54,别,4,仄,2,平,ci.清.0020.pinyin.json 第1阕第55字 语料拼音 bié,待裁定
ci.清.0020.pinyin.json#771,0,10,长,2,平,3,仄,ci.清.0020.pinyin.json 第1阕第11字 语料拼音 zhǎng,待裁定
ci.清.0020.pinyin.json#771,0,36,长,2,平,3,仄,ci.清.0020.pinyin.json 第1阕第37字 语料拼音 zhǎng,待裁定
ci.清.0020.pinyin.json#772,1,6,甚,4,仄,2,平,ci.清.0020.pinyin.json 第2阕第7字 语料拼音 shén,待裁定
ci.清.0020.pinyin.json#780,0,0,别,4,仄,2,平,ci.清.0020.pinyin.json 第1阕第1字 语料拼音 bié,待裁定
ci.清.0020.pinyin.json#781,0,16,甚,4,仄,2,平,ci.清.0020.pinyin.json 第1阕第17字 语料拼音 shén,待裁定
ci.清.0020.pinyin.json#782,0,0,别,4,仄,2,平,ci.清.0020.pinyin.json 第1阕第1字 语料拼音 bié,待裁定
ci.清.0020.pinyin.json#782,1,4,别,4,仄,2,平,ci.清.0020.pinyin.json 第2阕第5字 语料拼音 bié,待裁定
ci.清.0020.pinyin.json#786,1,6,别,4,仄,2,平,ci.清.0020.pinyin.json 第2阕第7字 语料拼音 bié,待裁定
ci.清.0020.pinyin.json#788,1,9,别,4,仄,2,平,ci.清.0020.pinyin.json 第2阕第10字 语料拼音 bié,待裁定
ci.清.0020.pinyin.json#793,1,7,别,4,仄,2,平,ci.清.0020.pinyin.json 第2阕第8字 语料拼音 bié,待裁定
ci.清.0020.pinyin.json#794,1,6,别,4,仄,2,平,ci.清.0020.pinyin.json 第2阕第7字 语料拼音 bié,待裁定
ci.清.0020.pinyin.json#798,0,2,长,2,平,3,仄,ci.清.0020.pinyin.json 第1阕第3字 语料拼音 zhǎng,待裁定
ci.清.0020.pinyin.json#801,0,0,别,4,仄,2,平,ci.清.0020.pinyin.json 第1阕第1字 语料拼音 bié,待裁定
ci.清.0020.pinyin.json#803,1,17,别,4,仄,2,平,ci.清.0020.pinyin.json 第2阕第18字 语料拼音 bié,待裁定
ci.清.0020.pinyin.json#810,0,30,甚,4,仄,2,平,ci.清.0020.pinyin.json 第1阕第31字 语料拼音 shén,待裁定
ci.清.0020.pinyin.json#813,0,1,长,2,平,3,仄,ci.清.0020.pinyin.json 第1阕第2字 语料拼音 zhǎng,待裁定
ci.清.0020.pinyin.json#814,0,5,长,2,平,3,仄,ci.清.0020.pinyin.json 第1阕第6字 语料拼音 zhǎng,待裁定
ci.清.0020.pinyin.json#817,0,0,别,4,仄,2,平,ci.清.0020.pinyin.json 第1阕第1字 语料拼音 bié,待裁定
ci.清.0020.pinyin.json#821,0,4,别,4,仄,2,平,ci.清.0020.pinyin.json 第1阕第5字 语料拼音 bié,待裁定
ci.清.0020.pinyin.json#826,2,21,长,2,平,3,仄,ci.清.0020.pinyin.json 第3阕第22字 语料拼音 zhǎng,待裁定
ci.清.0020.pinyin.json#828,1,13,甚,4,仄,2,平,ci.清.0020.pinyin.json 第2阕第14字 语料拼音 shén,待裁定
ci.清.0020.pinyin.json#831,1,31,甚,4,仄,2,平,ci.清.0020.pinyin.json 第2阕第32字 语料拼音 shén,待裁定
ci.清.0020.pinyin.json#832,1,2,别,4,仄,2,平,ci.清.0020.pinyin.json 第2阕第3字 语料拼音 bié,待裁定
ci.清.0020.pinyin.json#834,1,44,别,4,仄,2,平,ci.清.0020.pinyin.json 第2阕第45字 语料拼音 bié,待裁定
ci.清.0020.pinyin.json#836,1,14,甚,4,仄,2,平,ci.清.0020.pinyin.json 第2阕第15字 语料拼音 shén,待裁定
ci.清.0020.pinyin.json#836,1,48,甚,4,仄,2,平,ci.清.0020.pinyin.json 第2阕第49字 语料拼音 shén,待裁定
ci.清.0020.pinyin.json#836,1,55,长,2,平,3,仄,ci.清.0020.pinyin.json 第2阕第56字 语料拼音 zhǎng,待裁定
ci.清.0020.pinyin.json#840,0,50,别,4,仄,2,平,ci.清.0020.pinyin.json 第1阕第51字 语料拼音 bié,待裁定
ci.清.0020.pinyin.json#843,1,17,别,4,仄,2,平,ci.清.0020.pinyin.json 第2阕第18字 语料拼音 bié,待裁定
ci.清.0020.pinyin.json#852,0,14,绝,4,仄,2,平,ci.清.0020.pinyin.json 第1阕第15字 语料拼音 jué,待裁定
ci.清.0020.pinyin.json#855,1,5,长,2,平,3,仄,ci.清.0020.pinyin.json 第2阕第6字 语料拼音 zhǎng,待裁定
ci.清.0020.pinyin.json#857,0,20,甚,4,仄,2,平,ci.清.0020.pinyin.json 第1阕第21字 语料拼音 shén,待裁定
ci.清.0020.pinyin.json#864,0,4,绝,4,仄,2,平,ci.清.0020.pinyin.json 第1阕第5字 语料拼音 jué,待裁定
ci.清.0020.pinyin.json#865,1,28,别,4,仄,2,平,ci.清.0020.pinyin.json 第2阕第29字 语料拼音 bié,待裁定
ci.清.0020.pinyin.json#865,1,42,绝,4,仄,2,平,ci.清.0020.pinyin.json 第2阕第43字 语料拼音 jué,待裁定
ci.清.0020.pinyin.json#866,0,16,甚,4,仄,2,平,ci.清.0020.pinyin.json 第1阕第17字 语料拼音 shén,待裁定
ci.清.0020.pinyin.json#869,1,0,长,2,平,3,仄,ci.清.0020.pinyin.json 第2阕第1字 语料拼音 zhǎng,待裁定
ci.清.0020.pinyin.json#870,1,43,别,4,仄,2,平,ci.清.0020.pinyin.json 第2阕第44字 语料拼音 bié,待裁定
ci.清.0020.pinyin.json#879,1,5,甚,4,仄,2,平,ci.清.0020.pinyin.json 第2阕第6字 语料拼音 shén,待裁定
ci.清.0020.pinyin.json#880,1,6,甚,4,仄,2,平,ci.清.0020.pinyin.json 第2阕第7字 语料拼音 shén,待裁定
ci.清.0020.pinyin.json#881,0,60,甚,4,仄,2,平,ci.清.0020.pinyin.json 第1阕第61字 语料拼音 shén,待裁定
ci.清.0020.pinyin.json#881,1,105,甚,4,仄,2,平,ci.清.0020.pinyin.json 第2阕第106字 语料拼音 shén,待裁定
ci.清.0020.pinyin.json#885,0,27,甚,4,仄,2,平,ci.清.0020.pinyin.json 第1阕第28字 语料拼音 shén,待裁定
ci.清.0020.pinyin.json#887,0,15,别,4,仄,2,平,ci.清.0020.pinyin.json 第1阕第16字 语料拼音 bié,待裁定
ci.清.0020.pinyin.json#890,0,37,别,4,仄,2,平,ci.清.0020.pinyin.json 第1阕第38字 语料拼音 bié,待裁定
ci.清.0020.pinyin.json#890,0,42,甚,4,仄,2,平,ci.清.0020.pinyin.json 第1阕第43字 语料拼音 shén,待裁定
ci.清.0020.pinyin.json#890,1,12,长,2,平,3,仄,ci.清.0020.pinyin.json 第2阕第13字 语料拼音 zhǎng,待裁定
ci.清.0020.pinyin.json#891,2,7,绝,4,仄,2,平,ci.清.0020.pinyin.json 第3阕第8字 语料拼音 jué,待裁定
ci.清.0020.pinyin.json#895,1,5,甚,4,仄,2,平,ci.清.0020.pinyin.json 第2阕第6字 语料拼音 shén,待裁定
ci.清.0020.pinyin.json#896,1,19,别,4,仄,2,平,ci.清.0020.pinyin.json 第2阕第20字 语料拼音 bié,待裁定
ci.清.0020.pinyin.json#897,1,20,甚,4,仄,2,平,ci.清.0020.pinyin.json 第2阕第21字 语料拼音 shén,待裁定
ci.清.0020.pinyin.json#908,0,19,长,2,平,3,仄,ci.清.0020.pinyin.json 第1阕第20字 语料拼音 zhǎng,待裁定
ci.清.0020.pinyin.json#908,1,14,别,4,仄,2,平,ci.清.0020.pinyin.json 第2阕第15字 语料拼音 bié,待裁定
ci.清.0020.pinyin.json#930,1,17,别,4,仄,2,平,ci.清.0020.pinyin.json 第2阕第18字 语料拼音 bié,待裁定
ci.清.0020.pinyin.json#931,1,2,绝,4,仄,2,平,ci.清.0020.pinyin.json 第2阕第3字 语料拼音 jué,待裁定
ci.清.0020.pinyin.json#931,1,9,长,2,平,3,仄,ci.清.0020.pinyin.json 第2阕第10字 语料拼音 zhǎng,待裁定
ci.清.0020.pinyin.json#940,0,15,长,2,平,3,仄,ci.清.0020.pinyin.json 第1阕第16字 语料拼音 zhǎng,待裁定
ci.清.0020.pinyin.json#940,1,19,长,2,平,3,仄,ci.清.0020.pinyin.json 第2阕第20字 语料拼音 zhǎng,待裁定
ci.清.0020.pinyin.json#942,1,19,长,2,平,3,仄,ci.清.0020.pinyin.json 第2阕第20字 语料拼音 zhǎng,待裁定
ci.清.0020.pinyin.json#943,0,11,长,2,平,3,仄,ci.清.0020.pinyin.json 第1阕第12字 语料拼音 zhǎng,待裁定
ci.清.0020.pinyin.json#943,0,12,别,4,仄,2,平,ci.清.0020.pinyin.json 第1阕第13字 语料拼音 bié,待裁定
ci.清.0020.pinyin.json#943,0,46,绝,4,仄,2,平,ci.清.0020.pinyin.json 第1阕第47字 语料拼音 jué,待裁定
ci.清.0020.pinyin.json#947,0,60,甚,4,仄,2,平,ci.清.0020.pinyin.json 第1阕第61字 语料拼音 shén,待裁定
ci.清.0020.pinyin.json#956,1,0,别,4,仄,2,平,ci.清.0020.pinyin.json 第2阕第1字 语料拼音 bié,待裁定
ci.清.0020.pinyin.json#959,1,10,别,4,仄,2,平,ci.清.0020.pinyin.json 第2阕第11字 语料拼音 bié,待裁定
ci.清.0020.pinyin.json#961,0,12,别,4,仄,2,平,ci.清.0020.pinyin.json 第1阕第13字 语料拼音 bié,待裁定
ci.清.0020.pinyin.json#964,0,10,别,4,仄,2,平,ci.清.0020.pinyin.json 第1阕第11字 语料拼音 bié,待裁定
ci.清.0020.pinyin.json#964,0,14,绝,4,仄,2,平,ci.清.0020.pinyin.json 第1阕第15字 语料拼音 jué,待裁定
ci.清.0020.pinyin.json#965,0,16,别,4,仄,2,平,ci.清.0020.pinyin.json 第1阕第17字 语料拼音 bié,待裁定
ci.清.0020.pinyin.json#970,1,11,长,2,平,3,仄,ci.清.0020.pinyin.json 第2阕第12字 语料拼音 zhǎng,待裁定
ci.清.0020.pinyin.json#977,0,20,长,2,平,3,仄,ci.清.0020.pinyin.json 第1阕第21字 语料拼音 zhǎng,待裁定
ci.清.0020.pinyin.json#980,1,4,别,4,仄,2,平,ci.清.0020.pinyin.json 第2阕第5字 语料拼音 bié,待裁定
ci.清.0020.pinyin.json#984,1,10,绝,4,仄,2,平,ci.清.0020.pinyin.json 第2阕第11字 语料拼音 jué,待裁定
ci.清.0020.pinyin.json#992,0,2,别,4,仄,2,平,ci.清.0020.pinyin.json 第1阕第3字 语料拼音 bié,待裁定
ci.清.0020.pinyin.json#992,0,5,别,4,仄,2,平,ci.清.0020.pinyin.json 第1阕第6字 语料拼音 bié,待裁定
ci.清.0020.pinyin.json#995,0,48,长,2,平,3,仄,ci.清.0020.pinyin.json 第1阕第49字 语料拼音 zhǎng,待裁定
ci.清.0020.pinyin.json#995,1,19,长,2,平,3,仄,ci.清.0020.pinyin.json 第2阕第20字 语料拼音 zhǎng,待裁定
ci.清.0021.pinyin.json#0,1,1,别,4,仄,2,平,ci.清.0021.pinyin.json 第2阕第2字 语料拼音 bié,待裁定
ci.清.0021.pinyin.json#2,0,14,别,4,仄,2,平,ci.清.0021.pinyin.json 第1阕第15字 语料拼音 bié,待裁定
ci.清.0021.pinyin.json#6,0,5,别,4,仄,2,平,ci.清.0021.pinyin.json 第1阕第6字 语料拼音 bié,待裁定
ci.清.0021.pinyin.json#8,0,10,别,4,仄,2,平,ci.清.0021.pinyin.json 第1阕第11字 语料拼音 bié,待裁定
ci.清.0021.pinyin.json#10,0,7,别,4,仄,2,平,ci.清.0021.pinyin.json 第1阕第8字 语料拼音 bié,待裁定
ci.清.0021.pinyin.json#10,0,22,长,2,平,3,仄,ci.清.0021.pinyin.json 第1阕第23字 语料拼音 zhǎng,待裁定
ci.清.0021.pinyin.json#11,0,5,甚,4,仄,2,平,ci.清.0021.pinyin.json 第1阕第6字 语料拼音 shén,待裁定
ci.清.0021.pinyin.json#16,1,19,别,4,仄,2,平,ci.清.0021.pinyin.json 第2阕第20字 语料拼音 bié,待裁定
ci.清.0021.pinyin.json#18,0,3,别,4,仄,2,平,ci.清.0021.pinyin.json 第1阕第4字 语料拼音 bié,待裁定
ci.清.0021.pinyin.json#25,0,13,长,2,平,3,仄,ci.清.0021.pinyin.json 第1阕第14字 语料拼音 zhǎng,待裁定
ci.清.0021.pinyin.json#30,1,15,长,2,平,3,仄,ci.清.0021.pinyin.json 第2阕第16字 语料拼音 zhǎng,待裁定
ci.清.0021.pinyin.json#32,1,1,长,2,平,3,仄,ci.清.0021.pinyin.json 第2阕第2字 语料拼音 zhǎng,待裁定
ci.清.0021.pinyin.json#34,0,41,别,4,仄,2,平,ci.清.0021.pinyin.json 第1阕第42字 语料拼音 bié,待裁定
ci.清.0021.pinyin.json#34,1,6,别,4,仄,2,平,ci.清.0021.pinyin.json 第2阕第7字 语料拼音 bié,待裁定
ci.清.0021.pinyin.json#34,1,44,甚,4,仄,2,平,ci.清.0021.pinyin.json 第2阕第45字 语料拼音 shén,待裁定
ci.清.0021.pinyin.json#36,0,21,长,2,平,3,仄,ci.清.0021.pinyin.json 第1阕第22字 语料拼音 zhǎng,待裁定
ci.清.0021.pinyin.json#36,1,0,长,2,平,3,仄,ci.清.0021.pinyin.json 第2阕第1字 语料拼音 zhǎng,待裁定
ci.清.0021.pinyin.json#36,1,2,长,2,平,3,仄,ci.清.0021.pinyin.json 第2阕第3字 语料拼音 zhǎng,待裁定
ci.清.0021.pinyin.json#38,0,15,甚,4,仄,2,平,ci.清.0021.pinyin.json 第1阕第16字 语料拼音 shén,待裁定
ci.清.0021.pinyin.json#42,0,32,长,2,平,3,仄,ci.清.0021.pinyin.json 第1阕第33字 语料拼音 zhǎng,待裁定
ci.清.0021.pinyin.json#43,0,4,甚,4,仄,2,平,ci.清.0021.pinyin.json 第1阕第5字 语料拼音 shén,待裁定
ci.清.0021.pinyin.json#43,0,22,长,2,平,3,仄,ci.清.0021.pinyin.json 第1阕第23字 语料拼音 zhǎng,待裁定
ci.清.0021.pinyin.json#43,0,34,别,4,仄,2,平,ci.清.0021.pinyin.json 第1阕第35字 语料拼音 bié,待裁定
ci.清.0021.pinyin.json#45,0,41,甚,4,仄,2,平,ci.清.0021.pinyin.json 第1阕第42字 语料拼音 shén,待裁定
ci.清.0021.pinyin.json#45,1,15,长,2,平,3,仄,ci.清.0021.pinyin.json 第2阕第16字 语料拼音 zhǎng,待裁定
ci.清.0021.pinyin.json#49,0,18,别,4,仄,2,平,ci.清.0021.pinyin.json 第1阕第19字 语料拼音 bié,待裁定
ci.清.0021.pinyin.json#56,0,33,别,4,仄,2,平,ci.清.0021.pinyin.json 第1阕第34字 语料拼音 bié,待裁定
ci.清.0021.pinyin.json#56,1,10,长,2,平,3,仄,ci.清.0021.pinyin.json 第2阕第11字 语料拼音 zhǎng,待裁定
ci.清.0021.pinyin.json#58,1,25,别,4,仄,2,平,ci.清.0021.pinyin.json 第2阕第26字 语料拼音 bié,待裁定
ci.清.0021.pinyin.json#59,1,13,别,4,仄,2,平,ci.清.0021.pinyin.json 第2阕第14字 语料拼音 bié,待裁定
ci.清.0021.pinyin.json#61,0,38,别,4,仄,2,平,ci.清.0021.pinyin.json 第1阕第39字 语料拼音 bié,待裁定
ci.清.0021.pinyin.json#62,1,9,长,2,平,3,仄,ci.清.0021.pinyin.json 第2阕第10字 语料拼音 zhǎng,待裁定
ci.清.0021.pinyin.json#66,1,35,长,2,平,3,仄,ci.清.0021.pinyin.json 第2阕第36字 语料拼音 zhǎng,待裁定
ci.清.0021.pinyin.json#69,1,25,长,2,平,3,仄,ci.清.0021.pinyin.json 第2阕第26字 语料拼音 zhǎng,待裁定
ci.清.0021.pinyin.json#70,0,15,长,2,平,3,仄,ci.清.0021.pinyin.json 第1阕第16字 语料拼音 zhǎng,待裁定
ci.清.0021.pinyin.json#74,1,16,长,2,平,3,仄,ci.清.0021.pinyin.json 第2阕第17字 语料拼音 zhǎng,待裁定
ci.清.0021.pinyin.json#79,1,7,别,4,仄,2,平,ci.清.0021.pinyin.json 第2阕第8字 语料拼音 bié,待裁定
ci.清.0021.pinyin.json#81,1,5,绝,4,仄,2,平,ci.清.0021.pinyin.json 第2阕第6字 语料拼音 jué,待裁定
ci.清.0021.pinyin.json#84,1,17,长,2,平,3,仄,ci.清.0021.pinyin.json 第2阕第18字 语料拼音 zhǎng,待裁定
ci.清.0021.pinyin.json#86,1,26,长,2,平,3,仄,ci.清.0021.pinyin.json 第2阕第27字 语料拼音 zhǎng,待裁定
ci.清.0021.pinyin.json#94,0,13,长,2,平,3,仄,ci.清.0021.pinyin.json 第1阕第14字 语料拼音 zhǎng,待裁定
ci.清.0021.pinyin.json#98,0,9,长,2,平,3,仄,ci.清.0021.pinyin.json 第1阕第10字 语料拼音 zhǎng,待裁定
ci.清.0021.pinyin.json#98,0,12,长,2,平,3,仄,ci.清.0021.pinyin.json 第1阕第13字 语料拼音 zhǎng,待裁定
ci.清.0021.pinyin.json#100,1,21,长,2,平,3,仄,ci.清.0021.pinyin.json 第2阕第22字 语料拼音 zhǎng,待裁定
ci.清.0021.pinyin.json#119,1,21,绝,4,仄,2,平,ci.清.0021.pinyin.json 第2阕第22字 语料拼音 jué,待裁定
ci.清.0021.pinyin.json#121,0,5,别,4,仄,2,平,ci.清.0021.pinyin.json 第1阕第6字 语料拼音 bié,待裁定
ci.清.0021.pinyin.json#121,1,0,别,4,仄,2,平,ci.清.0021.pinyin.json 第2阕第1字 语料拼音 bié,待裁定
ci.清.0021.pinyin.json#122,0,17,别,4,仄,2,平,ci.清.0021.pinyin.json 第1阕第18字 语料拼音 bié,待裁定
ci.清.0021.pinyin.json#122,1,23,别,4,仄,2,平,ci.清.0021.pinyin.json 第2阕第24字 语料拼音 bié,待裁定
ci.清.0021.pinyin.json#125,1,15,长,2,平,3,仄,ci.清.0021.pinyin.json 第2阕第16字 语料拼音 zhǎng,待裁定
ci.清.0021.pinyin.json#127,0,1,长,2,平,3,仄,ci.清.0021.pinyin.json 第1阕第2字 语料拼音 zhǎng,待裁定
ci.清.0021.pinyin.json#128,1,47,长,2,平,3,仄,ci.清.0021.pinyin.json 第2阕第48字 语料拼音 zhǎng,待裁定
ci.清.0021.pinyin.json#131,0,18,别,4,仄,2,平,ci.清.0021.pinyin.json 第1阕第19字 语料拼音 bié,待裁定
ci.清.0021.pinyin.json#135,1,15,绝,4,仄,2,平,ci.清.0021.pinyin.json 第2阕第16字 语料拼音 jué,待裁定
ci.清.0021.pinyin.json#136,1,19,绝,4,仄,2,平,ci.清.0021.pinyin.json 第2阕第20字 语料拼音 jué,待裁定
ci.清.0021.pinyin.json#137,0,69,别,4,仄,2,平,ci.清.0021.pinyin.json 第1阕第70字 语料拼音 bié,待裁定
ci.清.0021.pinyin.json#137,0,71,长,2,平,3,仄,ci.清.0021.pinyin.json 第1阕第72字 语料拼音 zhǎng,待裁定
ci.清.0021.pinyin.json#143,1,9,长,2,平,3,仄,ci.清.0021.pinyin.json 第2阕第10字 语料拼音 zhǎng,待裁定
ci.清.0021.pinyin.json#145,3,0,别,4,仄,2,平,ci.清.0021.pinyin.json 第4阕第1字 语料拼音 bié,待裁定
ci.清.0021.pinyin.json#147,0,16,别,4,仄,2,平,ci.清.0021.pinyin.json 第1阕第17字 语料拼音 bié,待裁定
ci.清.0021.pinyin.json#162,1,16,长,2,平,3,仄,ci.清.0021.pinyin.json 第2阕第17字 语料拼音 zhǎng,待裁定
ci.清.0021.pinyin.json#178,0,3,长,2,平,3,仄,ci.清.0021.pinyin.json 第1阕第4字 语料拼音 zhǎng,待裁定
ci.清.0021.pinyin.json#180,0,20,长,2,平,3,仄,ci.清.0021.pinyin.json 第1阕第21字 语料拼音 zhǎng,待裁定
ci.清.0021.pinyin.json#184,1,10,别,4,仄,2,平,ci.清.0021.pinyin.json 第2阕第11字 语料拼音 bié,待裁定
ci.清.0021.pinyin.json#185,1,16,长,2,平,3,仄,ci.清.0021.pinyin.json 第2阕第17字 语料拼音 zhǎng,待裁定
ci.清.0021.pinyin.json#192,1,5,别,4,仄,2,平,ci.清.0021.pinyin.json 第2阕第6字 语料拼音 bié,待裁定
ci.清.0021.pinyin.json#202,0,9,长,2,平,3,仄,ci.清.0021.pinyin.json 第1阕第10字 语料拼音 zhǎng,待裁定
ci.清.0021.pinyin.json#205,1,10,别,4,仄,2,平,ci.清.0021.pinyin.json 第2阕第11字 语料拼音 bié,待裁定
ci.清.0021.pinyin.json#207,1,1,别,4,仄,2,平,ci.清.0021.pinyin.json 第2阕第2字 语料拼音 bié,待裁定
ci.清.0021.pinyin.json#224,1,22,长,2,平,3,仄,ci.清.0021.pinyin.json 第2阕第23字 语料拼音 zhǎng,待裁定
ci.清.0021.pinyin.json#227,0,5,别,4,仄,2,平,ci.清.0021.pinyin.json 第1阕第6字 语料拼音 bié,待裁定
ci.清.0021.pinyin.json#239,0,3,绝,4,仄,2,平,ci.清.0021.pinyin.json 第1阕第4字 语料拼音 jué,待裁定
ci.清.0021.pinyin.json#249,1,23,别,4,仄,2,平,ci.清.0021.pinyin.json 第2阕第24字 语料拼音 bié,待裁定
ci.清.0021.pinyin.json#250,0,2,绝,4,仄,2,平,ci.清.0021.pinyin.json 第1阕第3字 语料拼音 jué,待裁定
ci.清.0021.pinyin.json#251,1,4,绝,4,仄,2,平,ci.清.0021.pinyin.json 第2阕第5字 语料拼音 jué,待裁定
ci.清.0021.pinyin.json#252,0,48,绝,4,仄,2,平,ci.清.0021.pinyin.json 第1阕第49字 语料拼音 jué,待裁定
ci.清.0021.pinyin.json#254,0,50,绝,4,仄,2,平,ci.清.0021.pinyin.json 第1阕第51字 语料拼音 jué,待裁定
ci.清.0021.pinyin.json#259,0,42,甚,4,仄,2,平,ci.清.0021.pinyin.json 第1阕第43字 语料拼音 shén,待裁定
ci.清.0021.pinyin.json#261,0,38,别,4,仄,2,平,ci.清.0021.pinyin.json 第1阕第39字 语料拼音 bié,待裁定
ci.清.0021.pinyin.json#264,1,5,别,4,仄,2,平,ci.清.0021.pinyin.json 第2阕第6字 语料拼音 bié,待裁定
ci.清.0021.pinyin.json#265,1,15,长,2,平,3,仄,ci.清.0021.pinyin.json 第2阕第16字 语料拼音 zhǎng,待裁定
ci.清.0021.pinyin.json#267,0,3,绝,4,仄,2,平,ci.清.0021.pinyin.json 第1阕第4字 语料拼音 jué,待裁定
ci.清.0021.pinyin.json#271,0,17,绝,4,仄,2,平,ci.清.0021.pinyin.json 第1阕第18字 语料拼音 jué,待裁定
ci.清.0021.pinyin.json#277,1,33,长,2,平,3,仄,ci.清.0021.pinyin.json 第2阕第34字 语料拼音 zhǎng,待裁定
ci.清.0021.pinyin.json#282,1,15,长,2,平,3,仄,ci.清.0021.pinyin.json 第2阕第16字 语料拼音 zhǎng,待裁定
ci.清.0021.pinyin.json#283,0,22,别,4,仄,2,平,ci.清.0021.pinyin.json 第1阕第23字 语料拼音 bié,待裁定
ci.清.0021.pinyin.json#283,1,15,长,2,平,3,仄,ci.清.0021.pinyin.json 第2阕第16字 语料拼音 zhǎng,待裁定
ci.清.0021.pinyin.json#284,0,41,别,4,仄,2,平,ci.清.0021.pinyin.json 第1阕第42字 语料拼音 bié,待裁定
ci.清.0021.pinyin.json#288,1,25,长,2,平,3,仄,ci.清.0021.pinyin.json 第2阕第26字 语料拼音 zhǎng,待裁定
ci.清.0021.pinyin.json#292,0,30,长,2,平,3,仄,ci.清.0021.pinyin.json 第1阕第31字 语料拼音 zhǎng,待裁定
ci.清.0021.pinyin.json#294,0,0,别,4,仄,2,平,ci.清.0021.pinyin.json 第1阕第1字 语料拼音 bié,待裁定
ci.清.0021.pinyin.json#298,1,3,长,2,平,3,仄,ci.清.0021.pinyin.json 第2阕第4字 语料拼音 zhǎng,待裁定
ci.清.0021.pinyin.json#298,1,16,绝,4,仄,2,平,ci.清.0021.pinyin.json 第2阕第17字 语料拼音 jué,待裁定
ci.清.0021.pinyin.json#300,1,8,别,4,仄,2,平,ci.清.0021.pinyin.json 第2阕第9字 语料拼音 bié,待裁定
ci.清.0021.pinyin.json#302,1,25,绝,4,仄,2,平,ci.清.0021.pinyin.json 第2阕第26字 语料拼音 jué,待裁定
ci.清.0021.pinyin.json#303,0,47,长,2,平,3,仄,ci.清.0021.pinyin.json 第1阕第48字 语料拼音 zhǎng,待裁定
ci.清.0021.pinyin.json#303,1,34,绝,4,仄,2,平,ci.清.0021.pinyin.json 第2阕第35字 语料拼音 jué,待裁定
ci.清.0021.pinyin.json#304,0,11,甚,4,仄,2,平,ci.清.0021.pinyin.json 第1阕第12字 语料拼音 shén,待裁定
ci.清.0021.pinyin.json#304,1,22,长,2,平,3,仄,ci.清.0021.pinyin.json 第2阕第23字 语料拼音 zhǎng,待裁定
ci.清.0021.pinyin.json#305,1,1,甚,4,仄,2,平,ci.清.0021.pinyin.json 第2阕第2字 语料拼音 shén,待裁定
ci.清.0021.pinyin.json#306,1,3,别,4,仄,2,平,ci.清.0021.pinyin.json 第2阕第4字 语料拼音 bié,待裁定
ci.清.0021.pinyin.json#308,1,30,别,4,仄,2,平,ci.清.0021.pinyin.json 第2阕第31字 语料拼音 bié,待裁定
ci.清.0021.pinyin.json#308,1,45,长,2,平,3,仄,ci.清.0021.pinyin.json 第2阕第46字 语料拼音 zhǎng,待裁定
ci.清.0021.pinyin.json#309,0,50,别,4,仄,2,平,ci.清.0021.pinyin.json 第1阕第51字 语料拼音 bié,待裁定
ci.清.0021.pinyin.json#309,1,7,绝,4,仄,2,平,ci.清.0021.pinyin.json 第2阕第8字 语料拼音 jué,待裁定
ci.清.0021.pinyin.json#309,1,28,别,4,仄,2,平,ci.清.0021.pinyin.json 第2阕第29字 语料拼音 bié,待裁定
ci.清.0021.pinyin.json#309,1,43,甚,4,仄,2,平,ci.清.0021.pinyin.json 第2阕第44字 语料拼音 shén,待裁定
ci.清.0021.pinyin.json#317,0,17,别,4,仄,2,平,ci.清.0021.pinyin.json 第1阕第18字 语料拼音 bié,待裁定
ci.清.0021.pinyin.json#319,1,13,别,4,仄,2,平,ci.清.0021.pinyin.json 第2阕第14字 语料拼音 bié,待裁定
ci.清.0021.pinyin.json#319,1,20,绝,4,仄,2,平,ci.清.0021.pinyin.json 第2阕第21字 语料拼音 jué,待裁定
ci.清.0021.pinyin.json#320,1,56,别,4,仄,2,平,ci.清.0021.pinyin.json 第2阕第57字 语料拼音 bié,待裁定
ci.清.0021.pinyin.json#321,1,15,别,4,仄,2,平,ci.清.0021.pinyin.json 第2阕第16字 语料拼音 bié,待裁定
ci.清.0021.pinyin.json#324,1,10,别,4,仄,2,平,ci.清.0021.pinyin.json 第2阕第11字 语料拼音 bié,待裁定
ci.清.0021.pinyin.json#327,0,27,绝,4,仄,2,平,ci.清.0021.pinyin.json 第1阕第28字 语料拼音 jué,待裁定
ci.清.0021.pinyin.json#329,1,32,长,2,平,3,仄,ci.清.0021.pinyin.json 第2阕第33字 语料拼音 zhǎng,待裁定
ci.清.0021.pinyin.json#330,1,5,别,4,仄,2,平,ci.清.0021.pinyin.json 第2阕第6字 语料拼音 bié,待裁定
ci.清.0021.pinyin.json#331,0,11,长,2,平,3,仄,ci.清.0021.pinyin.json 第1阕第12字 语料拼音 zhǎng,待裁定
ci.清.0021.pinyin.json#331,0,44,绝,4,仄,2,平,ci.清.0021.pinyin.json 第1阕第45字 语料拼音 jué,待裁定
ci.清.0021.pinyin.json#332,1,4,别,4,仄,2,平,ci.清.0021.pinyin.json 第2阕第5字 语料拼音 bié,待裁定
ci.清.0021.pinyin.json#336,0,25,别,4,仄,2,平,ci.清.0021.pinyin.json 第1阕第26字 语料拼音 bié,待裁定
ci.清.0021.pinyin.json#338,0,22,长,2,平,3,仄,ci.清.0021.pinyin.json 第1阕第23字 语料拼音 zhǎng,待裁定
ci.清.0021.pinyin.json#339,0,31,长,2,平,3,仄,ci.清.0021.pinyin.json 第1阕第32字 语料拼音 zhǎng,待裁定
ci.清.0021.pinyin.json#342,0,10,长,2,平,3,仄,ci.清.0021.pinyin.json 第1阕第11字 语料拼音 zhǎng,待裁定
ci.清.0021.pinyin.json#346,1,4,别,4,仄,2,平,ci.清.0021.pinyin.json 第2阕第5字 语料拼音 bié,待裁定
ci.清.0021.pinyin.json#347,1,17,长,2,平,3,仄,ci.清.0021.pinyin.json 第2阕第18字 语料拼音 zhǎng,待裁定
ci.清.0021.pinyin.json#350,1,33,甚,4,仄,2,平,ci.清.0021.pinyin.json 第2阕第34字 语料拼音 shén,待裁定
ci.清.0021.pinyin.json#351,0,21,别,4,仄,2,平,ci.清.0021.pinyin.json 第1阕第22字 语料拼音 bié,待裁定
ci.清.0021.pinyin.json#352,1,6,长,2,平,3,仄,ci.清.0021.pinyin.json 第2阕第7字 语料拼音 zhǎng,待裁定
ci.清.0021.pinyin.json#359,0,30,长,2,平,3,仄,ci.清.0021.pinyin.json 第1阕第31字 语料拼音 zhǎng,待裁定
ci.清.0021.pinyin.json#363,0,8,甚,4,仄,2,平,ci.清.0021.pinyin.json 第1阕第9字 语料拼音 shén,待裁定
ci.清.0021.pinyin.json#366,1,47,别,4,仄,2,平,ci.清.0021.pinyin.json 第2阕第48字 语料拼音 bié,待裁定
ci.清.0021.pinyin.json#371,0,24,长,2,平,3,仄,ci.清.0021.pinyin.json 第1阕第25字 语料拼音 zhǎng,待裁定
ci.清.0021.pinyin.json#376,1,7,长,2,平,3,仄,ci.清.0021.pinyin.json 第2阕第8字 语料拼音 zhǎng,待裁定
ci.清.0021.pinyin.json#377,0,0,长,2,平,3,仄,ci.清.0021.pinyin.json 第1阕第1字 语料拼音 zhǎng,待裁定
ci.清.0021.pinyin.json#377,1,49,长,2,平,3,仄,ci.清.0021.pinyin.json 第2阕第50字 语料拼音 zhǎng,待裁定
ci.清.0021.pinyin.json#388,0,15,长,2,平,3,仄,ci.清.0021.pinyin.json 第1阕第16字 语料拼音 zhǎng,待裁定
ci.清.0021.pinyin.json#390,1,26,别,4,仄,2,平,ci.清.0021.pinyin.json 第2阕第27字 语料拼音 bié,待裁定
ci.清.0021.pinyin.json#395,0,1,长,2,平,3,仄,ci.清.0021.pinyin.json 第1阕第2字 语料拼音 zhǎng,待裁定
ci.清.0021.pinyin.json#396,1,31,绝,4,仄,2,平,ci.清.0021.pinyin.json 第2阕第32字 语料拼音 jué,待裁定
ci.清.0021.pinyin.json#397,1,40,长,2,平,3,仄,ci.清.0021.pinyin.json 第2阕第41字 语料拼音 zhǎng,待裁定
ci.清.0021.pinyin.json#399,0,5,别,4,仄,2,平,ci.清.0021.pinyin.json 第1阕第6字 语料拼音 bié,待裁定
ci.清.0021.pinyin.json#402,0,48,别,4,仄,2,平,ci.清.0021.pinyin.json 第1阕第49字 语料拼音 bié,待裁定
ci.清.0021.pinyin.json#402,1,27,绝,4,仄,2,平,ci.清.0021.pinyin.json 第2阕第28字 语料拼音 jué,待裁定
ci.清.0021.pinyin.json#411,0,25,别,4,仄,2,平,ci.清.0021.pinyin.json 第1阕第26字 语料拼音 bié,待裁定
ci.清.0021.pinyin.json#414,1,0,长,2,平,3,仄,ci.清.0021.pinyin.json 第2阕第1字 语料拼音 zhǎng,待裁定
ci.清.0021.pinyin.json#418,0,23,长,2,平,3,仄,ci.清.0021.pinyin.json 第1阕第24字 语料拼音 zhǎng,待裁定
ci.清.0021.pinyin.json#429,1,51,长,2,平,3,仄,ci.清.0021.pinyin.json 第2阕第52字 语料拼音 zhǎng,待裁定
ci.清.0021.pinyin.json#432,0,39,长,2,平,3,仄,ci.清.0021.pinyin.json 第1阕第40字 语料拼音 zhǎng,待裁定
ci.清.0021.pinyin.json#433,1,42,长,2,平,3,仄,ci.清.0021.pinyin.json 第2阕第43字 语料拼音 zhǎng,待裁定
ci.清.0021.pinyin.json#435,1,22,别,4,仄,2,平,ci.清.0021.pinyin.json 第2阕第23字 语料拼音 bié,待裁定
ci.清.0021.pinyin.json#437,0,11,绝,4,仄,2,平,ci.清.0021.pinyin.json 第1阕第12字 语料拼音 jué,待裁定
ci.清.0021.pinyin.json#441,1,1,长,2,平,3,仄,ci.清.0021.pinyin.json 第2阕第2字 语料拼音 zhǎng,待裁定
ci.清.0021.pinyin.json#451,0,8,长,2,平,3,仄,ci.清.0021.pinyin.json 第1阕第9字 语料拼音 zhǎng,待裁定
ci.清.0021.pinyin.json#462,0,15,长,2,平,3,仄,ci.清.0021.pinyin.json 第1阕第16字 语料拼音 zhǎng,待裁定
ci.清.0021.pinyin.json#465,0,12,长,2,平,3,仄,ci.清.0021.pinyin.json 第1阕第13字 语料拼音 zhǎng,待裁定
ci.清.0021.pinyin.json#467,0,17,别,4,仄,2,平,ci.清.0021.pinyin.json 第1阕第18字 语料拼音 bié,待裁定
ci.清.0021.pinyin.json#469,1,0,长,2,平,3,仄,ci.清.0021.pinyin.json 第2阕第1字 语料拼音 zhǎng,待裁定
ci.清.0021.pinyin.json#470,0,17,长,2,平,3,仄,ci.清.0021.pinyin.json 第1阕第18字 语料拼音 zhǎng,待裁定
ci.清.0021.pinyin.json#470,0,48,绝,4,仄,2,平,ci.清.0021.pinyin.json 第1阕第49字 语料拼音 jué,待裁定
ci.清.0021.pinyin.json#474,0,6,绝,4,仄,2,平,ci.清.0021.pinyin.json 第1阕第7字 语料拼音 jué,待裁定
ci.清.0021.pinyin.json#478,1,19,长,2,平,3,仄,ci.清.0021.pinyin.json 第2阕第20字 语料拼音 zhǎng,待裁定
ci.清.0021.pinyin.json#479,1,11,长,2,平,3,仄,ci.清.0021.pinyin.json 第2阕第12字 语料拼音 zhǎng,待裁定
ci.清.0021.pinyin.json#480,0,8,别,4,仄,2,平,ci.清.0021.pinyin.json 第1阕第9字 语料拼音 bié,待裁定
ci.清.0021.pinyin.json#486,1,0,别,4,仄,2,平,ci.清.0021.pinyin.json 第2阕第1字 语料拼音 bié,待裁定
ci.清.0021.pinyin.json#488,1,6,绝,4,仄,2,平,ci.清.0021.pinyin.json 第2阕第7字 语料拼音 jué,待裁定
ci.清.0021.pinyin.json#489,0,21,长,2,平,3,仄,ci.清.0021.pinyin.json 第1阕第22字 语料拼音 zhǎng,待裁定
ci.清.0021.pinyin.json#491,1,0,别,4,仄,2,平,ci.清.0021.pinyin.json 第2阕第1字 语料拼音 bié,待裁定
ci.清.0021.pinyin.json#491,1,7,甚,4,仄,2,平,ci.清.0021.pinyin.json 第2阕第8字 语料拼音 shén,待裁定
ci.清.0021.pinyin.json#492,1,9,长,2,平,3,仄,ci.清.0021.pinyin.json 第2阕第10字 语料拼音 zhǎng,待裁定
ci.清.0021.pinyin.json#497,1,2,甚,4,仄,2,平,ci.清.0021.pinyin.json 第2阕第3字 语料拼音 shén,待裁定
ci.清.0021.pinyin.json#499,0,8,别,4,仄,2,平,ci.清.0021.pinyin.json 第1阕第9字 语料拼音 bié,待裁定
ci.清.0021.pinyin.json#502,0,32,别,4,仄,2,平,ci.清.0021.pinyin.json 第1阕第33字 语料拼音 bié,待裁定
ci.清.0021.pinyin.json#504,1,15,绝,4,仄,2,平,ci.清.0021.pinyin.json 第2阕第16字 语料拼音 jué,待裁定
ci.清.0021.pinyin.json#505,1,13,长,2,平,3,仄,ci.清.0021.pinyin.json 第2阕第14字 语料拼音 zhǎng,待裁定
ci.清.0021.pinyin.json#509,0,18,长,2,平,3,仄,ci.清.0021.pinyin.json 第1阕第19字 语料拼音 zhǎng,待裁定
ci.清.0021.pinyin.json#510,0,15,绝,4,仄,2,平,ci.清.0021.pinyin.json 第1阕第16字 语料拼音 jué,待裁定
ci.清.0021.pinyin.json#514,0,8,别,4,仄,2,平,ci.清.0021.pinyin.json 第1阕第9字 语料拼音 bié,待裁定
ci.清.0021.pinyin.json#515,1,15,别,4,仄,2,平,ci.清.0021.pinyin.json 第2阕第16字 语料拼音 bié,待裁定
ci.清.0021.pinyin.json#516,1,40,甚,4,仄,2,平,ci.清.0021.pinyin.json 第2阕第41字 语料拼音 shén,待裁定
ci.清.0021.pinyin.json#518,1,26,别,4,仄,2,平,ci.清.0021.pinyin.json 第2阕第27字 语料拼音 bié,待裁定
ci.清.0021.pinyin.json#520,1,16,长,2,平,3,仄,ci.清.0021.pinyin.json 第2阕第17字 语料拼音 zhǎng,待裁定
ci.清.0021.pinyin.json#522,0,30,甚,4,仄,2,平,ci.清.0021.pinyin.json 第1阕第31字 语料拼音 shén,待裁定
ci.清.0021.pinyin.json#524,0,0,长,2,平,3,仄,ci.清.0021.pinyin.json 第1阕第1字 语料拼音 zhǎng,待裁定
ci.清.0021.pinyin.json#525,0,26,别,4,仄,2,平,ci.清.0021.pinyin.json 第1阕第27字 语料拼音 bié,待裁定
ci.清.0021.pinyin.json#525,1,26,长,2,平,3,仄,ci.清.0021.pinyin.json 第2阕第27字 语料拼音 zhǎng,待裁定
ci.清.0021.pinyin.json#526,1,6,甚,4,仄,2,平,ci.清.0021.pinyin.json 第2阕第7字 语料拼音 shén,待裁定
ci.清.0021.pinyin.json#528,0,60,甚,4,仄,2,平,ci.清.0021.pinyin.json 第1阕第61字 语料拼音 shén,待裁定
ci.清.0021.pinyin.json#528,1,44,长,2,平,3,仄,ci.清.0021.pinyin.json 第2阕第45字 语料拼音 zhǎng,待裁定
ci.清.0021.pinyin.json#529,1,46,甚,4,仄,2,平,ci.清.0021.pinyin.json 第2阕第47字 语料拼音 shén,待裁定
ci.清.0021.pinyin.json#531,1,6,别,4,仄,2,平,ci.清.0021.pinyin.json 第2阕第7字 语料拼音 bié,待裁定
ci.清.0021.pinyin.json#533,1,6,长,2,平,3,仄,ci.清.0021.pinyin.json 第2阕第7字 语料拼音 zhǎng,待裁定
ci.清.0021.pinyin.json#533,1,13,甚,4,仄,2,平,ci.清.0021.pinyin.json 第2阕第14字 语料拼音 shén,待裁定
ci.清.0021.pinyin.json#535,0,6,长,2,平,3,仄,ci.清.0021.pinyin.json 第1阕第7字 语料拼音 zhǎng,待裁定
ci.清.0021.pinyin.json#535,1,0,长,2,平,3,仄,ci.清.0021.pinyin.json 第2阕第1字 语料拼音 zhǎng,待裁定
ci.清.0021.pinyin.json#537,1,38,甚,4,仄,2,平,ci.清.0021.pinyin.json 第2阕第39字 语料拼音 shén,待裁定
ci.清.0021.pinyin.json#538,1,43,甚,4,仄,2,平,ci.清.0021.pinyin.json 第2阕第44字 语料拼音 shén,待裁定
ci.清.0021.pinyin.json#539,0,23,长,2,平,3,仄,ci.清.0021.pinyin.json 第1阕第24字 语料拼音 zhǎng,待裁定
ci.清.0021.pinyin.json#539,1,7,甚,4,仄,2,平,ci.清.0021.pinyin.json 第2阕第8字 语料拼音 shén,待裁定
ci.清.0021.pinyin.json#543,1,38,长,2,平,3,仄,ci.清.0021.pinyin.json 第2阕第39字 语料拼音 zhǎng,待裁定
ci.清.0021.pinyin.json#544,0,17,长,2,平,3,仄,ci.清.0021.pinyin.json 第1阕第18字 语料拼音 zhǎng,待裁定
ci.清.0021.pinyin.json#550,0,3,绝,4,仄,2,平,ci.清.0021.pinyin.json 第1阕第4字 语料拼音 jué,待裁定
ci.清.0021.pinyin.json#554,0,7,长,2,平,3,仄,ci.清.0021.pinyin.json 第1阕第8字 语料拼音 zhǎng,待裁定
ci.清.0021.pinyin.json#554,2,9,长,2,平,3,仄,ci.清.0021.pinyin.json 第3阕第10字 语料拼音 zhǎng,待裁定
ci.清.0021.pinyin.json#555,0,8,长,2,平,3,仄,ci.清.0021.pinyin.json 第1阕第9字 语料拼音 zhǎng,待裁定
ci.清.0021.pinyin.json#555,1,44,长,2,平,3,仄,ci.清.0021.pinyin.json 第2阕第45字 语料拼音 zhǎng,待裁定
ci.清.0021.pinyin.json#558,1,16,甚,4,仄,2,平,ci.清.0021.pinyin.json 第2阕第17字 语料拼音 shén,待裁定
ci.清.0021.pinyin.json#559,0,9,别,4,仄,2,平,ci.清.0021.pinyin.json 第1阕第10字 语料拼音 bié,待裁定
ci.清.0021.pinyin.json#559,1,25,甚,4,仄,2,平,ci.清.0021.pinyin.json 第2阕第26字 语料拼音 shén,待裁定
ci.清.0021.pinyin.json#567,0,27,长,2,平,3,仄,ci.清.0021.pinyin.json 第1阕第28字 语料拼音 zhǎng,待裁定
ci.清.0021.pinyin.json#568,1,12,长,2,平,3,仄,ci.清.0021.pinyin.json 第2阕第13字 语料拼音 zhǎng,待裁定
ci.清.0021.pinyin.json#569,1,50,长,2,平,3,仄,ci.清.0021.pinyin.json 第2阕第51字 语料拼音 zhǎng,待裁定
ci.清.0021.pinyin.json#570,0,1,长,2,平,3,仄,ci.清.0021.pinyin.json 第1阕第2字 语料拼音 zhǎng,待裁定
ci.清.0021.pinyin.json#570,1,33,长,2,平,3,仄,ci.清.0021.pinyin.json 第2阕第34字 语料拼音 zhǎng,待裁定
ci.清.0021.pinyin.json#572,0,6,长,2,平,3,仄,ci.清.0021.pinyin.json 第1阕第7字 语料拼音 zhǎng,待裁定
ci.清.0021.pinyin.json#572,0,7,别,4,仄,2,平,ci.清.0021.pinyin.json 第1阕第8字 语料拼音 bié,待裁定
ci.清.0021.pinyin.json#574,1,18,长,2,平,3,仄,ci.清.0021.pinyin.json 第2阕第19字 语料拼音 zhǎng,待裁定
ci.清.0021.pinyin.json#577,1,15,长,2,平,3,仄,ci.清.0021.pinyin.json 第2阕第16字 语料拼音 zhǎng,待裁定
ci.清.0021.pinyin.json#578,0,6,长,2,平,3,仄,ci.清.0021.pinyin.json 第1阕第7字 语料拼音 zhǎng,待裁定
ci.清.0021.pinyin.json#582,1,7,长,2,平,3,仄,ci.清.0021.pinyin.json 第2阕第8字 语料拼音 zhǎng,待裁定
ci.清.0021.pinyin.json#582,2,4,甚,4,仄,2,平,ci.清.0021.pinyin.json 第3阕第5字 语料拼音 shén,待裁定
ci.清.0021.pinyin.json#583,1,32,长,2,平,3,仄,ci.清.0021.pinyin.json 第2阕第33字 语料拼音 zhǎng,待裁定
ci.清.0021.pinyin.json#588,1,21,绝,4,仄,2,平,ci.清.0021.pinyin.json 第2阕第22字 语料拼音 jué,待裁定
ci.清.0021.pinyin.json#589,1,24,长,2,平,3,仄,ci.清.0021.pinyin.json 第2阕第25字 语料拼音 zhǎng,待裁定
ci.清.0021.pinyin.json#590,1,18,长,2,平,3,仄,ci.清.0021.pinyin.json 第2阕第19字 语料拼音 zhǎng,待裁定
ci.清.0021.pinyin.json#593,0,33,长,2,平,3,仄,ci.清.0021.pinyin.json 第1阕第34字 语料拼音 zhǎng,待裁定
ci.清.0021.pinyin.json#603,1,30,绝,4,仄,2,平,ci.清.0021.pinyin.json 第2阕第31字 语料拼音 jué,待裁定
ci.清.0021.pinyin.json#604,0,17,长,2,平,3,仄,ci.清.0021.pinyin.json 第1阕第18字 语料拼音 zhǎng,待裁定
ci.清.0021.pinyin.json#607,0,39,甚,4,仄,2,平,ci.清.0021.pinyin.json 第1阕第40字 语料拼音 shén,待裁定
ci.清.0021.pinyin.json#607,1,10,别,4,仄,2,平,ci.清.0021.pinyin.json 第2阕第11字 语料拼音 bié,待裁定
ci.清.0021.pinyin.json#609,1,31,长,2,平,3,仄,ci.清.0021.pinyin.json 第2阕第32字 语料拼音 zhǎng,待裁定
ci.清.0021.pinyin.json#610,0,9,长,2,平,3,仄,ci.清.0021.pinyin.json 第1阕第10字 语料拼音 zhǎng,待裁定
ci.清.0021.pinyin.json#613,0,16,长,2,平,3,仄,ci.清.0021.pinyin.json 第1阕第17字 语料拼音 zhǎng,待裁定
ci.清.0021.pinyin.json#615,0,5,长,2,平,3,仄,ci.清.0021.pinyin.json 第1阕第6字 语料拼音 zhǎng,待裁定
ci.清.0021.pinyin.json#615,1,12,别,4,仄,2,平,ci.清.0021.pinyin.json 第2阕第13字 语料拼音 bié,待裁定
ci.清.0021.pinyin.json#617,1,13,别,4,仄,2,平,ci.清.0021.pinyin.json 第2阕第14字 语料拼音 bié,待裁定
ci.清.0021.pinyin.json#617,1,23,绝,4,仄,2,平,ci.清.0021.pinyin.json 第2阕第24字 语料拼音 jué,待裁定
ci.清.0021.pinyin.json#618,1,2,甚,4,仄,2,平,ci.清.0021.pinyin.json 第2阕第3字 语料拼音 shén,待裁定
ci.清.0021.pinyin.json#621,0,67,别,4,仄,2,平,ci.清.0021.pinyin.json 第1阕第68字 语料拼音 bié,待裁定
ci.清.0021.pinyin.json#621,1,4,绝,4,仄,2,平,ci.清.0021.pinyin.json 第2阕第5字 语料拼音 jué,待裁定
ci.清.0021.pinyin.json#622,0,25,长,2,平,3,仄,ci.清.0021.pinyin.json 第1阕第26字 语料拼音 zhǎng,待裁定
ci.清.0021.pinyin.json#624,0,14,甚,4,仄,2,平,ci.清.0021.pinyin.json 第1阕第15字 语料拼音 shén,待裁定
ci.清.0021.pinyin.json#626,1,47,长,2,平,3,仄,ci.清.0021.pinyin.json 第2阕第48字 语料拼音 zhǎng,待裁定
ci.清.0021.pinyin.json#627,0,18,长,2,平,3,仄,ci.清.0021.pinyin.json 第1阕第19字 语料拼音 zhǎng,待裁定
ci.清.0021.pinyin.json#627,1,16,甚,4,仄,2,平,ci.清.0021.pinyin.json 第2阕第17字 语料拼音 shén,待裁定
ci.清.0021.pinyin.json#628,1,62,长,2,平,3,仄,ci.清.0021.pinyin.json 第2阕第63字 语料拼音 zhǎng,待裁定
ci.清.0021.pinyin.json#629,0,22,长,2,平,3,仄,ci.清.0021.pinyin.json 第1阕第23字 语料拼音 zhǎng,待裁定
ci.清.0021.pinyin.json#634,1,20,长,2,平,3,仄,ci.清.0021.pinyin.json 第2阕第21字 语料拼音 zhǎng,待裁定
ci.清.0021.pinyin.json#637,1,28,长,2,平,3,仄,ci.清.0021.pinyin.json 第2阕第29字 语料拼音 zhǎng,待裁定
ci.清.0021.pinyin.json#638,1,42,甚,4,仄,2,平,ci.清.0021.pinyin.json 第2阕第43字 语料拼音 shén,待裁定
ci.清.0021.pinyin.json#639,1,0,长,2,平,3,仄,ci.清.0021.pinyin.json 第2阕第1字 语料拼音 zhǎng,待裁定
ci.清.0021.pinyin.json#642,1,35,甚,4,仄,2,平,ci.清.0021.pinyin.json 第2阕第36字 语料拼音 shén,待裁定
ci.清.0021.pinyin.json#647,0,22,绝,4,仄,2,平,ci.清.0021.pinyin.json 第1阕第23字 语料拼音 jué,待裁定
ci.清.0021.pinyin.json#649,1,1,长,2,平,3,仄,ci.清.0021.pinyin.json 第2阕第2字 语料拼音 zhǎng,待裁定
ci.清.0021.pinyin.json#651,1,8,长,2,平,3,仄,ci.清.0021.pinyin.json 第2阕第9字 语料拼音 zhǎng,待裁定
ci.清.0021.pinyin.json#656,1,13,长,2,平,3,仄,ci.清.0021.pinyin.json 第2阕第14字 语料拼音 zhǎng,待裁定
ci.清.0021.pinyin.json#657,1,18,长,2,平,3,仄,ci.清.0021.pinyin.json 第2阕第19字 语料拼音 zhǎng,待裁定
ci.清.0021.pinyin.json#664,1,0,长,2,平,3,仄,ci.清.0021.pinyin.json 第2阕第1字 语料拼音 zhǎng,待裁定
ci.清.0021.pinyin.json#669,1,4,长,2,平,3,仄,ci.清.0021.pinyin.json 第2阕第5字 语料拼音 zhǎng,待裁定
ci.清.0021.pinyin.json#674,0,20,别,4,仄,2,平,ci.清.0021.pinyin.json 第1阕第21字 语料拼音 bié,待裁定
ci.清.0021.pinyin.json#683,1,2,长,2,平,3,仄,ci.清.0021.pinyin.json 第2阕第3字 语料拼音 zhǎng,待裁定
ci.清.0021.pinyin.json#684,1,14,甚,4,仄,2,平,ci.清.0021.pinyin.json 第2阕第15字 语料拼音 shén,待裁定
ci.清.0021.pinyin.json#684,1,42,长,2,平,3,仄,ci.清.0021.pinyin.json 第2阕第43字 语料拼音 zhǎng,待裁定
ci.清.0021.pinyin.json#697,1,14,绝,4,仄,2,平,ci.清.0021.pinyin.json 第2阕第15字 语料拼音 jué,待裁定
ci.清.0021.pinyin.json#698,0,32,别,4,仄,2,平,ci.清.0021.pinyin.json 第1阕第33字 语料拼音 bié,待裁定
ci.清.0021.pinyin.json#701,0,18,长,2,平,3,仄,ci.清.0021.pinyin.json 第1阕第19字 语料拼音 zhǎng,待裁定
ci.清.0021.pinyin.json#702,0,16,长,2,平,3,仄,ci.清.0021.pinyin.json 第1阕第17字 语料拼音 zhǎng,待裁定
ci.清.0021.pinyin.json#709,1,0,别,4,仄,2,平,ci.清.0021.pinyin.json 第2阕第1字 语料拼音 bié,待裁定
ci.清.0021.pinyin.json#710,1,2,甚,4,仄,2,平,ci.清.0021.pinyin.json 第2阕第3字 语料拼音 shén,待裁定
ci.清.0021.pinyin.json#713,0,47,甚,4,仄,2,平,ci.清.0021.pinyin.json 第1阕第48字 语料拼音 shén,待裁定
ci.清.0021.pinyin.json#716,0,36,甚,4,仄,2,平,ci.清.0021.pinyin.json 第1阕第37字 语料拼音 shén,待裁定
ci.清.0021.pinyin.json#717,0,38,甚,4,仄,2,平,ci.清.0021.pinyin.json 第1阕第39字 语料拼音 shén,待裁定
ci.清.0021.pinyin.json#717,0,50,绝,4,仄,2,平,ci.清.0021.pinyin.json 第1阕第51字 语料拼音 jué,待裁定
ci.清.0021.pinyin.json#717,1,21,别,4,仄,2,平,ci.清.0021.pinyin.json 第2阕第22字 语料拼音 bié,待裁定
ci.清.0021.pinyin.json#722,0,42,长,2,平,3,仄,ci.清.0021.pinyin.json 第1阕第43字 语料拼音 zhǎng,待裁定
ci.清.0021.pinyin.json#724,1,19,甚,4,仄,2,平,ci.清.0021.pinyin.json 第2阕第20字 语料拼音 shén,待裁定
ci.清.0021.pinyin.json#727,0,8,长,2,平,3,仄,ci.清.0021.pinyin.json 第1阕第9字 语料拼音 zhǎng,待裁定
ci.清.0021.pinyin.json#727,0,68,长,2,平,3,仄,ci.清.0021.pinyin.json 第1阕第69字 语料拼音 zhǎng,待裁定
ci.清.0021.pinyin.json#731,1,31,甚,4,仄,2,平,ci.清.0021.pinyin.json 第2阕第32字 语料拼音 shén,待裁定
ci.清.0021.pinyin.json#732,0,30,长,2,平,3,仄,ci.清.0021.pinyin.json 第1阕第31字 语料拼音 zhǎng,待裁定
ci.清.0021.pinyin.json#733,1,28,长,2,平,3,仄,ci.清.0021.pinyin.json 第2阕第29字 语料拼音 zhǎng,待裁定
ci.清.0021.pinyin.json#736,1,24,绝,4,仄,2,平,ci.清.0021.pinyin.json 第2阕第25字 语料拼音 jué,待裁定
ci.清.0021.pinyin.json#743,1,0,长,2,平,3,仄,ci.清.0021.pinyin.json 第2阕第1字 语料拼音 zhǎng,待裁定
ci.清.0021.pinyin.json#751,1,24,长,2,平,3,仄,ci.清.0021.pinyin.json 第2阕第25字 语料拼音 zhǎng,待裁定
ci.清.0021.pinyin.json#752,1,0,长,2,平,3,仄,ci.清.0021.pinyin.json 第2阕第1字 语料拼音 zhǎng,待裁定
ci.清.0021.pinyin.json#755,1,5,绝,4,仄,2,平,ci.清.0021.pinyin.json 第2阕第6字 语料拼音 jué,待裁定
ci.清.0021.pinyin.json#755,1,24,别,4,仄,2,平,ci.清.0021.pinyin.json 第2阕第25字 语料拼音 bié,待裁定
ci.清.0021.pinyin.json#755,1,30,长,2,平,3,仄,ci.清.0021.pinyin.json 第2阕第31字 语料拼音 zhǎng,待裁定
ci.清.0021.pinyin.json#759,0,5,长,2,平,3,仄,ci.清.0021.pinyin.json 第1阕第6字 语料拼音 zhǎng,待裁定
ci.清.0021.pinyin.json#759,1,15,别,4,仄,2,平,ci.清.0021.pinyin.json 第2阕第16字 语料拼音 bié,待裁定
ci.清.0021.pinyin.json#761,0,0,长,2,平,3,仄,ci.清.0021.pinyin.json 第1阕第1字 语料拼音 zhǎng,待裁定
ci.清.0021.pinyin.json#762,1,45,长,2,平,3,仄,ci.清.0021.pinyin.json 第2阕第46字 语料拼音 zhǎng,待裁定
ci.清.0021.pinyin.json#764,0,0,长,2,平,3,仄,ci.清.0021.pinyin.json 第1阕第1字 语料拼音 zhǎng,待裁定
ci.清.0021.pinyin.json#765,0,12,长,2,平,3,仄,ci.清.0021.pinyin.json 第1阕第13字 语料拼音 zhǎng,待裁定
ci.清.0021.pinyin.json#765,1,42,别,4,仄,2,平,ci.清.0021.pinyin.json 第2阕第43字 语料拼音 bié,待裁定
ci.清.0021.pinyin.json#767,1,14,别,4,仄,2,平,ci.清.0021.pinyin.json 第2阕第15字 语料拼音 bié,待裁定
ci.清.0021.pinyin.json#769,0,41,别,4,仄,2,平,ci.清.0021.pinyin.json 第1阕第42字 语料拼音 bié,待裁定
ci.清.0021.pinyin.json#769,1,6,别,4,仄,2,平,ci.清.0021.pinyin.json 第2阕第7字 语料拼音 bié,待裁定
ci.清.0021.pinyin.json#769,1,44,甚,4,仄,2,平,ci.清.0021.pinyin.json 第2阕第45字 语料拼音 shén,待裁定
ci.清.0021.pinyin.json#770,1,22,长,2,平,3,仄,ci.清.0021.pinyin.json 第2阕第23字 语料拼音 zhǎng,待裁定
ci.清.0021.pinyin.json#776,1,0,别,4,仄,2,平,ci.清.0021.pinyin.json 第2阕第1字 语料拼音 bié,待裁定
ci.清.0021.pinyin.json#777,0,26,绝,4,仄,2,平,ci.清.0021.pinyin.json 第1阕第27字 语料拼音 jué,待裁定
ci.清.0021.pinyin.json#780,1,0,别,4,仄,2,平,ci.清.0021.pinyin.json 第2阕第1字 语料拼音 bié,待裁定
ci.清.0021.pinyin.json#781,1,7,别,4,仄,2,平,ci.清.0021.pinyin.json 第2阕第8字 语料拼音 bié,待裁定
ci.清.0021.pinyin.json#783,0,7,别,4,仄,2,平,ci.清.0021.pinyin.json 第1阕第8字 语料拼音 bié,待裁定
ci.清.0021.pinyin.json#786,1,4,长,2,平,3,仄,ci.清.0021.pinyin.json 第2阕第5字 语料拼音 zhǎng,待裁定
ci.清.0021.pinyin.json#789,0,33,长,2,平,3,仄,ci.清.0021.pinyin.json 第1阕第34字 语料拼音 zhǎng,待裁定
ci.清.0021.pinyin.json#791,0,27,绝,4,仄,2,平,ci.清.0021.pinyin.json 第1阕第28字 语料拼音 jué,待裁定
ci.清.0021.pinyin.json#791,0,47,别,4,仄,2,平,ci.清.0021.pinyin.json 第1阕第48字 语料拼音 bié,待裁定
ci.清.0021.pinyin.json#792,0,7,长,2,平,3,仄,ci.清.0021.pinyin.json 第1阕第8字 语料拼音 zhǎng,待裁定
ci.清.0021.pinyin.json#793,1,19,别,4,仄,2,平,ci.清.0021.pinyin.json 第2阕第20字 语料拼音 bié,待裁定
ci.清.0021.pinyin.json#797,0,44,长,2,平,3,仄,ci.清.0021.pinyin.json 第1阕第45字 语料拼音 zhǎng,待裁定
ci.清.0021.pinyin.json#798,0,52,别,4,仄,2,平,ci.清.0021.pinyin.json 第1阕第53字 语料拼音 bié,待裁定
ci.清.0021.pinyin.json#799,0,48,甚,4,仄,2,平,ci.清.0021.pinyin.json 第1阕第49字 语料拼音 shén,待裁定
ci.清.0021.pinyin.json#800,1,42,别,4,仄,2,平,ci.清.0021.pinyin.json 第2阕第43字 语料拼音 bié,待裁定
ci.清.0021.pinyin.json#804,0,41,别,4,仄,2,平,ci.清.0021.pinyin.json 第1阕第42字 语料拼音 bié,待裁定
ci.清.0021.pinyin.json#804,1,10,长,2,平,3,仄,ci.清.0021.pinyin.json 第2阕第11字 语料拼音 zhǎng,待裁定
ci.清.0021.pinyin.json#805,0,9,长,2,平,3,仄,ci.清.0021.pinyin.json 第1阕第10字 语料拼音 zhǎng,待裁定
ci.清.0021.pinyin.json#806,1,0,别,4,仄,2,平,ci.清.0021.pinyin.json 第2阕第1字 语料拼音 bié,待裁定
ci.清.0021.pinyin.json#811,0,13,别,4,仄,2,平,ci.清.0021.pinyin.json 第1阕第14字 语料拼音 bié,待裁定
ci.清.0021.pinyin.json#812,0,21,别,4,仄,2,平,ci.清.0021.pinyin.json 第1阕第22字 语料拼音 bié,待裁定
ci.清.0021.pinyin.json#814,1,32,别,4,仄,2,平,ci.清.0021.pinyin.json 第2阕第33字 语料拼音 bié,待裁定
ci.清.0021.pinyin.json#815,0,53,绝,4,仄,2,平,ci.清.0021.pinyin.json 第1阕第54字 语料拼音 jué,待裁定
ci.清.0021.pinyin.json#817,1,42,别,4,仄,2,平,ci.清.0021.pinyin.json 第2阕第43字 语料拼音 bié,待裁定
ci.清.0021.pinyin.json#818,0,8,别,4,仄,2,平,ci.清.0021.pinyin.json 第1阕第9字 语料拼音 bié,待裁定
ci.清.0021.pinyin.json#821,0,18,长,2,平,3,仄,ci.清.0021.pinyin.json 第1阕第19字 语料拼音 zhǎng,待裁定
ci.清.0021.pinyin.json#821,1,0,别,4,仄,2,平,ci.清.0021.pinyin.json 第2阕第1字 语料拼音 bié,待裁定
ci.清.0021.pinyin.json#822,1,11,别,4,仄,2,平,ci.清.0021.pinyin.json 第2阕第12字 语料拼音 bié,待裁定
ci.清.0021.pinyin.json#824,0,33,绝,4,仄,2,平,ci.清.0021.pinyin.json 第1阕第34字 语料拼音 jué,待裁定
ci.清.0021.pinyin.json#826,1,15,长,2,平,3,仄,ci.清.0021.pinyin.json 第2阕第16字 语料拼音 zhǎng,待裁定
ci.清.0021.pinyin.json#827,0,17,别,4,仄,2,平,ci.清.0021.pinyin.json 第1阕第18字 语料拼音 bié,待裁定
ci.清.0021.pinyin.json#829,1,25,别,4,仄,2,平,ci.清.0021.pinyin.json 第2阕第26字 语料拼音 bié,待裁定
ci.清.0021.pinyin.json#830,1,47,长,2,平,3,仄,ci.清.0021.pinyin.json 第2阕第48字 语料拼音 zhǎng,待裁定
ci.清.0021.pinyin.json#831,0,25,长,2,平,3,仄,ci.清.0021.pinyin.json 第1阕第26字 语料拼音 zhǎng,待裁定
ci.清.0021.pinyin.json#831,0,39,别,4,仄,2,平,ci.清.0021.pinyin.json 第1阕第40字 语料拼音 bié,待裁定
ci.清.0021.pinyin.json#833,1,0,别,4,仄,2,平,ci.清.0021.pinyin.json 第2阕第1字 语料拼音 bié,待裁定
ci.清.0021.pinyin.json#836,1,29,别,4,仄,2,平,ci.清.0021.pinyin.json 第2阕第30字 语料拼音 bié,待裁定
ci.清.0021.pinyin.json#837,1,11,别,4,仄,2,平,ci.清.0021.pinyin.json 第2阕第12字 语料拼音 bié,待裁定
ci.清.0021.pinyin.json#837,1,26,长,2,平,3,仄,ci.清.0021.pinyin.json 第2阕第27字 语料拼音 zhǎng,待裁定
ci.清.0021.pinyin.json#839,1,6,别,4,仄,2,平,ci.清.0021.pinyin.json 第2阕第7字 语料拼音 bié,待裁定
ci.清.0021.pinyin.json#844,1,21,别,4,仄,2,平,ci.清.0021.pinyin.json 第2阕第22字 语料拼音 bié,待裁定
ci.清.0021.pinyin.json#846,0,23,别,4,仄,2,平,ci.清.0021.pinyin.json 第1阕第24字 语料拼音 bié,待裁定
ci.清.0021.pinyin.json#848,0,9,长,2,平,3,仄,ci.清.0021.pinyin.json 第1阕第10字 语料拼音 zhǎng,待裁定
ci.清.0021.pinyin.json#849,1,20,长,2,平,3,仄,ci.清.0021.pinyin.json 第2阕第21字 语料拼音 zhǎng,待裁定
ci.清.0021.pinyin.json#851,0,1,绝,4,仄,2,平,ci.清.0021.pinyin.json 第1阕第2字 语料拼音 jué,待裁定
ci.清.0021.pinyin.json#857,1,40,别,4,仄,2,平,ci.清.0021.pinyin.json 第2阕第41字 语料拼音 bié,待裁定
ci.清.0021.pinyin.json#861,1,32,甚,4,仄,2,平,ci.清.0021.pinyin.json 第2阕第33字 语料拼音 shén,待裁定
ci.清.0021.pinyin.json#864,0,45,长,2,平,3,仄,ci.清.0021.pinyin.json 第1阕第46字 语料拼音 zhǎng,待裁定
ci.清.0021.pinyin.json#865,0,0,甚,4,仄,2,平,ci.清.0021.pinyin.json 第1阕第1字 语料拼音 shén,待裁定
ci.清.0021.pinyin.json#865,0,52,长,2,平,3,仄,ci.清.0021.pinyin.json 第1阕第53字 语料拼音 zhǎng,待裁定
ci.清.0021.pinyin.json#865,1,21,别,4,仄,2,平,ci.清.0021.pinyin.json 第2阕第22字 语料拼音 bié,待裁定
ci.清.0021.pinyin.json#869,0,37,长,2,平,3,仄,ci.清.0021.pinyin.json 第1阕第38字 语料拼音 zhǎng,待裁定
ci.清.0021.pinyin.json#870,0,29,别,4,仄,2,平,ci.清.0021.pinyin.json 第1阕第30字 语料拼音 bié,待裁定
ci.清.0021.pinyin.json#874,0,9,别,4,仄,2,平,ci.清.0021.pinyin.json 第1阕第10字 语料拼音 bié,待裁定
ci.清.0021.pinyin.json#876,1,32,别,4,仄,2,平,ci.清.0021.pinyin.json 第2阕第33字 语料拼音 bié,待裁定
ci.清.0021.pinyin.json#876,1,47,长,2,平,3,仄,ci.清.0021.pinyin.json 第2阕第48字 语料拼音 zhǎng,待裁定
ci.清.0021.pinyin.json#879,0,1,长,2,平,3,仄,ci.清.0021.pinyin.json 第1阕第2字 语料拼音 zhǎng,待裁定
ci.清.0021.pinyin.json#882,1,14,别,4,仄,2,平,ci.清.0021.pinyin.json 第2阕第15字 语料拼音 bié,待裁定
ci.清.0021.pinyin.json#883,0,4,长,2,平,3,仄,ci.清.0021.pinyin.json 第1阕第5字 语料拼音 zhǎng,待裁定
ci.清.0021.pinyin.json#884,1,23,别,4,仄,2,平,ci.清.0021.pinyin.json 第2阕第24字 语料拼音 bié,待裁定
ci.清.0021.pinyin.json#885,1,0,长,2,平,3,仄,ci.清.0021.pinyin.json 第2阕第1字 语料拼音 zhǎng,待裁定
ci.清.0021.pinyin.json#890,0,30,长,2,平,3,仄,ci.清.0021.pinyin.json 第1阕第31字 语料拼音 zhǎng,待裁定
ci.清.0021.pinyin.json#891,1,22,别,4,仄,2,平,ci.清.0021.pinyin.json 第2阕第23字 语料拼音 bié,待裁定
ci.清.0021.pinyin.json#901,0,28,别,4,仄,2,平,ci.清.0021.pinyin.json 第1阕第29字 语料拼音 bié,待裁定
ci.清.0021.pinyin.json#902,1,11,甚,4,仄,2,平,ci.清.0021.pinyin.json 第2阕第12字 语料拼音 shén,待裁定
ci.清.0021.pinyin.json#904,0,17,长,2,平,3,仄,ci.清.0021.pinyin.json 第1阕第18字 语料拼音 zhǎng,待裁定
ci.清.0021.pinyin.json#907,1,14,甚,4,仄,2,平,ci.清.0021.pinyin.json 第2阕第15字 语料拼音 shén,待裁定
ci.清.0021.pinyin.json#909,0,11,长,2,平,3,仄,ci.清.0021.pinyin.json 第1阕第12字 语料拼音 zhǎng,待裁定
ci.清.0021.pinyin.json#912,1,9,长,2,平,3,仄,ci.清.0021.pinyin.json 第2阕第10字 语料拼音 zhǎng,待裁定
ci.清.0021.pinyin.json#913,0,30,别,4,仄,2,平,ci.清.0021.pinyin.json 第1阕第31字 语料拼音 bié,待裁定
ci.清.0021.pinyin.json#914,0,14,长,2,平,3,仄,ci.清.0021.pinyin.json 第1阕第15字 语料拼音 zhǎng,待裁定
ci.清.0021.pinyin.json#914,1,31,别,4,仄,2,平,ci.清.0021.pinyin.json 第2阕第32字 语料拼音 bié,待裁定
ci.清.0021.pinyin.json#915,0,49,绝,4,仄,2,平,ci.清.0021.pinyin.json 第1阕第50字 语料拼音 jué,待裁定
ci.清.0021.pinyin.json#915,1,50,别,4,仄,2,平,ci.清.0021.pinyin.json 第2阕第51字 语料拼音 bié,待裁定
ci.清.0021.pinyin.json#918,0,23,甚,4,仄,2,平,ci.清.0021.pinyin.json 第1阕第24字 语料拼音 shén,待裁定
ci.清.0021.pinyin.json#918,0,29,别,4,仄,2,平,ci.清.0021.pinyin.json 第1阕第30字 语料拼音 bié,待裁定
ci.清.0021.pinyin.json#919,0,15,别,4,仄,2,平,ci.清.0021.pinyin.json 第1阕第16字 语料拼音 bié,待裁定
ci.清.0021.pinyin.json#919,1,33,甚,4,仄,2,平,ci.清.0021.pinyin.json 第2阕第34字 语料拼音 shén,待裁定
ci.清.0021.pinyin.json#920,0,18,长,2,平,3,仄,ci.清.0021.pinyin.json 第1阕第19字 语料拼音 zhǎng,待裁定
ci.清.0021.pinyin.json#921,1,32,别,4,仄,2,平,ci.清.0021.pinyin.json 第2阕第33字 语料拼音 bié,待裁定
ci.清.0021.pinyin.json#928,1,29,甚,4,仄,2,平,ci.清.0021.pinyin.json 第2阕第30字 语料拼音 shén,待裁定
ci.清.0021.pinyin.json#928,1,35,别,4,仄,2,平,ci.清.0021.pinyin.json 第2阕第36字 语料拼音 bié,待裁定
ci.清.0021.pinyin.json#931,1,46,长,2,平,3,仄,ci.清.0021.pinyin.json 第2阕第47字 语料拼音 zhǎng,待裁定
ci.清.0021.pinyin.json#934,1,14,绝,4,仄,2,平,ci.清.0021.pinyin.json 第2阕第15字 语料拼音 jué,待裁定
ci.清.0021.pinyin.json#934,1,45,长,2,平,3,仄,ci.清.0021.pinyin.json 第2阕第46字 语料拼音 zhǎng,待裁定
ci.清.0021.pinyin.json#938,0,34,甚,4,仄,2,平,ci.清.0021.pinyin.json 第1阕第35字 语料拼音 shén,待裁定
ci.清.0021.pinyin.json#943,1,35,长,2,平,3,仄,ci.清.0021.pinyin.json 第2阕第36字 语料拼音 zhǎng,待裁定
ci.清.0021.pinyin.json#954,0,14,绝,4,仄,2,平,ci.清.0021.pinyin.json 第1阕第15字 语料拼音 jué,待裁定
ci.清.0021.pinyin.json#955,1,56,长,2,平,3,仄,ci.清.0021.pinyin.json 第2阕第57字 语料拼音 zhǎng,待裁定
ci.清.0021.pinyin.json#966,1,28,长,2,平,3,仄,ci.清.0021.pinyin.json 第2阕第29字 语料拼音 zhǎng,待裁定
ci.清.0021.pinyin.json#973,0,16,别,4,仄,2,平,ci.清.0021.pinyin.json 第1阕第17字 语料拼音 bié,待裁定
ci.清.0021.pinyin.json#979,1,14,长,2,平,3,仄,ci.清.0021.pinyin.json 第2阕第15字 语料拼音 zhǎng,待裁定
ci.清.0021.pinyin.json#980,0,25,长,2,平,3,仄,ci.清.0021.pinyin.json 第1阕第26字 语料拼音 zhǎng,待裁定
ci.清.0021.pinyin.json#981,0,0,长,2,平,3,仄,ci.清.0021.pinyin.json 第1阕第1字 语料拼音 zhǎng,待裁定
ci.清.0021.pinyin.json#982,0,18,长,2,平,3,仄,ci.清.0021.pinyin.json 第1阕第19字 语料拼音 zhǎng,待裁定
ci.清.0021.pinyin.json#985,1,19,别,4,仄,2,平,ci.清.0021.pinyin.json 第2阕第20字 语料拼音 bié,待裁定
ci.清.0022.pinyin.json#7,0,10,绝,4,仄,2,平,ci.清.0022.pinyin.json 第1阕第11字 语料拼音 jué,待裁定
ci.清.0022.pinyin.json#7,1,34,别,4,仄,2,平,ci.清.0022.pinyin.json 第2阕第35字 语料拼音 bié,待裁定
ci.清.0022.pinyin.json#13,0,2,长,2,平,3,仄,ci.清.0022.pinyin.json 第1阕第3字 语料拼音 zhǎng,待裁定
ci.清.0022.pinyin.json#15,0,9,别,4,仄,2,平,ci.清.0022.pinyin.json 第1阕第10字 语料拼音 bié,待裁定
ci.清.0022.pinyin.json#15,0,11,长,2,平,3,仄,ci.清.0022.pinyin.json 第1阕第12字 语料拼音 zhǎng,待裁定
ci.清.0022.pinyin.json#16,1,6,甚,4,仄,2,平,ci.清.0022.pinyin.json 第2阕第7字 语料拼音 shén,待裁定
ci.清.0022.pinyin.json#19,1,16,长,2,平,3,仄,ci.清.0022.pinyin.json 第2阕第17字 语料拼音 zhǎng,待裁定
ci.清.0022.pinyin.json#20,0,6,甚,4,仄,2,平,ci.清.0022.pinyin.json 第1阕第7字 语料拼音 shén,待裁定
ci.清.0022.pinyin.json#23,0,3,别,4,仄,2,平,ci.清.0022.pinyin.json 第1阕第4字 语料拼音 bié,待裁定
ci.清.0022.pinyin.json#24,1,1,长,2,平,3,仄,ci.清.0022.pinyin.json 第2阕第2字 语料拼音 zhǎng,待裁定
ci.清.0022.pinyin.json#26,1,8,长,2,平,3,仄,ci.清.0022.pinyin.json 第2阕第9字 语料拼音 zhǎng,待裁定
ci.清.0022.pinyin.json#37,1,7,别,4,仄,2,平,ci.清.0022.pinyin.json 第2阕第8字 语料拼音 bié,待裁定
ci.清.0022.pinyin.json#41,1,12,别,4,仄,2,平,ci.清.0022.pinyin.json 第2阕第13字 语料拼音 bié,待裁定
ci.清.0022.pinyin.json#42,1,9,绝,4,仄,2,平,ci.清.0022.pinyin.json 第2阕第10字 语料拼音 jué,待裁定
ci.清.0022.pinyin.json#61,0,26,绝,4,仄,2,平,ci.清.0022.pinyin.json 第1阕第27字 语料拼音 jué,待裁定
ci.清.0022.pinyin.json#61,1,42,别,4,仄,2,平,ci.清.0022.pinyin.json 第2阕第43字 语料拼音 bié,待裁定
ci.清.0022.pinyin.json#64,1,6,别,4,仄,2,平,ci.清.0022.pinyin.json 第2阕第7字 语料拼音 bié,待裁定
ci.清.0022.pinyin.json#65,0,6,别,4,仄,2,平,ci.清.0022.pinyin.json 第1阕第7字 语料拼音 bié,待裁定
ci.清.0022.pinyin.json#73,0,35,绝,4,仄,2,平,ci.清.0022.pinyin.json 第1阕第36字 语料拼音 jué,待裁定
ci.清.0022.pinyin.json#77,0,21,别,4,仄,2,平,ci.清.0022.pinyin.json 第1阕第22字 语料拼音 bié,待裁定
ci.清.0022.pinyin.json#80,0,10,长,2,平,3,仄,ci.清.0022.pinyin.json 第1阕第11字 语料拼音 zhǎng,待裁定
ci.清.0022.pinyin.json#80,0,15,别,4,仄,2,平,ci.清.0022.pinyin.json 第1阕第16字 语料拼音 bié,待裁定
ci.清.0022.pinyin.json#84,1,36,绝,4,仄,2,平,ci.清.0022.pinyin.json 第2阕第37字 语料拼音 jué,待裁定
ci.清.0022.pinyin.json#85,0,0,甚,4,仄,2,平,ci.清.0022.pinyin.json 第1阕第1字 语料拼音 shén,待裁定
ci.清.0022.pinyin.json#87,1,13,长,2,平,3,仄,ci.清.0022.pinyin.json 第2阕第14字 语料拼音 zhǎng,待裁定
ci.清.0022.pinyin.json#97,0,17,绝,4,仄,2,平,ci.清.0022.pinyin.json 第1阕第18字 语料拼音 jué,待裁定
ci.清.0022.pinyin.json#100,0,2,绝,4,仄,2,平,ci.清.0022.pinyin.json 第1阕第3字 语料拼音 jué,待裁定
ci.清.0022.pinyin.json#105,0,13,长,2,平,3,仄,ci.清.0022.pinyin.json 第1阕第14字 语料拼音 zhǎng,待裁定
ci.清.0022.pinyin.json#106,0,21,长,2,平,3,仄,ci.清.0022.pinyin.json 第1阕第22字 语料拼音 zhǎng,待裁定
ci.清.0022.pinyin.json#111,0,51,别,4,仄,2,平,ci.清.0022.pinyin.json 第1阕第52字 语料拼音 bié,待裁定
ci.清.0022.pinyin.json#112,1,12,长,2,平,3,仄,ci.清.0022.pinyin.json 第2阕第13字 语料拼音 zhǎng,待裁定
ci.清.0022.pinyin.json#117,1,13,长,2,平,3,仄,ci.清.0022.pinyin.json 第2阕第14字 语料拼音 zhǎng,待裁定
ci.清.0022.pinyin.json#118,0,0,长,2,平,3,仄,ci.清.0022.pinyin.json 第1阕第1字 语料拼音 zhǎng,待裁定
ci.清.0022.pinyin.json#119,1,17,长,2,平,3,仄,ci.清.0022.pinyin.json 第2阕第18字 语料拼音 zhǎng,待裁定
ci.清.0022.pinyin.json#121,1,5,长,2,平,3,仄,ci.清.0022.pinyin.json 第2阕第6字 语料拼音 zhǎng,待裁定
ci.清.0022.pinyin.json#121,1,8,长,2,平,3,仄,ci.清.0022.pinyin.json 第2阕第9字 语料拼音 zhǎng,待裁定
ci.清.0022.pinyin.json#124,1,17,甚,4,仄,2,平,ci.清.0022.pinyin.json 第2阕第18字 语料拼音 shén,待裁定
ci.清.0022.pinyin.json#128,1,48,长,2,平,3,仄,ci.清.0022.pinyin.json 第2阕第49字 语料拼音 zhǎng,待裁定
ci.清.0022.pinyin.json#130,0,27,长,2,平,3,仄,ci.清.0022.pinyin.json 第1阕第28字 语料拼音 zhǎng,待裁定
ci.清.0022.pinyin.json#130,1,14,别,4,仄,2,平,ci.清.0022.pinyin.json 第2阕第15字 语料拼音 bié,待裁定
ci.清.0022.pinyin.json#135,1,10,长,2,平,3,仄,ci.清.0022.pinyin.json 第2阕第11字 语料拼音 zhǎng,待裁定
ci.清.0022.pinyin.json#138,0,47,长,2,平,3,仄,ci.清.0022.pinyin.json 第1阕第48字 语料拼音 zhǎng,待裁定
ci.清.0022.pinyin.json#143,0,9,长,2,平,3,仄,ci.清.0022.pinyin.json 第1阕第10字 语料拼音 zhǎng,待裁定
ci.清.0022.pinyin.json#148,0,46,甚,4,仄,2,平,ci.清.0022.pinyin.json 第1阕第47字 语料拼音 shén,待裁定
ci.清.0022.pinyin.json#148,1,9,长,2,平,3,仄,ci.清.0022.pinyin.json 第2阕第10字 语料拼音 zhǎng,待裁定
ci.清.0022.pinyin.json#148,1,43,绝,4,仄,2,平,ci.清.0022.pinyin.json 第2阕第44字 语料拼音 jué,待裁定
ci.清.0022.pinyin.json#149,1,7,长,2,平,3,仄,ci.清.0022.pinyin.json 第2阕第8字 语料拼音 zhǎng,待裁定
ci.清.0022.pinyin.json#152,1,48,长,2,平,3,仄,ci.清.0022.pinyin.json 第2阕第49字 语料拼音 zhǎng,待裁定
ci.清.0022.pinyin.json#159,1,12,甚,4,仄,2,平,ci.清.0022.pinyin.json 第2阕第13字 语料拼音 shén,待裁定
ci.清.0022.pinyin.json#168,1,13,别,4,仄,2,平,ci.清.0022.pinyin.json 第2阕第14字 语料拼音 bié,待裁定
ci.清.0022.pinyin.json#168,1,36,绝,4,仄,2,平,ci.清.0022.pinyin.json 第2阕第37字 语料拼音 jué,待裁定
ci.清.0022.pinyin.json#169,0,14,长,2,平,3,仄,ci.清.0022.pinyin.json 第1阕第15字 语料拼音 zhǎng,待裁定
ci.清.0022.pinyin.json#175,1,40,甚,4,仄,2,平,ci.清.0022.pinyin.json 第2阕第41字 语料拼音 shén,待裁定
ci.清.0022.pinyin.json#176,1,21,长,2,平,3,仄,ci.清.0022.pinyin.json 第2阕第22字 语料拼音 zhǎng,待裁定
ci.清.0022.pinyin.json#177,0,36,甚,4,仄,2,平,ci.清.0022.pinyin.json 第1阕第37字 语料拼音 shén,待裁定
ci.清.0022.pinyin.json#178,1,21,长,2,平,3,仄,ci.清.0022.pinyin.json 第2阕第22字 语料拼音 zhǎng,待裁定
ci.清.0022.pinyin.json#180,0,35,绝,4,仄,2,平,ci.清.0022.pinyin.json 第1阕第36字 语料拼音 jué,待裁定
ci.清.0022.pinyin.json#181,0,41,长,2,平,3,仄,ci.清.0022.pinyin.json 第1阕第42字 语料拼音 zhǎng,待裁定
ci.清.0022.pinyin.json#183,1,8,长,2,平,3,仄,ci.清.0022.pinyin.json 第2阕第9字 语料拼音 zhǎng,待裁定
ci.清.0022.pinyin.json#191,1,4,别,4,仄,2,平,ci.清.0022.pinyin.json 第2阕第5字 语料拼音 bié,待裁定
ci.清.0022.pinyin.json#194,0,2,别,4,仄,2,平,ci.清.0022.pinyin.json 第1阕第3字 语料拼音 bié,待裁定
ci.清.0022.pinyin.json#196,1,5,别,4,仄,2,平,ci.清.0022.pinyin.json 第2阕第6字 语料拼音 bié,待裁定
ci.清.0022.pinyin.json#197,0,25,别,4,仄,2,平,ci.清.0022.pinyin.json 第1阕第26字 语料拼音 bié,待裁定
ci.清.0022.pinyin.json#199,1,3,绝,4,仄,2,平,ci.清.0022.pinyin.json 第2阕第4字 语料拼音 jué,待裁定
ci.清.0022.pinyin.json#201,1,2,绝,4,仄,2,平,ci.清.0022.pinyin.json 第2阕第3字 语料拼音 jué,待裁定
ci.清.0022.pinyin.json#202,1,14,绝,4,仄,2,平,ci.清.0022.pinyin.json 第2阕第15字 语料拼音 jué,待裁定
ci.清.0022.pinyin.json#202,1,41,长,2,平,3,仄,ci.清.0022.pinyin.json 第2阕第42字 语料拼音 zhǎng,待裁定
ci.清.0022.pinyin.json#206,1,6,绝,4,仄,2,平,ci.清.0022.pinyin.json 第2阕第7字 语料拼音 jué,待裁定
ci.清.0022.pinyin.json#217,0,0,别,4,仄,2,平,ci.清.0022.pinyin.json 第1阕第1字 语料拼音 bié,待裁定
ci.清.0022.pinyin.json#229,1,24,别,4,仄,2,平,ci.清.0022.pinyin.json 第2阕第25字 语料拼音 bié,待裁定
ci.清.0022.pinyin.json#230,1,21,长,2,平,3,仄,ci.清.0022.pinyin.json 第2阕第22字 语料拼音 zhǎng,待裁定
ci.清.0022.pinyin.json#237,1,9,长,2,平,3,仄,ci.清.0022.pinyin.json 第2阕第10字 语料拼音 zhǎng,待裁定
ci.清.0022.pinyin.json#245,0,23,长,2,平,3,仄,ci.清.0022.pinyin.json 第1阕第24字 语料拼音 zhǎng,待裁定
ci.清.0022.pinyin.json#247,1,22,别,4,仄,2,平,ci.清.0022.pinyin.json 第2阕第23字 语料拼音 bié,待裁定
ci.清.0022.pinyin.json#249,1,3,绝,4,仄,2,平,ci.清.0022.pinyin.json 第2阕第4字 语料拼音 jué,待裁定
ci.清.0022.pinyin.json#257,0,19,绝,4,仄,2,平,ci.清.0022.pinyin.json 第1阕第20字 语料拼音 jué,待裁定
ci.清.0022.pinyin.json#257,1,11,别,4,仄,2,平,ci.清.0022.pinyin.json 第2阕第12字 语料拼音 bié,待裁定
ci.清.0022.pinyin.json#258,1,18,长,2,平,3,仄,ci.清.0022.pinyin.json 第2阕第19字 语料拼音 zhǎng,待裁定
ci.清.0022.pinyin.json#262,1,23,别,4,仄,2,平,ci.清.0022.pinyin.json 第2阕第24字 语料拼音 bié,待裁定
ci.清.0022.pinyin.json#266,0,35,别,4,仄,2,平,ci.清.0022.pinyin.json 第1阕第36字 语料拼音 bié,待裁定
ci.清.0022.pinyin.json#267,0,33,甚,4,仄,2,平,ci.清.0022.pinyin.json 第1阕第34字 语料拼音 shén,待裁定
ci.清.0022.pinyin.json#271,0,4,长,2,平,3,仄,ci.清.0022.pinyin.json 第1阕第5字 语料拼音 zhǎng,待裁定
ci.清.0022.pinyin.json#272,1,40,长,2,平,3,仄,ci.清.0022.pinyin.json 第2阕第41字 语料拼音 zhǎng,待裁定
ci.清.0022.pinyin.json#279,0,5,绝,4,仄,2,平,ci.清.0022.pinyin.json 第1阕第6字 语料拼音 jué,待裁定
ci.清.0022.pinyin.json#283,0,125,别,4,仄,2,平,ci.清.0022.pinyin.json 第1阕第126字 语料拼音 bié,待裁定
ci.清.0022.pinyin.json#286,0,25,别,4,仄,2,平,ci.清.0022.pinyin.json 第1阕第26字 语料拼音 bié,待裁定
ci.清.0022.pinyin.json#287,0,1,长,2,平,3,仄,ci.清.0022.pinyin.json 第1阕第2字 语料拼音 zhǎng,待裁定
ci.清.0022.pinyin.json#287,0,35,甚,4,仄,2,平,ci.清.0022.pinyin.json 第1阕第36字 语料拼音 shén,待裁定
ci.清.0022.pinyin.json#287,1,3,别,4,仄,2,平,ci.清.0022.pinyin.json 第2阕第4字 语料拼音 bié,待裁定
ci.清.0022.pinyin.json#293,1,6,别,4,仄,2,平,ci.清.0022.pinyin.json 第2阕第7字 语料拼音 bié,待裁定
ci.清.0022.pinyin.json#293,1,13,绝,4,仄,2,平,ci.清.0022.pinyin.json 第2阕第14字 语料拼音 jué,待裁定
ci.清.0022.pinyin.json#294,0,4,别,4,仄,2,平,ci.清.0022.pinyin.json 第1阕第5字 语料拼音 bié,待裁定
ci.清.0022.pinyin.json#295,1,4,绝,4,仄,2,平,ci.清.0022.pinyin.json 第2阕第5字 语料拼音 jué,待裁定
ci.清.0022.pinyin.json#295,1,9,别,4,仄,2,平,ci.清.0022.pinyin.json 第2阕第10字 语料拼音 bié,待裁定
ci.清.0022.pinyin.json#295,1,28,甚,4,仄,2,平,ci.清.0022.pinyin.json 第2阕第29字 语料拼音 shén,待裁定
ci.清.0022.pinyin.json#299,1,9,甚,4,仄,2,平,ci.清.0022.pinyin.json 第2阕第10字 语料拼音 shén,待裁定
ci.清.0022.pinyin.json#303,1,30,甚,4,仄,2,平,ci.清.0022.pinyin.json 第2阕第31字 语料拼音 shén,待裁定
ci.清.0022.pinyin.json#304,0,19,甚,4,仄,2,平,ci.清.0022.pinyin.json 第1阕第20字 语料拼音 shén,待裁定
ci.清.0022.pinyin.json#307,0,30,别,4,仄,2,平,ci.清.0022.pinyin.json 第1阕第31字 语料拼音 bié,待裁定
ci.清.0022.pinyin.json#311,0,28,别,4,仄,2,平,ci.清.0022.pinyin.json 第1阕第29字 语料拼音 bié,待裁定
ci.清.0022.pinyin.json#319,1,9,别,4,仄,2,平,ci.清.0022.pinyin.json 第2阕第10字 语料拼音 bié,待裁定
ci.清.0022.pinyin.json#319,1,47,长,2,平,3,仄,ci.清.0022.pinyin.json 第2阕第48字 语料拼音 zhǎng,待裁定
ci.清.0022.pinyin.json#322,1,31,别,4,仄,2,平,ci.清.0022.pinyin.json 第2阕第32字 语料拼音 bié,待裁定
ci.清.0022.pinyin.json#324,1,21,甚,4,仄,2,平,ci.清.0022.pinyin.json 第2阕第22字 语料拼音 shén,待裁定
ci.清.0022.pinyin.json#325,0,19,甚,4,仄,2,平,ci.清.0022.pinyin.json 第1阕第20字 语料拼音 shén,待裁定
ci.清.0022.pinyin.json#326,1,0,长,2,平,3,仄,ci.清.0022.pinyin.json 第2阕第1字 语料拼音 zhǎng,待裁定
ci.清.0022.pinyin.json#327,0,8,长,2,平,3,仄,ci.清.0022.pinyin.json 第1阕第9字 语料拼音 zhǎng,待裁定
ci.清.0022.pinyin.json#328,0,46,长,2,平,3,仄,ci.清.0022.pinyin.json 第1阕第47字 语料拼音 zhǎng,待裁定
ci.清.0022.pinyin.json#331,0,25,别,4,仄,2,平,ci.清.0022.pinyin.json 第1阕第26字 语料拼音 bié,待裁定
ci.清.0022.pinyin.json#331,1,27,绝,4,仄,2,平,ci.清.0022.pinyin.json 第2阕第28字 语料拼音 jué,待裁定
ci.清.0022.pinyin.json#332,0,12,别,4,仄,2,平,ci.清.0022.pinyin.json 第1阕第13字 语料拼音 bié,待裁定
ci.清.0022.pinyin.json#333,0,41,别,4,仄,2,平,ci.清.0022.pinyin.json 第1阕第42字 语料拼音 bié,待裁定
ci.清.0022.pinyin.json#334,0,33,别,4,仄,2,平,ci.清.0022.pinyin.json 第1阕第34字 语料拼音 bié,待裁定
ci.清.0022.pinyin.json#335,0,8,别,4,仄,2,平,ci.清.0022.pinyin.json 第1阕第9字 语料拼音 bié,待裁定
ci.清.0022.pinyin.json#336,0,32,长,2,平,3,仄,ci.清.0022.pinyin.json 第1阕第33字 语料拼音 zhǎng,待裁定
ci.清.0022.pinyin.json#336,1,40,甚,4,仄,2,平,ci.清.0022.pinyin.json 第2阕第41字 语料拼音 shén,待裁定
ci.清.0022.pinyin.json#337,1,43,长,2,平,3,仄,ci.清.0022.pinyin.json 第2阕第44字 语料拼音 zhǎng,待裁定
ci.清.0022.pinyin.json#339,0,8,别,4,仄,2,平,ci.清.0022.pinyin.json 第1阕第9字 语料拼音 bié,待裁定
ci.清.0022.pinyin.json#343,1,14,长,2,平,3,仄,ci.清.0022.pinyin.json 第2阕第15字 语料拼音 zhǎng,待裁定
ci.清.0022.pinyin.json#353,1,37,长,2,平,3,仄,ci.清.0022.pinyin.json 第2阕第38字 语料拼音 zhǎng,待裁定
ci.清.0022.pinyin.json#353,1,48,绝,4,仄,2,平,ci.清.0022.pinyin.json 第2阕第49字 语料拼音 jué,待裁定
ci.清.0022.pinyin.json#356,0,22,绝,4,仄,2,平,ci.清.0022.pinyin.json 第1阕第23字 语料拼音 jué,待裁定
ci.清.0022.pinyin.json#359,0,41,长,2,平,3,仄,ci.清.0022.pinyin.json 第1阕第42字 语料拼音 zhǎng,待裁定
ci.清.0022.pinyin.json#359,1,48,绝,4,仄,2,平,ci.清.0022.pinyin.json 第2阕第49字 语料拼音 jué,待裁定
ci.清.0022.pinyin.json#361,1,24,绝,4,仄,2,平,ci.清.0022.pinyin.json 第2阕第25字 语料拼音 jué,待裁定
ci.清.0022.pinyin.json#364,1,15,绝,4,仄,2,平,ci.清.0022.pinyin.json 第2阕第16字 语料拼音 jué,待裁定
ci.清.0022.pinyin.json#364,1,21,长,2,平,3,仄,ci.清.0022.pinyin.json 第2阕第22字 语料拼音 zhǎng,待裁定
ci.清.0022.pinyin.json#364,1,44,甚,4,仄,2,平,ci.清.0022.pinyin.json 第2阕第45字 语料拼音 shén,待裁定
ci.清.0022.pinyin.json#369,1,56,长,2,平,3,仄,ci.清.0022.pinyin.json 第2阕第57字 语料拼音 zhǎng,待裁定
ci.清.0022.pinyin.json#370,0,11,长,2,平,3,仄,ci.清.0022.pinyin.json 第1阕第12字 语料拼音 zhǎng,待裁定
ci.清.0022.pinyin.json#372,1,0,别,4,仄,2,平,ci.清.0022.pinyin.json 第2阕第1字 语料拼音 bié,待裁定
ci.清.0022.pinyin.json#377,1,58,绝,4,仄,2,平,ci.清.0022.pinyin.json 第2阕第59字 语料拼音 jué,待裁定
ci.清.0022.pinyin.json#379,0,15,别,4,仄,2,平,ci.清.0022.pinyin.json 第1阕第16字 语料拼音 bié,待裁定
ci.清.0022.pinyin.json#379,1,22,长,2,平,3,仄,ci.清.0022.pinyin.json 第2阕第23字 语料拼音 zhǎng,待裁定
ci.清.0022.pinyin.json#379,1,30,绝,4,仄,2,平,ci.清.0022.pinyin.json 第2阕第31字 语料拼音 jué,待裁定
ci.清.0022.pinyin.json#380,1,56,长,2,平,3,仄,ci.清.0022.pinyin.json 第2阕第57字 语料拼音 zhǎng,待裁定
ci.清.0022.pinyin.json#382,1,43,长,2,平,3,仄,ci.清.0022.pinyin.json 第2阕第44字 语料拼音 zhǎng,待裁定
ci.清.0022.pinyin.json#384,1,4,长,2,平,3,仄,ci.清.0022.pinyin.json 第2阕第5字 语料拼音 zhǎng,待裁定
ci.清.0022.pinyin.json#388,0,12,别,4,仄,2,平,ci.清.0022.pinyin.json 第1阕第13字 语料拼音 bié,待裁定
ci.清.0022.pinyin.json#388,0,24,长,2,平,3,仄,ci.清.0022.pinyin.json 第1阕第25字 语料拼音 zhǎng,待裁定
ci.清.0022.pinyin.json#390,0,24,别,4,仄,2,平,ci.清.0022.pinyin.json 第1阕第25字 语料拼音 bié,待裁定
ci.清.0022.pinyin.json#390,1,19,长,2,平,3,仄,ci.清.0022.pinyin.json 第2阕第20字 语料拼音 zhǎng,待裁定
ci.清.0022.pinyin.json#392,1,19,别,4,仄,2,平,ci.清.0022.pinyin.json 第2阕第20字 语料拼音 bié,待裁定
ci.清.0022.pinyin.json#395,0,27,长,2,平,3,仄,ci.清.0022.pinyin.json 第1阕第28字 语料拼音 zhǎng,待裁定
ci.清.0022.pinyin.json#398,0,0,别,4,仄,2,平,ci.清.0022.pinyin.json 第1阕第1字 语料拼音 bié,待裁定
ci.清.0022.pinyin.json#401,1,56,长,2,平,3,仄,ci.清.0022.pinyin.json 第2阕第57字 语料拼音 zhǎng,待裁定
ci.清.0022.pinyin.json#402,1,4,绝,4,仄,2,平,ci.清.0022.pinyin.json 第2阕第5字 语料拼音 jué,待裁定
ci.清.0022.pinyin.json#402,1,7,绝,4,仄,2,平,ci.清.0022.pinyin.json 第2阕第8字 语料拼音 jué,待裁定
ci.清.0022.pinyin.json#402,1,9,绝,4,仄,2,平,ci.清.0022.pinyin.json 第2阕第10字 语料拼音 jué,待裁定
ci.清.0022.pinyin.json#404,1,16,别,4,仄,2,平,ci.清.0022.pinyin.json 第2阕第17字 语料拼音 bié,待裁定
ci.清.0022.pinyin.json#411,0,5,绝,4,仄,2,平,ci.清.0022.pinyin.json 第1阕第6字 语料拼音 jué,待裁定
ci.清.0022.pinyin.json#418,0,24,绝,4,仄,2,平,ci.清.0022.pinyin.json 第1阕第25字 语料拼音 jué,待裁定
ci.清.0022.pinyin.json#419,1,30,长,2,平,3,仄,ci.清.0022.pinyin.json 第2阕第31字 语料拼音 zhǎng,待裁定
ci.清.0022.pinyin.json#421,1,26,长,2,平,3,仄,ci.清.0022.pinyin.json 第2阕第27字 语料拼音 zhǎng,待裁定
ci.清.0022.pinyin.json#423,0,56,别,4,仄,2,平,ci.清.0022.pinyin.json 第1阕第57字 语料拼音 bié,待裁定
ci.清.0022.pinyin.json#424,0,26,长,2,平,3,仄,ci.清.0022.pinyin.json 第1阕第27字 语料拼音 zhǎng,待裁定
ci.清.0022.pinyin.json#427,0,8,别,4,仄,2,平,ci.清.0022.pinyin.json 第1阕第9字 语料拼音 bié,待裁定
ci.清.0022.pinyin.json#434,0,21,长,2,平,3,仄,ci.清.0022.pinyin.json 第1阕第22字 语料拼音 zhǎng,待裁定
ci.清.0022.pinyin.json#434,1,20,别,4,仄,2,平,ci.清.0022.pinyin.json 第2阕第21字 语料拼音 bié,待裁定
ci.清.0022.pinyin.json#437,0,30,甚,4,仄,2,平,ci.清.0022.pinyin.json 第1阕第31字 语料拼音 shén,待裁定
ci.清.0022.pinyin.json#438,1,36,甚,4,仄,2,平,ci.清.0022.pinyin.json 第2阕第37字 语料拼音 shén,待裁定
ci.清.0022.pinyin.json#440,0,4,长,2,平,3,仄,ci.清.0022.pinyin.json 第1阕第5字 语料拼音 zhǎng,待裁定
ci.清.0022.pinyin.json#440,1,34,别,4,仄,2,平,ci.清.0022.pinyin.json 第2阕第35字 语料拼音 bié,待裁定
ci.清.0022.pinyin.json#440,1,35,甚,4,仄,2,平,ci.清.0022.pinyin.json 第2阕第36字 语料拼音 shén,待裁定
ci.清.0022.pinyin.json#449,0,23,长,2,平,3,仄,ci.清.0022.pinyin.json 第1阕第24字 语料拼音 zhǎng,待裁定
ci.清.0022.pinyin.json#449,1,39,甚,4,仄,2,平,ci.清.0022.pinyin.json 第2阕第40字 语料拼音 shén,待裁定
ci.清.0022.pinyin.json#450,1,15,甚,4,仄,2,平,ci.清.0022.pinyin.json 第2阕第16字 语料拼音 shén,待裁定
ci.清.0022.pinyin.json#453,0,28,甚,4,仄,2,平,ci.清.0022.pinyin.json 第1阕第29字 语料拼音 shén,待裁定
ci.清.0022.pinyin.json#454,1,46,甚,4,仄,2,平,ci.清.0022.pinyin.json 第2阕第47字 语料拼音 shén,待裁定
ci.清.0022.pinyin.json#459,0,45,别,4,仄,2,平,ci.清.0022.pinyin.json 第1阕第46字 语料拼音 bié,待裁定
ci.清.0022.pinyin.json#464,1,9,甚,4,仄,2,平,ci.清.0022.pinyin.json 第2阕第10字 语料拼音 shén,待裁定
ci.清.0022.pinyin.json#465,1,13,别,4,仄,2,平,ci.清.0022.pinyin.json 第2阕第14字 语料拼音 bié,待裁定
ci.清.0022.pinyin.json#466,1,24,甚,4,仄,2,平,ci.清.0022.pinyin.json 第2阕第25字 语料拼音 shén,待裁定
ci.清.0022.pinyin.json#467,0,0,别,4,仄,2,平,ci.清.0022.pinyin.json 第1阕第1字 语料拼音 bié,待裁定
ci.清.0022.pinyin.json#469,0,4,甚,4,仄,2,平,ci.清.0022.pinyin.json 第1阕第5字 语料拼音 shén,待裁定
ci.清.0022.pinyin.json#469,1,50,别,4,仄,2,平,ci.清.0022.pinyin.json 第2阕第51字 语料拼音 bié,待裁定
ci.清.0022.pinyin.json#470,1,42,甚,4,仄,2,平,ci.清.0022.pinyin.json 第2阕第43字 语料拼音 shén,待裁定
ci.清.0022.pinyin.json#472,1,36,甚,4,仄,2,平,ci.清.0022.pinyin.json 第2阕第37字 语料拼音 shén,待裁定
ci.清.0022.pinyin.json#477,0,4,甚,4,仄,2,平,ci.清.0022.pinyin.json 第1阕第5字 语料拼音 shén,待裁定
ci.清.0022.pinyin.json#477,1,14,绝,4,仄,2,平,ci.清.0022.pinyin.json 第2阕第15字 语料拼音 jué,待裁定
ci.清.0022.pinyin.json#477,1,25,别,4,仄,2,平,ci.清.0022.pinyin.json 第2阕第26字 语料拼音 bié,待裁定
ci.清.0022.pinyin.json#477,1,31,甚,4,仄,2,平,ci.清.0022.pinyin.json 第2阕第32字 语料拼音 shén,待裁定
ci.清.0022.pinyin.json#480,0,4,甚,4,仄,2,平,ci.清.0022.pinyin.json 第1阕第5字 语料拼音 shén,待裁定
ci.清.0022.pinyin.json#480,0,24,长,2,平,3,仄,ci.清.0022.pinyin.json 第1阕第25字 语料拼音 zhǎng,待裁定
ci.清.0022.pinyin.json#480,0,29,别,4,仄,2,平,ci.清.0022.pinyin.json 第1阕第30字 语料拼音 bié,待裁定
ci.清.0022.pinyin.json#481,0,0,甚,4,仄,2,平,ci.清.0022.pinyin.json 第1阕第1字 语料拼音 shén,待裁定
ci.清.0022.pinyin.json#483,1,43,甚,4,仄,2,平,ci.清.0022.pinyin.json 第2阕第44字 语料拼音 shén,待裁定
ci.清.0022.pinyin.json#486,1,17,别,4,仄,2,平,ci.清.0022.pinyin.json 第2阕第18字 语料拼音 bié,待裁定
ci.清.0022.pinyin.json#487,1,26,长,2,平,3,仄,ci.清.0022.pinyin.json 第2阕第27字 语料拼音 zhǎng,待裁定
ci.清.0022.pinyin.json#489,0,3,绝,4,仄,2,平,ci.清.0022.pinyin.json 第1阕第4字 语料拼音 jué,待裁定
ci.清.0022.pinyin.json#491,1,38,甚,4,仄,2,平,ci.清.0022.pinyin.json 第2阕第39字 语料拼音 shén,待裁定
ci.清.0022.pinyin.json#494,0,40,长,2,平,3,仄,ci.清.0022.pinyin.json 第1阕第41字 语料拼音 zhǎng,待裁定
ci.清.0022.pinyin.json#494,1,41,甚,4,仄,2,平,ci.清.0022.pinyin.json 第2阕第42字 语料拼音 shén,待裁定
ci.清.0022.pinyin.json#499,1,34,长,2,平,3,仄,ci.清.0022.pinyin.json 第2阕第35字 语料拼音 zhǎng,待裁定
ci.清.0022.pinyin.json#500,1,21,长,2,平,3,仄,ci.清.0022.pinyin.json 第2阕第22字 语料拼音 zhǎng,待裁定
ci.清.0022.pinyin.json#505,0,15,长,2,平,3,仄,ci.清.0022.pinyin.json 第1阕第16字 语料拼音 zhǎng,待裁定
ci.清.0022.pinyin.json#505,1,1,绝,4,仄,2,平,ci.清.0022.pinyin.json 第2阕第2字 语料拼音 jué,待裁定
ci.清.0022.pinyin.json#519,0,31,甚,4,仄,2,平,ci.清.0022.pinyin.json 第1阕第32字 语料拼音 shén,待裁定
ci.清.0022.pinyin.json#525,1,45,甚,4,仄,2,平,ci.清.0022.pinyin.json 第2阕第46字 语料拼音 shén,待裁定
ci.清.0022.pinyin.json#526,0,36,甚,4,仄,2,平,ci.清.0022.pinyin.json 第1阕第37字 语料拼音 shén,待裁定
ci.清.0022.pinyin.json#530,1,46,甚,4,仄,2,平,ci.清.0022.pinyin.json 第2阕第47字 语料拼音 shén,待裁定
ci.清.0022.pinyin.json#533,1,19,别,4,仄,2,平,ci.清.0022.pinyin.json 第2阕第20字 语料拼音 bié,待裁定
ci.清.0022.pinyin.json#536,0,13,别,4,仄,2,平,ci.清.0022.pinyin.json 第1阕第14字 语料拼音 bié,待裁定
ci.清.0022.pinyin.json#536,1,4,别,4,仄,2,平,ci.清.0022.pinyin.json 第2阕第5字 语料拼音 bié,待裁定
ci.清.0022.pinyin.json#542,1,12,长,2,平,3,仄,ci.清.0022.pinyin.json 第2阕第13字 语料拼音 zhǎng,待裁定
ci.清.0022.pinyin.json#545,0,47,别,4,仄,2,平,ci.清.0022.pinyin.json 第1阕第48字 语料拼音 bié,待裁定
ci.清.0022.pinyin.json#545,1,1,绝,4,仄,2,平,ci.清.0022.pinyin.json 第2阕第2字 语料拼音 jué,待裁定
ci.清.0022.pinyin.json#545,1,8,长,2,平,3,仄,ci.清.0022.pinyin.json 第2阕第9字 语料拼音 zhǎng,待裁定
ci.清.0022.pinyin.json#547,1,35,甚,4,仄,2,平,ci.清.0022.pinyin.json 第2阕第36字 语料拼音 shén,待裁定
ci.清.0022.pinyin.json#556,0,46,长,2,平,3,仄,ci.清.0022.pinyin.json 第1阕第47字 语料拼音 zhǎng,待裁定
ci.清.0022.pinyin.json#556,0,56,别,4,仄,2,平,ci.清.0022.pinyin.json 第1阕第57字 语料拼音 bié,待裁定
ci.清.0022.pinyin.json#556,1,37,绝,4,仄,2,平,ci.清.0022.pinyin.json 第2阕第38字 语料拼音 jué,待裁定
ci.清.0022.pinyin.json#557,0,56,别,4,仄,2,平,ci.清.0022.pinyin.json 第1阕第57字 语料拼音 bié,待裁定
ci.清.0022.pinyin.json#557,1,37,绝,4,仄,2,平,ci.清.0022.pinyin.json 第2阕第38字 语料拼音 jué,待裁定
ci.清.0022.pinyin.json#558,1,14,别,4,仄,2,平,ci.清.0022.pinyin.json 第2阕第15字 语料拼音 bié,待裁定
ci.清.0022.pinyin.json#558,3,6,甚,4,仄,2,平,ci.清.0022.pinyin.json 第4阕第7字 语料拼音 shén,待裁定
ci.清.0022.pinyin.json#560,1,34,长,2,平,3,仄,ci.清.0022.pinyin.json 第2阕第35字 语料拼音 zhǎng,待裁定
ci.清.0022.pinyin.json#561,1,0,别,4,仄,2,平,ci.清.0022.pinyin.json 第2阕第1字 语料拼音 bié,待裁定
ci.清.0022.pinyin.json#565,0,18,绝,4,仄,2,平,ci.清.0022.pinyin.json 第1阕第19字 语料拼音 jué,待裁定
ci.清.0022.pinyin.json#566,1,0,别,4,仄,2,平,ci.清.0022.pinyin.json 第2阕第1字 语料拼音 bié,待裁定
ci.清.0022.pinyin.json#567,1,9,别,4,仄,2,平,ci.清.0022.pinyin.json 第2阕第10字 语料拼音 bié,待裁定
ci.清.0022.pinyin.json#573,0,29,绝,4,仄,2,平,ci.清.0022.pinyin.json 第1阕第30字 语料拼音 jué,待裁定
ci.清.0022.pinyin.json#573,1,32,长,2,平,3,仄,ci.清.0022.pinyin.json 第2阕第33字 语料拼音 zhǎng,待裁定
ci.清.0022.pinyin.json#573,1,54,别,4,仄,2,平,ci.清.0022.pinyin.json 第2阕第55字 语料拼音 bié,待裁定
ci.清.0022.pinyin.json#574,0,24,别,4,仄,2,平,ci.清.0022.pinyin.json 第1阕第25字 语料拼音 bié,待裁定
ci.清.0022.pinyin.json#574,1,0,别,4,仄,2,平,ci.清.0022.pinyin.json 第2阕第1字 语料拼音 bié,待裁定
ci.清.0022.pinyin.json#582,0,2,别,4,仄,2,平,ci.清.0022.pinyin.json 第1阕第3字 语料拼音 bié,待裁定
ci.清.0022.pinyin.json#585,0,0,别,4,仄,2,平,ci.清.0022.pinyin.json 第1阕第1字 语料拼音 bié,待裁定
ci.清.0022.pinyin.json#586,1,11,别,4,仄,2,平,ci.清.0022.pinyin.json 第2阕第12字 语料拼音 bié,待裁定
ci.清.0022.pinyin.json#588,0,13,甚,4,仄,2,平,ci.清.0022.pinyin.json 第1阕第14字 语料拼音 shén,待裁定
ci.清.0022.pinyin.json#591,0,4,甚,4,仄,2,平,ci.清.0022.pinyin.json 第1阕第5字 语料拼音 shén,待裁定
ci.清.0022.pinyin.json#591,0,7,长,2,平,3,仄,ci.清.0022.pinyin.json 第1阕第8字 语料拼音 zhǎng,待裁定
ci.清.0022.pinyin.json#596,1,26,别,4,仄,2,平,ci.清.0022.pinyin.json 第2阕第27字 语料拼音 bié,待裁定
ci.清.0022.pinyin.json#597,0,0,别,4,仄,2,平,ci.清.0022.pinyin.json 第1阕第1字 语料拼音 bié,待裁定
ci.清.0022.pinyin.json#599,1,9,绝,4,仄,2,平,ci.清.0022.pinyin.json 第2阕第10字 语料拼音 jué,待裁定
ci.清.0022.pinyin.json#600,0,7,甚,4,仄,2,平,ci.清.0022.pinyin.json 第1阕第8字 语料拼音 shén,待裁定
ci.清.0022.pinyin.json#602,0,13,别,4,仄,2,平,ci.清.0022.pinyin.json 第1阕第14字 语料拼音 bié,待裁定
ci.清.0022.pinyin.json#603,1,15,别,4,仄,2,平,ci.清.0022.pinyin.json 第2阕第16字 语料拼音 bié,待裁定
ci.清.0022.pinyin.json#605,0,27,长,2,平,3,仄,ci.清.0022.pinyin.json 第1阕第28字 语料拼音 zhǎng,待裁定
ci.清.0022.pinyin.json#605,0,32,别,4,仄,2,平,ci.清.0022.pinyin.json 第1阕第33字 语料拼音 bié,待裁定
ci.清.0022.pinyin.json#606,1,44,别,4,仄,2,平,ci.清.0022.pinyin.json 第2阕第45字 语料拼音 bié,待裁定
ci.清.0022.pinyin.json#609,0,12,长,2,平,3,仄,ci.清.0022.pinyin.json 第1阕第13字 语料拼音 zhǎng,待裁定
ci.清.0022.pinyin.json#609,1,0,别,4,仄,2,平,ci.清.0022.pinyin.json 第2阕第1字 语料拼音 bié,待裁定
ci.清.0022.pinyin.json#610,1,29,别,4,仄,2,平,ci.清.0022.pinyin.json 第2阕第30字 语料拼音 bié,待裁定
ci.清.0022.pinyin.json#611,0,59,别,4,仄,2,平,ci.清.0022.pinyin.json 第1阕第60字 语料拼音 bié,待裁定
ci.清.0022.pinyin.json#611,1,26,长,2,平,3,仄,ci.清.0022.pinyin.json 第2阕第27字 语料拼音 zhǎng,待裁定
ci.清.0022.pinyin.json#612,0,1,长,2,平,3,仄,ci.清.0022.pinyin.json 第1阕第2字 语料拼音 zhǎng,待裁定
ci.清.0022.pinyin.json#612,1,5,别,4,仄,2,平,ci.清.0022.pinyin.json 第2阕第6字 语料拼音 bié,待裁定
ci.清.0022.pinyin.json#613,1,7,长,2,平,3,仄,ci.清.0022.pinyin.json 第2阕第8字 语料拼音 zhǎng,待裁定
ci.清.0022.pinyin.json#617,0,46,长,2,平,3,仄,ci.清.0022.pinyin.json 第1阕第47字 语料拼音 zhǎng,待裁定
ci.清.0022.pinyin.json#619,0,25,长,2,平,3,仄,ci.清.0022.pinyin.json 第1阕第26字 语料拼音 zhǎng,待裁定
ci.清.0022.pinyin.json#626,1,25,别,4,仄,2,平,ci.清.0022.pinyin.json 第2阕第26字 语料拼音 bié,待裁定
ci.清.0022.pinyin.json#627,1,3,长,2,平,3,仄,ci.清.0022.pinyin.json 第2阕第4字 语料拼音 zhǎng,待裁定
ci.清.0022.pinyin.json#628,0,10,长,2,平,3,仄,ci.清.0022.pinyin.json 第1阕第11字 语料拼音 zhǎng,待裁定
ci.清.0022.pinyin.json#628,0,14,长,2,平,3,仄,ci.清.0022.pinyin.json 第1阕第15字 语料拼音 zhǎng,待裁定
ci.清.0022.pinyin.json#631,0,42,甚,4,仄,2,平,ci.清.0022.pinyin.json 第1阕第43字 语料拼音 shén,待裁定
ci.清.0022.pinyin.json#631,1,32,长,2,平,3,仄,ci.清.0022.pinyin.json 第2阕第33字 语料拼音 zhǎng,待裁定
ci.清.0022.pinyin.json#632,0,40,长,2,平,3,仄,ci.清.0022.pinyin.json 第1阕第41字 语料拼音 zhǎng,待裁定
ci.清.0022.pinyin.json#634,2,0,别,4,仄,2,平,ci.清.0022.pinyin.json 第3阕第1字 语料拼音 bié,待裁定
ci.清.0022.pinyin.json#637,1,48,别,4,仄,2,平,ci.清.0022.pinyin.json 第2阕第49字 语料拼音 bié,待裁定
ci.清.0022.pinyin.json#645,0,1,长,2,平,3,仄,ci.清.0022.pinyin.json 第1阕第2字 语料拼音 zhǎng,待裁定
ci.清.0022.pinyin.json#646,1,5,别,4,仄,2,平,ci.清.0022.pinyin.json 第2阕第6字 语料拼音 bié,待裁定
ci.清.0022.pinyin.json#651,1,9,别,4,仄,2,平,ci.清.0022.pinyin.json 第2阕第10字 语料拼音 bié,待裁定
ci.清.0022.pinyin.json#655,0,10,别,4,仄,2,平,ci.清.0022.pinyin.json 第1阕第11字 语料拼音 bié,待裁定
ci.清.0022.pinyin.json#656,1,10,长,2,平,3,仄,ci.清.0022.pinyin.json 第2阕第11字 语料拼音 zhǎng,待裁定
ci.清.0022.pinyin.json#660,0,1,别,4,仄,2,平,ci.清.0022.pinyin.json 第1阕第2字 语料拼音 bié,待裁定
ci.清.0022.pinyin.json#660,0,16,长,2,平,3,仄,ci.清.0022.pinyin.json 第1阕第17字 语料拼音 zhǎng,待裁定
ci.清.0022.pinyin.json#661,0,21,长,2,平,3,仄,ci.清.0022.pinyin.json 第1阕第22字 语料拼音 zhǎng,待裁定
ci.清.0022.pinyin.json#668,0,1,别,4,仄,2,平,ci.清.0022.pinyin.json 第1阕第2字 语料拼音 bié,待裁定
ci.清.0022.pinyin.json#669,0,20,长,2,平,3,仄,ci.清.0022.pinyin.json 第1阕第21字 语料拼音 zhǎng,待裁定
ci.清.0022.pinyin.json#672,1,26,长,2,平,3,仄,ci.清.0022.pinyin.json 第2阕第27字 语料拼音 zhǎng,待裁定
ci.清.0022.pinyin.json#672,1,34,长,2,平,3,仄,ci.清.0022.pinyin.json 第2阕第35字 语料拼音 zhǎng,待裁定
ci.清.0022.pinyin.json#674,1,12,甚,4,仄,2,平,ci.清.0022.pinyin.json 第2阕第13字 语料拼音 shén,待裁定
ci.清.0022.pinyin.json#676,0,41,别,4,仄,2,平,ci.清.0022.pinyin.json 第1阕第42字 语料拼音 bié,待裁定
ci.清.0022.pinyin.json#679,0,14,长,2,平,3,仄,ci.清.0022.pinyin.json 第1阕第15字 语料拼音 zhǎng,待裁定
ci.清.0022.pinyin.json#682,1,3,别,4,仄,2,平,ci.清.0022.pinyin.json 第2阕第4字 语料拼音 bié,待裁定
ci.清.0022.pinyin.json#689,1,12,别,4,仄,2,平,ci.清.0022.pinyin.json 第2阕第13字 语料拼音 bié,待裁定
ci.清.0022.pinyin.json#690,1,12,别,4,仄,2,平,ci.清.0022.pinyin.json 第2阕第13字 语料拼音 bié,待裁定
ci.清.0022.pinyin.json#693,0,38,甚,4,仄,2,平,ci.清.0022.pinyin.json 第1阕第39字 语料拼音 shén,待裁定
ci.清.0022.pinyin.json#698,0,4,别,4,仄,2,平,ci.清.0022.pinyin.json 第1阕第5字 语料拼音 bié,待裁定
ci.清.0022.pinyin.json#701,1,4,别,4,仄,2,平,ci.清.0022.pinyin.json 第2阕第5字 语料拼音 bié,待裁定
ci.清.0022.pinyin.json#701,1,10,甚,4,仄,2,平,ci.清.0022.pinyin.json 第2阕第11字 语料拼音 shén,待裁定
ci.清.0022.pinyin.json#702,1,9,长,2,平,3,仄,ci.清.0022.pinyin.json 第2阕第10字 语料拼音 zhǎng,待裁定
ci.清.0022.pinyin.json#704,1,33,甚,4,仄,2,平,ci.清.0022.pinyin.json 第2阕第34字 语料拼音 shén,待裁定
ci.清.0022.pinyin.json#705,0,32,别,4,仄,2,平,ci.清.0022.pinyin.json 第1阕第33字 语料拼音 bié,待裁定
ci.清.0022.pinyin.json#705,1,11,绝,4,仄,2,平,ci.清.0022.pinyin.json 第2阕第12字 语料拼音 jué,待裁定
ci.清.0022.pinyin.json#706,0,39,甚,4,仄,2,平,ci.清.0022.pinyin.json 第1阕第40字 语料拼音 shén,待裁定
ci.清.0022.pinyin.json#711,0,38,长,2,平,3,仄,ci.清.0022.pinyin.json 第1阕第39字 语料拼音 zhǎng,待裁定
ci.清.0022.pinyin.json#711,1,0,别,4,仄,2,平,ci.清.0022.pinyin.json 第2阕第1字 语料拼音 bié,待裁定
ci.清.0022.pinyin.json#715,0,18,甚,4,仄,2,平,ci.清.0022.pinyin.json 第1阕第19字 语料拼音 shén,待裁定
ci.清.0022.pinyin.json#716,1,23,别,4,仄,2,平,ci.清.0022.pinyin.json 第2阕第24字 语料拼音 bié,待裁定
ci.清.0022.pinyin.json#716,1,35,别,4,仄,2,平,ci.清.0022.pinyin.json 第2阕第36字 语料拼音 bié,待裁定
ci.清.0022.pinyin.json#718,1,15,甚,4,仄,2,平,ci.清.0022.pinyin.json 第2阕第16字 语料拼音 shén,待裁定
ci.清.0022.pinyin.json#719,0,13,甚,4,仄,2,平,ci.清.0022.pinyin.json 第1阕第14字 语料拼音 shén,待裁定
ci.清.0022.pinyin.json#721,0,38,甚,4,仄,2,平,ci.清.0022.pinyin.json 第1阕第39字 语料拼音 shén,待裁定
ci.清.0022.pinyin.json#728,1,4,长,2,平,3,仄,ci.清.0022.pinyin.json 第2阕第5字 语料拼音 zhǎng,待裁定
ci.清.0022.pinyin.json#730,1,8,长,2,平,3,仄,ci.清.0022.pinyin.json 第2阕第9字 语料拼音 zhǎng,待裁定
ci.清.0022.pinyin.json#733,0,33,长,2,平,3,仄,ci.清.0022.pinyin.json 第1阕第34字 语料拼音 zhǎng,待裁定
ci.清.0022.pinyin.json#733,0,44,长,2,平,3,仄,ci.清.0022.pinyin.json 第1阕第45字 语料拼音 zhǎng,待裁定
ci.清.0022.pinyin.json#733,1,44,别,4,仄,2,平,ci.清.0022.pinyin.json 第2阕第45字 语料拼音 bié,待裁定
ci.清.0022.pinyin.json#736,1,26,绝,4,仄,2,平,ci.清.0022.pinyin.json 第2阕第27字 语料拼音 jué,待裁定
ci.清.0022.pinyin.json#738,0,19,长,2,平,3,仄,ci.清.0022.pinyin.json 第1阕第20字 语料拼音 zhǎng,待裁定
ci.清.0022.pinyin.json#738,1,15,甚,4,仄,2,平,ci.清.0022.pinyin.json 第2阕第16字 语料拼音 shén,待裁定
ci.清.0022.pinyin.json#740,0,11,长,2,平,3,仄,ci.清.0022.pinyin.json 第1阕第12字 语料拼音 zhǎng,待裁定
ci.清.0022.pinyin.json#757,0,38,甚,4,仄,2,平,ci.清.0022.pinyin.json 第1阕第39字 语料拼音 shén,待裁定
ci.清.0022.pinyin.json#757,0,45,长,2,平,3,仄,ci.清.0022.pinyin.json 第1阕第46字 语料拼音 zhǎng,待裁定
ci.清.0022.pinyin.json#759,0,113,别,4,仄,2,平,ci.清.0022.pinyin.json 第1阕第114字 语料拼音 bié,待裁定
ci.清.0022.pinyin.json#759,1,15,甚,4,仄,2,平,ci.清.0022.pinyin.json 第2阕第16字 语料拼音 shén,待裁定
ci.清.0022.pinyin.json#760,1,20,长,2,平,3,仄,ci.清.0022.pinyin.json 第2阕第21字 语料拼音 zhǎng,待裁定
ci.清.0022.pinyin.json#768,1,13,长,2,平,3,仄,ci.清.0022.pinyin.json 第2阕第14字 语料拼音 zhǎng,待裁定
ci.清.0022.pinyin.json#768,1,15,长,2,平,3,仄,ci.清.0022.pinyin.json 第2阕第16字 语料拼音 zhǎng,待裁定
ci.清.0022.pinyin.json#773,2,17,甚,4,仄,2,平,ci.清.0022.pinyin.json 第3阕第18字 语料拼音 shén,待裁定
ci.清.0022.pinyin.json#774,1,19,别,4,仄,2,平,ci.清.0022.pinyin.json 第2阕第20字 语料拼音 bié,待裁定
ci.清.0022.pinyin.json#790,0,34,长,2,平,3,仄,ci.清.0022.pinyin.json 第1阕第35字 语料拼音 zhǎng,待裁定
ci.清.0022.pinyin.json#794,0,5,别,4,仄,2,平,ci.清.0022.pinyin.json 第1阕第6字 语料拼音 bié,待裁定
ci.清.0022.pinyin.json#794,1,8,别,4,仄,2,平,ci.清.0022.pinyin.json 第2阕第9字 语料拼音 bié,待裁定
ci.清.0022.pinyin.json#800,1,24,别,4,仄,2,平,ci.清.0022.pinyin.json 第2阕第25字 语料拼音 bié,待裁定
ci.清.0022.pinyin.json#806,0,6,长,2,平,3,仄,ci.清.0022.pinyin.json 第1阕第7字 语料拼音 zhǎng,待裁定
ci.清.0022.pinyin.json#806,0,24,甚,4,仄,2,平,ci.清.0022.pinyin.json 第1阕第25字 语料拼音 shén,待裁定
ci.清.0022.pinyin.json#806,1,51,长,2,平,3,仄,ci.清.0022.pinyin.json 第2阕第52字 语料拼音 zhǎng,待裁定
ci.清.0022.pinyin.json#808,0,32,长,2,平,3,仄,ci.清.0022.pinyin.json 第1阕第33字 语料拼音 zhǎng,待裁定
ci.清.0022.pinyin.json#815,1,1,长,2,平,3,仄,ci.清.0022.pinyin.json 第2阕第2字 语料拼音 zhǎng,待裁定
ci.清.0022.pinyin.json#816,1,2,别,4,仄,2,平,ci.清.0022.pinyin.json 第2阕第3字 语料拼音 bié,待裁定
ci.清.0022.pinyin.json#824,0,5,甚,4,仄,2,平,ci.清.0022.pinyin.json 第1阕第6字 语料拼音 shén,待裁定
ci.清.0022.pinyin.json#829,1,28,长,2,平,3,仄,ci.清.0022.pinyin.json 第2阕第29字 语料拼音 zhǎng,待裁定
ci.清.0022.pinyin.json#830,3,20,甚,4,仄,2,平,ci.清.0022.pinyin.json 第4阕第21字 语料拼音 shén,待裁定
ci.清.0022.pinyin.json#831,1,10,甚,4,仄,2,平,ci.清.0022.pinyin.json 第2阕第11字 语料拼音 shén,待裁定
ci.清.0022.pinyin.json#833,0,43,别,4,仄,2,平,ci.清.0022.pinyin.json 第1阕第44字 语料拼音 bié,待裁定
ci.清.0022.pinyin.json#838,1,32,长,2,平,3,仄,ci.清.0022.pinyin.json 第2阕第33字 语料拼音 zhǎng,待裁定
ci.清.0022.pinyin.json#841,1,7,长,2,平,3,仄,ci.清.0022.pinyin.json 第2阕第8字 语料拼音 zhǎng,待裁定
ci.清.0022.pinyin.json#843,1,33,别,4,仄,2,平,ci.清.0022.pinyin.json 第2阕第34字 语料拼音 bié,待裁定
ci.清.0022.pinyin.json#850,0,21,长,2,平,3,仄,ci.清.0022.pinyin.json 第1阕第22字 语料拼音 zhǎng,待裁定
ci.清.0022.pinyin.json#862,0,28,长,2,平,3,仄,ci.清.0022.pinyin.json 第1阕第29字 语料拼音 zhǎng,待裁定
ci.清.0022.pinyin.json#862,1,32,绝,4,仄,2,平,ci.清.0022.pinyin.json 第2阕第33字 语料拼音 jué,待裁定
ci.清.0022.pinyin.json#865,1,18,长,2,平,3,仄,ci.清.0022.pinyin.json 第2阕第19字 语料拼音 zhǎng,待裁定
ci.清.0022.pinyin.json#873,1,38,甚,4,仄,2,平,ci.清.0022.pinyin.json 第2阕第39字 语料拼音 shén,待裁定
ci.清.0022.pinyin.json#878,0,3,绝,4,仄,2,平,ci.清.0022.pinyin.json 第1阕第4字 语料拼音 jué,待裁定
ci.清.0022.pinyin.json#884,0,38,甚,4,仄,2,平,ci.清.0022.pinyin.json 第1阕第39字 语料拼音 shén,待裁定
ci.清.0022.pinyin.json#887,0,14,别,4,仄,2,平,ci.清.0022.pinyin.json 第1阕第15字 语料拼音 bié,待裁定
ci.清.0022.pinyin.json#889,0,17,长,2,平,3,仄,ci.清.0022.pinyin.json 第1阕第18字 语料拼音 zhǎng,待裁定
ci.清.0022.pinyin.json#896,0,20,长,2,平,3,仄,ci.清.0022.pinyin.json 第1阕第21字 语料拼音 zhǎng,待裁定
ci.清.0022.pinyin.json#897,0,37,甚,4,仄,2,平,ci.清.0022.pinyin.json 第1阕第38字 语料拼音 shén,待裁定
ci.清.0022.pinyin.json#905,0,12,甚,4,仄,2,平,ci.清.0022.pinyin.json 第1阕第13字 语料拼音 shén,待裁定
ci.清.0022.pinyin.json#905,0,37,别,4,仄,2,平,ci.清.0022.pinyin.json 第1阕第38字 语料拼音 bié,待裁定
ci.清.0022.pinyin.json#910,0,21,别,4,仄,2,平,ci.清.0022.pinyin.json 第1阕第22字 语料拼音 bié,待裁定
ci.清.0022.pinyin.json#912,1,14,甚,4,仄,2,平,ci.清.0022.pinyin.json 第2阕第15字 语料拼音 shén,待裁定
ci.清.0022.pinyin.json#916,1,1,长,2,平,3,仄,ci.清.0022.pinyin.json 第2阕第2字 语料拼音 zhǎng,待裁定
ci.清.0022.pinyin.json#917,0,4,别,4,仄,2,平,ci.清.0022.pinyin.json 第1阕第5字 语料拼音 bié,待裁定
ci.清.0022.pinyin.json#917,0,14,别,4,仄,2,平,ci.清.0022.pinyin.json 第1阕第15字 语料拼音 bié,待裁定
ci.清.0022.pinyin.json#922,1,10,甚,4,仄,2,平,ci.清.0022.pinyin.json 第2阕第11字 语料拼音 shén,待裁定
ci.清.0022.pinyin.json#924,0,11,长,2,平,3,仄,ci.清.0022.pinyin.json 第1阕第12字 语料拼音 zhǎng,待裁定
ci.清.0022.pinyin.json#924,1,3,长,2,平,3,仄,ci.清.0022.pinyin.json 第2阕第4字 语料拼音 zhǎng,待裁定
ci.清.0022.pinyin.json#929,0,53,长,2,平,3,仄,ci.清.0022.pinyin.json 第1阕第54字 语料拼音 zhǎng,待裁定
ci.清.0022.pinyin.json#930,0,40,长,2,平,3,仄,ci.清.0022.pinyin.json 第1阕第41字 语料拼音 zhǎng,待裁定
ci.清.0022.pinyin.json#932,1,52,别,4,仄,2,平,ci.清.0022.pinyin.json 第2阕第53字 语料拼音 bié,待裁定
ci.清.0022.pinyin.json#933,0,12,甚,4,仄,2,平,ci.清.0022.pinyin.json 第1阕第13字 语料拼音 shén,待裁定
ci.清.0022.pinyin.json#934,0,32,长,2,平,3,仄,ci.清.0022.pinyin.json 第1阕第33字 语料拼音 zhǎng,待裁定
ci.清.0022.pinyin.json#937,1,26,长,2,平,3,仄,ci.清.0022.pinyin.json 第2阕第27字 语料拼音 zhǎng,待裁定
ci.清.0022.pinyin.json#939,0,2,长,2,平,3,仄,ci.清.0022.pinyin.json 第1阕第3字 语料拼音 zhǎng,待裁定
ci.清.0022.pinyin.json#939,0,38,别,4,仄,2,平,ci.清.0022.pinyin.json 第1阕第39字 语料拼音 bié,待裁定
ci.清.0022.pinyin.json#939,1,15,别,4,仄,2,平,ci.清.0022.pinyin.json 第2阕第16字 语料拼音 bié,待裁定
ci.清.0022.pinyin.json#939,1,41,甚,4,仄,2,平,ci.清.0022.pinyin.json 第2阕第42字 语料拼音 shén,待裁定
ci.清.0022.pinyin.json#940,0,38,别,4,仄,2,平,ci.清.0022.pinyin.json 第1阕第39字 语料拼音 bié,待裁定
ci.清.0022.pinyin.json#940,1,10,长,2,平,3,仄,ci.清.0022.pinyin.json 第2阕第11字 语料拼音 zhǎng,待裁定
ci.清.0022.pinyin.json#941,0,4,甚,4,仄,2,平,ci.清.0022.pinyin.json 第1阕第5字 语料拼音 shén,待裁定
ci.清.0022.pinyin.json#941,0,38,别,4,仄,2,平,ci.清.0022.pinyin.json 第1阕第39字 语料拼音 bié,待裁定
ci.清.0022.pinyin.json#943,1,12,别,4,仄,2,平,ci.清.0022.pinyin.json 第2阕第13字 语料拼音 bié,待裁定
ci.清.0022.pinyin.json#946,1,26,长,2,平,3,仄,ci.清.0022.pinyin.json 第2阕第27字 语料拼音 zhǎng,待裁定
ci.清.0022.pinyin.json#946,1,39,长,2,平,3,仄,ci.清.0022.pinyin.json 第2阕第40字 语料拼音 zhǎng,待裁定
ci.清.0022.pinyin.json#948,4,1,绝,4,仄,2,平,ci.清.0022.pinyin.json 第5阕第2字 语料拼音 jué,待裁定
ci.清.0022.pinyin.json#951,1,20,长,2,平,3,仄,ci.清.0022.pinyin.json 第2阕第21字 语料拼音 zhǎng,待裁定
ci.清.0022.pinyin.json#952,0,0,长,2,平,3,仄,ci.清.0022.pinyin.json 第1阕第1字 语料拼音 zhǎng,待裁定
ci.清.0022.pinyin.json#952,0,2,长,2,平,3,仄,ci.清.0022.pinyin.json 第1阕第3字 语料拼音 zhǎng,待裁定
ci.清.0022.pinyin.json#952,0,15,长,2,平,3,仄,ci.清.0022.pinyin.json 第1阕第16字 语料拼音 zhǎng,待裁定
ci.清.0022.pinyin.json#952,1,47,长,2,平,3,仄,ci.清.0022.pinyin.json 第2阕第48字 语料拼音 zhǎng,待裁定
ci.清.0022.pinyin.json#953,0,32,长,2,平,3,仄,ci.清.0022.pinyin.json 第1阕第33字 语料拼音 zhǎng,待裁定
ci.清.0022.pinyin.json#953,1,38,长,2,平,3,仄,ci.清.0022.pinyin.json 第2阕第39字 语料拼音 zhǎng,待裁定
ci.清.0022.pinyin.json#955,0,9,长,2,平,3,仄,ci.清.0022.pinyin.json 第1阕第10字 语料拼音 zhǎng,待裁定
ci.清.0022.pinyin.json#955,0,11,甚,4,仄,2,平,ci.清.0022.pinyin.json 第1阕第12字 语料拼音 shén,待裁定
ci.清.0022.pinyin.json#956,0,37,甚,4,仄,2,平,ci.清.0022.pinyin.json 第1阕第38字 语料拼音 shén,待裁定
ci.清.0022.pinyin.json#956,1,42,别,4,仄,2,平,ci.清.0022.pinyin.json 第2阕第43字 语料拼音 bié,待裁定
ci.清.0022.pinyin.json#957,1,27,绝,4,仄,2,平,ci.清.0022.pinyin.json 第2阕第28字 语料拼音 jué,待裁定
ci.清.0022.pinyin.json#963,0,9,长,2,平,3,仄,ci.清.0022.pinyin.json 第1阕第10字 语料拼音 zhǎng,待裁定
ci.清.0022.pinyin.json#963,0,58,长,2,平,3,仄,ci.清.0022.pinyin.json 第1阕第59字 语料拼音 zhǎng,待裁定
ci.清.0022.pinyin.json#966,0,13,别,4,仄,2,平,ci.清.0022.pinyin.json 第1阕第14字 语料拼音 bié,待裁定
ci.清.0022.pinyin.json#968,0,14,甚,4,仄,2,平,ci.清.0022.pinyin.json 第1阕第15字 语料拼音 shén,待裁定
ci.清.0022.pinyin.json#970,1,24,长,2,平,3,仄,ci.清.0022.pinyin.json 第2阕第25字 语料拼音 zhǎng,待裁定
ci.清.0022.pinyin.json#971,0,14,甚,4,仄,2,平,ci.清.0022.pinyin.json 第1阕第15字 语料拼音 shén,待裁定
ci.清.0022.pinyin.json#975,1,32,别,4,仄,2,平,ci.清.0022.pinyin.json 第2阕第33字 语料拼音 bié,待裁定
ci.清.0022.pinyin.json#979,0,26,甚,4,仄,2,平,ci.清.0022.pinyin.json 第1阕第27字 语料拼音 shén,待裁定
ci.清.0022.pinyin.json#979,1,36,长,2,平,3,仄,ci.清.0022.pinyin.json 第2阕第37字 语料拼音 zhǎng,待裁定
ci.清.0022.pinyin.json#981,1,10,长,2,平,3,仄,ci.清.0022.pinyin.json 第2阕第11字 语料拼音 zhǎng,待裁定
ci.清.0022.pinyin.json#982,0,7,别,4,仄,2,平,ci.清.0022.pinyin.json 第1阕第8字 语料拼音 bié,待裁定
ci.清.0022.pinyin.json#993,2,7,甚,4,仄,2,平,ci.清.0022.pinyin.json 第3阕第8字 语料拼音 shén,待裁定
ci.清.0022.pinyin.json#994,1,4,绝,4,仄,2,平,ci.清.0022.pinyin.json 第2阕第5字 语料拼音 jué,待裁定
ci.清.0022.pinyin.json#995,1,0,别,4,仄,2,平,ci.清.0022.pinyin.json 第2阕第1字 语料拼音 bié,待裁定
ci.清.0022.pinyin.json#998,1,28,长,2,平,3,仄,ci.清.0022.pinyin.json 第2阕第29字 语料拼音 zhǎng,待裁定
ci.清.0023.pinyin.json#2,0,20,甚,4,仄,2,平,ci.清.0023.pinyin.json 第1阕第21字 语料拼音 shén,待裁定
ci.清.0023.pinyin.json#15,0,4,长,2,平,3,仄,ci.清.0023.pinyin.json 第1阕第5字 语料拼音 zhǎng,待裁定
ci.清.0023.pinyin.json#20,0,29,长,2,平,3,仄,ci.清.0023.pinyin.json 第1阕第30字 语料拼音 zhǎng,待裁定
ci.清.0023.pinyin.json#21,1,4,长,2,平,3,仄,ci.清.0023.pinyin.json 第2阕第5字 语料拼音 zhǎng,待裁定
ci.清.0023.pinyin.json#21,1,7,甚,4,仄,2,平,ci.清.0023.pinyin.json 第2阕第8字 语料拼音 shén,待裁定
ci.清.0023.pinyin.json#25,0,1,别,4,仄,2,平,ci.清.0023.pinyin.json 第1阕第2字 语料拼音 bié,待裁定
ci.清.0023.pinyin.json#36,1,49,长,2,平,3,仄,ci.清.0023.pinyin.json 第2阕第50字 语料拼音 zhǎng,待裁定
ci.清.0023.pinyin.json#38,1,33,甚,4,仄,2,平,ci.清.0023.pinyin.json 第2阕第34字 语料拼音 shén,待裁定
ci.清.0023.pinyin.json#44,0,4,甚,4,仄,2,平,ci.清.0023.pinyin.json 第1阕第5字 语料拼音 shén,待裁定
ci.清.0023.pinyin.json#45,0,1,长,2,平,3,仄,ci.清.0023.pinyin.json 第1阕第2字 语料拼音 zhǎng,待裁定
ci.清.0023.pinyin.json#54,0,11,长,2,平,3,仄,ci.清.0023.pinyin.json 第1阕第12字 语料拼音 zhǎng,待裁定
ci.清.0023.pinyin.json#55,0,18,长,2,平,3,仄,ci.清.0023.pinyin.json 第1阕第19字 语料拼音 zhǎng,待裁定
ci.清.0023.pinyin.json#55,1,14,长,2,平,3,仄,ci.清.0023.pinyin.json 第2阕第15字 语料拼音 zhǎng,待裁定
ci.清.0023.pinyin.json#57,0,11,甚,4,仄,2,平,ci.清.0023.pinyin.json 第1阕第12字 语料拼音 shén,待裁定
ci.清.0023.pinyin.json#59,0,25,别,4,仄,2,平,ci.清.0023.pinyin.json 第1阕第26字 语料拼音 bié,待裁定
ci.清.0023.pinyin.json#68,0,38,别,4,仄,2,平,ci.清.0023.pinyin.json 第1阕第39字 语料拼音 bié,待裁定
ci.清.0023.pinyin.json#75,0,9,别,4,仄,2,平,ci.清.0023.pinyin.json 第1阕第10字 语料拼音 bié,待裁定
ci.清.0023.pinyin.json#75,1,11,甚,4,仄,2,平,ci.清.0023.pinyin.json 第2阕第12字 语料拼音 shén,待裁定
ci.清.0023.pinyin.json#87,1,10,长,2,平,3,仄,ci.清.0023.pinyin.json 第2阕第11字 语料拼音 zhǎng,待裁定
ci.清.0023.pinyin.json#89,0,4,甚,4,仄,2,平,ci.清.0023.pinyin.json 第1阕第5字 语料拼音 shén,待裁定
ci.清.0023.pinyin.json#91,0,29,甚,4,仄,2,平,ci.清.0023.pinyin.json 第1阕第30字 语料拼音 shén,待裁定
ci.清.0023.pinyin.json#91,1,44,长,2,平,3,仄,ci.清.0023.pinyin.json 第2阕第45字 语料拼音 zhǎng,待裁定
ci.清.0023.pinyin.json#96,0,25,长,2,平,3,仄,ci.清.0023.pinyin.json 第1阕第26字 语料拼音 zhǎng,待裁定
ci.清.0023.pinyin.json#99,0,21,长,2,平,3,仄,ci.清.0023.pinyin.json 第1阕第22字 语料拼音 zhǎng,待裁定
ci.清.0023.pinyin.json#108,1,7,别,4,仄,2,平,ci.清.0023.pinyin.json 第2阕第8字 语料拼音 bié,待裁定
ci.清.0023.pinyin.json#120,1,34,长,2,平,3,仄,ci.清.0023.pinyin.json 第2阕第35字 语料拼音 zhǎng,待裁定
ci.清.0023.pinyin.json#122,1,38,长,2,平,3,仄,ci.清.0023.pinyin.json 第2阕第39字 语料拼音 zhǎng,待裁定
ci.清.0023.pinyin.json#123,1,46,长,2,平,3,仄,ci.清.0023.pinyin.json 第2阕第47字 语料拼音 zhǎng,待裁定
ci.清.0023.pinyin.json#124,1,52,别,4,仄,2,平,ci.清.0023.pinyin.json 第2阕第53字 语料拼音 bié,待裁定
ci.清.0023.pinyin.json#126,1,1,绝,4,仄,2,平,ci.清.0023.pinyin.json 第2阕第2字 语料拼音 jué,待裁定
ci.清.0023.pinyin.json#131,0,23,别,4,仄,2,平,ci.清.0023.pinyin.json 第1阕第24字 语料拼音 bié,待裁定
ci.清.0023.pinyin.json#131,0,47,甚,4,仄,2,平,ci.清.0023.pinyin.json 第1阕第48字 语料拼音 shén,待裁定
ci.清.0023.pinyin.json#132,1,37,别,4,仄,2,平,ci.清.0023.pinyin.json 第2阕第38字 语料拼音 bié,待裁定
ci.清.0023.pinyin.json#133,0,2,长,2,平,3,仄,ci.清.0023.pinyin.json 第1阕第3字 语料拼音 zhǎng,待裁定
ci.清.0023.pinyin.json#133,0,12,别,4,仄,2,平,ci.清.0023.pinyin.json 第1阕第13字 语料拼音 bié,待裁定
ci.清.0023.pinyin.json#134,1,8,长,2,平,3,仄,ci.清.0023.pinyin.json 第2阕第9字 语料拼音 zhǎng,待裁定
ci.清.0023.pinyin.json#135,0,4,别,4,仄,2,平,ci.清.0023.pinyin.json 第1阕第5字 语料拼音 bié,待裁定
ci.清.0023.pinyin.json#148,0,30,别,4,仄,2,平,ci.清.0023.pinyin.json 第1阕第31字 语料拼音 bié,待裁定
ci.清.0023.pinyin.json#149,1,40,长,2,平,3,仄,ci.清.0023.pinyin.json 第2阕第41字 语料拼音 zhǎng,待裁定
ci.清.0023.pinyin.json#150,0,23,长,2,平,3,仄,ci.清.0023.pinyin.json 第1阕第24字 语料拼音 zhǎng,待裁定
ci.清.0023.pinyin.json#150,0,36,长,2,平,3,仄,ci.清.0023.pinyin.json 第1阕第37字 语料拼音 zhǎng,待裁定
ci.清.0023.pinyin.json#151,0,33,别,4,仄,2,平,ci.清.0023.pinyin.json 第1阕第34字 语料拼音 bié,待裁定
ci.清.0023.pinyin.json#154,0,13,甚,4,仄,2,平,ci.清.0023.pinyin.json 第1阕第14字 语料拼音 shén,待裁定
ci.清.0023.pinyin.json#155,1,33,甚,4,仄,2,平,ci.清.0023.pinyin.json 第2阕第34字 语料拼音 shén,待裁定
ci.清.0023.pinyin.json#157,0,46,甚,4,仄,2,平,ci.清.0023.pinyin.json 第1阕第47字 语料拼音 shén,待裁定
ci.清.0023.pinyin.json#157,1,28,别,4,仄,2,平,ci.清.0023.pinyin.json 第2阕第29字 语料拼音 bié,待裁定
ci.清.0023.pinyin.json#157,1,48,甚,4,仄,2,平,ci.清.0023.pinyin.json 第2阕第49字 语料拼音 shén,待裁定
ci.清.0023.pinyin.json#159,0,30,长,2,平,3,仄,ci.清.0023.pinyin.json 第1阕第31字 语料拼音 zhǎng,待裁定
ci.清.0023.pinyin.json#159,0,36,甚,4,仄,2,平,ci.清.0023.pinyin.json 第1阕第37字 语料拼音 shén,待裁定
ci.清.0023.pinyin.json#160,0,43,长,2,平,3,仄,ci.清.0023.pinyin.json 第1阕第44字 语料拼音 zhǎng,待裁定
ci.清.0023.pinyin.json#161,0,1,别,4,仄,2,平,ci.清.0023.pinyin.json 第1阕第2字 语料拼音 bié,待裁定
ci.清.0023.pinyin.json#166,0,13,甚,4,仄,2,平,ci.清.0023.pinyin.json 第1阕第14字 语料拼音 shén,待裁定
ci.清.0023.pinyin.json#167,1,12,甚,4,仄,2,平,ci.清.0023.pinyin.json 第2阕第13字 语料拼音 shén,待裁定
ci.清.0023.pinyin.json#169,1,39,长,2,平,3,仄,ci.清.0023.pinyin.json 第2阕第40字 语料拼音 zhǎng,待裁定
ci.清.0023.pinyin.json#171,2,15,长,2,平,3,仄,ci.清.0023.pinyin.json 第3阕第16字 语料拼音 zhǎng,待裁定
ci.清.0023.pinyin.json#172,0,21,长,2,平,3,仄,ci.清.0023.pinyin.json 第1阕第22字 语料拼音 zhǎng,待裁定
ci.清.0023.pinyin.json#172,0,23,长,2,平,3,仄,ci.清.0023.pinyin.json 第1阕第24字 语料拼音 zhǎng,待裁定
ci.清.0023.pinyin.json#172,2,15,长,2,平,3,仄,ci.清.0023.pinyin.json 第3阕第16字 语料拼音 zhǎng,待裁定
ci.清.0023.pinyin.json#176,0,2,长,2,平,3,仄,ci.清.0023.pinyin.json 第1阕第3字 语料拼音 zhǎng,待裁定
ci.清.0023.pinyin.json#179,0,38,甚,4,仄,2,平,ci.清.0023.pinyin.json 第1阕第39字 语料拼音 shén,待裁定
ci.清.0023.pinyin.json#179,0,44,长,2,平,3,仄,ci.清.0023.pinyin.json 第1阕第45字 语料拼音 zhǎng,待裁定
ci.清.0023.pinyin.json#179,1,43,长,2,平,3,仄,ci.清.0023.pinyin.json 第2阕第44字 语料拼音 zhǎng,待裁定
ci.清.0023.pinyin.json#179,1,45,长,2,平,3,仄,ci.清.0023.pinyin.json 第2阕第46字 语料拼音 zhǎng,待裁定
ci.清.0023.pinyin.json#183,0,6,长,2,平,3,仄,ci.清.0023.pinyin.json 第1阕第7字 语料拼音 zhǎng,待裁定
ci.清.0023.pinyin.json#185,0,37,甚,4,仄,2,平,ci.清.0023.pinyin.json 第1阕第38字 语料拼音 shén,待裁定
ci.清.0023.pinyin.json#185,1,33,长,2,平,3,仄,ci.清.0023.pinyin.json 第2阕第34字 语料拼音 zhǎng,待裁定
ci.清.0023.pinyin.json#186,0,14,别,4,仄,2,平,ci.清.0023.pinyin.json 第1阕第15字 语料拼音 bié,待裁定
ci.清.0023.pinyin.json#188,0,20,甚,4,仄,2,平,ci.清.0023.pinyin.json 第1阕第21字 语料拼音 shén,待裁定
ci.清.0023.pinyin.json#189,1,19,甚,4,仄,2,平,ci.清.0023.pinyin.json 第2阕第20字 语料拼音 shén,待裁定
ci.清.0023.pinyin.json#190,1,0,长,2,平,3,仄,ci.清.0023.pinyin.json 第2阕第1字 语料拼音 zhǎng,待裁定
ci.清.0023.pinyin.json#191,1,4,长,2,平,3,仄,ci.清.0023.pinyin.json 第2阕第5字 语料拼音 zhǎng,待裁定
ci.清.0023.pinyin.json#192,1,12,别,4,仄,2,平,ci.清.0023.pinyin.json 第2阕第13字 语料拼音 bié,待裁定
ci.清.0023.pinyin.json#197,0,23,甚,4,仄,2,平,ci.清.0023.pinyin.json 第1阕第24字 语料拼音 shén,待裁定
ci.清.0023.pinyin.json#199,1,25,别,4,仄,2,平,ci.清.0023.pinyin.json 第2阕第26字 语料拼音 bié,待裁定
ci.清.0023.pinyin.json#205,0,10,长,2,平,3,仄,ci.清.0023.pinyin.json 第1阕第11字 语料拼音 zhǎng,待裁定
ci.清.0023.pinyin.json#215,1,14,长,2,平,3,仄,ci.清.0023.pinyin.json 第2阕第15字 语料拼音 zhǎng,待裁定
ci.清.0023.pinyin.json#220,1,12,长,2,平,3,仄,ci.清.0023.pinyin.json 第2阕第13字 语料拼音 zhǎng,待裁定
ci.清.0023.pinyin.json#222,0,28,甚,4,仄,2,平,ci.清.0023.pinyin.json 第1阕第29字 语料拼音 shén,待裁定
ci.清.0023.pinyin.json#222,1,25,别,4,仄,2,平,ci.清.0023.pinyin.json 第2阕第26字 语料拼音 bié,待裁定
ci.清.0023.pinyin.json#224,0,25,长,2,平,3,仄,ci.清.0023.pinyin.json 第1阕第26字 语料拼音 zhǎng,待裁定
ci.清.0023.pinyin.json#242,1,2,别,4,仄,2,平,ci.清.0023.pinyin.json 第2阕第3字 语料拼音 bié,待裁定
ci.清.0023.pinyin.json#243,0,25,别,4,仄,2,平,ci.清.0023.pinyin.json 第1阕第26字 语料拼音 bié,待裁定
ci.清.0023.pinyin.json#257,0,9,长,2,平,3,仄,ci.清.0023.pinyin.json 第1阕第10字 语料拼音 zhǎng,待裁定
ci.清.0023.pinyin.json#257,0,11,别,4,仄,2,平,ci.清.0023.pinyin.json 第1阕第12字 语料拼音 bié,待裁定
ci.清.0023.pinyin.json#258,0,2,长,2,平,3,仄,ci.清.0023.pinyin.json 第1阕第3字 语料拼音 zhǎng,待裁定
ci.清.0023.pinyin.json#264,0,54,长,2,平,3,仄,ci.清.0023.pinyin.json 第1阕第55字 语料拼音 zhǎng,待裁定
ci.清.0023.pinyin.json#267,1,23,绝,4,仄,2,平,ci.清.0023.pinyin.json 第2阕第24字 语料拼音 jué,待裁定
ci.清.0023.pinyin.json#277,0,36,长,2,平,3,仄,ci.清.0023.pinyin.json 第1阕第37字 语料拼音 zhǎng,待裁定
ci.清.0023.pinyin.json#277,1,2,别,4,仄,2,平,ci.清.0023.pinyin.json 第2阕第3字 语料拼音 bié,待裁定
ci.清.0023.pinyin.json#278,1,0,长,2,平,3,仄,ci.清.0023.pinyin.json 第2阕第1字 语料拼音 zhǎng,待裁定
ci.清.0023.pinyin.json#278,1,25,长,2,平,3,仄,ci.清.0023.pinyin.json 第2阕第26字 语料拼音 zhǎng,待裁定
ci.清.0023.pinyin.json#280,1,15,长,2,平,3,仄,ci.清.0023.pinyin.json 第2阕第16字 语料拼音 zhǎng,待裁定
ci.清.0023.pinyin.json#280,1,28,别,4,仄,2,平,ci.清.0023.pinyin.json 第2阕第29字 语料拼音 bié,待裁定
ci.清.0023.pinyin.json#281,1,26,长,2,平,3,仄,ci.清.0023.pinyin.json 第2阕第27字 语料拼音 zhǎng,待裁定
ci.清.0023.pinyin.json#284,3,1,绝,4,仄,2,平,ci.清.0023.pinyin.json 第4阕第2字 语料拼音 jué,待裁定
ci.清.0023.pinyin.json#286,1,14,长,2,平,3,仄,ci.清.0023.pinyin.json 第2阕第15字 语料拼音 zhǎng,待裁定
ci.清.0023.pinyin.json#286,1,16,别,4,仄,2,平,ci.清.0023.pinyin.json 第2阕第17字 语料拼音 bié,待裁定
ci.清.0023.pinyin.json#286,1,38,绝,4,仄,2,平,ci.清.0023.pinyin.json 第2阕第39字 语料拼音 jué,待裁定
ci.清.0023.pinyin.json#286,1,59,甚,4,仄,2,平,ci.清.0023.pinyin.json 第2阕第60字 语料拼音 shén,待裁定
ci.清.0023.pinyin.json#290,1,20,别,4,仄,2,平,ci.清.0023.pinyin.json 第2阕第21字 语料拼音 bié,待裁定
ci.清.0023.pinyin.json#293,0,26,长,2,平,3,仄,ci.清.0023.pinyin.json 第1阕第27字 语料拼音 zhǎng,待裁定
ci.清.0023.pinyin.json#295,0,38,甚,4,仄,2,平,ci.清.0023.pinyin.json 第1阕第39字 语料拼音 shén,待裁定
ci.清.0023.pinyin.json#295,1,54,甚,4,仄,2,平,ci.清.0023.pinyin.json 第2阕第55字 语料拼音 shén,待裁定
ci.清.0023.pinyin.json#296,1,51,长,2,平,3,仄,ci.清.0023.pinyin.json 第2阕第52字 语料拼音 zhǎng,待裁定
ci.清.0023.pinyin.json#298,0,50,绝,4,仄,2,平,ci.清.0023.pinyin.json 第1阕第51字 语料拼音 jué,待裁定
ci.清.0023.pinyin.json#298,1,8,别,4,仄,2,平,ci.清.0023.pinyin.json 第2阕第9字 语料拼音 bié,待裁定
ci.清.0023.pinyin.json#300,0,25,别,4,仄,2,平,ci.清.0023.pinyin.json 第1阕第26字 语料拼音 bié,待裁定
ci.清.0023.pinyin.json#300,1,4,甚,4,仄,2,平,ci.清.0023.pinyin.json 第2阕第5字 语料拼音 shén,待裁定
ci.清.0023.pinyin.json#302,1,32,长,2,平,3,仄,ci.清.0023.pinyin.json 第2阕第33字 语料拼音 zhǎng,待裁定
ci.清.0023.pinyin.json#305,0,19,长,2,平,3,仄,ci.清.0023.pinyin.json 第1阕第20字 语料拼音 zhǎng,待裁定
ci.清.0023.pinyin.json#306,1,0,长,2,平,3,仄,ci.清.0023.pinyin.json 第2阕第1字 语料拼音 zhǎng,待裁定
ci.清.0023.pinyin.json#310,0,21,别,4,仄,2,平,ci.清.0023.pinyin.json 第1阕第22字 语料拼音 bié,待裁定
ci.清.0023.pinyin.json#312,1,2,别,4,仄,2,平,ci.清.0023.pinyin.json 第2阕第3字 语料拼音 bié,待裁定
ci.清.0023.pinyin.json#312,1,3,长,2,平,3,仄,ci.清.0023.pinyin.json 第2阕第4字 语料拼音 zhǎng,待裁定
ci.清.0023.pinyin.json#314,0,34,别,4,仄,2,平,ci.清.0023.pinyin.json 第1阕第35字 语料拼音 bié,待裁定
ci.清.0023.pinyin.json#317,0,50,别,4,仄,2,平,ci.清.0023.pinyin.json 第1阕第51字 语料拼音 bié,待裁定
ci.清.0023.pinyin.json#321,0,17,长,2,平,3,仄,ci.清.0023.pinyin.json 第1阕第18字 语料拼音 zhǎng,待裁定
ci.清.0023.pinyin.json#322,1,54,长,2,平,3,仄,ci.清.0023.pinyin.json 第2阕第55字 语料拼音 zhǎng,待裁定
ci.清.0023.pinyin.json#333,1,37,长,2,平,3,仄,ci.清.0023.pinyin.json 第2阕第38字 语料拼音 zhǎng,待裁定
ci.清.0023.pinyin.json#334,0,27,长,2,平,3,仄,ci.清.0023.pinyin.json 第1阕第28字 语料拼音 zhǎng,待裁定
ci.清.0023.pinyin.json#336,1,41,长,2,平,3,仄,ci.清.0023.pinyin.json 第2阕第42字 语料拼音 zhǎng,待裁定
ci.清.0023.pinyin.json#339,0,24,别,4,仄,2,平,ci.清.0023.pinyin.json 第1阕第25字 语料拼音 bié,待裁定
ci.清.0023.pinyin.json#339,0,25,长,2,平,3,仄,ci.清.0023.pinyin.json 第1阕第26字 语料拼音 zhǎng,待裁定
ci.清.0023.pinyin.json#339,1,25,长,2,平,3,仄,ci.清.0023.pinyin.json 第2阕第26字 语料拼音 zhǎng,待裁定
ci.清.0023.pinyin.json#341,0,8,长,2,平,3,仄,ci.清.0023.pinyin.json 第1阕第9字 语料拼音 zhǎng,待裁定
ci.清.0023.pinyin.json#342,1,0,长,2,平,3,仄,ci.清.0023.pinyin.json 第2阕第1字 语料拼音 zhǎng,待裁定
ci.清.0023.pinyin.json#343,1,19,别,4,仄,2,平,ci.清.0023.pinyin.json 第2阕第20字 语料拼音 bié,待裁定
ci.清.0023.pinyin.json#344,0,0,甚,4,仄,2,平,ci.清.0023.pinyin.json 第1阕第1字 语料拼音 shén,待裁定
ci.清.0023.pinyin.json#344,1,0,绝,4,仄,2,平,ci.清.0023.pinyin.json 第2阕第1字 语料拼音 jué,待裁定
ci.清.0023.pinyin.json#345,1,25,甚,4,仄,2,平,ci.清.0023.pinyin.json 第2阕第26字 语料拼音 shén,待裁定
ci.清.0023.pinyin.json#352,0,16,长,2,平,3,仄,ci.清.0023.pinyin.json 第1阕第17字 语料拼音 zhǎng,待裁定
ci.清.0023.pinyin.json#355,0,8,长,2,平,3,仄,ci.清.0023.pinyin.json 第1阕第9字 语料拼音 zhǎng,待裁定
ci.清.0023.pinyin.json#355,1,5,别,4,仄,2,平,ci.清.0023.pinyin.json 第2阕第6字 语料拼音 bié,待裁定
ci.清.0023.pinyin.json#357,0,18,长,2,平,3,仄,ci.清.0023.pinyin.json 第1阕第19字 语料拼音 zhǎng,待裁定
ci.清.0023.pinyin.json#360,1,8,绝,4,仄,2,平,ci.清.0023.pinyin.json 第2阕第9字 语料拼音 jué,待裁定
ci.清.0023.pinyin.json#365,0,25,长,2,平,3,仄,ci.清.0023.pinyin.json 第1阕第26字 语料拼音 zhǎng,待裁定
ci.清.0023.pinyin.json#366,1,29,长,2,平,3,仄,ci.清.0023.pinyin.json 第2阕第30字 语料拼音 zhǎng,待裁定
ci.清.0023.pinyin.json#367,1,0,长,2,平,3,仄,ci.清.0023.pinyin.json 第2阕第1字 语料拼音 zhǎng,待裁定
ci.清.0023.pinyin.json#368,1,13,别,4,仄,2,平,ci.清.0023.pinyin.json 第2阕第14字 语料拼音 bié,待裁定
ci.清.0023.pinyin.json#368,1,18,长,2,平,3,仄,ci.清.0023.pinyin.json 第2阕第19字 语料拼音 zhǎng,待裁定
ci.清.0023.pinyin.json#369,0,0,别,4,仄,2,平,ci.清.0023.pinyin.json 第1阕第1字 语料拼音 bié,待裁定
ci.清.0023.pinyin.json#371,0,11,别,4,仄,2,平,ci.清.0023.pinyin.json 第1阕第12字 语料拼音 bié,待裁定
ci.清.0023.pinyin.json#373,0,32,别,4,仄,2,平,ci.清.0023.pinyin.json 第1阕第33字 语料拼音 bié,待裁定
ci.清.0023.pinyin.json#373,1,21,甚,4,仄,2,平,ci.清.0023.pinyin.json 第2阕第22字 语料拼音 shén,待裁定
ci.清.0023.pinyin.json#380,1,0,长,2,平,3,仄,ci.清.0023.pinyin.json 第2阕第1字 语料拼音 zhǎng,待裁定
ci.清.0023.pinyin.json#383,0,23,绝,4,仄,2,平,ci.清.0023.pinyin.json 第1阕第24字 语料拼音 jué,待裁定
ci.清.0023.pinyin.json#388,1,12,长,2,平,3,仄,ci.清.0023.pinyin.json 第2阕第13字 语料拼音 zhǎng,待裁定
ci.清.0023.pinyin.json#389,0,25,别,4,仄,2,平,ci.清.0023.pinyin.json 第1阕第26字 语料拼音 bié,待裁定
ci.清.0023.pinyin.json#390,1,19,长,2,平,3,仄,ci.清.0023.pinyin.json 第2阕第20字 语料拼音 zhǎng,待裁定
ci.清.0023.pinyin.json#394,1,20,长,2,平,3,仄,ci.清.0023.pinyin.json 第2阕第21字 语料拼音 zhǎng,待裁定
ci.清.0023.pinyin.json#401,1,37,甚,4,仄,2,平,ci.清.0023.pinyin.json 第2阕第38字 语料拼音 shén,待裁定
ci.清.0023.pinyin.json#403,1,18,别,4,仄,2,平,ci.清.0023.pinyin.json 第2阕第19字 语料拼音 bié,待裁定
ci.清.0023.pinyin.json#404,0,21,别,4,仄,2,平,ci.清.0023.pinyin.json 第1阕第22字 语料拼音 bié,待裁定
ci.清.0023.pinyin.json#406,3,17,长,2,平,3,仄,ci.清.0023.pinyin.json 第4阕第18字 语料拼音 zhǎng,待裁定
ci.清.0023.pinyin.json#410,1,50,长,2,平,3,仄,ci.清.0023.pinyin.json 第2阕第51字 语料拼音 zhǎng,待裁定
ci.清.0023.pinyin.json#412,1,23,长,2,平,3,仄,ci.清.0023.pinyin.json 第2阕第24字 语料拼音 zhǎng,待裁定
ci.清.0023.pinyin.json#412,1,27,长,2,平,3,仄,ci.清.0023.pinyin.json 第2阕第28字 语料拼音 zhǎng,待裁定
ci.清.0023.pinyin.json#415,0,29,长,2,平,3,仄,ci.清.0023.pinyin.json 第1阕第30字 语料拼音 zhǎng,待裁定
ci.清.0023.pinyin.json#415,1,10,甚,4,仄,2,平,ci.清.0023.pinyin.json 第2阕第11字 语料拼音 shén,待裁定
ci.清.0023.pinyin.json#418,0,4,绝,4,仄,2,平,ci.清.0023.pinyin.json 第1阕第5字 语料拼音 jué,待裁定
ci.清.0023.pinyin.json#418,0,46,长,2,平,3,仄,ci.清.0023.pinyin.json 第1阕第47字 语料拼音 zhǎng,待裁定
ci.清.0023.pinyin.json#421,0,10,长,2,平,3,仄,ci.清.0023.pinyin.json 第1阕第11字 语料拼音 zhǎng,待裁定
ci.清.0023.pinyin.json#424,0,5,长,2,平,3,仄,ci.清.0023.pinyin.json 第1阕第6字 语料拼音 zhǎng,待裁定
ci.清.0023.pinyin.json#430,0,25,别,4,仄,2,平,ci.清.0023.pinyin.json 第1阕第26字 语料拼音 bié,待裁定
ci.清.0023.pinyin.json#431,1,42,长,2,平,3,仄,ci.清.0023.pinyin.json 第2阕第43字 语料拼音 zhǎng,待裁定
ci.清.0023.pinyin.json#432,1,16,长,2,平,3,仄,ci.清.0023.pinyin.json 第2阕第17字 语料拼音 zhǎng,待裁定
ci.清.0023.pinyin.json#432,1,33,长,2,平,3,仄,ci.清.0023.pinyin.json 第2阕第34字 语料拼音 zhǎng,待裁定
ci.清.0023.pinyin.json#435,0,38,甚,4,仄,2,平,ci.清.0023.pinyin.json 第1阕第39字 语料拼音 shén,待裁定
ci.清.0023.pinyin.json#435,1,0,长,2,平,3,仄,ci.清.0023.pinyin.json 第2阕第1字 语料拼音 zhǎng,待裁定
ci.清.0023.pinyin.json#437,1,24,长,2,平,3,仄,ci.清.0023.pinyin.json 第2阕第25字 语料拼音 zhǎng,待裁定
ci.清.0023.pinyin.json#438,0,31,长,2,平,3,仄,ci.清.0023.pinyin.json 第1阕第32字 语料拼音 zhǎng,待裁定
ci.清.0023.pinyin.json#441,1,21,绝,4,仄,2,平,ci.清.0023.pinyin.json 第2阕第22字 语料拼音 jué,待裁定
ci.清.0023.pinyin.json#443,0,41,长,2,平,3,仄,ci.清.0023.pinyin.json 第1阕第42字 语料拼音 zhǎng,待裁定
ci.清.0023.pinyin.json#445,1,42,绝,4,仄,2,平,ci.清.0023.pinyin.json 第2阕第43字 语料拼音 jué,待裁定
ci.清.0023.pinyin.json#451,0,0,绝,4,仄,2,平,ci.清.0023.pinyin.json 第1阕第1字 语料拼音 jué,待裁定
ci.清.0023.pinyin.json#452,0,19,绝,4,仄,2,平,ci.清.0023.pinyin.json 第1阕第20字 语料拼音 jué,待裁定
ci.清.0023.pinyin.json#455,0,7,长,2,平,3,仄,ci.清.0023.pinyin.json 第1阕第8字 语料拼音 zhǎng,待裁定
ci.清.0023.pinyin.json#457,1,4,甚,4,仄,2,平,ci.清.0023.pinyin.json 第2阕第5字 语料拼音 shén,待裁定
ci.清.0023.pinyin.json#465,1,15,长,2,平,3,仄,ci.清.0023.pinyin.json 第2阕第16字 语料拼音 zhǎng,待裁定
ci.清.0023.pinyin.json#470,1,4,长,2,平,3,仄,ci.清.0023.pinyin.json 第2阕第5字 语料拼音 zhǎng,待裁定
ci.清.0023.pinyin.json#473,1,11,别,4,仄,2,平,ci.清.0023.pinyin.json 第2阕第12字 语料拼音 bié,待裁定
ci.清.0023.pinyin.json#474,1,49,绝,4,仄,2,平,ci.清.0023.pinyin.json 第2阕第50字 语料拼音 jué,待裁定
ci.清.0023.pinyin.json#475,0,46,甚,4,仄,2,平,ci.清.0023.pinyin.json 第1阕第47字 语料拼音 shén,待裁定
ci.清.0023.pinyin.json#475,1,11,绝,4,仄,2,平,ci.清.0023.pinyin.json 第2阕第12字 语料拼音 jué,待裁定
ci.清.0023.pinyin.json#476,0,52,长,2,平,3,仄,ci.清.0023.pinyin.json 第1阕第53字 语料拼音 zhǎng,待裁定
ci.清.0023.pinyin.json#476,0,55,长,2,平,3,仄,ci.清.0023.pinyin.json 第1阕第56字 语料拼音 zhǎng,待裁定
ci.清.0023.pinyin.json#478,0,20,别,4,仄,2,平,ci.清.0023.pinyin.json 第1阕第21字 语料拼音 bié,待裁定
ci.清.0023.pinyin.json#479,0,55,长,2,平,3,仄,ci.清.0023.pinyin.json 第1阕第56字 语料拼音 zhǎng,待裁定
ci.清.0023.pinyin.json#479,1,38,甚,4,仄,2,平,ci.清.0023.pinyin.json 第2阕第39字 语料拼音 shén,待裁定
ci.清.0023.pinyin.json#482,0,44,长,2,平,3,仄,ci.清.0023.pinyin.json 第1阕第45字 语料拼音 zhǎng,待裁定
ci.清.0023.pinyin.json#486,0,22,长,2,平,3,仄,ci.清.0023.pinyin.json 第1阕第23字 语料拼音 zhǎng,待裁定
ci.清.0023.pinyin.json#487,0,11,长,2,平,3,仄,ci.清.0023.pinyin.json 第1阕第12字 语料拼音 zhǎng,待裁定
ci.清.0023.pinyin.json#489,0,37,别,4,仄,2,平,ci.清.0023.pinyin.json 第1阕第38字 语料拼音 bié,待裁定
ci.清.0023.pinyin.json#490,0,3,长,2,平,3,仄,ci.清.0023.pinyin.json 第1阕第4字 语料拼音 zhǎng,待裁定
ci.清.0023.pinyin.json#490,0,21,别,4,仄,2,平,ci.清.0023.pinyin.json 第1阕第22字 语料拼音 bié,待裁定
ci.清.0023.pinyin.json#491,1,34,长,2,平,3,仄,ci.清.0023.pinyin.json 第2阕第35字 语料拼音 zhǎng,待裁定
ci.清.0023.pinyin.json#492,1,6,长,2,平,3,仄,ci.清.0023.pinyin.json 第2阕第7字 语料拼音 zhǎng,待裁定
ci.清.0023.pinyin.json#496,0,39,长,2,平,3,仄,ci.清.0023.pinyin.json 第1阕第40字 语料拼音 zhǎng,待裁定
ci.清.0023.pinyin.json#499,0,22,长,2,平,3,仄,ci.清.0023.pinyin.json 第1阕第23字 语料拼音 zhǎng,待裁定
ci.清.0023.pinyin.json#501,0,43,长,2,平,3,仄,ci.清.0023.pinyin.json 第1阕第44字 语料拼音 zhǎng,待裁定
ci.清.0023.pinyin.json#502,0,19,别,4,仄,2,平,ci.清.0023.pinyin.json 第1阕第20字 语料拼音 bié,待裁定
ci.清.0023.pinyin.json#505,0,11,别,4,仄,2,平,ci.清.0023.pinyin.json 第1阕第12字 语料拼音 bié,待裁定
ci.清.0023.pinyin.json#505,1,1,别,4,仄,2,平,ci.清.0023.pinyin.json 第2阕第2字 语料拼音 bié,待裁定
ci.清.0023.pinyin.json#514,1,22,长,2,平,3,仄,ci.清.0023.pinyin.json 第2阕第23字 语料拼音 zhǎng,待裁定
ci.清.0023.pinyin.json#516,1,20,长,2,平,3,仄,ci.清.0023.pinyin.json 第2阕第21字 语料拼音 zhǎng,待裁定
ci.清.0023.pinyin.json#517,0,37,别,4,仄,2,平,ci.清.0023.pinyin.json 第1阕第38字 语料拼音 bié,待裁定
ci.清.0023.pinyin.json#518,1,25,绝,4,仄,2,平,ci.清.0023.pinyin.json 第2阕第26字 语料拼音 jué,待裁定
ci.清.0023.pinyin.json#520,0,10,长,2,平,3,仄,ci.清.0023.pinyin.json 第1阕第11字 语料拼音 zhǎng,待裁定
ci.清.0023.pinyin.json#523,1,38,绝,4,仄,2,平,ci.清.0023.pinyin.json 第2阕第39字 语料拼音 jué,待裁定
ci.清.0023.pinyin.json#524,0,42,甚,4,仄,2,平,ci.清.0023.pinyin.json 第1阕第43字 语料拼音 shén,待裁定
ci.清.0023.pinyin.json#525,0,18,长,2,平,3,仄,ci.清.0023.pinyin.json 第1阕第19字 语料拼音 zhǎng,待裁定
ci.清.0023.pinyin.json#526,0,51,长,2,平,3,仄,ci.清.0023.pinyin.json 第1阕第52字 语料拼音 zhǎng,待裁定
ci.清.0023.pinyin.json#530,1,39,绝,4,仄,2,平,ci.清.0023.pinyin.json 第2阕第40字 语料拼音 jué,待裁定
ci.清.0023.pinyin.json#534,1,15,绝,4,仄,2,平,ci.清.0023.pinyin.json 第2阕第16字 语料拼音 jué,待裁定
ci.清.0023.pinyin.json#535,1,15,绝,4,仄,2,平,ci.清.0023.pinyin.json 第2阕第16字 语料拼音 jué,待裁定
ci.清.0023.pinyin.json#536,1,15,绝,4,仄,2,平,ci.清.0023.pinyin.json 第2阕第16字 语料拼音 jué,待裁定
ci.清.0023.pinyin.json#537,1,15,绝,4,仄,2,平,ci.清.0023.pinyin.json 第2阕第16字 语料拼音 jué,待裁定
ci.清.0023.pinyin.json#538,1,15,绝,4,仄,2,平,ci.清.0023.pinyin.json 第2阕第16字 语料拼音 jué,待裁定
ci.清.0023.pinyin.json#539,1,15,绝,4,仄,2,平,ci.清.0023.pinyin.json 第2阕第16字 语料拼音 jué,待裁定
ci.清.0023.pinyin.json#539,1,16,别,4,仄,2,平,ci.清.0023.pinyin.json 第2阕第17字 语料拼音 bié,待裁定
ci.清.0023.pinyin.json#539,1,24,长,2,平,3,仄,ci.清.0023.pinyin.json 第2阕第25字 语料拼音 zhǎng,待裁定
ci.清.0023.pinyin.json#540,0,8,别,4,仄,2,平,ci.清.0023.pinyin.json 第1阕第9字 语料拼音 bié,待裁定
ci.清.0023.pinyin.json#540,1,15,绝,4,仄,2,平,ci.清.0023.pinyin.json 第2阕第16字 语料拼音 jué,待裁定
ci.清.0023.pinyin.json#542,1,18,绝,4,仄,2,平,ci.清.0023.pinyin.json 第2阕第19字 语料拼音 jué,待裁定
ci.清.0023.pinyin.json#544,1,18,别,4,仄,2,平,ci.清.0023.pinyin.json 第2阕第19字 语料拼音 bié,待裁定
ci.清.0023.pinyin.json#547,0,0,长,2,平,3,仄,ci.清.0023.pinyin.json 第1阕第1字 语料拼音 zhǎng,待裁定
ci.清.0023.pinyin.json#548,0,27,别,4,仄,2,平,ci.清.0023.pinyin.json 第1阕第28字 语料拼音 bié,待裁定
ci.清.0023.pinyin.json#551,0,8,别,4,仄,2,平,ci.清.0023.pinyin.json 第1阕第9字 语料拼音 bié,待裁定
ci.清.0023.pinyin.json#552,0,8,别,4,仄,2,平,ci.清.0023.pinyin.json 第1阕第9字 语料拼音 bié,待裁定
ci.清.0023.pinyin.json#558,1,42,长,2,平,3,仄,ci.清.0023.pinyin.json 第2阕第43字 语料拼音 zhǎng,待裁定
ci.清.0023.pinyin.json#568,0,10,长,2,平,3,仄,ci.清.0023.pinyin.json 第1阕第11字 语料拼音 zhǎng,待裁定
ci.清.0023.pinyin.json#568,0,14,长,2,平,3,仄,ci.清.0023.pinyin.json 第1阕第15字 语料拼音 zhǎng,待裁定
ci.清.0023.pinyin.json#569,0,30,别,4,仄,2,平,ci.清.0023.pinyin.json 第1阕第31字 语料拼音 bié,待裁定
ci.清.0023.pinyin.json#569,1,18,别,4,仄,2,平,ci.清.0023.pinyin.json 第2阕第19字 语料拼音 bié,待裁定
ci.清.0023.pinyin.json#569,1,25,长,2,平,3,仄,ci.清.0023.pinyin.json 第2阕第26字 语料拼音 zhǎng,待裁定
ci.清.0023.pinyin.json#569,1,28,长,2,平,3,仄,ci.清.0023.pinyin.json 第2阕第29字 语料拼音 zhǎng,待裁定
ci.清.0023.pinyin.json#569,1,31,长,2,平,3,仄,ci.清.0023.pinyin.json 第2阕第32字 语料拼音 zhǎng,待裁定
ci.清.0023.pinyin.json#572,0,4,长,2,平,3,仄,ci.清.0023.pinyin.json 第1阕第5字 语料拼音 zhǎng,待裁定
ci.清.0023.pinyin.json#579,0,5,长,2,平,3,仄,ci.清.0023.pinyin.json 第1阕第6字 语料拼音 zhǎng,待裁定
ci.清.0023.pinyin.json#583,0,44,长,2,平,3,仄,ci.清.0023.pinyin.json 第1阕第45字 语料拼音 zhǎng,待裁定
ci.清.0023.pinyin.json#588,1,8,别,4,仄,2,平,ci.清.0023.pinyin.json 第2阕第9字 语料拼音 bié,待裁定
ci.清.0023.pinyin.json#588,1,18,长,2,平,3,仄,ci.清.0023.pinyin.json 第2阕第19字 语料拼音 zhǎng,待裁定
ci.清.0023.pinyin.json#590,1,5,长,2,平,3,仄,ci.清.0023.pinyin.json 第2阕第6字 语料拼音 zhǎng,待裁定
ci.清.0023.pinyin.json#595,1,3,长,2,平,3,仄,ci.清.0023.pinyin.json 第2阕第4字 语料拼音 zhǎng,待裁定
ci.清.0023.pinyin.json#596,0,24,甚,4,仄,2,平,ci.清.0023.pinyin.json 第1阕第25字 语料拼音 shén,待裁定
ci.清.0023.pinyin.json#596,1,3,长,2,平,3,仄,ci.清.0023.pinyin.json 第2阕第4字 语料拼音 zhǎng,待裁定
ci.清.0023.pinyin.json#599,1,0,别,4,仄,2,平,ci.清.0023.pinyin.json 第2阕第1字 语料拼音 bié,待裁定
ci.清.0023.pinyin.json#599,1,38,长,2,平,3,仄,ci.清.0023.pinyin.json 第2阕第39字 语料拼音 zhǎng,待裁定
ci.清.0023.pinyin.json#602,1,14,长,2,平,3,仄,ci.清.0023.pinyin.json 第2阕第15字 语料拼音 zhǎng,待裁定
ci.清.0023.pinyin.json#603,0,4,长,2,平,3,仄,ci.清.0023.pinyin.json 第1阕第5字 语料拼音 zhǎng,待裁定
ci.清.0023.pinyin.json#607,1,15,长,2,平,3,仄,ci.清.0023.pinyin.json 第2阕第16字 语料拼音 zhǎng,待裁定
ci.清.0023.pinyin.json#610,1,25,长,2,平,3,仄,ci.清.0023.pinyin.json 第2阕第26字 语料拼音 zhǎng,待裁定
ci.清.0023.pinyin.json#611,1,11,别,4,仄,2,平,ci.清.0023.pinyin.json 第2阕第12字 语料拼音 bié,待裁定
ci.清.0023.pinyin.json#611,1,45,绝,4,仄,2,平,ci.清.0023.pinyin.json 第2阕第46字 语料拼音 jué,待裁定
ci.清.0023.pinyin.json#621,0,20,长,2,平,3,仄,ci.清.0023.pinyin.json 第1阕第21字 语料拼音 zhǎng,待裁定
ci.清.0023.pinyin.json#621,1,2,别,4,仄,2,平,ci.清.0023.pinyin.json 第2阕第3字 语料拼音 bié,待裁定
ci.清.0023.pinyin.json#621,1,26,别,4,仄,2,平,ci.清.0023.pinyin.json 第2阕第27字 语料拼音 bié,待裁定
ci.清.0023.pinyin.json#622,0,44,绝,4,仄,2,平,ci.清.0023.pinyin.json 第1阕第45字 语料拼音 jué,待裁定
ci.清.0023.pinyin.json#622,1,36,长,2,平,3,仄,ci.清.0023.pinyin.json 第2阕第37字 语料拼音 zhǎng,待裁定
ci.清.0023.pinyin.json#625,1,0,绝,4,仄,2,平,ci.清.0023.pinyin.json 第2阕第1字 语料拼音 jué,待裁定
ci.清.0023.pinyin.json#628,1,44,别,4,仄,2,平,ci.清.0023.pinyin.json 第2阕第45字 语料拼音 bié,待裁定
ci.清.0023.pinyin.json#631,0,33,别,4,仄,2,平,ci.清.0023.pinyin.json 第1阕第34字 语料拼音 bié,待裁定
ci.清.0023.pinyin.json#632,1,28,别,4,仄,2,平,ci.清.0023.pinyin.json 第2阕第29字 语料拼音 bié,待裁定
ci.清.0023.pinyin.json#636,1,31,甚,4,仄,2,平,ci.清.0023.pinyin.json 第2阕第32字 语料拼音 shén,待裁定
ci.清.0023.pinyin.json#640,0,8,别,4,仄,2,平,ci.清.0023.pinyin.json 第1阕第9字 语料拼音 bié,待裁定
ci.清.0023.pinyin.json#640,1,27,绝,4,仄,2,平,ci.清.0023.pinyin.json 第2阕第28字 语料拼音 jué,待裁定
ci.清.0023.pinyin.json#645,1,31,别,4,仄,2,平,ci.清.0023.pinyin.json 第2阕第32字 语料拼音 bié,待裁定
ci.清.0023.pinyin.json#647,0,45,绝,4,仄,2,平,ci.清.0023.pinyin.json 第1阕第46字 语料拼音 jué,待裁定
ci.清.0023.pinyin.json#647,1,36,长,2,平,3,仄,ci.清.0023.pinyin.json 第2阕第37字 语料拼音 zhǎng,待裁定
ci.清.0023.pinyin.json#650,0,14,长,2,平,3,仄,ci.清.0023.pinyin.json 第1阕第15字 语料拼音 zhǎng,待裁定
ci.清.0023.pinyin.json#651,1,0,长,2,平,3,仄,ci.清.0023.pinyin.json 第2阕第1字 语料拼音 zhǎng,待裁定
ci.清.0023.pinyin.json#653,0,29,别,4,仄,2,平,ci.清.0023.pinyin.json 第1阕第30字 语料拼音 bié,待裁定
ci.清.0023.pinyin.json#654,1,17,别,4,仄,2,平,ci.清.0023.pinyin.json 第2阕第18字 语料拼音 bié,待裁定
ci.清.0023.pinyin.json#657,1,6,长,2,平,3,仄,ci.清.0023.pinyin.json 第2阕第7字 语料拼音 zhǎng,待裁定
ci.清.0023.pinyin.json#661,3,20,别,4,仄,2,平,ci.清.0023.pinyin.json 第4阕第21字 语料拼音 bié,待裁定
ci.清.0023.pinyin.json#664,0,16,长,2,平,3,仄,ci.清.0023.pinyin.json 第1阕第17字 语料拼音 zhǎng,待裁定
ci.清.0023.pinyin.json#666,1,46,长,2,平,3,仄,ci.清.0023.pinyin.json 第2阕第47字 语料拼音 zhǎng,待裁定
ci.清.0023.pinyin.json#667,0,18,长,2,平,3,仄,ci.清.0023.pinyin.json 第1阕第19字 语料拼音 zhǎng,待裁定
ci.清.0023.pinyin.json#668,0,1,长,2,平,3,仄,ci.清.0023.pinyin.json 第1阕第2字 语料拼音 zhǎng,待裁定
ci.清.0023.pinyin.json#670,0,15,长,2,平,3,仄,ci.清.0023.pinyin.json 第1阕第16字 语料拼音 zhǎng,待裁定
ci.清.0023.pinyin.json#670,1,8,别,4,仄,2,平,ci.清.0023.pinyin.json 第2阕第9字 语料拼音 bié,待裁定
ci.清.0023.pinyin.json#670,1,12,长,2,平,3,仄,ci.清.0023.pinyin.json 第2阕第13字 语料拼音 zhǎng,待裁定
ci.清.0023.pinyin.json#671,0,2,别,4,仄,2,平,ci.清.0023.pinyin.json 第1阕第3字 语料拼音 bié,待裁定
ci.清.0023.pinyin.json#671,1,3,长,2,平,3,仄,ci.清.0023.pinyin.json 第2阕第4字 语料拼音 zhǎng,待裁定
ci.清.0023.pinyin.json#671,1,21,绝,4,仄,2,平,ci.清.0023.pinyin.json 第2阕第22字 语料拼音 jué,待裁定
ci.清.0023.pinyin.json#671,1,50,长,2,平,3,仄,ci.清.0023.pinyin.json 第2阕第51字 语料拼音 zhǎng,待裁定
ci.清.0023.pinyin.json#675,1,27,别,4,仄,2,平,ci.清.0023.pinyin.json 第2阕第28字 语料拼音 bié,待裁定
ci.清.0023.pinyin.json#678,0,8,长,2,平,3,仄,ci.清.0023.pinyin.json 第1阕第9字 语料拼音 zhǎng,待裁定
ci.清.0023.pinyin.json#679,0,0,别,4,仄,2,平,ci.清.0023.pinyin.json 第1阕第1字 语料拼音 bié,待裁定
ci.清.0023.pinyin.json#679,0,36,长,2,平,3,仄,ci.清.0023.pinyin.json 第1阕第37字 语料拼音 zhǎng,待裁定
ci.清.0023.pinyin.json#691,0,2,长,2,平,3,仄,ci.清.0023.pinyin.json 第1阕第3字 语料拼音 zhǎng,待裁定
ci.清.0023.pinyin.json#692,1,9,绝,4,仄,2,平,ci.清.0023.pinyin.json 第2阕第10字 语料拼音 jué,待裁定
ci.清.0023.pinyin.json#697,1,10,长,2,平,3,仄,ci.清.0023.pinyin.json 第2阕第11字 语料拼音 zhǎng,待裁定
ci.清.0023.pinyin.json#708,0,15,长,2,平,3,仄,ci.清.0023.pinyin.json 第1阕第16字 语料拼音 zhǎng,待裁定
ci.清.0023.pinyin.json#712,0,15,别,4,仄,2,平,ci.清.0023.pinyin.json 第1阕第16字 语料拼音 bié,待裁定
ci.清.0023.pinyin.json#713,0,21,别,4,仄,2,平,ci.清.0023.pinyin.json 第1阕第22字 语料拼音 bié,待裁定
ci.清.0023.pinyin.json#716,1,5,绝,4,仄,2,平,ci.清.0023.pinyin.json 第2阕第6字 语料拼音 jué,待裁定
ci.清.0023.pinyin.json#722,0,1,甚,4,仄,2,平,ci.清.0023.pinyin.json 第1阕第2字 语料拼音 shén,待裁定
ci.清.0023.pinyin.json#723,1,12,长,2,平,3,仄,ci.清.0023.pinyin.json 第2阕第13字 语料拼音 zhǎng,待裁定
ci.清.0023.pinyin.json#725,1,6,甚,4,仄,2,平,ci.清.0023.pinyin.json 第2阕第7字 语料拼音 shén,待裁定
ci.清.0023.pinyin.json#727,0,18,甚,4,仄,2,平,ci.清.0023.pinyin.json 第1阕第19字 语料拼音 shén,待裁定
ci.清.0023.pinyin.json#727,1,13,别,4,仄,2,平,ci.清.0023.pinyin.json 第2阕第14字 语料拼音 bié,待裁定
ci.清.0023.pinyin.json#729,0,2,长,2,平,3,仄,ci.清.0023.pinyin.json 第1阕第3字 语料拼音 zhǎng,待裁定
ci.清.0023.pinyin.json#729,1,18,别,4,仄,2,平,ci.清.0023.pinyin.json 第2阕第19字 语料拼音 bié,待裁定
ci.清.0023.pinyin.json#733,0,2,长,2,平,3,仄,ci.清.0023.pinyin.json 第1阕第3字 语料拼音 zhǎng,待裁定
ci.清.0023.pinyin.json#734,1,22,长,2,平,3,仄,ci.清.0023.pinyin.json 第2阕第23字 语料拼音 zhǎng,待裁定
ci.清.0023.pinyin.json#735,1,4,绝,4,仄,2,平,ci.清.0023.pinyin.json 第2阕第5字 语料拼音 jué,待裁定
ci.清.0023.pinyin.json#736,1,5,别,4,仄,2,平,ci.清.0023.pinyin.json 第2阕第6字 语料拼音 bié,待裁定
ci.清.0023.pinyin.json#736,1,14,长,2,平,3,仄,ci.清.0023.pinyin.json 第2阕第15字 语料拼音 zhǎng,待裁定
ci.清.0023.pinyin.json#738,1,14,绝,4,仄,2,平,ci.清.0023.pinyin.json 第2阕第15字 语料拼音 jué,待裁定
ci.清.0023.pinyin.json#738,1,44,甚,4,仄,2,平,ci.清.0023.pinyin.json 第2阕第45字 语料拼音 shén,待裁定
ci.清.0023.pinyin.json#741,1,2,别,4,仄,2,平,ci.清.0023.pinyin.json 第2阕第3字 语料拼音 bié,待裁定
ci.清.0023.pinyin.json#742,1,9,长,2,平,3,仄,ci.清.0023.pinyin.json 第2阕第10字 语料拼音 zhǎng,待裁定
ci.清.0023.pinyin.json#747,1,5,别,4,仄,2,平,ci.清.0023.pinyin.json 第2阕第6字 语料拼音 bié,待裁定
ci.清.0023.pinyin.json#748,0,28,长,2,平,3,仄,ci.清.0023.pinyin.json 第1阕第29字 语料拼音 zhǎng,待裁定
ci.清.0023.pinyin.json#750,1,38,长,2,平,3,仄,ci.清.0023.pinyin.json 第2阕第39字 语料拼音 zhǎng,待裁定
ci.清.0023.pinyin.json#751,0,16,别,4,仄,2,平,ci.清.0023.pinyin.json 第1阕第17字 语料拼音 bié,待裁定
ci.清.0023.pinyin.json#757,1,25,绝,4,仄,2,平,ci.清.0023.pinyin.json 第2阕第26字 语料拼音 jué,待裁定
ci.清.0023.pinyin.json#758,0,6,长,2,平,3,仄,ci.清.0023.pinyin.json 第1阕第7字 语料拼音 zhǎng,待裁定
ci.清.0023.pinyin.json#760,1,48,长,2,平,3,仄,ci.清.0023.pinyin.json 第2阕第49字 语料拼音 zhǎng,待裁定
ci.清.0023.pinyin.json#760,1,55,别,4,仄,2,平,ci.清.0023.pinyin.json 第2阕第56字 语料拼音 bié,待裁定
ci.清.0023.pinyin.json#762,1,22,别,4,仄,2,平,ci.清.0023.pinyin.json 第2阕第23字 语料拼音 bié,待裁定
ci.清.0023.pinyin.json#765,0,43,别,4,仄,2,平,ci.清.0023.pinyin.json 第1阕第44字 语料拼音 bié,待裁定
ci.清.0023.pinyin.json#765,1,2,绝,4,仄,2,平,ci.清.0023.pinyin.json 第2阕第3字 语料拼音 jué,待裁定
ci.清.0023.pinyin.json#766,1,4,甚,4,仄,2,平,ci.清.0023.pinyin.json 第2阕第5字 语料拼音 shén,待裁定
ci.清.0023.pinyin.json#768,1,39,别,4,仄,2,平,ci.清.0023.pinyin.json 第2阕第40字 语料拼音 bié,待裁定
ci.清.0023.pinyin.json#773,0,15,绝,4,仄,2,平,ci.清.0023.pinyin.json 第1阕第16字 语料拼音 jué,待裁定
ci.清.0023.pinyin.json#773,1,2,长,2,平,3,仄,ci.清.0023.pinyin.json 第2阕第3字 语料拼音 zhǎng,待裁定
ci.清.0023.pinyin.json#775,0,28,别,4,仄,2,平,ci.清.0023.pinyin.json 第1阕第29字 语料拼音 bié,待裁定
ci.清.0023.pinyin.json#776,0,23,绝,4,仄,2,平,ci.清.0023.pinyin.json 第1阕第24字 语料拼音 jué,待裁定
ci.清.0023.pinyin.json#777,1,12,长,2,平,3,仄,ci.清.0023.pinyin.json 第2阕第13字 语料拼音 zhǎng,待裁定
ci.清.0023.pinyin.json#780,0,49,绝,4,仄,2,平,ci.清.0023.pinyin.json 第1阕第50字 语料拼音 jué,待裁定
ci.清.0023.pinyin.json#780,1,49,别,4,仄,2,平,ci.清.0023.pinyin.json 第2阕第50字 语料拼音 bié,待裁定
ci.清.0023.pinyin.json#781,1,67,长,2,平,3,仄,ci.清.0023.pinyin.json 第2阕第68字 语料拼音 zhǎng,待裁定
ci.清.0023.pinyin.json#782,1,15,长,2,平,3,仄,ci.清.0023.pinyin.json 第2阕第16字 语料拼音 zhǎng,待裁定
ci.清.0023.pinyin.json#785,0,2,别,4,仄,2,平,ci.清.0023.pinyin.json 第1阕第3字 语料拼音 bié,待裁定
ci.清.0023.pinyin.json#788,1,17,别,4,仄,2,平,ci.清.0023.pinyin.json 第2阕第18字 语料拼音 bié,待裁定
ci.清.0023.pinyin.json#789,1,3,长,2,平,3,仄,ci.清.0023.pinyin.json 第2阕第4字 语料拼音 zhǎng,待裁定
ci.清.0023.pinyin.json#792,5,6,绝,4,仄,2,平,ci.清.0023.pinyin.json 第6阕第7字 语料拼音 jué,待裁定
ci.清.0023.pinyin.json#794,0,7,绝,4,仄,2,平,ci.清.0023.pinyin.json 第1阕第8字 语料拼音 jué,待裁定
ci.清.0023.pinyin.json#794,0,12,绝,4,仄,2,平,ci.清.0023.pinyin.json 第1阕第13字 语料拼音 jué,待裁定
ci.清.0023.pinyin.json#794,1,14,别,4,仄,2,平,ci.清.0023.pinyin.json 第2阕第15字 语料拼音 bié,待裁定
ci.清.0023.pinyin.json#795,0,4,别,4,仄,2,平,ci.清.0023.pinyin.json 第1阕第5字 语料拼音 bié,待裁定
ci.清.0023.pinyin.json#799,0,29,长,2,平,3,仄,ci.清.0023.pinyin.json 第1阕第30字 语料拼音 zhǎng,待裁定
ci.清.0023.pinyin.json#804,0,34,别,4,仄,2,平,ci.清.0023.pinyin.json 第1阕第35字 语料拼音 bié,待裁定
ci.清.0023.pinyin.json#804,0,35,长,2,平,3,仄,ci.清.0023.pinyin.json 第1阕第36字 语料拼音 zhǎng,待裁定
ci.清.0023.pinyin.json#804,1,44,别,4,仄,2,平,ci.清.0023.pinyin.json 第2阕第45字 语料拼音 bié,待裁定
ci.清.0023.pinyin.json#807,0,11,别,4,仄,2,平,ci.清.0023.pinyin.json 第1阕第12字 语料拼音 bié,待裁定
ci.清.0023.pinyin.json#807,0,42,甚,4,仄,2,平,ci.清.0023.pinyin.json 第1阕第43字 语料拼音 shén,待裁定
ci.清.0023.pinyin.json#809,0,7,别,4,仄,2,平,ci.清.0023.pinyin.json 第1阕第8字 语料拼音 bié,待裁定
ci.清.0023.pinyin.json#809,1,42,长,2,平,3,仄,ci.清.0023.pinyin.json 第2阕第43字 语料拼音 zhǎng,待裁定
ci.清.0023.pinyin.json#813,0,39,别,4,仄,2,平,ci.清.0023.pinyin.json 第1阕第40字 语料拼音 bié,待裁定
ci.清.0023.pinyin.json#814,0,8,别,4,仄,2,平,ci.清.0023.pinyin.json 第1阕第9字 语料拼音 bié,待裁定
ci.清.0023.pinyin.json#815,1,3,别,4,仄,2,平,ci.清.0023.pinyin.json 第2阕第4字 语料拼音 bié,待裁定
ci.清.0023.pinyin.json#816,1,15,甚,4,仄,2,平,ci.清.0023.pinyin.json 第2阕第16字 语料拼音 shén,待裁定
ci.清.0023.pinyin.json#817,1,19,甚,4,仄,2,平,ci.清.0023.pinyin.json 第2阕第20字 语料拼音 shén,待裁定
ci.清.0023.pinyin.json#818,0,41,绝,4,仄,2,平,ci.清.0023.pinyin.json 第1阕第42字 语料拼音 jué,待裁定
ci.清.0023.pinyin.json#829,0,1,长,2,平,3,仄,ci.清.0023.pinyin.json 第1阕第2字 语料拼音 zhǎng,待裁定
ci.清.0023.pinyin.json#840,0,15,别,4,仄,2,平,ci.清.0023.pinyin.json 第1阕第16字 语料拼音 bié,待裁定
ci.清.0023.pinyin.json#840,1,14,长,2,平,3,仄,ci.清.0023.pinyin.json 第2阕第15字 语料拼音 zhǎng,待裁定
ci.清.0023.pinyin.json#842,0,26,别,4,仄,2,平,ci.清.0023.pinyin.json 第1阕第27字 语料拼音 bié,待裁定
ci.清.0023.pinyin.json#843,0,2,长,2,平,3,仄,ci.清.0023.pinyin.json 第1阕第3字 语料拼音 zhǎng,待裁定
ci.清.0023.pinyin.json#844,1,15,别,4,仄,2,平,ci.清.0023.pinyin.json 第2阕第16字 语料拼音 bié,待裁定
ci.清.0023.pinyin.json#845,0,9,别,4,仄,2,平,ci.清.0023.pinyin.json 第1阕第10字 语料拼音 bié,待裁定
ci.清.0023.pinyin.json#846,0,38,别,4,仄,2,平,ci.清.0023.pinyin.json 第1阕第39字 语料拼音 bié,待裁定
ci.清.0023.pinyin.json#850,1,1,甚,4,仄,2,平,ci.清.0023.pinyin.json 第2阕第2字 语料拼音 shén,待裁定
ci.清.0023.pinyin.json#851,1,48,别,4,仄,2,平,ci.清.0023.pinyin.json 第2阕第49字 语料拼音 bié,待裁定
ci.清.0023.pinyin.json#852,1,22,别,4,仄,2,平,ci.清.0023.pinyin.json 第2阕第23字 语料拼音 bié,待裁定
ci.清.0023.pinyin.json#852,1,29,长,2,平,3,仄,ci.清.0023.pinyin.json 第2阕第30字 语料拼音 zhǎng,待裁定
ci.清.0023.pinyin.json#854,1,36,长,2,平,3,仄,ci.清.0023.pinyin.json 第2阕第37字 语料拼音 zhǎng,待裁定
ci.清.0023.pinyin.json#855,0,47,别,4,仄,2,平,ci.清.0023.pinyin.json 第1阕第48字 语料拼音 bié,待裁定
ci.清.0023.pinyin.json#856,0,34,别,4,仄,2,平,ci.清.0023.pinyin.json 第1阕第35字 语料拼音 bié,待裁定
ci.清.0023.pinyin.json#856,1,9,别,4,仄,2,平,ci.清.0023.pinyin.json 第2阕第10字 语料拼音 bié,待裁定
ci.清.0023.pinyin.json#859,1,11,长,2,平,3,仄,ci.清.0023.pinyin.json 第2阕第12字 语料拼音 zhǎng,待裁定
ci.清.0023.pinyin.json#864,0,30,长,2,平,3,仄,ci.清.0023.pinyin.json 第1阕第31字 语料拼音 zhǎng,待裁定
ci.清.0023.pinyin.json#864,0,42,别,4,仄,2,平,ci.清.0023.pinyin.json 第1阕第43字 语料拼音 bié,待裁定
ci.清.0023.pinyin.json#869,0,30,长,2,平,3,仄,ci.清.0023.pinyin.json 第1阕第31字 语料拼音 zhǎng,待裁定
ci.清.0023.pinyin.json#876,1,0,长,2,平,3,仄,ci.清.0023.pinyin.json 第2阕第1字 语料拼音 zhǎng,待裁定
ci.清.0023.pinyin.json#878,0,28,别,4,仄,2,平,ci.清.0023.pinyin.json 第1阕第29字 语料拼音 bié,待裁定
ci.清.0023.pinyin.json#879,0,41,别,4,仄,2,平,ci.清.0023.pinyin.json 第1阕第42字 语料拼音 bié,待裁定
ci.清.0023.pinyin.json#879,1,43,甚,4,仄,2,平,ci.清.0023.pinyin.json 第2阕第44字 语料拼音 shén,待裁定
ci.清.0023.pinyin.json#881,1,9,别,4,仄,2,平,ci.清.0023.pinyin.json 第2阕第10字 语料拼音 bié,待裁定
ci.清.0023.pinyin.json#882,0,14,长,2,平,3,仄,ci.清.0023.pinyin.json 第1阕第15字 语料拼音 zhǎng,待裁定
ci.清.0023.pinyin.json#882,1,11,长,2,平,3,仄,ci.清.0023.pinyin.json 第2阕第12字 语料拼音 zhǎng,待裁定
ci.清.0023.pinyin.json#883,0,39,长,2,平,3,仄,ci.清.0023.pinyin.json 第1阕第40字 语料拼音 zhǎng,待裁定
ci.清.0023.pinyin.json#886,1,25,长,2,平,3,仄,ci.清.0023.pinyin.json 第2阕第26字 语料拼音 zhǎng,待裁定
ci.清.0023.pinyin.json#886,1,41,甚,4,仄,2,平,ci.清.0023.pinyin.json 第2阕第42字 语料拼音 shén,待裁定
ci.清.0023.pinyin.json#891,1,6,甚,4,仄,2,平,ci.清.0023.pinyin.json 第2阕第7字 语料拼音 shén,待裁定
ci.清.0023.pinyin.json#892,1,6,别,4,仄,2,平,ci.清.0023.pinyin.json 第2阕第7字 语料拼音 bié,待裁定
ci.清.0023.pinyin.json#901,1,20,别,4,仄,2,平,ci.清.0023.pinyin.json 第2阕第21字 语料拼音 bié,待裁定
ci.清.0023.pinyin.json#903,0,3,甚,4,仄,2,平,ci.清.0023.pinyin.json 第1阕第4字 语料拼音 shén,待裁定
ci.清.0023.pinyin.json#926,0,16,长,2,平,3,仄,ci.清.0023.pinyin.json 第1阕第17字 语料拼音 zhǎng,待裁定
ci.清.0023.pinyin.json#930,0,0,别,4,仄,2,平,ci.清.0023.pinyin.json 第1阕第1字 语料拼音 bié,待裁定
ci.清.0023.pinyin.json#932,0,20,长,2,平,3,仄,ci.清.0023.pinyin.json 第1阕第21字 语料拼音 zhǎng,待裁定
ci.清.0023.pinyin.json#933,1,18,长,2,平,3,仄,ci.清.0023.pinyin.json 第2阕第19字 语料拼音 zhǎng,待裁定
ci.清.0023.pinyin.json#935,2,14,绝,4,仄,2,平,ci.清.0023.pinyin.json 第3阕第15字 语料拼音 jué,待裁定
ci.清.0023.pinyin.json#935,2,15,长,2,平,3,仄,ci.清.0023.pinyin.json 第3阕第16字 语料拼音 zhǎng,待裁定
ci.清.0023.pinyin.json#944,0,16,别,4,仄,2,平,ci.清.0023.pinyin.json 第1阕第17字 语料拼音 bié,待裁定
ci.清.0023.pinyin.json#949,0,6,绝,4,仄,2,平,ci.清.0023.pinyin.json 第1阕第7字 语料拼音 jué,待裁定
ci.清.0023.pinyin.json#953,0,33,长,2,平,3,仄,ci.清.0023.pinyin.json 第1阕第34字 语料拼音 zhǎng,待裁定
ci.清.0023.pinyin.json#953,1,0,别,4,仄,2,平,ci.清.0023.pinyin.json 第2阕第1字 语料拼音 bié,待裁定
ci.清.0023.pinyin.json#958,0,9,长,2,平,3,仄,ci.清.0023.pinyin.json 第1阕第10字 语料拼音 zhǎng,待裁定
ci.清.0023.pinyin.json#960,1,6,甚,4,仄,2,平,ci.清.0023.pinyin.json 第2阕第7字 语料拼音 shén,待裁定
ci.清.0023.pinyin.json#971,1,12,长,2,平,3,仄,ci.清.0023.pinyin.json 第2阕第13字 语料拼音 zhǎng,待裁定
ci.清.0023.pinyin.json#971,1,14,别,4,仄,2,平,ci.清.0023.pinyin.json 第2阕第15字 语料拼音 bié,待裁定
ci.清.0023.pinyin.json#971,1,21,长,2,平,3,仄,ci.清.0023.pinyin.json 第2阕第22字 语料拼音 zhǎng,待裁定
ci.清.0023.pinyin.json#974,1,21,别,4,仄,2,平,ci.清.0023.pinyin.json 第2阕第22字 语料拼音 bié,待裁定
ci.清.0023.pinyin.json#976,1,28,别,4,仄,2,平,ci.清.0023.pinyin.json 第2阕第29字 语料拼音 bié,待裁定
ci.清.0023.pinyin.json#977,0,56,长,2,平,3,仄,ci.清.0023.pinyin.json 第1阕第57字 语料拼音 zhǎng,待裁定
ci.清.0023.pinyin.json#981,1,22,别,4,仄,2,平,ci.清.0023.pinyin.json 第2阕第23字 语料拼音 bié,待裁定
ci.清.0023.pinyin.json#983,0,3,长,2,平,3,仄,ci.清.0023.pinyin.json 第1阕第4字 语料拼音 zhǎng,待裁定
ci.清.0023.pinyin.json#983,0,43,别,4,仄,2,平,ci.清.0023.pinyin.json 第1阕第44字 语料拼音 bié,待裁定
ci.清.0023.pinyin.json#986,0,4,长,2,平,3,仄,ci.清.0023.pinyin.json 第1阕第5字 语料拼音 zhǎng,待裁定
ci.清.0023.pinyin.json#988,0,0,长,2,平,3,仄,ci.清.0023.pinyin.json 第1阕第1字 语料拼音 zhǎng,待裁定
ci.清.0023.pinyin.json#990,0,18,别,4,仄,2,平,ci.清.0023.pinyin.json 第1阕第19字 语料拼音 bié,待裁定
ci.清.0023.pinyin.json#993,0,13,别,4,仄,2,平,ci.清.0023.pinyin.json 第1阕第14字 语料拼音 bié,待裁定
ci.清.0023.pinyin.json#994,1,15,长,2,平,3,仄,ci.清.0023.pinyin.json 第2阕第16字 语料拼音 zhǎng,待裁定
ci.清.0023.pinyin.json#996,0,6,别,4,仄,2,平,ci.清.0023.pinyin.json 第1阕第7字 语料拼音 bié,待裁定
ci.清.0023.pinyin.json#997,0,8,别,4,仄,2,平,ci.清.0023.pinyin.json 第1阕第9字 语料拼音 bié,待裁定
ci.清.0023.pinyin.json#997,0,48,长,2,平,3,仄,ci.清.0023.pinyin.json 第1阕第49字 语料拼音 zhǎng,待裁定
ci.清.0023.pinyin.json#998,1,6,长,2,平,3,仄,ci.清.0023.pinyin.json 第2阕第7字 语料拼音 zhǎng,待裁定
ci.清.0023.pinyin.json#998,1,19,别,4,仄,2,平,ci.清.0023.pinyin.json 第2阕第20字 语料拼音 bié,待裁定
ci.清.0024.pinyin.json#1,1,19,绝,4,仄,2,平,ci.清.0024.pinyin.json 第2阕第20字 语料拼音 jué,待裁定
ci.清.0024.pinyin.json#2,0,6,绝,4,仄,2,平,ci.清.0024.pinyin.json 第1阕第7字 语料拼音 jué,待裁定
ci.清.0024.pinyin.json#3,0,30,别,4,仄,2,平,ci.清.0024.pinyin.json 第1阕第31字 语料拼音 bié,待裁定
ci.清.0024.pinyin.json#4,0,3,长,2,平,3,仄,ci.清.0024.pinyin.json 第1阕第4字 语料拼音 zhǎng,待裁定
ci.清.0024.pinyin.json#7,0,23,长,2,平,3,仄,ci.清.0024.pinyin.json 第1阕第24字 语料拼音 zhǎng,待裁定
ci.清.0024.pinyin.json#8,0,19,别,4,仄,2,平,ci.清.0024.pinyin.json 第1阕第20字 语料拼音 bié,待裁定
ci.清.0024.pinyin.json#9,1,19,长,2,平,3,仄,ci.清.0024.pinyin.json 第2阕第20字 语料拼音 zhǎng,待裁定
ci.清.0024.pinyin.json#12,0,0,别,4,仄,2,平,ci.清.0024.pinyin.json 第1阕第1字 语料拼音 bié,待裁定
ci.清.0024.pinyin.json#12,1,4,长,2,平,3,仄,ci.清.0024.pinyin.json 第2阕第5字 语料拼音 zhǎng,待裁定
ci.清.0024.pinyin.json#17,0,19,长,2,平,3,仄,ci.清.0024.pinyin.json 第1阕第20字 语料拼音 zhǎng,待裁定
ci.清.0024.pinyin.json#24,0,2,长,2,平,3,仄,ci.清.0024.pinyin.json 第1阕第3字 语料拼音 zhǎng,待裁定
ci.清.0024.pinyin.json#27,1,0,长,2,平,3,仄,ci.清.0024.pinyin.json 第2阕第1字 语料拼音 zhǎng,待裁定
ci.清.0024.pinyin.json#28,0,18,长,2,平,3,仄,ci.清.0024.pinyin.json 第1阕第19字 语料拼音 zhǎng,待裁定
ci.清.0024.pinyin.json#34,0,7,甚,4,仄,2,平,ci.清.0024.pinyin.json 第1阕第8字 语料拼音 shén,待裁定
ci.清.0024.pinyin.json#35,0,42,长,2,平,3,仄,ci.清.0024.pinyin.json 第1阕第43字 语料拼音 zhǎng,待裁定
ci.清.0024.pinyin.json#37,0,33,别,4,仄,2,平,ci.清.0024.pinyin.json 第1阕第34字 语料拼音 bié,待裁定
ci.清.0024.pinyin.json#43,1,32,别,4,仄,2,平,ci.清.0024.pinyin.json 第2阕第33字 语料拼音 bié,待裁定
ci.清.0024.pinyin.json#45,0,40,甚,4,仄,2,平,ci.清.0024.pinyin.json 第1阕第41字 语料拼音 shén,待裁定
ci.清.0024.pinyin.json#46,1,0,长,2,平,3,仄,ci.清.0024.pinyin.json 第2阕第1字 语料拼音 zhǎng,待裁定
ci.清.0024.pinyin.json#48,1,14,长,2,平,3,仄,ci.清.0024.pinyin.json 第2阕第15字 语料拼音 zhǎng,待裁定
ci.清.0024.pinyin.json#49,1,53,长,2,平,3,仄,ci.清.0024.pinyin.json 第2阕第54字 语料拼音 zhǎng,待裁定
ci.清.0024.pinyin.json#50,0,18,别,4,仄,2,平,ci.清.0024.pinyin.json 第1阕第19字 语料拼音 bié,待裁定
ci.清.0024.pinyin.json#52,2,27,别,4,仄,2,平,ci.清.0024.pinyin.json 第3阕第28字 语料拼音 bié,待裁定
ci.清.0024.pinyin.json#53,1,32,绝,4,仄,2,平,ci.清.0024.pinyin.json 第2阕第33字 语料拼音 jué,待裁定
ci.清.0024.pinyin.json#54,0,38,长,2,平,3,仄,ci.清.0024.pinyin.json 第1阕第39字 语料拼音 zhǎng,待裁定
ci.清.0024.pinyin.json#54,0,42,别,4,仄,2,平,ci.清.0024.pinyin.json 第1阕第43字 语料拼音 bié,待裁定
ci.清.0024.pinyin.json#56,1,23,别,4,仄,2,平,ci.清.0024.pinyin.json 第2阕第24字 语料拼音 bié,待裁定
ci.清.0024.pinyin.json#59,0,17,长,2,平,3,仄,ci.清.0024.pinyin.json 第1阕第18字 语料拼音 zhǎng,待裁定
ci.清.0024.pinyin.json#59,1,25,别,4,仄,2,平,ci.清.0024.pinyin.json 第2阕第26字 语料拼音 bié,待裁定
ci.清.0024.pinyin.json#70,1,14,别,4,仄,2,平,ci.清.0024.pinyin.json 第2阕第15字 语料拼音 bié,待裁定
ci.清.0024.pinyin.json#88,0,17,别,4,仄,2,平,ci.清.0024.pinyin.json 第1阕第18字 语料拼音 bié,待裁定
ci.清.0024.pinyin.json#91,0,19,别,4,仄,2,平,ci.清.0024.pinyin.json 第1阕第20字 语料拼音 bié,待裁定
ci.清.0024.pinyin.json#92,0,16,长,2,平,3,仄,ci.清.0024.pinyin.json 第1阕第17字 语料拼音 zhǎng,待裁定
ci.清.0024.pinyin.json#92,1,45,别,4,仄,2,平,ci.清.0024.pinyin.json 第2阕第46字 语料拼音 bié,待裁定
ci.清.0024.pinyin.json#97,1,6,绝,4,仄,2,平,ci.清.0024.pinyin.json 第2阕第7字 语料拼音 jué,待裁定
ci.清.0024.pinyin.json#101,1,6,别,4,仄,2,平,ci.清.0024.pinyin.json 第2阕第7字 语料拼音 bié,待裁定
ci.清.0024.pinyin.json#101,1,14,长,2,平,3,仄,ci.清.0024.pinyin.json 第2阕第15字 语料拼音 zhǎng,待裁定
ci.清.0024.pinyin.json#101,1,33,甚,4,仄,2,平,ci.清.0024.pinyin.json 第2阕第34字 语料拼音 shén,待裁定
ci.清.0024.pinyin.json#103,1,32,别,4,仄,2,平,ci.清.0024.pinyin.json 第2阕第33字 语料拼音 bié,待裁定
ci.清.0024.pinyin.json#104,0,35,绝,4,仄,2,平,ci.清.0024.pinyin.json 第1阕第36字 语料拼音 jué,待裁定
ci.清.0024.pinyin.json#104,1,8,别,4,仄,2,平,ci.清.0024.pinyin.json 第2阕第9字 语料拼音 bié,待裁定
ci.清.0024.pinyin.json#105,1,15,别,4,仄,2,平,ci.清.0024.pinyin.json 第2阕第16字 语料拼音 bié,待裁定
ci.清.0024.pinyin.json#109,0,22,长,2,平,3,仄,ci.清.0024.pinyin.json 第1阕第23字 语料拼音 zhǎng,待裁定
ci.清.0024.pinyin.json#109,0,48,别,4,仄,2,平,ci.清.0024.pinyin.json 第1阕第49字 语料拼音 bié,待裁定
ci.清.0024.pinyin.json#109,1,40,绝,4,仄,2,平,ci.清.0024.pinyin.json 第2阕第41字 语料拼音 jué,待裁定
ci.清.0024.pinyin.json#109,1,48,甚,4,仄,2,平,ci.清.0024.pinyin.json 第2阕第49字 语料拼音 shén,待裁定
ci.清.0024.pinyin.json#113,0,2,长,2,平,3,仄,ci.清.0024.pinyin.json 第1阕第3字 语料拼音 zhǎng,待裁定
ci.清.0024.pinyin.json#116,0,13,别,4,仄,2,平,ci.清.0024.pinyin.json 第1阕第14字 语料拼音 bié,待裁定
ci.清.0024.pinyin.json#120,1,27,别,4,仄,2,平,ci.清.0024.pinyin.json 第2阕第28字 语料拼音 bié,待裁定
ci.清.0024.pinyin.json#121,1,37,别,4,仄,2,平,ci.清.0024.pinyin.json 第2阕第38字 语料拼音 bié,待裁定
ci.清.0024.pinyin.json#121,1,40,长,2,平,3,仄,ci.清.0024.pinyin.json 第2阕第41字 语料拼音 zhǎng,待裁定
ci.清.0024.pinyin.json#122,0,2,长,2,平,3,仄,ci.清.0024.pinyin.json 第1阕第3字 语料拼音 zhǎng,待裁定
ci.清.0024.pinyin.json#122,1,1,绝,4,仄,2,平,ci.清.0024.pinyin.json 第2阕第2字 语料拼音 jué,待裁定
ci.清.0024.pinyin.json#123,1,0,甚,4,仄,2,平,ci.清.0024.pinyin.json 第2阕第1字 语料拼音 shén,待裁定
ci.清.0024.pinyin.json#124,0,24,长,2,平,3,仄,ci.清.0024.pinyin.json 第1阕第25字 语料拼音 zhǎng,待裁定
ci.清.0024.pinyin.json#125,1,27,绝,4,仄,2,平,ci.清.0024.pinyin.json 第2阕第28字 语料拼音 jué,待裁定
ci.清.0024.pinyin.json#125,1,34,甚,4,仄,2,平,ci.清.0024.pinyin.json 第2阕第35字 语料拼音 shén,待裁定
ci.清.0024.pinyin.json#134,0,61,别,4,仄,2,平,ci.清.0024.pinyin.json 第1阕第62字 语料拼音 bié,待裁定
ci.清.0024.pinyin.json#134,1,47,别,4,仄,2,平,ci.清.0024.pinyin.json 第2阕第48字 语料拼音 bié,待裁定
ci.清.0024.pinyin.json#135,1,17,别,4,仄,2,平,ci.清.0024.pinyin.json 第2阕第18字 语料拼音 bié,待裁定
ci.清.0024.pinyin.json#139,1,23,长,2,平,3,仄,ci.清.0024.pinyin.json 第2阕第24字 语料拼音 zhǎng,待裁定
ci.清.0024.pinyin.json#143,0,42,别,4,仄,2,平,ci.清.0024.pinyin.json 第1阕第43字 语料拼音 bié,待裁定
ci.清.0024.pinyin.json#143,1,4,长,2,平,3,仄,ci.清.0024.pinyin.json 第2阕第5字 语料拼音 zhǎng,待裁定
ci.清.0024.pinyin.json#145,0,10,长,2,平,3,仄,ci.清.0024.pinyin.json 第1阕第11字 语料拼音 zhǎng,待裁定
ci.清.0024.pinyin.json#145,0,28,绝,4,仄,2,平,ci.清.0024.pinyin.json 第1阕第29字 语料拼音 jué,待裁定
ci.清.0024.pinyin.json#147,1,19,绝,4,仄,2,平,ci.清.0024.pinyin.json 第2阕第20字 语料拼音 jué,待裁定
ci.清.0024.pinyin.json#149,1,21,别,4,仄,2,平,ci.清.0024.pinyin.json 第2阕第22字 语料拼音 bié,待裁定
ci.清.0024.pinyin.json#150,1,70,长,2,平,3,仄,ci.清.0024.pinyin.json 第2阕第71字 语料拼音 zhǎng,待裁定
ci.清.0024.pinyin.json#151,1,15,别,4,仄,2,平,ci.清.0024.pinyin.json 第2阕第16字 语料拼音 bié,待裁定
ci.清.0024.pinyin.json#152,0,7,长,2,平,3,仄,ci.清.0024.pinyin.json 第1阕第8字 语料拼音 zhǎng,待裁定
ci.清.0024.pinyin.json#166,0,44,长,2,平,3,仄,ci.清.0024.pinyin.json 第1阕第45字 语料拼音 zhǎng,待裁定
ci.清.0024.pinyin.json#171,0,30,绝,4,仄,2,平,ci.清.0024.pinyin.json 第1阕第31字 语料拼音 jué,待裁定
ci.清.0024.pinyin.json#171,1,45,长,2,平,3,仄,ci.清.0024.pinyin.json 第2阕第46字 语料拼音 zhǎng,待裁定
ci.清.0024.pinyin.json#172,1,13,长,2,平,3,仄,ci.清.0024.pinyin.json 第2阕第14字 语料拼音 zhǎng,待裁定
ci.清.0024.pinyin.json#173,1,13,长,2,平,3,仄,ci.清.0024.pinyin.json 第2阕第14字 语料拼音 zhǎng,待裁定
ci.清.0024.pinyin.json#175,1,19,别,4,仄,2,平,ci.清.0024.pinyin.json 第2阕第20字 语料拼音 bié,待裁定
ci.清.0024.pinyin.json#177,1,0,别,4,仄,2,平,ci.清.0024.pinyin.json 第2阕第1字 语料拼音 bié,待裁定
ci.清.0024.pinyin.json#185,0,15,绝,4,仄,2,平,ci.清.0024.pinyin.json 第1阕第16字 语料拼音 jué,待裁定
ci.清.0024.pinyin.json#185,0,35,别,4,仄,2,平,ci.清.0024.pinyin.json 第1阕第36字 语料拼音 bié,待裁定
ci.清.0024.pinyin.json#187,0,17,别,4,仄,2,平,ci.清.0024.pinyin.json 第1阕第18字 语料拼音 bié,待裁定
ci.清.0024.pinyin.json#192,0,2,绝,4,仄,2,平,ci.清.0024.pinyin.json 第1阕第3字 语料拼音 jué,待裁定
ci.清.0024.pinyin.json#194,0,13,别,4,仄,2,平,ci.清.0024.pinyin.json 第1阕第14字 语料拼音 bié,待裁定
ci.清.0024.pinyin.json#196,0,0,别,4,仄,2,平,ci.清.0024.pinyin.json 第1阕第1字 语料拼音 bié,待裁定
ci.清.0024.pinyin.json#199,0,16,长,2,平,3,仄,ci.清.0024.pinyin.json 第1阕第17字 语料拼音 zhǎng,待裁定
ci.清.0024.pinyin.json#199,1,18,别,4,仄,2,平,ci.清.0024.pinyin.json 第2阕第19字 语料拼音 bié,待裁定
ci.清.0024.pinyin.json#202,0,26,别,4,仄,2,平,ci.清.0024.pinyin.json 第1阕第27字 语料拼音 bié,待裁定
ci.清.0024.pinyin.json#207,1,0,别,4,仄,2,平,ci.清.0024.pinyin.json 第2阕第1字 语料拼音 bié,待裁定
ci.清.0024.pinyin.json#212,1,8,别,4,仄,2,平,ci.清.0024.pinyin.json 第2阕第9字 语料拼音 bié,待裁定
ci.清.0024.pinyin.json#215,1,35,别,4,仄,2,平,ci.清.0024.pinyin.json 第2阕第36字 语料拼音 bié,待裁定
ci.清.0024.pinyin.json#221,0,12,绝,4,仄,2,平,ci.清.0024.pinyin.json 第1阕第13字 语料拼音 jué,待裁定
ci.清.0024.pinyin.json#226,1,44,长,2,平,3,仄,ci.清.0024.pinyin.json 第2阕第45字 语料拼音 zhǎng,待裁定
ci.清.0024.pinyin.json#230,0,2,长,2,平,3,仄,ci.清.0024.pinyin.json 第1阕第3字 语料拼音 zhǎng,待裁定
ci.清.0024.pinyin.json#231,0,19,长,2,平,3,仄,ci.清.0024.pinyin.json 第1阕第20字 语料拼音 zhǎng,待裁定
ci.清.0024.pinyin.json#233,0,8,长,2,平,3,仄,ci.清.0024.pinyin.json 第1阕第9字 语料拼音 zhǎng,待裁定
ci.清.0024.pinyin.json#234,0,1,别,4,仄,2,平,ci.清.0024.pinyin.json 第1阕第2字 语料拼音 bié,待裁定
ci.清.0024.pinyin.json#237,0,12,长,2,平,3,仄,ci.清.0024.pinyin.json 第1阕第13字 语料拼音 zhǎng,待裁定
ci.清.0024.pinyin.json#242,0,4,长,2,平,3,仄,ci.清.0024.pinyin.json 第1阕第5字 语料拼音 zhǎng,待裁定
ci.清.0024.pinyin.json#247,0,76,别,4,仄,2,平,ci.清.0024.pinyin.json 第1阕第77字 语料拼音 bié,待裁定
ci.清.0024.pinyin.json#247,1,0,甚,4,仄,2,平,ci.清.0024.pinyin.json 第2阕第1字 语料拼音 shén,待裁定
ci.清.0024.pinyin.json#247,1,29,绝,4,仄,2,平,ci.清.0024.pinyin.json 第2阕第30字 语料拼音 jué,待裁定
ci.清.0024.pinyin.json#250,0,5,甚,4,仄,2,平,ci.清.0024.pinyin.json 第1阕第6字 语料拼音 shén,待裁定
ci.清.0024.pinyin.json#256,1,26,别,4,仄,2,平,ci.清.0024.pinyin.json 第2阕第27字 语料拼音 bié,待裁定
ci.清.0024.pinyin.json#258,1,21,长,2,平,3,仄,ci.清.0024.pinyin.json 第2阕第22字 语料拼音 zhǎng,待裁定
ci.清.0024.pinyin.json#259,1,42,甚,4,仄,2,平,ci.清.0024.pinyin.json 第2阕第43字 语料拼音 shén,待裁定
ci.清.0024.pinyin.json#260,1,13,长,2,平,3,仄,ci.清.0024.pinyin.json 第2阕第14字 语料拼音 zhǎng,待裁定
ci.清.0024.pinyin.json#261,0,1,绝,4,仄,2,平,ci.清.0024.pinyin.json 第1阕第2字 语料拼音 jué,待裁定
ci.清.0024.pinyin.json#261,1,30,甚,4,仄,2,平,ci.清.0024.pinyin.json 第2阕第31字 语料拼音 shén,待裁定
ci.清.0024.pinyin.json#262,1,11,别,4,仄,2,平,ci.清.0024.pinyin.json 第2阕第12字 语料拼音 bié,待裁定
ci.清.0024.pinyin.json#263,1,4,长,2,平,3,仄,ci.清.0024.pinyin.json 第2阕第5字 语料拼音 zhǎng,待裁定
ci.清.0024.pinyin.json#264,1,8,别,4,仄,2,平,ci.清.0024.pinyin.json 第2阕第9字 语料拼音 bié,待裁定
ci.清.0024.pinyin.json#266,0,24,长,2,平,3,仄,ci.清.0024.pinyin.json 第1阕第25字 语料拼音 zhǎng,待裁定
ci.清.0024.pinyin.json#269,0,3,长,2,平,3,仄,ci.清.0024.pinyin.json 第1阕第4字 语料拼音 zhǎng,待裁定
ci.清.0024.pinyin.json#277,0,10,别,4,仄,2,平,ci.清.0024.pinyin.json 第1阕第11字 语料拼音 bié,待裁定
ci.清.0024.pinyin.json#285,1,0,别,4,仄,2,平,ci.清.0024.pinyin.json 第2阕第1字 语料拼音 bié,待裁定
ci.清.0024.pinyin.json#286,0,7,别,4,仄,2,平,ci.清.0024.pinyin.json 第1阕第8字 语料拼音 bié,待裁定
ci.清.0024.pinyin.json#286,1,17,长,2,平,3,仄,ci.清.0024.pinyin.json 第2阕第18字 语料拼音 zhǎng,待裁定
ci.清.0024.pinyin.json#289,0,8,别,4,仄,2,平,ci.清.0024.pinyin.json 第1阕第9字 语料拼音 bié,待裁定
ci.清.0024.pinyin.json#294,0,1,长,2,平,3,仄,ci.清.0024.pinyin.json 第1阕第2字 语料拼音 zhǎng,待裁定
ci.清.0024.pinyin.json#295,0,7,别,4,仄,2,平,ci.清.0024.pinyin.json 第1阕第8字 语料拼音 bié,待裁定
ci.清.0024.pinyin.json#297,1,45,甚,4,仄,2,平,ci.清.0024.pinyin.json 第2阕第46字 语料拼音 shén,待裁定
ci.清.0024.pinyin.json#302,0,2,长,2,平,3,仄,ci.清.0024.pinyin.json 第1阕第3字 语料拼音 zhǎng,待裁定
ci.清.0024.pinyin.json#306,1,16,别,4,仄,2,平,ci.清.0024.pinyin.json 第2阕第17字 语料拼音 bié,待裁定
ci.清.0024.pinyin.json#307,1,20,甚,4,仄,2,平,ci.清.0024.pinyin.json 第2阕第21字 语料拼音 shén,待裁定
ci.清.0024.pinyin.json#308,1,22,绝,4,仄,2,平,ci.清.0024.pinyin.json 第2阕第23字 语料拼音 jué,待裁定
ci.清.0024.pinyin.json#310,0,4,甚,4,仄,2,平,ci.清.0024.pinyin.json 第1阕第5字 语料拼音 shén,待裁定
ci.清.0024.pinyin.json#314,1,22,长,2,平,3,仄,ci.清.0024.pinyin.json 第2阕第23字 语料拼音 zhǎng,待裁定
ci.清.0024.pinyin.json#316,0,40,长,2,平,3,仄,ci.清.0024.pinyin.json 第1阕第41字 语料拼音 zhǎng,待裁定
ci.清.0024.pinyin.json#316,1,56,甚,4,仄,2,平,ci.清.0024.pinyin.json 第2阕第57字 语料拼音 shén,待裁定
ci.清.0024.pinyin.json#317,0,1,长,2,平,3,仄,ci.清.0024.pinyin.json 第1阕第2字 语料拼音 zhǎng,待裁定
ci.清.0024.pinyin.json#317,1,15,别,4,仄,2,平,ci.清.0024.pinyin.json 第2阕第16字 语料拼音 bié,待裁定
ci.清.0024.pinyin.json#320,1,7,别,4,仄,2,平,ci.清.0024.pinyin.json 第2阕第8字 语料拼音 bié,待裁定
ci.清.0024.pinyin.json#320,1,16,长,2,平,3,仄,ci.清.0024.pinyin.json 第2阕第17字 语料拼音 zhǎng,待裁定
ci.清.0024.pinyin.json#322,1,17,别,4,仄,2,平,ci.清.0024.pinyin.json 第2阕第18字 语料拼音 bié,待裁定
ci.清.0024.pinyin.json#323,0,30,甚,4,仄,2,平,ci.清.0024.pinyin.json 第1阕第31字 语料拼音 shén,待裁定
ci.清.0024.pinyin.json#333,0,43,甚,4,仄,2,平,ci.清.0024.pinyin.json 第1阕第44字 语料拼音 shén,待裁定
ci.清.0024.pinyin.json#333,0,44,长,2,平,3,仄,ci.清.0024.pinyin.json 第1阕第45字 语料拼音 zhǎng,待裁定
ci.清.0024.pinyin.json#336,0,9,长,2,平,3,仄,ci.清.0024.pinyin.json 第1阕第10字 语料拼音 zhǎng,待裁定
ci.清.0024.pinyin.json#338,0,4,别,4,仄,2,平,ci.清.0024.pinyin.json 第1阕第5字 语料拼音 bié,待裁定
ci.清.0024.pinyin.json#338,1,1,长,2,平,3,仄,ci.清.0024.pinyin.json 第2阕第2字 语料拼音 zhǎng,待裁定
ci.清.0024.pinyin.json#339,1,15,别,4,仄,2,平,ci.清.0024.pinyin.json 第2阕第16字 语料拼音 bié,待裁定
ci.清.0024.pinyin.json#341,0,32,长,2,平,3,仄,ci.清.0024.pinyin.json 第1阕第33字 语料拼音 zhǎng,待裁定
ci.清.0024.pinyin.json#341,1,0,长,2,平,3,仄,ci.清.0024.pinyin.json 第2阕第1字 语料拼音 zhǎng,待裁定
ci.清.0024.pinyin.json#341,1,26,长,2,平,3,仄,ci.清.0024.pinyin.json 第2阕第27字 语料拼音 zhǎng,待裁定
ci.清.0024.pinyin.json#342,0,18,别,4,仄,2,平,ci.清.0024.pinyin.json 第1阕第19字 语料拼音 bié,待裁定
ci.清.0024.pinyin.json#342,1,22,甚,4,仄,2,平,ci.清.0024.pinyin.json 第2阕第23字 语料拼音 shén,待裁定
ci.清.0024.pinyin.json#344,0,31,长,2,平,3,仄,ci.清.0024.pinyin.json 第1阕第32字 语料拼音 zhǎng,待裁定
ci.清.0024.pinyin.json#346,0,30,别,4,仄,2,平,ci.清.0024.pinyin.json 第1阕第31字 语料拼音 bié,待裁定
ci.清.0024.pinyin.json#346,1,45,长,2,平,3,仄,ci.清.0024.pinyin.json 第2阕第46字 语料拼音 zhǎng,待裁定
ci.清.0024.pinyin.json#352,0,39,别,4,仄,2,平,ci.清.0024.pinyin.json 第1阕第40字 语料拼音 bié,待裁定
ci.清.0024.pinyin.json#353,1,0,别,4,仄,2,平,ci.清.0024.pinyin.json 第2阕第1字 语料拼音 bié,待裁定
ci.清.0024.pinyin.json#357,0,2,长,2,平,3,仄,ci.清.0024.pinyin.json 第1阕第3字 语料拼音 zhǎng,待裁定
ci.清.0024.pinyin.json#359,1,1,长,2,平,3,仄,ci.清.0024.pinyin.json 第2阕第2字 语料拼音 zhǎng,待裁定
ci.清.0024.pinyin.json#366,1,8,别,4,仄,2,平,ci.清.0024.pinyin.json 第2阕第9字 语料拼音 bié,待裁定
ci.清.0024.pinyin.json#371,0,4,别,4,仄,2,平,ci.清.0024.pinyin.json 第1阕第5字 语料拼音 bié,待裁定
ci.清.0024.pinyin.json#375,0,1,别,4,仄,2,平,ci.清.0024.pinyin.json 第1阕第2字 语料拼音 bié,待裁定
ci.清.0024.pinyin.json#376,0,17,长,2,平,3,仄,ci.清.0024.pinyin.json 第1阕第18字 语料拼音 zhǎng,待裁定
ci.清.0024.pinyin.json#380,1,7,甚,4,仄,2,平,ci.清.0024.pinyin.json 第2阕第8字 语料拼音 shén,待裁定
ci.清.0024.pinyin.json#383,0,7,长,2,平,3,仄,ci.清.0024.pinyin.json 第1阕第8字 语料拼音 zhǎng,待裁定
ci.清.0024.pinyin.json#388,1,4,长,2,平,3,仄,ci.清.0024.pinyin.json 第2阕第5字 语料拼音 zhǎng,待裁定
ci.清.0024.pinyin.json#404,0,42,绝,4,仄,2,平,ci.清.0024.pinyin.json 第1阕第43字 语料拼音 jué,待裁定
ci.清.0024.pinyin.json#405,1,21,绝,4,仄,2,平,ci.清.0024.pinyin.json 第2阕第22字 语料拼音 jué,待裁定
ci.清.0024.pinyin.json#406,0,8,长,2,平,3,仄,ci.清.0024.pinyin.json 第1阕第9字 语料拼音 zhǎng,待裁定
ci.清.0024.pinyin.json#409,1,18,长,2,平,3,仄,ci.清.0024.pinyin.json 第2阕第19字 语料拼音 zhǎng,待裁定
ci.清.0024.pinyin.json#411,1,17,长,2,平,3,仄,ci.清.0024.pinyin.json 第2阕第18字 语料拼音 zhǎng,待裁定
ci.清.0024.pinyin.json#414,0,0,长,2,平,3,仄,ci.清.0024.pinyin.json 第1阕第1字 语料拼音 zhǎng,待裁定
ci.清.0024.pinyin.json#414,0,14,别,4,仄,2,平,ci.清.0024.pinyin.json 第1阕第15字 语料拼音 bié,待裁定
ci.清.0024.pinyin.json#415,0,3,长,2,平,3,仄,ci.清.0024.pinyin.json 第1阕第4字 语料拼音 zhǎng,待裁定
ci.清.0024.pinyin.json#426,1,1,绝,4,仄,2,平,ci.清.0024.pinyin.json 第2阕第2字 语料拼音 jué,待裁定
ci.清.0024.pinyin.json#426,1,3,绝,4,仄,2,平,ci.清.0024.pinyin.json 第2阕第4字 语料拼音 jué,待裁定
ci.清.0024.pinyin.json#432,1,40,别,4,仄,2,平,ci.清.0024.pinyin.json 第2阕第41字 语料拼音 bié,待裁定
ci.清.0024.pinyin.json#435,1,6,长,2,平,3,仄,ci.清.0024.pinyin.json 第2阕第7字 语料拼音 zhǎng,待裁定
ci.清.0024.pinyin.json#436,1,14,别,4,仄,2,平,ci.清.0024.pinyin.json 第2阕第15字 语料拼音 bié,待裁定
ci.清.0024.pinyin.json#440,0,41,长,2,平,3,仄,ci.清.0024.pinyin.json 第1阕第42字 语料拼音 zhǎng,待裁定
ci.清.0024.pinyin.json#450,1,15,长,2,平,3,仄,ci.清.0024.pinyin.json 第2阕第16字 语料拼音 zhǎng,待裁定
ci.清.0024.pinyin.json#451,0,6,长,2,平,3,仄,ci.清.0024.pinyin.json 第1阕第7字 语料拼音 zhǎng,待裁定
ci.清.0024.pinyin.json#454,0,18,别,4,仄,2,平,ci.清.0024.pinyin.json 第1阕第19字 语料拼音 bié,待裁定
ci.清.0024.pinyin.json#456,0,0,长,2,平,3,仄,ci.清.0024.pinyin.json 第1阕第1字 语料拼音 zhǎng,待裁定
ci.清.0024.pinyin.json#457,0,8,绝,4,仄,2,平,ci.清.0024.pinyin.json 第1阕第9字 语料拼音 jué,待裁定
ci.清.0024.pinyin.json#463,0,11,绝,4,仄,2,平,ci.清.0024.pinyin.json 第1阕第12字 语料拼音 jué,待裁定
ci.清.0024.pinyin.json#463,1,23,甚,4,仄,2,平,ci.清.0024.pinyin.json 第2阕第24字 语料拼音 shén,待裁定
ci.清.0024.pinyin.json#464,0,29,长,2,平,3,仄,ci.清.0024.pinyin.json 第1阕第30字 语料拼音 zhǎng,待裁定
ci.清.0024.pinyin.json#464,0,40,别,4,仄,2,平,ci.清.0024.pinyin.json 第1阕第41字 语料拼音 bié,待裁定
ci.清.0024.pinyin.json#467,1,43,绝,4,仄,2,平,ci.清.0024.pinyin.json 第2阕第44字 语料拼音 jué,待裁定
ci.清.0024.pinyin.json#470,1,29,别,4,仄,2,平,ci.清.0024.pinyin.json 第2阕第30字 语料拼音 bié,待裁定
ci.清.0024.pinyin.json#473,0,13,长,2,平,3,仄,ci.清.0024.pinyin.json 第1阕第14字 语料拼音 zhǎng,待裁定
ci.清.0024.pinyin.json#474,0,0,绝,4,仄,2,平,ci.清.0024.pinyin.json 第1阕第1字 语料拼音 jué,待裁定
ci.清.0024.pinyin.json#485,0,34,别,4,仄,2,平,ci.清.0024.pinyin.json 第1阕第35字 语料拼音 bié,待裁定
ci.清.0024.pinyin.json#485,1,30,长,2,平,3,仄,ci.清.0024.pinyin.json 第2阕第31字 语料拼音 zhǎng,待裁定
ci.清.0024.pinyin.json#486,0,16,长,2,平,3,仄,ci.清.0024.pinyin.json 第1阕第17字 语料拼音 zhǎng,待裁定
ci.清.0024.pinyin.json#486,0,27,别,4,仄,2,平,ci.清.0024.pinyin.json 第1阕第28字 语料拼音 bié,待裁定
ci.清.0024.pinyin.json#486,1,3,甚,4,仄,2,平,ci.清.0024.pinyin.json 第2阕第4字 语料拼音 shén,待裁定
ci.清.0024.pinyin.json#487,1,21,长,2,平,3,仄,ci.清.0024.pinyin.json 第2阕第22字 语料拼音 zhǎng,待裁定
ci.清.0024.pinyin.json#488,1,36,长,2,平,3,仄,ci.清.0024.pinyin.json 第2阕第37字 语料拼音 zhǎng,待裁定
ci.清.0024.pinyin.json#489,0,36,甚,4,仄,2,平,ci.清.0024.pinyin.json 第1阕第37字 语料拼音 shén,待裁定
ci.清.0024.pinyin.json#491,1,44,绝,4,仄,2,平,ci.清.0024.pinyin.json 第2阕第45字 语料拼音 jué,待裁定
ci.清.0024.pinyin.json#494,0,13,别,4,仄,2,平,ci.清.0024.pinyin.json 第1阕第14字 语料拼音 bié,待裁定
ci.清.0024.pinyin.json#497,0,27,长,2,平,3,仄,ci.清.0024.pinyin.json 第1阕第28字 语料拼音 zhǎng,待裁定
ci.清.0024.pinyin.json#499,1,14,长,2,平,3,仄,ci.清.0024.pinyin.json 第2阕第15字 语料拼音 zhǎng,待裁定
ci.清.0024.pinyin.json#500,1,17,别,4,仄,2,平,ci.清.0024.pinyin.json 第2阕第18字 语料拼音 bié,待裁定
ci.清.0024.pinyin.json#501,0,16,绝,4,仄,2,平,ci.清.0024.pinyin.json 第1阕第17字 语料拼音 jué,待裁定
ci.清.0024.pinyin.json#505,0,20,绝,4,仄,2,平,ci.清.0024.pinyin.json 第1阕第21字 语料拼音 jué,待裁定
ci.清.0024.pinyin.json#506,0,28,长,2,平,3,仄,ci.清.0024.pinyin.json 第1阕第29字 语料拼音 zhǎng,待裁定
ci.清.0024.pinyin.json#507,1,7,长,2,平,3,仄,ci.清.0024.pinyin.json 第2阕第8字 语料拼音 zhǎng,待裁定
ci.清.0024.pinyin.json#508,0,19,甚,4,仄,2,平,ci.清.0024.pinyin.json 第1阕第20字 语料拼音 shén,待裁定
ci.清.0024.pinyin.json#508,0,20,绝,4,仄,2,平,ci.清.0024.pinyin.json 第1阕第21字 语料拼音 jué,待裁定
ci.清.0024.pinyin.json#508,0,47,长,2,平,3,仄,ci.清.0024.pinyin.json 第1阕第48字 语料拼音 zhǎng,待裁定
ci.清.0024.pinyin.json#509,0,7,长,2,平,3,仄,ci.清.0024.pinyin.json 第1阕第8字 语料拼音 zhǎng,待裁定
ci.清.0024.pinyin.json#510,0,19,绝,4,仄,2,平,ci.清.0024.pinyin.json 第1阕第20字 语料拼音 jué,待裁定
ci.清.0024.pinyin.json#511,1,13,绝,4,仄,2,平,ci.清.0024.pinyin.json 第2阕第14字 语料拼音 jué,待裁定
ci.清.0024.pinyin.json#518,1,56,长,2,平,3,仄,ci.清.0024.pinyin.json 第2阕第57字 语料拼音 zhǎng,待裁定
ci.清.0024.pinyin.json#520,0,9,长,2,平,3,仄,ci.清.0024.pinyin.json 第1阕第10字 语料拼音 zhǎng,待裁定
ci.清.0024.pinyin.json#520,1,14,长,2,平,3,仄,ci.清.0024.pinyin.json 第2阕第15字 语料拼音 zhǎng,待裁定
ci.清.0024.pinyin.json#522,0,7,绝,4,仄,2,平,ci.清.0024.pinyin.json 第1阕第8字 语料拼音 jué,待裁定
ci.清.0024.pinyin.json#524,0,7,长,2,平,3,仄,ci.清.0024.pinyin.json 第1阕第8字 语料拼音 zhǎng,待裁定
ci.清.0024.pinyin.json#527,0,0,绝,4,仄,2,平,ci.清.0024.pinyin.json 第1阕第1字 语料拼音 jué,待裁定
ci.清.0024.pinyin.json#528,0,13,绝,4,仄,2,平,ci.清.0024.pinyin.json 第1阕第14字 语料拼音 jué,待裁定
ci.清.0024.pinyin.json#531,0,16,绝,4,仄,2,平,ci.清.0024.pinyin.json 第1阕第17字 语料拼音 jué,待裁定
ci.清.0024.pinyin.json#534,1,1,长,2,平,3,仄,ci.清.0024.pinyin.json 第2阕第2字 语料拼音 zhǎng,待裁定
ci.清.0024.pinyin.json#543,1,21,绝,4,仄,2,平,ci.清.0024.pinyin.json 第2阕第22字 语料拼音 jué,待裁定
ci.清.0024.pinyin.json#549,1,27,长,2,平,3,仄,ci.清.0024.pinyin.json 第2阕第28字 语料拼音 zhǎng,待裁定
ci.清.0024.pinyin.json#557,1,13,长,2,平,3,仄,ci.清.0024.pinyin.json 第2阕第14字 语料拼音 zhǎng,待裁定
ci.清.0024.pinyin.json#559,1,44,甚,4,仄,2,平,ci.清.0024.pinyin.json 第2阕第45字 语料拼音 shén,待裁定
ci.清.0024.pinyin.json#565,1,3,别,4,仄,2,平,ci.清.0024.pinyin.json 第2阕第4字 语料拼音 bié,待裁定
ci.清.0024.pinyin.json#567,1,53,长,2,平,3,仄,ci.清.0024.pinyin.json 第2阕第54字 语料拼音 zhǎng,待裁定
ci.清.0024.pinyin.json#568,0,35,长,2,平,3,仄,ci.清.0024.pinyin.json 第1阕第36字 语料拼音 zhǎng,待裁定
ci.清.0024.pinyin.json#569,1,31,长,2,平,3,仄,ci.清.0024.pinyin.json 第2阕第32字 语料拼音 zhǎng,待裁定
ci.清.0024.pinyin.json#571,0,12,长,2,平,3,仄,ci.清.0024.pinyin.json 第1阕第13字 语料拼音 zhǎng,待裁定
ci.清.0024.pinyin.json#571,0,16,绝,4,仄,2,平,ci.清.0024.pinyin.json 第1阕第17字 语料拼音 jué,待裁定
ci.清.0024.pinyin.json#575,0,4,甚,4,仄,2,平,ci.清.0024.pinyin.json 第1阕第5字 语料拼音 shén,待裁定
ci.清.0024.pinyin.json#575,1,12,长,2,平,3,仄,ci.清.0024.pinyin.json 第2阕第13字 语料拼音 zhǎng,待裁定
ci.清.0024.pinyin.json#575,1,23,甚,4,仄,2,平,ci.清.0024.pinyin.json 第2阕第24字 语料拼音 shén,待裁定
ci.清.0024.pinyin.json#576,1,26,甚,4,仄,2,平,ci.清.0024.pinyin.json 第2阕第27字 语料拼音 shén,待裁定
ci.清.0024.pinyin.json#577,0,18,甚,4,仄,2,平,ci.清.0024.pinyin.json 第1阕第19字 语料拼音 shén,待裁定
ci.清.0024.pinyin.json#577,1,7,长,2,平,3,仄,ci.清.0024.pinyin.json 第2阕第8字 语料拼音 zhǎng,待裁定
ci.清.0024.pinyin.json#578,0,29,别,4,仄,2,平,ci.清.0024.pinyin.json 第1阕第30字 语料拼音 bié,待裁定
ci.清.0024.pinyin.json#578,0,46,别,4,仄,2,平,ci.清.0024.pinyin.json 第1阕第47字 语料拼音 bié,待裁定
ci.清.0024.pinyin.json#581,0,45,长,2,平,3,仄,ci.清.0024.pinyin.json 第1阕第46字 语料拼音 zhǎng,待裁定
ci.清.0024.pinyin.json#581,1,8,甚,4,仄,2,平,ci.清.0024.pinyin.json 第2阕第9字 语料拼音 shén,待裁定
ci.清.0024.pinyin.json#581,1,86,甚,4,仄,2,平,ci.清.0024.pinyin.json 第2阕第87字 语料拼音 shén,待裁定
ci.清.0024.pinyin.json#581,1,113,别,4,仄,2,平,ci.清.0024.pinyin.json 第2阕第114字 语料拼音 bié,待裁定
ci.清.0024.pinyin.json#581,1,130,长,2,平,3,仄,ci.清.0024.pinyin.json 第2阕第131字 语料拼音 zhǎng,待裁定
ci.清.0024.pinyin.json#582,0,9,长,2,平,3,仄,ci.清.0024.pinyin.json 第1阕第10字 语料拼音 zhǎng,待裁定
ci.清.0024.pinyin.json#582,1,60,长,2,平,3,仄,ci.清.0024.pinyin.json 第2阕第61字 语料拼音 zhǎng,待裁定
ci.清.0024.pinyin.json#584,0,18,别,4,仄,2,平,ci.清.0024.pinyin.json 第1阕第19字 语料拼音 bié,待裁定
ci.清.0024.pinyin.json#588,1,16,甚,4,仄,2,平,ci.清.0024.pinyin.json 第2阕第17字 语料拼音 shén,待裁定
ci.清.0024.pinyin.json#588,1,52,长,2,平,3,仄,ci.清.0024.pinyin.json 第2阕第53字 语料拼音 zhǎng,待裁定
ci.清.0024.pinyin.json#588,1,69,甚,4,仄,2,平,ci.清.0024.pinyin.json 第2阕第70字 语料拼音 shén,待裁定
ci.清.0024.pinyin.json#589,0,25,别,4,仄,2,平,ci.清.0024.pinyin.json 第1阕第26字 语料拼音 bié,待裁定
ci.清.0024.pinyin.json#589,1,6,甚,4,仄,2,平,ci.清.0024.pinyin.json 第2阕第7字 语料拼音 shén,待裁定
ci.清.0024.pinyin.json#589,1,25,甚,4,仄,2,平,ci.清.0024.pinyin.json 第2阕第26字 语料拼音 shén,待裁定
ci.清.0024.pinyin.json#589,1,31,长,2,平,3,仄,ci.清.0024.pinyin.json 第2阕第32字 语料拼音 zhǎng,待裁定
ci.清.0024.pinyin.json#590,0,1,长,2,平,3,仄,ci.清.0024.pinyin.json 第1阕第2字 语料拼音 zhǎng,待裁定
ci.清.0024.pinyin.json#591,1,15,别,4,仄,2,平,ci.清.0024.pinyin.json 第2阕第16字 语料拼音 bié,待裁定
ci.清.0024.pinyin.json#592,0,22,绝,4,仄,2,平,ci.清.0024.pinyin.json 第1阕第23字 语料拼音 jué,待裁定
ci.清.0024.pinyin.json#593,1,22,甚,4,仄,2,平,ci.清.0024.pinyin.json 第2阕第23字 语料拼音 shén,待裁定
ci.清.0024.pinyin.json#598,0,22,长,2,平,3,仄,ci.清.0024.pinyin.json 第1阕第23字 语料拼音 zhǎng,待裁定
ci.清.0024.pinyin.json#598,0,24,长,2,平,3,仄,ci.清.0024.pinyin.json 第1阕第25字 语料拼音 zhǎng,待裁定
ci.清.0024.pinyin.json#599,0,29,长,2,平,3,仄,ci.清.0024.pinyin.json 第1阕第30字 语料拼音 zhǎng,待裁定
ci.清.0024.pinyin.json#599,0,35,别,4,仄,2,平,ci.清.0024.pinyin.json 第1阕第36字 语料拼音 bié,待裁定
ci.清.0024.pinyin.json#600,1,10,绝,4,仄,2,平,ci.清.0024.pinyin.json 第2阕第11字 语料拼音 jué,待裁定
ci.清.0024.pinyin.json#602,1,34,甚,4,仄,2,平,ci.清.0024.pinyin.json 第2阕第35字 语料拼音 shén,待裁定
ci.清.0024.pinyin.json#603,1,0,长,2,平,3,仄,ci.清.0024.pinyin.json 第2阕第1字 语料拼音 zhǎng,待裁定
ci.清.0024.pinyin.json#603,1,27,长,2,平,3,仄,ci.清.0024.pinyin.json 第2阕第28字 语料拼音 zhǎng,待裁定
ci.清.0024.pinyin.json#604,0,23,绝,4,仄,2,平,ci.清.0024.pinyin.json 第1阕第24字 语料拼音 jué,待裁定
ci.清.0024.pinyin.json#606,0,7,别,4,仄,2,平,ci.清.0024.pinyin.json 第1阕第8字 语料拼音 bié,待裁定
ci.清.0024.pinyin.json#607,0,5,别,4,仄,2,平,ci.清.0024.pinyin.json 第1阕第6字 语料拼音 bié,待裁定
ci.清.0024.pinyin.json#607,0,29,长,2,平,3,仄,ci.清.0024.pinyin.json 第1阕第30字 语料拼音 zhǎng,待裁定
ci.清.0024.pinyin.json#607,1,0,长,2,平,3,仄,ci.清.0024.pinyin.json 第2阕第1字 语料拼音 zhǎng,待裁定
ci.清.0024.pinyin.json#607,1,15,别,4,仄,2,平,ci.清.0024.pinyin.json 第2阕第16字 语料拼音 bié,待裁定
ci.清.0024.pinyin.json#608,1,33,别,4,仄,2,平,ci.清.0024.pinyin.json 第2阕第34字 语料拼音 bié,待裁定
ci.清.0024.pinyin.json#609,1,28,别,4,仄,2,平,ci.清.0024.pinyin.json 第2阕第29字 语料拼音 bié,待裁定
ci.清.0024.pinyin.json#612,1,68,长,2,平,3,仄,ci.清.0024.pinyin.json 第2阕第69字 语料拼音 zhǎng,待裁定
ci.清.0024.pinyin.json#613,0,44,长,2,平,3,仄,ci.清.0024.pinyin.json 第1阕第45字 语料拼音 zhǎng,待裁定
ci.清.0024.pinyin.json#614,1,6,甚,4,仄,2,平,ci.清.0024.pinyin.json 第2阕第7字 语料拼音 shén,待裁定
ci.清.0024.pinyin.json#616,1,35,甚,4,仄,2,平,ci.清.0024.pinyin.json 第2阕第36字 语料拼音 shén,待裁定
ci.清.0024.pinyin.json#617,0,18,长,2,平,3,仄,ci.清.0024.pinyin.json 第1阕第19字 语料拼音 zhǎng,待裁定
ci.清.0024.pinyin.json#618,0,0,甚,4,仄,2,平,ci.清.0024.pinyin.json 第1阕第1字 语料拼音 shén,待裁定
ci.清.0024.pinyin.json#618,0,12,绝,4,仄,2,平,ci.清.0024.pinyin.json 第1阕第13字 语料拼音 jué,待裁定
ci.清.0024.pinyin.json#618,0,42,别,4,仄,2,平,ci.清.0024.pinyin.json 第1阕第43字 语料拼音 bié,待裁定
ci.清.0024.pinyin.json#618,1,11,长,2,平,3,仄,ci.清.0024.pinyin.json 第2阕第12字 语料拼音 zhǎng,待裁定
ci.清.0024.pinyin.json#618,1,20,长,2,平,3,仄,ci.清.0024.pinyin.json 第2阕第21字 语料拼音 zhǎng,待裁定
ci.清.0024.pinyin.json#620,1,6,长,2,平,3,仄,ci.清.0024.pinyin.json 第2阕第7字 语料拼音 zhǎng,待裁定
ci.清.0024.pinyin.json#623,1,1,绝,4,仄,2,平,ci.清.0024.pinyin.json 第2阕第2字 语料拼音 jué,待裁定
ci.清.0024.pinyin.json#624,1,34,长,2,平,3,仄,ci.清.0024.pinyin.json 第2阕第35字 语料拼音 zhǎng,待裁定
ci.清.0024.pinyin.json#624,1,40,别,4,仄,2,平,ci.清.0024.pinyin.json 第2阕第41字 语料拼音 bié,待裁定
ci.清.0024.pinyin.json#625,1,44,长,2,平,3,仄,ci.清.0024.pinyin.json 第2阕第45字 语料拼音 zhǎng,待裁定
ci.清.0024.pinyin.json#627,0,9,别,4,仄,2,平,ci.清.0024.pinyin.json 第1阕第10字 语料拼音 bié,待裁定
ci.清.0024.pinyin.json#627,0,59,长,2,平,3,仄,ci.清.0024.pinyin.json 第1阕第60字 语料拼音 zhǎng,待裁定
ci.清.0024.pinyin.json#627,1,42,长,2,平,3,仄,ci.清.0024.pinyin.json 第2阕第43字 语料拼音 zhǎng,待裁定
ci.清.0024.pinyin.json#627,1,92,别,4,仄,2,平,ci.清.0024.pinyin.json 第2阕第93字 语料拼音 bié,待裁定
ci.清.0024.pinyin.json#629,1,132,别,4,仄,2,平,ci.清.0024.pinyin.json 第2阕第133字 语料拼音 bié,待裁定
ci.清.0024.pinyin.json#633,0,27,长,2,平,3,仄,ci.清.0024.pinyin.json 第1阕第28字 语料拼音 zhǎng,待裁定
ci.清.0024.pinyin.json#634,1,8,别,4,仄,2,平,ci.清.0024.pinyin.json 第2阕第9字 语料拼音 bié,待裁定
ci.清.0024.pinyin.json#636,0,2,长,2,平,3,仄,ci.清.0024.pinyin.json 第1阕第3字 语料拼音 zhǎng,待裁定
ci.清.0024.pinyin.json#644,1,41,长,2,平,3,仄,ci.清.0024.pinyin.json 第2阕第42字 语料拼音 zhǎng,待裁定
ci.清.0024.pinyin.json#644,1,48,甚,4,仄,2,平,ci.清.0024.pinyin.json 第2阕第49字 语料拼音 shén,待裁定
ci.清.0024.pinyin.json#651,0,30,别,4,仄,2,平,ci.清.0024.pinyin.json 第1阕第31字 语料拼音 bié,待裁定
ci.清.0024.pinyin.json#654,0,48,绝,4,仄,2,平,ci.清.0024.pinyin.json 第1阕第49字 语料拼音 jué,待裁定
ci.清.0024.pinyin.json#654,1,27,别,4,仄,2,平,ci.清.0024.pinyin.json 第2阕第28字 语料拼音 bié,待裁定
ci.清.0024.pinyin.json#655,0,8,长,2,平,3,仄,ci.清.0024.pinyin.json 第1阕第9字 语料拼音 zhǎng,待裁定
ci.清.0024.pinyin.json#655,0,25,别,4,仄,2,平,ci.清.0024.pinyin.json 第1阕第26字 语料拼音 bié,待裁定
ci.清.0024.pinyin.json#655,1,14,绝,4,仄,2,平,ci.清.0024.pinyin.json 第2阕第15字 语料拼音 jué,待裁定
ci.清.0024.pinyin.json#657,0,47,长,2,平,3,仄,ci.清.0024.pinyin.json 第1阕第48字 语料拼音 zhǎng,待裁定
ci.清.0024.pinyin.json#658,1,10,绝,4,仄,2,平,ci.清.0024.pinyin.json 第2阕第11字 语料拼音 jué,待裁定
ci.清.0024.pinyin.json#666,0,20,别,4,仄,2,平,ci.清.0024.pinyin.json 第1阕第21字 语料拼音 bié,待裁定
ci.清.0024.pinyin.json#667,1,8,别,4,仄,2,平,ci.清.0024.pinyin.json 第2阕第9字 语料拼音 bié,待裁定
ci.清.0024.pinyin.json#669,1,13,长,2,平,3,仄,ci.清.0024.pinyin.json 第2阕第14字 语料拼音 zhǎng,待裁定
ci.清.0024.pinyin.json#673,1,31,别,4,仄,2,平,ci.清.0024.pinyin.json 第2阕第32字 语料拼音 bié,待裁定
ci.清.0024.pinyin.json#675,0,18,别,4,仄,2,平,ci.清.0024.pinyin.json 第1阕第19字 语料拼音 bié,待裁定
ci.清.0024.pinyin.json#675,1,41,甚,4,仄,2,平,ci.清.0024.pinyin.json 第2阕第42字 语料拼音 shén,待裁定
ci.清.0024.pinyin.json#677,0,48,甚,4,仄,2,平,ci.清.0024.pinyin.json 第1阕第49字 语料拼音 shén,待裁定
ci.清.0024.pinyin.json#681,0,39,别,4,仄,2,平,ci.清.0024.pinyin.json 第1阕第40字 语料拼音 bié,待裁定
ci.清.0024.pinyin.json#684,1,40,长,2,平,3,仄,ci.清.0024.pinyin.json 第2阕第41字 语料拼音 zhǎng,待裁定
ci.清.0024.pinyin.json#688,1,0,别,4,仄,2,平,ci.清.0024.pinyin.json 第2阕第1字 语料拼音 bié,待裁定
ci.清.0024.pinyin.json#690,0,4,别,4,仄,2,平,ci.清.0024.pinyin.json 第1阕第5字 语料拼音 bié,待裁定
ci.清.0024.pinyin.json#693,0,20,绝,4,仄,2,平,ci.清.0024.pinyin.json 第1阕第21字 语料拼音 jué,待裁定
ci.清.0024.pinyin.json#696,1,40,别,4,仄,2,平,ci.清.0024.pinyin.json 第2阕第41字 语料拼音 bié,待裁定
ci.清.0024.pinyin.json#704,0,12,长,2,平,3,仄,ci.清.0024.pinyin.json 第1阕第13字 语料拼音 zhǎng,待裁定
ci.清.0024.pinyin.json#708,0,15,长,2,平,3,仄,ci.清.0024.pinyin.json 第1阕第16字 语料拼音 zhǎng,待裁定
ci.清.0024.pinyin.json#709,0,8,长,2,平,3,仄,ci.清.0024.pinyin.json 第1阕第9字 语料拼音 zhǎng,待裁定
ci.清.0024.pinyin.json#712,1,11,长,2,平,3,仄,ci.清.0024.pinyin.json 第2阕第12字 语料拼音 zhǎng,待裁定
ci.清.0024.pinyin.json#716,0,38,别,4,仄,2,平,ci.清.0024.pinyin.json 第1阕第39字 语料拼音 bié,待裁定
ci.清.0024.pinyin.json#718,1,23,甚,4,仄,2,平,ci.清.0024.pinyin.json 第2阕第24字 语料拼音 shén,待裁定
ci.清.0024.pinyin.json#719,0,43,甚,4,仄,2,平,ci.清.0024.pinyin.json 第1阕第44字 语料拼音 shén,待裁定
ci.清.0024.pinyin.json#719,1,38,别,4,仄,2,平,ci.清.0024.pinyin.json 第2阕第39字 语料拼音 bié,待裁定
ci.清.0024.pinyin.json#721,1,3,甚,4,仄,2,平,ci.清.0024.pinyin.json 第2阕第4字 语料拼音 shén,待裁定
ci.清.0024.pinyin.json#731,0,1,长,2,平,3,仄,ci.清.0024.pinyin.json 第1阕第2字 语料拼音 zhǎng,待裁定
ci.清.0024.pinyin.json#736,0,15,别,4,仄,2,平,ci.清.0024.pinyin.json 第1阕第16字 语料拼音 bié,待裁定
ci.清.0024.pinyin.json#743,1,18,长,2,平,3,仄,ci.清.0024.pinyin.json 第2阕第19字 语料拼音 zhǎng,待裁定
ci.清.0024.pinyin.json#751,1,13,长,2,平,3,仄,ci.清.0024.pinyin.json 第2阕第14字 语料拼音 zhǎng,待裁定
ci.清.0024.pinyin.json#756,1,21,别,4,仄,2,平,ci.清.0024.pinyin.json 第2阕第22字 语料拼音 bié,待裁定
ci.清.0024.pinyin.json#760,1,12,别,4,仄,2,平,ci.清.0024.pinyin.json 第2阕第13字 语料拼音 bié,待裁定
ci.清.0024.pinyin.json#765,0,1,别,4,仄,2,平,ci.清.0024.pinyin.json 第1阕第2字 语料拼音 bié,待裁定
ci.清.0024.pinyin.json#772,1,10,甚,4,仄,2,平,ci.清.0024.pinyin.json 第2阕第11字 语料拼音 shén,待裁定
ci.清.0024.pinyin.json#774,0,32,长,2,平,3,仄,ci.清.0024.pinyin.json 第1阕第33字 语料拼音 zhǎng,待裁定
ci.清.0024.pinyin.json#775,0,14,长,2,平,3,仄,ci.清.0024.pinyin.json 第1阕第15字 语料拼音 zhǎng,待裁定
ci.清.0024.pinyin.json#775,0,44,甚,4,仄,2,平,ci.清.0024.pinyin.json 第1阕第45字 语料拼音 shén,待裁定
ci.清.0024.pinyin.json#775,1,0,长,2,平,3,仄,ci.清.0024.pinyin.json 第2阕第1字 语料拼音 zhǎng,待裁定
ci.清.0024.pinyin.json#776,1,19,长,2,平,3,仄,ci.清.0024.pinyin.json 第2阕第20字 语料拼音 zhǎng,待裁定
ci.清.0024.pinyin.json#777,1,4,长,2,平,3,仄,ci.清.0024.pinyin.json 第2阕第5字 语料拼音 zhǎng,待裁定
ci.清.0024.pinyin.json#783,1,13,长,2,平,3,仄,ci.清.0024.pinyin.json 第2阕第14字 语料拼音 zhǎng,待裁定
ci.清.0024.pinyin.json#785,0,14,别,4,仄,2,平,ci.清.0024.pinyin.json 第1阕第15字 语料拼音 bié,待裁定
ci.清.0024.pinyin.json#786,0,10,长,2,平,3,仄,ci.清.0024.pinyin.json 第1阕第11字 语料拼音 zhǎng,待裁定
ci.清.0024.pinyin.json#788,0,30,甚,4,仄,2,平,ci.清.0024.pinyin.json 第1阕第31字 语料拼音 shén,待裁定
ci.清.0024.pinyin.json#792,1,37,甚,4,仄,2,平,ci.清.0024.pinyin.json 第2阕第38字 语料拼音 shén,待裁定
ci.清.0024.pinyin.json#802,0,6,长,2,平,3,仄,ci.清.0024.pinyin.json 第1阕第7字 语料拼音 zhǎng,待裁定
ci.清.0024.pinyin.json#806,0,23,别,4,仄,2,平,ci.清.0024.pinyin.json 第1阕第24字 语料拼音 bié,待裁定
ci.清.0024.pinyin.json#807,1,43,别,4,仄,2,平,ci.清.0024.pinyin.json 第2阕第44字 语料拼音 bié,待裁定
ci.清.0024.pinyin.json#808,1,52,别,4,仄,2,平,ci.清.0024.pinyin.json 第2阕第53字 语料拼音 bié,待裁定
ci.清.0024.pinyin.json#810,1,3,别,4,仄,2,平,ci.清.0024.pinyin.json 第2阕第4字 语料拼音 bié,待裁定
ci.清.0024.pinyin.json#814,1,5,甚,4,仄,2,平,ci.清.0024.pinyin.json 第2阕第6字 语料拼音 shén,待裁定
ci.清.0024.pinyin.json#819,1,10,甚,4,仄,2,平,ci.清.0024.pinyin.json 第2阕第11字 语料拼音 shén,待裁定
ci.清.0024.pinyin.json#820,0,48,长,2,平,3,仄,ci.清.0024.pinyin.json 第1阕第49字 语料拼音 zhǎng,待裁定
ci.清.0024.pinyin.json#823,0,17,长,2,平,3,仄,ci.清.0024.pinyin.json 第1阕第18字 语料拼音 zhǎng,待裁定
ci.清.0024.pinyin.json#825,1,29,甚,4,仄,2,平,ci.清.0024.pinyin.json 第2阕第30字 语料拼音 shén,待裁定
ci.清.0024.pinyin.json#827,0,1,别,4,仄,2,平,ci.清.0024.pinyin.json 第1阕第2字 语料拼音 bié,待裁定
ci.清.0024.pinyin.json#828,1,32,甚,4,仄,2,平,ci.清.0024.pinyin.json 第2阕第33字 语料拼音 shén,待裁定
ci.清.0024.pinyin.json#829,1,16,别,4,仄,2,平,ci.清.0024.pinyin.json 第2阕第17字 语料拼音 bié,待裁定
ci.清.0024.pinyin.json#833,0,22,长,2,平,3,仄,ci.清.0024.pinyin.json 第1阕第23字 语料拼音 zhǎng,待裁定
ci.清.0024.pinyin.json#834,1,20,绝,4,仄,2,平,ci.清.0024.pinyin.json 第2阕第21字 语料拼音 jué,待裁定
ci.清.0024.pinyin.json#835,0,40,甚,4,仄,2,平,ci.清.0024.pinyin.json 第1阕第41字 语料拼音 shén,待裁定
ci.清.0024.pinyin.json#836,0,25,别,4,仄,2,平,ci.清.0024.pinyin.json 第1阕第26字 语料拼音 bié,待裁定
ci.清.0024.pinyin.json#839,0,16,长,2,平,3,仄,ci.清.0024.pinyin.json 第1阕第17字 语料拼音 zhǎng,待裁定
ci.清.0024.pinyin.json#840,1,4,长,2,平,3,仄,ci.清.0024.pinyin.json 第2阕第5字 语料拼音 zhǎng,待裁定
ci.清.0024.pinyin.json#844,0,13,绝,4,仄,2,平,ci.清.0024.pinyin.json 第1阕第14字 语料拼音 jué,待裁定
ci.清.0024.pinyin.json#844,1,18,绝,4,仄,2,平,ci.清.0024.pinyin.json 第2阕第19字 语料拼音 jué,待裁定
ci.清.0024.pinyin.json#847,1,0,别,4,仄,2,平,ci.清.0024.pinyin.json 第2阕第1字 语料拼音 bié,待裁定
ci.清.0024.pinyin.json#851,1,36,长,2,平,3,仄,ci.清.0024.pinyin.json 第2阕第37字 语料拼音 zhǎng,待裁定
ci.清.0024.pinyin.json#861,0,13,甚,4,仄,2,平,ci.清.0024.pinyin.json 第1阕第14字 语料拼音 shén,待裁定
ci.清.0024.pinyin.json#865,0,0,长,2,平,3,仄,ci.清.0024.pinyin.json 第1阕第1字 语料拼音 zhǎng,待裁定
ci.清.0024.pinyin.json#867,0,14,长,2,平,3,仄,ci.清.0024.pinyin.json 第1阕第15字 语料拼音 zhǎng,待裁定
ci.清.0024.pinyin.json#870,1,5,长,2,平,3,仄,ci.清.0024.pinyin.json 第2阕第6字 语料拼音 zhǎng,待裁定
ci.清.0024.pinyin.json#871,0,14,长,2,平,3,仄,ci.清.0024.pinyin.json 第1阕第15字 语料拼音 zhǎng,待裁定
ci.清.0024.pinyin.json#877,1,11,长,2,平,3,仄,ci.清.0024.pinyin.json 第2阕第12字 语料拼音 zhǎng,待裁定
ci.清.0024.pinyin.json#878,1,11,别,4,仄,2,平,ci.清.0024.pinyin.json 第2阕第12字 语料拼音 bié,待裁定
ci.清.0024.pinyin.json#879,0,10,长,2,平,3,仄,ci.清.0024.pinyin.json 第1阕第11字 语料拼音 zhǎng,待裁定
ci.清.0024.pinyin.json#879,1,9,长,2,平,3,仄,ci.清.0024.pinyin.json 第2阕第10字 语料拼音 zhǎng,待裁定
ci.清.0024.pinyin.json#882,0,14,别,4,仄,2,平,ci.清.0024.pinyin.json 第1阕第15字 语料拼音 bié,待裁定
ci.清.0024.pinyin.json#887,0,4,别,4,仄,2,平,ci.清.0024.pinyin.json 第1阕第5字 语料拼音 bié,待裁定
ci.清.0024.pinyin.json#892,1,0,别,4,仄,2,平,ci.清.0024.pinyin.json 第2阕第1字 语料拼音 bié,待裁定
ci.清.0024.pinyin.json#893,0,7,别,4,仄,2,平,ci.清.0024.pinyin.json 第1阕第8字 语料拼音 bié,待裁定
ci.清.0024.pinyin.json#893,1,8,绝,4,仄,2,平,ci.清.0024.pinyin.json 第2阕第9字 语料拼音 jué,待裁定
ci.清.0024.pinyin.json#894,0,14,别,4,仄,2,平,ci.清.0024.pinyin.json 第1阕第15字 语料拼音 bié,待裁定
ci.清.0024.pinyin.json#900,0,5,长,2,平,3,仄,ci.清.0024.pinyin.json 第1阕第6字 语料拼音 zhǎng,待裁定
ci.清.0024.pinyin.json#903,1,9,别,4,仄,2,平,ci.清.0024.pinyin.json 第2阕第10字 语料拼音 bié,待裁定
ci.清.0024.pinyin.json#905,1,4,长,2,平,3,仄,ci.清.0024.pinyin.json 第2阕第5字 语料拼音 zhǎng,待裁定
ci.清.0024.pinyin.json#907,0,0,别,4,仄,2,平,ci.清.0024.pinyin.json 第1阕第1字 语料拼音 bié,待裁定
ci.清.0024.pinyin.json#917,0,7,长,2,平,3,仄,ci.清.0024.pinyin.json 第1阕第8字 语料拼音 zhǎng,待裁定
ci.清.0024.pinyin.json#917,0,21,长,2,平,3,仄,ci.清.0024.pinyin.json 第1阕第22字 语料拼音 zhǎng,待裁定
ci.清.0024.pinyin.json#925,0,16,绝,4,仄,2,平,ci.清.0024.pinyin.json 第1阕第17字 语料拼音 jué,待裁定
ci.清.0024.pinyin.json#939,0,10,别,4,仄,2,平,ci.清.0024.pinyin.json 第1阕第11字 语料拼音 bié,待裁定
ci.清.0024.pinyin.json#939,1,38,长,2,平,3,仄,ci.清.0024.pinyin.json 第2阕第39字 语料拼音 zhǎng,待裁定
ci.清.0024.pinyin.json#939,1,43,绝,4,仄,2,平,ci.清.0024.pinyin.json 第2阕第44字 语料拼音 jué,待裁定
ci.清.0024.pinyin.json#940,1,47,长,2,平,3,仄,ci.清.0024.pinyin.json 第2阕第48字 语料拼音 zhǎng,待裁定
ci.清.0024.pinyin.json#942,0,0,绝,4,仄,2,平,ci.清.0024.pinyin.json 第1阕第1字 语料拼音 jué,待裁定
ci.清.0024.pinyin.json#946,0,19,别,4,仄,2,平,ci.清.0024.pinyin.json 第1阕第20字 语料拼音 bié,待裁定
ci.清.0024.pinyin.json#947,0,9,长,2,平,3,仄,ci.清.0024.pinyin.json 第1阕第10字 语料拼音 zhǎng,待裁定
ci.清.0024.pinyin.json#950,3,11,甚,4,仄,2,平,ci.清.0024.pinyin.json 第4阕第12字 语料拼音 shén,待裁定
ci.清.0024.pinyin.json#955,0,10,别,4,仄,2,平,ci.清.0024.pinyin.json 第1阕第11字 语料拼音 bié,待裁定
ci.清.0024.pinyin.json#955,1,19,绝,4,仄,2,平,ci.清.0024.pinyin.json 第2阕第20字 语料拼音 jué,待裁定
ci.清.0024.pinyin.json#961,1,20,长,2,平,3,仄,ci.清.0024.pinyin.json 第2阕第21字 语料拼音 zhǎng,待裁定
ci.清.0024.pinyin.json#967,1,4,别,4,仄,2,平,ci.清.0024.pinyin.json 第2阕第5字 语料拼音 bié,待裁定
ci.清.0024.pinyin.json#970,0,7,长,2,平,3,仄,ci.清.0024.pinyin.json 第1阕第8字 语料拼音 zhǎng,待裁定
ci.清.0024.pinyin.json#978,1,24,绝,4,仄,2,平,ci.清.0024.pinyin.json 第2阕第25字 语料拼音 jué,待裁定
ci.清.0024.pinyin.json#980,0,1,长,2,平,3,仄,ci.清.0024.pinyin.json 第1阕第2字 语料拼音 zhǎng,待裁定
ci.清.0024.pinyin.json#983,0,28,别,4,仄,2,平,ci.清.0024.pinyin.json 第1阕第29字 语料拼音 bié,待裁定
ci.清.0024.pinyin.json#983,1,0,长,2,平,3,仄,ci.清.0024.pinyin.json 第2阕第1字 语料拼音 zhǎng,待裁定
ci.清.0024.pinyin.json#983,1,17,绝,4,仄,2,平,ci.清.0024.pinyin.json 第2阕第18字 语料拼音 jué,待裁定
ci.清.0024.pinyin.json#987,0,7,长,2,平,3,仄,ci.清.0024.pinyin.json 第1阕第8字 语料拼音 zhǎng,待裁定
ci.清.0024.pinyin.json#987,0,10,长,2,平,3,仄,ci.清.0024.pinyin.json 第1阕第11字 语料拼音 zhǎng,待裁定
ci.清.0024.pinyin.json#990,0,30,绝,4,仄,2,平,ci.清.0024.pinyin.json 第1阕第31字 语料拼音 jué,待裁定
ci.清.0024.pinyin.json#990,0,34,长,2,平,3,仄,ci.清.0024.pinyin.json 第1阕第35字 语料拼音 zhǎng,待裁定
ci.清.0024.pinyin.json#993,1,16,长,2,平,3,仄,ci.清.0024.pinyin.json 第2阕第17字 语料拼音 zhǎng,待裁定
ci.清.0025.pinyin.json#1,0,7,甚,4,仄,2,平,ci.清.0025.pinyin.json 第1阕第8字 语料拼音 shén,待裁定
ci.清.0025.pinyin.json#2,0,21,绝,4,仄,2,平,ci.清.0025.pinyin.json 第1阕第22字 语料拼音 jué,待裁定
ci.清.0025.pinyin.json#2,1,44,长,2,平,3,仄,ci.清.0025.pinyin.json 第2阕第45字 语料拼音 zhǎng,待裁定
ci.清.0025.pinyin.json#2,1,45,别,4,仄,2,平,ci.清.0025.pinyin.json 第2阕第46字 语料拼音 bié,待裁定
ci.清.0025.pinyin.json#3,1,5,绝,4,仄,2,平,ci.清.0025.pinyin.json 第2阕第6字 语料拼音 jué,待裁定
ci.清.0025.pinyin.json#3,1,13,别,4,仄,2,平,ci.清.0025.pinyin.json 第2阕第14字 语料拼音 bié,待裁定
ci.清.0025.pinyin.json#5,0,5,长,2,平,3,仄,ci.清.0025.pinyin.json 第1阕第6字 语料拼音 zhǎng,待裁定
ci.清.0025.pinyin.json#23,0,2,别,4,仄,2,平,ci.清.0025.pinyin.json 第1阕第3字 语料拼音 bié,待裁定
ci.清.0025.pinyin.json#24,0,3,别,4,仄,2,平,ci.清.0025.pinyin.json 第1阕第4字 语料拼音 bié,待裁定
ci.清.0025.pinyin.json#28,0,0,长,2,平,3,仄,ci.清.0025.pinyin.json 第1阕第1字 语料拼音 zhǎng,待裁定
ci.清.0025.pinyin.json#51,0,3,别,4,仄,2,平,ci.清.0025.pinyin.json 第1阕第4字 语料拼音 bié,待裁定
ci.清.0025.pinyin.json#54,0,6,绝,4,仄,2,平,ci.清.0025.pinyin.json 第1阕第7字 语料拼音 jué,待裁定
ci.清.0025.pinyin.json#54,1,0,别,4,仄,2,平,ci.清.0025.pinyin.json 第2阕第1字 语料拼音 bié,待裁定
ci.清.0025.pinyin.json#57,0,20,别,4,仄,2,平,ci.清.0025.pinyin.json 第1阕第21字 语料拼音 bié,待裁定
ci.清.0025.pinyin.json#60,0,7,长,2,平,3,仄,ci.清.0025.pinyin.json 第1阕第8字 语料拼音 zhǎng,待裁定
ci.清.0025.pinyin.json#60,1,27,长,2,平,3,仄,ci.清.0025.pinyin.json 第2阕第28字 语料拼音 zhǎng,待裁定
ci.清.0025.pinyin.json#66,0,25,别,4,仄,2,平,ci.清.0025.pinyin.json 第1阕第26字 语料拼音 bié,待裁定
ci.清.0025.pinyin.json#67,1,0,别,4,仄,2,平,ci.清.0025.pinyin.json 第2阕第1字 语料拼音 bié,待裁定
ci.清.0025.pinyin.json#70,1,12,长,2,平,3,仄,ci.清.0025.pinyin.json 第2阕第13字 语料拼音 zhǎng,待裁定
ci.清.0025.pinyin.json#71,0,22,别,4,仄,2,平,ci.清.0025.pinyin.json 第1阕第23字 语料拼音 bié,待裁定
ci.清.0025.pinyin.json#81,1,7,别,4,仄,2,平,ci.清.0025.pinyin.json 第2阕第8字 语料拼音 bié,待裁定
ci.清.0025.pinyin.json#84,0,26,别,4,仄,2,平,ci.清.0025.pinyin.json 第1阕第27字 语料拼音 bié,待裁定
ci.清.0025.pinyin.json#85,0,10,长,2,平,3,仄,ci.清.0025.pinyin.json 第1阕第11字 语料拼音 zhǎng,待裁定
ci.清.0025.pinyin.json#85,0,14,长,2,平,3,仄,ci.清.0025.pinyin.json 第1阕第15字 语料拼音 zhǎng,待裁定
ci.清.0025.pinyin.json#90,1,25,长,2,平,3,仄,ci.清.0025.pinyin.json 第2阕第26字 语料拼音 zhǎng,待裁定
ci.清.0025.pinyin.json#95,1,8,绝,4,仄,2,平,ci.清.0025.pinyin.json 第2阕第9字 语料拼音 jué,待裁定
ci.清.0025.pinyin.json#96,1,10,别,4,仄,2,平,ci.清.0025.pinyin.json 第2阕第11字 语料拼音 bié,待裁定
ci.清.0025.pinyin.json#98,1,4,别,4,仄,2,平,ci.清.0025.pinyin.json 第2阕第5字 语料拼音 bié,待裁定
ci.清.0025.pinyin.json#113,0,26,长,2,平,3,仄,ci.清.0025.pinyin.json 第1阕第27字 语料拼音 zhǎng,待裁定
ci.清.0025.pinyin.json#122,1,42,长,2,平,3,仄,ci.清.0025.pinyin.json 第2阕第43字 语料拼音 zhǎng,待裁定
ci.清.0025.pinyin.json#125,0,0,长,2,平,3,仄,ci.清.0025.pinyin.json 第1阕第1字 语料拼音 zhǎng,待裁定
ci.清.0025.pinyin.json#139,0,16,别,4,仄,2,平,ci.清.0025.pinyin.json 第1阕第17字 语料拼音 bié,待裁定
ci.清.0025.pinyin.json#143,1,28,长,2,平,3,仄,ci.清.0025.pinyin.json 第2阕第29字 语料拼音 zhǎng,待裁定
ci.清.0025.pinyin.json#144,0,37,别,4,仄,2,平,ci.清.0025.pinyin.json 第1阕第38字 语料拼音 bié,待裁定
ci.清.0025.pinyin.json#148,1,27,长,2,平,3,仄,ci.清.0025.pinyin.json 第2阕第28字 语料拼音 zhǎng,待裁定
ci.清.0025.pinyin.json#153,1,40,长,2,平,3,仄,ci.清.0025.pinyin.json 第2阕第41字 语料拼音 zhǎng,待裁定
ci.清.0025.pinyin.json#155,0,29,长,2,平,3,仄,ci.清.0025.pinyin.json 第1阕第30字 语料拼音 zhǎng,待裁定
ci.清.0025.pinyin.json#157,0,35,长,2,平,3,仄,ci.清.0025.pinyin.json 第1阕第36字 语料拼音 zhǎng,待裁定
ci.清.0025.pinyin.json#162,0,38,甚,4,仄,2,平,ci.清.0025.pinyin.json 第1阕第39字 语料拼音 shén,待裁定
ci.清.0025.pinyin.json#164,1,39,长,2,平,3,仄,ci.清.0025.pinyin.json 第2阕第40字 语料拼音 zhǎng,待裁定
ci.清.0025.pinyin.json#168,0,18,别,4,仄,2,平,ci.清.0025.pinyin.json 第1阕第19字 语料拼音 bié,待裁定
ci.清.0025.pinyin.json#170,1,14,别,4,仄,2,平,ci.清.0025.pinyin.json 第2阕第15字 语料拼音 bié,待裁定
ci.清.0025.pinyin.json#171,2,12,长,2,平,3,仄,ci.清.0025.pinyin.json 第3阕第13字 语料拼音 zhǎng,待裁定
ci.清.0025.pinyin.json#173,0,12,绝,4,仄,2,平,ci.清.0025.pinyin.json 第1阕第13字 语料拼音 jué,待裁定
ci.清.0025.pinyin.json#173,0,45,长,2,平,3,仄,ci.清.0025.pinyin.json 第1阕第46字 语料拼音 zhǎng,待裁定
ci.清.0025.pinyin.json#173,1,10,长,2,平,3,仄,ci.清.0025.pinyin.json 第2阕第11字 语料拼音 zhǎng,待裁定
ci.清.0025.pinyin.json#173,1,14,别,4,仄,2,平,ci.清.0025.pinyin.json 第2阕第15字 语料拼音 bié,待裁定
ci.清.0025.pinyin.json#174,1,3,别,4,仄,2,平,ci.清.0025.pinyin.json 第2阕第4字 语料拼音 bié,待裁定
ci.清.0025.pinyin.json#176,1,31,长,2,平,3,仄,ci.清.0025.pinyin.json 第2阕第32字 语料拼音 zhǎng,待裁定
ci.清.0025.pinyin.json#182,1,39,别,4,仄,2,平,ci.清.0025.pinyin.json 第2阕第40字 语料拼音 bié,待裁定
ci.清.0025.pinyin.json#183,1,28,长,2,平,3,仄,ci.清.0025.pinyin.json 第2阕第29字 语料拼音 zhǎng,待裁定
ci.清.0025.pinyin.json#184,1,48,绝,4,仄,2,平,ci.清.0025.pinyin.json 第2阕第49字 语料拼音 jué,待裁定
ci.清.0025.pinyin.json#185,1,17,绝,4,仄,2,平,ci.清.0025.pinyin.json 第2阕第18字 语料拼音 jué,待裁定
ci.清.0025.pinyin.json#185,1,52,长,2,平,3,仄,ci.清.0025.pinyin.json 第2阕第53字 语料拼音 zhǎng,待裁定
ci.清.0025.pinyin.json#188,0,6,长,2,平,3,仄,ci.清.0025.pinyin.json 第1阕第7字 语料拼音 zhǎng,待裁定
ci.清.0025.pinyin.json#194,0,27,长,2,平,3,仄,ci.清.0025.pinyin.json 第1阕第28字 语料拼音 zhǎng,待裁定
ci.清.0025.pinyin.json#194,1,46,长,2,平,3,仄,ci.清.0025.pinyin.json 第2阕第47字 语料拼音 zhǎng,待裁定
ci.清.0025.pinyin.json#199,0,4,长,2,平,3,仄,ci.清.0025.pinyin.json 第1阕第5字 语料拼音 zhǎng,待裁定
ci.清.0025.pinyin.json#201,1,14,绝,4,仄,2,平,ci.清.0025.pinyin.json 第2阕第15字 语料拼音 jué,待裁定
ci.清.0025.pinyin.json#201,1,50,别,4,仄,2,平,ci.清.0025.pinyin.json 第2阕第51字 语料拼音 bié,待裁定
ci.清.0025.pinyin.json#203,0,25,长,2,平,3,仄,ci.清.0025.pinyin.json 第1阕第26字 语料拼音 zhǎng,待裁定
ci.清.0025.pinyin.json#204,0,7,长,2,平,3,仄,ci.清.0025.pinyin.json 第1阕第8字 语料拼音 zhǎng,待裁定
ci.清.0025.pinyin.json#205,1,0,长,2,平,3,仄,ci.清.0025.pinyin.json 第2阕第1字 语料拼音 zhǎng,待裁定
ci.清.0025.pinyin.json#206,0,3,长,2,平,3,仄,ci.清.0025.pinyin.json 第1阕第4字 语料拼音 zhǎng,待裁定
ci.清.0025.pinyin.json#210,1,4,长,2,平,3,仄,ci.清.0025.pinyin.json 第2阕第5字 语料拼音 zhǎng,待裁定
ci.清.0025.pinyin.json#215,0,18,别,4,仄,2,平,ci.清.0025.pinyin.json 第1阕第19字 语料拼音 bié,待裁定
ci.清.0025.pinyin.json#219,1,0,长,2,平,3,仄,ci.清.0025.pinyin.json 第2阕第1字 语料拼音 zhǎng,待裁定
ci.清.0025.pinyin.json#219,1,3,别,4,仄,2,平,ci.清.0025.pinyin.json 第2阕第4字 语料拼音 bié,待裁定
ci.清.0025.pinyin.json#220,0,3,长,2,平,3,仄,ci.清.0025.pinyin.json 第1阕第4字 语料拼音 zhǎng,待裁定
ci.清.0025.pinyin.json#224,0,15,长,2,平,3,仄,ci.清.0025.pinyin.json 第1阕第16字 语料拼音 zhǎng,待裁定
ci.清.0025.pinyin.json#225,0,8,长,2,平,3,仄,ci.清.0025.pinyin.json 第1阕第9字 语料拼音 zhǎng,待裁定
ci.清.0025.pinyin.json#230,0,20,长,2,平,3,仄,ci.清.0025.pinyin.json 第1阕第21字 语料拼音 zhǎng,待裁定
ci.清.0025.pinyin.json#237,0,13,别,4,仄,2,平,ci.清.0025.pinyin.json 第1阕第14字 语料拼音 bié,待裁定
ci.清.0025.pinyin.json#237,1,47,长,2,平,3,仄,ci.清.0025.pinyin.json 第2阕第48字 语料拼音 zhǎng,待裁定
ci.清.0025.pinyin.json#238,0,45,长,2,平,3,仄,ci.清.0025.pinyin.json 第1阕第46字 语料拼音 zhǎng,待裁定
ci.清.0025.pinyin.json#244,0,45,别,4,仄,2,平,ci.清.0025.pinyin.json 第1阕第46字 语料拼音 bié,待裁定
ci.清.0025.pinyin.json#251,1,11,长,2,平,3,仄,ci.清.0025.pinyin.json 第2阕第12字 语料拼音 zhǎng,待裁定
ci.清.0025.pinyin.json#252,0,15,长,2,平,3,仄,ci.清.0025.pinyin.json 第1阕第16字 语料拼音 zhǎng,待裁定
ci.清.0025.pinyin.json#252,1,10,别,4,仄,2,平,ci.清.0025.pinyin.json 第2阕第11字 语料拼音 bié,待裁定
ci.清.0025.pinyin.json#253,1,0,别,4,仄,2,平,ci.清.0025.pinyin.json 第2阕第1字 语料拼音 bié,待裁定
ci.清.0025.pinyin.json#256,0,26,别,4,仄,2,平,ci.清.0025.pinyin.json 第1阕第27字 语料拼音 bié,待裁定
ci.清.0025.pinyin.json#261,1,18,别,4,仄,2,平,ci.清.0025.pinyin.json 第2阕第19字 语料拼音 bié,待裁定
ci.清.0025.pinyin.json#267,0,13,别,4,仄,2,平,ci.清.0025.pinyin.json 第1阕第14字 语料拼音 bié,待裁定
ci.清.0025.pinyin.json#267,1,11,长,2,平,3,仄,ci.清.0025.pinyin.json 第2阕第12字 语料拼音 zhǎng,待裁定
ci.清.0025.pinyin.json#268,0,6,别,4,仄,2,平,ci.清.0025.pinyin.json 第1阕第7字 语料拼音 bié,待裁定
ci.清.0025.pinyin.json#268,1,0,别,4,仄,2,平,ci.清.0025.pinyin.json 第2阕第1字 语料拼音 bié,待裁定
ci.清.0025.pinyin.json#272,0,6,绝,4,仄,2,平,ci.清.0025.pinyin.json 第1阕第7字 语料拼音 jué,待裁定
ci.清.0025.pinyin.json#274,1,37,长,2,平,3,仄,ci.清.0025.pinyin.json 第2阕第38字 语料拼音 zhǎng,待裁定
ci.清.0025.pinyin.json#277,1,6,别,4,仄,2,平,ci.清.0025.pinyin.json 第2阕第7字 语料拼音 bié,待裁定
ci.清.0025.pinyin.json#279,0,6,长,2,平,3,仄,ci.清.0025.pinyin.json 第1阕第7字 语料拼音 zhǎng,待裁定
ci.清.0025.pinyin.json#280,1,16,别,4,仄,2,平,ci.清.0025.pinyin.json 第2阕第17字 语料拼音 bié,待裁定
ci.清.0025.pinyin.json#282,0,15,别,4,仄,2,平,ci.清.0025.pinyin.json 第1阕第16字 语料拼音 bié,待裁定
ci.清.0025.pinyin.json#285,1,28,长,2,平,3,仄,ci.清.0025.pinyin.json 第2阕第29字 语料拼音 zhǎng,待裁定
ci.清.0025.pinyin.json#287,0,40,别,4,仄,2,平,ci.清.0025.pinyin.json 第1阕第41字 语料拼音 bié,待裁定
ci.清.0025.pinyin.json#287,1,10,甚,4,仄,2,平,ci.清.0025.pinyin.json 第2阕第11字 语料拼音 shén,待裁定
ci.清.0025.pinyin.json#290,1,6,甚,4,仄,2,平,ci.清.0025.pinyin.json 第2阕第7字 语料拼音 shén,待裁定
ci.清.0025.pinyin.json#290,1,15,绝,4,仄,2,平,ci.清.0025.pinyin.json 第2阕第16字 语料拼音 jué,待裁定
ci.清.0025.pinyin.json#296,0,4,长,2,平,3,仄,ci.清.0025.pinyin.json 第1阕第5字 语料拼音 zhǎng,待裁定
ci.清.0025.pinyin.json#298,0,33,长,2,平,3,仄,ci.清.0025.pinyin.json 第1阕第34字 语料拼音 zhǎng,待裁定
ci.清.0025.pinyin.json#298,0,39,甚,4,仄,2,平,ci.清.0025.pinyin.json 第1阕第40字 语料拼音 shén,待裁定
ci.清.0025.pinyin.json#298,1,24,长,2,平,3,仄,ci.清.0025.pinyin.json 第2阕第25字 语料拼音 zhǎng,待裁定
ci.清.0025.pinyin.json#299,0,35,长,2,平,3,仄,ci.清.0025.pinyin.json 第1阕第36字 语料拼音 zhǎng,待裁定
ci.清.0025.pinyin.json#299,1,5,绝,4,仄,2,平,ci.清.0025.pinyin.json 第2阕第6字 语料拼音 jué,待裁定
ci.清.0025.pinyin.json#301,0,1,别,4,仄,2,平,ci.清.0025.pinyin.json 第1阕第2字 语料拼音 bié,待裁定
ci.清.0025.pinyin.json#301,1,11,长,2,平,3,仄,ci.清.0025.pinyin.json 第2阕第12字 语料拼音 zhǎng,待裁定
ci.清.0025.pinyin.json#303,1,1,别,4,仄,2,平,ci.清.0025.pinyin.json 第2阕第2字 语料拼音 bié,待裁定
ci.清.0025.pinyin.json#308,0,21,长,2,平,3,仄,ci.清.0025.pinyin.json 第1阕第22字 语料拼音 zhǎng,待裁定
ci.清.0025.pinyin.json#313,0,34,绝,4,仄,2,平,ci.清.0025.pinyin.json 第1阕第35字 语料拼音 jué,待裁定
ci.清.0025.pinyin.json#315,0,16,别,4,仄,2,平,ci.清.0025.pinyin.json 第1阕第17字 语料拼音 bié,待裁定
ci.清.0025.pinyin.json#322,0,19,长,2,平,3,仄,ci.清.0025.pinyin.json 第1阕第20字 语料拼音 zhǎng,待裁定
ci.清.0025.pinyin.json#325,1,6,长,2,平,3,仄,ci.清.0025.pinyin.json 第2阕第7字 语料拼音 zhǎng,待裁定
ci.清.0025.pinyin.json#326,0,6,别,4,仄,2,平,ci.清.0025.pinyin.json 第1阕第7字 语料拼音 bié,待裁定
ci.清.0025.pinyin.json#328,0,11,别,4,仄,2,平,ci.清.0025.pinyin.json 第1阕第12字 语料拼音 bié,待裁定
ci.清.0025.pinyin.json#330,0,26,别,4,仄,2,平,ci.清.0025.pinyin.json 第1阕第27字 语料拼音 bié,待裁定
ci.清.0025.pinyin.json#331,0,4,甚,4,仄,2,平,ci.清.0025.pinyin.json 第1阕第5字 语料拼音 shén,待裁定
ci.清.0025.pinyin.json#332,0,0,别,4,仄,2,平,ci.清.0025.pinyin.json 第1阕第1字 语料拼音 bié,待裁定
ci.清.0025.pinyin.json#336,1,17,长,2,平,3,仄,ci.清.0025.pinyin.json 第2阕第18字 语料拼音 zhǎng,待裁定
ci.清.0025.pinyin.json#340,0,17,长,2,平,3,仄,ci.清.0025.pinyin.json 第1阕第18字 语料拼音 zhǎng,待裁定
ci.清.0025.pinyin.json#342,0,12,长,2,平,3,仄,ci.清.0025.pinyin.json 第1阕第13字 语料拼音 zhǎng,待裁定
ci.清.0025.pinyin.json#344,0,42,别,4,仄,2,平,ci.清.0025.pinyin.json 第1阕第43字 语料拼音 bié,待裁定
ci.清.0025.pinyin.json#345,1,19,甚,4,仄,2,平,ci.清.0025.pinyin.json 第2阕第20字 语料拼音 shén,待裁定
ci.清.0025.pinyin.json#345,1,25,别,4,仄,2,平,ci.清.0025.pinyin.json 第2阕第26字 语料拼音 bié,待裁定
ci.清.0025.pinyin.json#354,0,20,甚,4,仄,2,平,ci.清.0025.pinyin.json 第1阕第21字 语料拼音 shén,待裁定
ci.清.0025.pinyin.json#355,1,27,长,2,平,3,仄,ci.清.0025.pinyin.json 第2阕第28字 语料拼音 zhǎng,待裁定
ci.清.0025.pinyin.json#355,1,38,别,4,仄,2,平,ci.清.0025.pinyin.json 第2阕第39字 语料拼音 bié,待裁定
ci.清.0025.pinyin.json#356,1,7,甚,4,仄,2,平,ci.清.0025.pinyin.json 第2阕第8字 语料拼音 shén,待裁定
ci.清.0025.pinyin.json#359,0,12,长,2,平,3,仄,ci.清.0025.pinyin.json 第1阕第13字 语料拼音 zhǎng,待裁定
ci.清.0025.pinyin.json#362,1,3,长,2,平,3,仄,ci.清.0025.pinyin.json 第2阕第4字 语料拼音 zhǎng,待裁定
ci.清.0025.pinyin.json#362,1,14,长,2,平,3,仄,ci.清.0025.pinyin.json 第2阕第15字 语料拼音 zhǎng,待裁定
ci.清.0025.pinyin.json#368,1,31,甚,4,仄,2,平,ci.清.0025.pinyin.json 第2阕第32字 语料拼音 shén,待裁定
ci.清.0025.pinyin.json#369,0,19,甚,4,仄,2,平,ci.清.0025.pinyin.json 第1阕第20字 语料拼音 shén,待裁定
ci.清.0025.pinyin.json#369,0,22,别,4,仄,2,平,ci.清.0025.pinyin.json 第1阕第23字 语料拼音 bié,待裁定
ci.清.0025.pinyin.json#370,0,4,长,2,平,3,仄,ci.清.0025.pinyin.json 第1阕第5字 语料拼音 zhǎng,待裁定
ci.清.0025.pinyin.json#376,1,16,长,2,平,3,仄,ci.清.0025.pinyin.json 第2阕第17字 语料拼音 zhǎng,待裁定
ci.清.0025.pinyin.json#377,0,32,长,2,平,3,仄,ci.清.0025.pinyin.json 第1阕第33字 语料拼音 zhǎng,待裁定
ci.清.0025.pinyin.json#378,0,6,甚,4,仄,2,平,ci.清.0025.pinyin.json 第1阕第7字 语料拼音 shén,待裁定
ci.清.0025.pinyin.json#385,0,17,绝,4,仄,2,平,ci.清.0025.pinyin.json 第1阕第18字 语料拼音 jué,待裁定
ci.清.0025.pinyin.json#385,1,42,长,2,平,3,仄,ci.清.0025.pinyin.json 第2阕第43字 语料拼音 zhǎng,待裁定
ci.清.0025.pinyin.json#386,1,14,长,2,平,3,仄,ci.清.0025.pinyin.json 第2阕第15字 语料拼音 zhǎng,待裁定
ci.清.0025.pinyin.json#389,0,18,绝,4,仄,2,平,ci.清.0025.pinyin.json 第1阕第19字 语料拼音 jué,待裁定
ci.清.0025.pinyin.json#392,1,29,绝,4,仄,2,平,ci.清.0025.pinyin.json 第2阕第30字 语料拼音 jué,待裁定
ci.清.0025.pinyin.json#397,0,6,绝,4,仄,2,平,ci.清.0025.pinyin.json 第1阕第7字 语料拼音 jué,待裁定
ci.清.0025.pinyin.json#397,1,14,别,4,仄,2,平,ci.清.0025.pinyin.json 第2阕第15字 语料拼音 bié,待裁定
ci.清.0025.pinyin.json#401,0,35,绝,4,仄,2,平,ci.清.0025.pinyin.json 第1阕第36字 语料拼音 jué,待裁定
ci.清.0025.pinyin.json#401,1,11,别,4,仄,2,平,ci.清.0025.pinyin.json 第2阕第12字 语料拼音 bié,待裁定
ci.清.0025.pinyin.json#405,0,38,长,2,平,3,仄,ci.清.0025.pinyin.json 第1阕第39字 语料拼音 zhǎng,待裁定
ci.清.0025.pinyin.json#405,1,31,别,4,仄,2,平,ci.清.0025.pinyin.json 第2阕第32字 语料拼音 bié,待裁定
ci.清.0025.pinyin.json#407,1,18,别,4,仄,2,平,ci.清.0025.pinyin.json 第2阕第19字 语料拼音 bié,待裁定
ci.清.0025.pinyin.json#409,0,11,长,2,平,3,仄,ci.清.0025.pinyin.json 第1阕第12字 语料拼音 zhǎng,待裁定
ci.清.0025.pinyin.json#414,1,4,长,2,平,3,仄,ci.清.0025.pinyin.json 第2阕第5字 语料拼音 zhǎng,待裁定
ci.清.0025.pinyin.json#415,0,41,甚,4,仄,2,平,ci.清.0025.pinyin.json 第1阕第42字 语料拼音 shén,待裁定
ci.清.0025.pinyin.json#416,1,52,别,4,仄,2,平,ci.清.0025.pinyin.json 第2阕第53字 语料拼音 bié,待裁定
ci.清.0025.pinyin.json#417,1,10,别,4,仄,2,平,ci.清.0025.pinyin.json 第2阕第11字 语料拼音 bié,待裁定
ci.清.0025.pinyin.json#418,0,28,长,2,平,3,仄,ci.清.0025.pinyin.json 第1阕第29字 语料拼音 zhǎng,待裁定
ci.清.0025.pinyin.json#418,0,31,甚,4,仄,2,平,ci.清.0025.pinyin.json 第1阕第32字 语料拼音 shén,待裁定
ci.清.0025.pinyin.json#418,1,46,长,2,平,3,仄,ci.清.0025.pinyin.json 第2阕第47字 语料拼音 zhǎng,待裁定
ci.清.0025.pinyin.json#420,0,44,甚,4,仄,2,平,ci.清.0025.pinyin.json 第1阕第45字 语料拼音 shén,待裁定
ci.清.0025.pinyin.json#423,0,4,长,2,平,3,仄,ci.清.0025.pinyin.json 第1阕第5字 语料拼音 zhǎng,待裁定
ci.清.0025.pinyin.json#424,0,0,甚,4,仄,2,平,ci.清.0025.pinyin.json 第1阕第1字 语料拼音 shén,待裁定
ci.清.0025.pinyin.json#424,0,35,别,4,仄,2,平,ci.清.0025.pinyin.json 第1阕第36字 语料拼音 bié,待裁定
ci.清.0025.pinyin.json#427,1,2,长,2,平,3,仄,ci.清.0025.pinyin.json 第2阕第3字 语料拼音 zhǎng,待裁定
ci.清.0025.pinyin.json#431,0,9,别,4,仄,2,平,ci.清.0025.pinyin.json 第1阕第10字 语料拼音 bié,待裁定
ci.清.0025.pinyin.json#436,1,16,长,2,平,3,仄,ci.清.0025.pinyin.json 第2阕第17字 语料拼音 zhǎng,待裁定
ci.清.0025.pinyin.json#438,0,46,甚,4,仄,2,平,ci.清.0025.pinyin.json 第1阕第47字 语料拼音 shén,待裁定
ci.清.0025.pinyin.json#441,0,35,别,4,仄,2,平,ci.清.0025.pinyin.json 第1阕第36字 语料拼音 bié,待裁定
ci.清.0025.pinyin.json#441,1,21,甚,4,仄,2,平,ci.清.0025.pinyin.json 第2阕第22字 语料拼音 shén,待裁定
ci.清.0025.pinyin.json#444,1,3,长,2,平,3,仄,ci.清.0025.pinyin.json 第2阕第4字 语料拼音 zhǎng,待裁定
ci.清.0025.pinyin.json#448,1,5,绝,4,仄,2,平,ci.清.0025.pinyin.json 第2阕第6字 语料拼音 jué,待裁定
ci.清.0025.pinyin.json#449,0,34,长,2,平,3,仄,ci.清.0025.pinyin.json 第1阕第35字 语料拼音 zhǎng,待裁定
ci.清.0025.pinyin.json#451,1,7,甚,4,仄,2,平,ci.清.0025.pinyin.json 第2阕第8字 语料拼音 shén,待裁定
ci.清.0025.pinyin.json#452,1,37,绝,4,仄,2,平,ci.清.0025.pinyin.json 第2阕第38字 语料拼音 jué,待裁定
ci.清.0025.pinyin.json#454,0,6,绝,4,仄,2,平,ci.清.0025.pinyin.json 第1阕第7字 语料拼音 jué,待裁定
ci.清.0025.pinyin.json#456,0,8,别,4,仄,2,平,ci.清.0025.pinyin.json 第1阕第9字 语料拼音 bié,待裁定
ci.清.0025.pinyin.json#475,0,6,绝,4,仄,2,平,ci.清.0025.pinyin.json 第1阕第7字 语料拼音 jué,待裁定
ci.清.0025.pinyin.json#477,1,4,长,2,平,3,仄,ci.清.0025.pinyin.json 第2阕第5字 语料拼音 zhǎng,待裁定
ci.清.0025.pinyin.json#479,1,6,绝,4,仄,2,平,ci.清.0025.pinyin.json 第2阕第7字 语料拼音 jué,待裁定
ci.清.0025.pinyin.json#481,0,20,绝,4,仄,2,平,ci.清.0025.pinyin.json 第1阕第21字 语料拼音 jué,待裁定
ci.清.0025.pinyin.json#484,1,17,绝,4,仄,2,平,ci.清.0025.pinyin.json 第2阕第18字 语料拼音 jué,待裁定
ci.清.0025.pinyin.json#487,0,4,别,4,仄,2,平,ci.清.0025.pinyin.json 第1阕第5字 语料拼音 bié,待裁定
ci.清.0025.pinyin.json#488,0,6,长,2,平,3,仄,ci.清.0025.pinyin.json 第1阕第7字 语料拼音 zhǎng,待裁定
ci.清.0025.pinyin.json#489,1,11,别,4,仄,2,平,ci.清.0025.pinyin.json 第2阕第12字 语料拼音 bié,待裁定
ci.清.0025.pinyin.json#505,1,4,甚,4,仄,2,平,ci.清.0025.pinyin.json 第2阕第5字 语料拼音 shén,待裁定
ci.清.0025.pinyin.json#509,1,16,长,2,平,3,仄,ci.清.0025.pinyin.json 第2阕第17字 语料拼音 zhǎng,待裁定
ci.清.0025.pinyin.json#517,0,17,长,2,平,3,仄,ci.清.0025.pinyin.json 第1阕第18字 语料拼音 zhǎng,待裁定
ci.清.0025.pinyin.json#523,0,34,别,4,仄,2,平,ci.清.0025.pinyin.json 第1阕第35字 语料拼音 bié,待裁定
ci.清.0025.pinyin.json#524,1,3,长,2,平,3,仄,ci.清.0025.pinyin.json 第2阕第4字 语料拼音 zhǎng,待裁定
ci.清.0025.pinyin.json#528,0,2,长,2,平,3,仄,ci.清.0025.pinyin.json 第1阕第3字 语料拼音 zhǎng,待裁定
ci.清.0025.pinyin.json#528,1,34,长,2,平,3,仄,ci.清.0025.pinyin.json 第2阕第35字 语料拼音 zhǎng,待裁定
ci.清.0025.pinyin.json#534,1,16,绝,4,仄,2,平,ci.清.0025.pinyin.json 第2阕第17字 语料拼音 jué,待裁定
ci.清.0025.pinyin.json#535,0,12,长,2,平,3,仄,ci.清.0025.pinyin.json 第1阕第13字 语料拼音 zhǎng,待裁定
ci.清.0025.pinyin.json#537,0,6,长,2,平,3,仄,ci.清.0025.pinyin.json 第1阕第7字 语料拼音 zhǎng,待裁定
ci.清.0025.pinyin.json#546,0,9,绝,4,仄,2,平,ci.清.0025.pinyin.json 第1阕第10字 语料拼音 jué,待裁定
ci.清.0025.pinyin.json#548,1,1,绝,4,仄,2,平,ci.清.0025.pinyin.json 第2阕第2字 语料拼音 jué,待裁定
ci.清.0025.pinyin.json#549,1,2,别,4,仄,2,平,ci.清.0025.pinyin.json 第2阕第3字 语料拼音 bié,待裁定
ci.清.0025.pinyin.json#556,1,40,长,2,平,3,仄,ci.清.0025.pinyin.json 第2阕第41字 语料拼音 zhǎng,待裁定
ci.清.0025.pinyin.json#560,1,5,别,4,仄,2,平,ci.清.0025.pinyin.json 第2阕第6字 语料拼音 bié,待裁定
ci.清.0025.pinyin.json#563,1,2,长,2,平,3,仄,ci.清.0025.pinyin.json 第2阕第3字 语料拼音 zhǎng,待裁定
ci.清.0025.pinyin.json#564,0,9,绝,4,仄,2,平,ci.清.0025.pinyin.json 第1阕第10字 语料拼音 jué,待裁定
ci.清.0025.pinyin.json#567,0,23,绝,4,仄,2,平,ci.清.0025.pinyin.json 第1阕第24字 语料拼音 jué,待裁定
ci.清.0025.pinyin.json#567,0,26,绝,4,仄,2,平,ci.清.0025.pinyin.json 第1阕第27字 语料拼音 jué,待裁定
ci.清.0025.pinyin.json#569,1,36,长,2,平,3,仄,ci.清.0025.pinyin.json 第2阕第37字 语料拼音 zhǎng,待裁定
ci.清.0025.pinyin.json#570,1,0,长,2,平,3,仄,ci.清.0025.pinyin.json 第2阕第1字 语料拼音 zhǎng,待裁定
ci.清.0025.pinyin.json#571,1,11,甚,4,仄,2,平,ci.清.0025.pinyin.json 第2阕第12字 语料拼音 shén,待裁定
ci.清.0025.pinyin.json#572,0,2,长,2,平,3,仄,ci.清.0025.pinyin.json 第1阕第3字 语料拼音 zhǎng,待裁定
ci.清.0025.pinyin.json#572,1,8,别,4,仄,2,平,ci.清.0025.pinyin.json 第2阕第9字 语料拼音 bié,待裁定
ci.清.0025.pinyin.json#573,1,48,绝,4,仄,2,平,ci.清.0025.pinyin.json 第2阕第49字 语料拼音 jué,待裁定
ci.清.0025.pinyin.json#576,0,3,别,4,仄,2,平,ci.清.0025.pinyin.json 第1阕第4字 语料拼音 bié,待裁定
ci.清.0025.pinyin.json#579,1,15,长,2,平,3,仄,ci.清.0025.pinyin.json 第2阕第16字 语料拼音 zhǎng,待裁定
ci.清.0025.pinyin.json#592,1,41,甚,4,仄,2,平,ci.清.0025.pinyin.json 第2阕第42字 语料拼音 shén,待裁定
ci.清.0025.pinyin.json#596,0,18,绝,4,仄,2,平,ci.清.0025.pinyin.json 第1阕第19字 语料拼音 jué,待裁定
ci.清.0025.pinyin.json#603,1,13,长,2,平,3,仄,ci.清.0025.pinyin.json 第2阕第14字 语料拼音 zhǎng,待裁定
ci.清.0025.pinyin.json#603,1,20,别,4,仄,2,平,ci.清.0025.pinyin.json 第2阕第21字 语料拼音 bié,待裁定
ci.清.0025.pinyin.json#606,0,34,长,2,平,3,仄,ci.清.0025.pinyin.json 第1阕第35字 语料拼音 zhǎng,待裁定
ci.清.0025.pinyin.json#606,1,24,别,4,仄,2,平,ci.清.0025.pinyin.json 第2阕第25字 语料拼音 bié,待裁定
ci.清.0025.pinyin.json#610,0,36,长,2,平,3,仄,ci.清.0025.pinyin.json 第1阕第37字 语料拼音 zhǎng,待裁定
ci.清.0025.pinyin.json#611,0,44,别,4,仄,2,平,ci.清.0025.pinyin.json 第1阕第45字 语料拼音 bié,待裁定
ci.清.0025.pinyin.json#611,0,47,长,2,平,3,仄,ci.清.0025.pinyin.json 第1阕第48字 语料拼音 zhǎng,待裁定
ci.清.0025.pinyin.json#611,1,32,甚,4,仄,2,平,ci.清.0025.pinyin.json 第2阕第33字 语料拼音 shén,待裁定
ci.清.0025.pinyin.json#615,0,32,别,4,仄,2,平,ci.清.0025.pinyin.json 第1阕第33字 语料拼音 bié,待裁定
ci.清.0025.pinyin.json#615,1,10,别,4,仄,2,平,ci.清.0025.pinyin.json 第2阕第11字 语料拼音 bié,待裁定
ci.清.0025.pinyin.json#620,0,9,别,4,仄,2,平,ci.清.0025.pinyin.json 第1阕第10字 语料拼音 bié,待裁定
ci.清.0025.pinyin.json#625,0,26,别,4,仄,2,平,ci.清.0025.pinyin.json 第1阕第27字 语料拼音 bié,待裁定
ci.清.0025.pinyin.json#628,1,8,长,2,平,3,仄,ci.清.0025.pinyin.json 第2阕第9字 语料拼音 zhǎng,待裁定
ci.清.0025.pinyin.json#630,0,23,绝,4,仄,2,平,ci.清.0025.pinyin.json 第1阕第24字 语料拼音 jué,待裁定
ci.清.0025.pinyin.json#632,1,40,长,2,平,3,仄,ci.清.0025.pinyin.json 第2阕第41字 语料拼音 zhǎng,待裁定
ci.清.0025.pinyin.json#633,1,1,别,4,仄,2,平,ci.清.0025.pinyin.json 第2阕第2字 语料拼音 bié,待裁定
ci.清.0025.pinyin.json#637,0,16,别,4,仄,2,平,ci.清.0025.pinyin.json 第1阕第17字 语料拼音 bié,待裁定
ci.清.0025.pinyin.json#644,1,20,长,2,平,3,仄,ci.清.0025.pinyin.json 第2阕第21字 语料拼音 zhǎng,待裁定
ci.清.0025.pinyin.json#645,0,6,别,4,仄,2,平,ci.清.0025.pinyin.json 第1阕第7字 语料拼音 bié,待裁定
ci.清.0025.pinyin.json#645,0,18,别,4,仄,2,平,ci.清.0025.pinyin.json 第1阕第19字 语料拼音 bié,待裁定
ci.清.0025.pinyin.json#646,0,7,别,4,仄,2,平,ci.清.0025.pinyin.json 第1阕第8字 语料拼音 bié,待裁定
ci.清.0025.pinyin.json#647,0,38,别,4,仄,2,平,ci.清.0025.pinyin.json 第1阕第39字 语料拼音 bié,待裁定
ci.清.0025.pinyin.json#647,1,7,长,2,平,3,仄,ci.清.0025.pinyin.json 第2阕第8字 语料拼音 zhǎng,待裁定
ci.清.0025.pinyin.json#653,1,47,甚,4,仄,2,平,ci.清.0025.pinyin.json 第2阕第48字 语料拼音 shén,待裁定
ci.清.0025.pinyin.json#655,0,19,别,4,仄,2,平,ci.清.0025.pinyin.json 第1阕第20字 语料拼音 bié,待裁定
ci.清.0025.pinyin.json#658,1,1,绝,4,仄,2,平,ci.清.0025.pinyin.json 第2阕第2字 语料拼音 jué,待裁定
ci.清.0025.pinyin.json#663,1,15,长,2,平,3,仄,ci.清.0025.pinyin.json 第2阕第16字 语料拼音 zhǎng,待裁定
ci.清.0025.pinyin.json#665,0,17,长,2,平,3,仄,ci.清.0025.pinyin.json 第1阕第18字 语料拼音 zhǎng,待裁定
ci.清.0025.pinyin.json#668,0,3,长,2,平,3,仄,ci.清.0025.pinyin.json 第1阕第4字 语料拼音 zhǎng,待裁定
ci.清.0025.pinyin.json#668,0,34,长,2,平,3,仄,ci.清.0025.pinyin.json 第1阕第35字 语料拼音 zhǎng,待裁定
ci.清.0025.pinyin.json#672,1,17,长,2,平,3,仄,ci.清.0025.pinyin.json 第2阕第18字 语料拼音 zhǎng,待裁定
ci.清.0025.pinyin.json#679,0,35,长,2,平,3,仄,ci.清.0025.pinyin.json 第1阕第36字 语料拼音 zhǎng,待裁定
ci.清.0025.pinyin.json#681,0,22,别,4,仄,2,平,ci.清.0025.pinyin.json 第1阕第23字 语料拼音 bié,待裁定
ci.清.0025.pinyin.json#682,1,39,长,2,平,3,仄,ci.清.0025.pinyin.json 第2阕第40字 语料拼音 zhǎng,待裁定
ci.清.0025.pinyin.json#683,0,43,长,2,平,3,仄,ci.清.0025.pinyin.json 第1阕第44字 语料拼音 zhǎng,待裁定
ci.清.0025.pinyin.json#683,0,67,别,4,仄,2,平,ci.清.0025.pinyin.json 第1阕第68字 语料拼音 bié,待裁定
ci.清.0025.pinyin.json#685,1,21,别,4,仄,2,平,ci.清.0025.pinyin.json 第2阕第22字 语料拼音 bié,待裁定
ci.清.0025.pinyin.json#687,1,9,长,2,平,3,仄,ci.清.0025.pinyin.json 第2阕第10字 语料拼音 zhǎng,待裁定
ci.清.0025.pinyin.json#695,0,7,长,2,平,3,仄,ci.清.0025.pinyin.json 第1阕第8字 语料拼音 zhǎng,待裁定
ci.清.0025.pinyin.json#696,1,30,长,2,平,3,仄,ci.清.0025.pinyin.json 第2阕第31字 语料拼音 zhǎng,待裁定
ci.清.0025.pinyin.json#699,1,14,长,2,平,3,仄,ci.清.0025.pinyin.json 第2阕第15字 语料拼音 zhǎng,待裁定
ci.清.0025.pinyin.json#700,1,30,长,2,平,3,仄,ci.清.0025.pinyin.json 第2阕第31字 语料拼音 zhǎng,待裁定
ci.清.0025.pinyin.json#706,1,17,别,4,仄,2,平,ci.清.0025.pinyin.json 第2阕第18字 语料拼音 bié,待裁定
ci.清.0025.pinyin.json#707,1,15,绝,4,仄,2,平,ci.清.0025.pinyin.json 第2阕第16字 语料拼音 jué,待裁定
ci.清.0025.pinyin.json#709,1,4,长,2,平,3,仄,ci.清.0025.pinyin.json 第2阕第5字 语料拼音 zhǎng,待裁定
ci.清.0025.pinyin.json#714,1,7,长,2,平,3,仄,ci.清.0025.pinyin.json 第2阕第8字 语料拼音 zhǎng,待裁定
ci.清.0025.pinyin.json#716,0,6,长,2,平,3,仄,ci.清.0025.pinyin.json 第1阕第7字 语料拼音 zhǎng,待裁定
ci.清.0025.pinyin.json#717,0,0,别,4,仄,2,平,ci.清.0025.pinyin.json 第1阕第1字 语料拼音 bié,待裁定
ci.清.0025.pinyin.json#723,0,27,长,2,平,3,仄,ci.清.0025.pinyin.json 第1阕第28字 语料拼音 zhǎng,待裁定
ci.清.0025.pinyin.json#731,1,17,别,4,仄,2,平,ci.清.0025.pinyin.json 第2阕第18字 语料拼音 bié,待裁定
ci.清.0025.pinyin.json#733,1,0,长,2,平,3,仄,ci.清.0025.pinyin.json 第2阕第1字 语料拼音 zhǎng,待裁定
ci.清.0025.pinyin.json#733,1,8,长,2,平,3,仄,ci.清.0025.pinyin.json 第2阕第9字 语料拼音 zhǎng,待裁定
ci.清.0025.pinyin.json#734,0,18,绝,4,仄,2,平,ci.清.0025.pinyin.json 第1阕第19字 语料拼音 jué,待裁定
ci.清.0025.pinyin.json#734,0,28,别,4,仄,2,平,ci.清.0025.pinyin.json 第1阕第29字 语料拼音 bié,待裁定
ci.清.0025.pinyin.json#735,0,33,别,4,仄,2,平,ci.清.0025.pinyin.json 第1阕第34字 语料拼音 bié,待裁定
ci.清.0025.pinyin.json#741,1,5,绝,4,仄,2,平,ci.清.0025.pinyin.json 第2阕第6字 语料拼音 jué,待裁定
ci.清.0025.pinyin.json#742,1,9,长,2,平,3,仄,ci.清.0025.pinyin.json 第2阕第10字 语料拼音 zhǎng,待裁定
ci.清.0025.pinyin.json#745,0,16,长,2,平,3,仄,ci.清.0025.pinyin.json 第1阕第17字 语料拼音 zhǎng,待裁定
ci.清.0025.pinyin.json#745,0,20,别,4,仄,2,平,ci.清.0025.pinyin.json 第1阕第21字 语料拼音 bié,待裁定
ci.清.0025.pinyin.json#746,0,20,别,4,仄,2,平,ci.清.0025.pinyin.json 第1阕第21字 语料拼音 bié,待裁定
ci.清.0025.pinyin.json#747,0,41,长,2,平,3,仄,ci.清.0025.pinyin.json 第1阕第42字 语料拼音 zhǎng,待裁定
ci.清.0025.pinyin.json#748,1,26,长,2,平,3,仄,ci.清.0025.pinyin.json 第2阕第27字 语料拼音 zhǎng,待裁定
ci.清.0025.pinyin.json#751,0,10,长,2,平,3,仄,ci.清.0025.pinyin.json 第1阕第11字 语料拼音 zhǎng,待裁定
ci.清.0025.pinyin.json#751,0,34,甚,4,仄,2,平,ci.清.0025.pinyin.json 第1阕第35字 语料拼音 shén,待裁定
ci.清.0025.pinyin.json#751,1,0,长,2,平,3,仄,ci.清.0025.pinyin.json 第2阕第1字 语料拼音 zhǎng,待裁定
ci.清.0025.pinyin.json#751,1,10,长,2,平,3,仄,ci.清.0025.pinyin.json 第2阕第11字 语料拼音 zhǎng,待裁定
ci.清.0025.pinyin.json#751,1,52,长,2,平,3,仄,ci.清.0025.pinyin.json 第2阕第53字 语料拼音 zhǎng,待裁定
ci.清.0025.pinyin.json#752,1,13,别,4,仄,2,平,ci.清.0025.pinyin.json 第2阕第14字 语料拼音 bié,待裁定
ci.清.0025.pinyin.json#752,1,78,长,2,平,3,仄,ci.清.0025.pinyin.json 第2阕第79字 语料拼音 zhǎng,待裁定
ci.清.0025.pinyin.json#755,1,48,长,2,平,3,仄,ci.清.0025.pinyin.json 第2阕第49字 语料拼音 zhǎng,待裁定
ci.清.0025.pinyin.json#756,1,22,别,4,仄,2,平,ci.清.0025.pinyin.json 第2阕第23字 语料拼音 bié,待裁定
ci.清.0025.pinyin.json#764,0,4,长,2,平,3,仄,ci.清.0025.pinyin.json 第1阕第5字 语料拼音 zhǎng,待裁定
ci.清.0025.pinyin.json#764,0,42,长,2,平,3,仄,ci.清.0025.pinyin.json 第1阕第43字 语料拼音 zhǎng,待裁定
ci.清.0025.pinyin.json#764,1,37,长,2,平,3,仄,ci.清.0025.pinyin.json 第2阕第38字 语料拼音 zhǎng,待裁定
ci.清.0025.pinyin.json#765,0,39,长,2,平,3,仄,ci.清.0025.pinyin.json 第1阕第40字 语料拼音 zhǎng,待裁定
ci.清.0025.pinyin.json#767,0,33,长,2,平,3,仄,ci.清.0025.pinyin.json 第1阕第34字 语料拼音 zhǎng,待裁定
ci.清.0025.pinyin.json#771,1,36,甚,4,仄,2,平,ci.清.0025.pinyin.json 第2阕第37字 语料拼音 shén,待裁定
ci.清.0025.pinyin.json#772,0,47,绝,4,仄,2,平,ci.清.0025.pinyin.json 第1阕第48字 语料拼音 jué,待裁定
ci.清.0025.pinyin.json#772,1,64,甚,4,仄,2,平,ci.清.0025.pinyin.json 第2阕第65字 语料拼音 shén,待裁定
ci.清.0025.pinyin.json#773,1,13,长,2,平,3,仄,ci.清.0025.pinyin.json 第2阕第14字 语料拼音 zhǎng,待裁定
ci.清.0025.pinyin.json#773,1,18,长,2,平,3,仄,ci.清.0025.pinyin.json 第2阕第19字 语料拼音 zhǎng,待裁定
ci.清.0025.pinyin.json#773,1,29,甚,4,仄,2,平,ci.清.0025.pinyin.json 第2阕第30字 语料拼音 shén,待裁定
ci.清.0025.pinyin.json#775,1,26,绝,4,仄,2,平,ci.清.0025.pinyin.json 第2阕第27字 语料拼音 jué,待裁定
ci.清.0025.pinyin.json#778,0,29,长,2,平,3,仄,ci.清.0025.pinyin.json 第1阕第30字 语料拼音 zhǎng,待裁定
ci.清.0025.pinyin.json#783,0,1,长,2,平,3,仄,ci.清.0025.pinyin.json 第1阕第2字 语料拼音 zhǎng,待裁定
ci.清.0025.pinyin.json#790,1,2,长,2,平,3,仄,ci.清.0025.pinyin.json 第2阕第3字 语料拼音 zhǎng,待裁定
ci.清.0025.pinyin.json#793,0,4,甚,4,仄,2,平,ci.清.0025.pinyin.json 第1阕第5字 语料拼音 shén,待裁定
ci.清.0025.pinyin.json#797,0,50,绝,4,仄,2,平,ci.清.0025.pinyin.json 第1阕第51字 语料拼音 jué,待裁定
ci.清.0025.pinyin.json#797,1,7,别,4,仄,2,平,ci.清.0025.pinyin.json 第2阕第8字 语料拼音 bié,待裁定
ci.清.0025.pinyin.json#802,0,16,长,2,平,3,仄,ci.清.0025.pinyin.json 第1阕第17字 语料拼音 zhǎng,待裁定
ci.清.0025.pinyin.json#803,1,7,别,4,仄,2,平,ci.清.0025.pinyin.json 第2阕第8字 语料拼音 bié,待裁定
ci.清.0025.pinyin.json#806,0,4,长,2,平,3,仄,ci.清.0025.pinyin.json 第1阕第5字 语料拼音 zhǎng,待裁定
ci.清.0025.pinyin.json#812,0,17,长,2,平,3,仄,ci.清.0025.pinyin.json 第1阕第18字 语料拼音 zhǎng,待裁定
ci.清.0025.pinyin.json#817,0,21,别,4,仄,2,平,ci.清.0025.pinyin.json 第1阕第22字 语料拼音 bié,待裁定
ci.清.0025.pinyin.json#819,0,4,绝,4,仄,2,平,ci.清.0025.pinyin.json 第1阕第5字 语料拼音 jué,待裁定
ci.清.0025.pinyin.json#823,1,4,长,2,平,3,仄,ci.清.0025.pinyin.json 第2阕第5字 语料拼音 zhǎng,待裁定
ci.清.0025.pinyin.json#825,0,69,甚,4,仄,2,平,ci.清.0025.pinyin.json 第1阕第70字 语料拼音 shén,待裁定
ci.清.0025.pinyin.json#826,0,0,甚,4,仄,2,平,ci.清.0025.pinyin.json 第1阕第1字 语料拼音 shén,待裁定
ci.清.0025.pinyin.json#831,1,37,长,2,平,3,仄,ci.清.0025.pinyin.json 第2阕第38字 语料拼音 zhǎng,待裁定
ci.清.0025.pinyin.json#832,1,2,长,2,平,3,仄,ci.清.0025.pinyin.json 第2阕第3字 语料拼音 zhǎng,待裁定
ci.清.0025.pinyin.json#833,0,15,绝,4,仄,2,平,ci.清.0025.pinyin.json 第1阕第16字 语料拼音 jué,待裁定
ci.清.0025.pinyin.json#837,0,34,甚,4,仄,2,平,ci.清.0025.pinyin.json 第1阕第35字 语料拼音 shén,待裁定
ci.清.0025.pinyin.json#837,1,16,别,4,仄,2,平,ci.清.0025.pinyin.json 第2阕第17字 语料拼音 bié,待裁定
ci.清.0025.pinyin.json#837,1,38,绝,4,仄,2,平,ci.清.0025.pinyin.json 第2阕第39字 语料拼音 jué,待裁定
ci.清.0025.pinyin.json#842,1,20,别,4,仄,2,平,ci.清.0025.pinyin.json 第2阕第21字 语料拼音 bié,待裁定
ci.清.0025.pinyin.json#847,1,20,别,4,仄,2,平,ci.清.0025.pinyin.json 第2阕第21字 语料拼音 bié,待裁定
ci.清.0025.pinyin.json#853,1,2,甚,4,仄,2,平,ci.清.0025.pinyin.json 第2阕第3字 语料拼音 shén,待裁定
ci.清.0025.pinyin.json#860,0,45,长,2,平,3,仄,ci.清.0025.pinyin.json 第1阕第46字 语料拼音 zhǎng,待裁定
ci.清.0025.pinyin.json#864,1,7,别,4,仄,2,平,ci.清.0025.pinyin.json 第2阕第8字 语料拼音 bié,待裁定
ci.清.0025.pinyin.json#866,0,1,甚,4,仄,2,平,ci.清.0025.pinyin.json 第1阕第2字 语料拼音 shén,待裁定
ci.清.0025.pinyin.json#871,1,11,长,2,平,3,仄,ci.清.0025.pinyin.json 第2阕第12字 语料拼音 zhǎng,待裁定
ci.清.0025.pinyin.json#875,1,47,长,2,平,3,仄,ci.清.0025.pinyin.json 第2阕第48字 语料拼音 zhǎng,待裁定
ci.清.0025.pinyin.json#890,1,18,长,2,平,3,仄,ci.清.0025.pinyin.json 第2阕第19字 语料拼音 zhǎng,待裁定
ci.清.0025.pinyin.json#893,0,0,甚,4,仄,2,平,ci.清.0025.pinyin.json 第1阕第1字 语料拼音 shén,待裁定
ci.清.0025.pinyin.json#893,1,16,别,4,仄,2,平,ci.清.0025.pinyin.json 第2阕第17字 语料拼音 bié,待裁定
ci.清.0025.pinyin.json#893,1,38,绝,4,仄,2,平,ci.清.0025.pinyin.json 第2阕第39字 语料拼音 jué,待裁定
ci.清.0025.pinyin.json#895,0,1,长,2,平,3,仄,ci.清.0025.pinyin.json 第1阕第2字 语料拼音 zhǎng,待裁定
ci.清.0025.pinyin.json#895,0,14,长,2,平,3,仄,ci.清.0025.pinyin.json 第1阕第15字 语料拼音 zhǎng,待裁定
ci.清.0025.pinyin.json#897,1,33,甚,4,仄,2,平,ci.清.0025.pinyin.json 第2阕第34字 语料拼音 shén,待裁定
ci.清.0025.pinyin.json#903,1,45,长,2,平,3,仄,ci.清.0025.pinyin.json 第2阕第46字 语料拼音 zhǎng,待裁定
ci.清.0025.pinyin.json#906,0,41,长,2,平,3,仄,ci.清.0025.pinyin.json 第1阕第42字 语料拼音 zhǎng,待裁定
ci.清.0025.pinyin.json#907,0,3,长,2,平,3,仄,ci.清.0025.pinyin.json 第1阕第4字 语料拼音 zhǎng,待裁定
ci.清.0025.pinyin.json#909,0,54,别,4,仄,2,平,ci.清.0025.pinyin.json 第1阕第55字 语料拼音 bié,待裁定
ci.清.0025.pinyin.json#910,0,2,绝,4,仄,2,平,ci.清.0025.pinyin.json 第1阕第3字 语料拼音 jué,待裁定
ci.清.0025.pinyin.json#913,0,31,甚,4,仄,2,平,ci.清.0025.pinyin.json 第1阕第32字 语料拼音 shén,待裁定
ci.清.0025.pinyin.json#915,0,18,长,2,平,3,仄,ci.清.0025.pinyin.json 第1阕第19字 语料拼音 zhǎng,待裁定
ci.清.0025.pinyin.json#916,0,0,长,2,平,3,仄,ci.清.0025.pinyin.json 第1阕第1字 语料拼音 zhǎng,待裁定
ci.清.0025.pinyin.json#924,0,36,甚,4,仄,2,平,ci.清.0025.pinyin.json 第1阕第37字 语料拼音 shén,待裁定
ci.清.0025.pinyin.json#924,1,36,绝,4,仄,2,平,ci.清.0025.pinyin.json 第2阕第37字 语料拼音 jué,待裁定
ci.清.0025.pinyin.json#929,1,7,长,2,平,3,仄,ci.清.0025.pinyin.json 第2阕第8字 语料拼音 zhǎng,待裁定
ci.清.0025.pinyin.json#935,0,35,长,2,平,3,仄,ci.清.0025.pinyin.json 第1阕第36字 语料拼音 zhǎng,待裁定
ci.清.0025.pinyin.json#935,1,15,别,4,仄,2,平,ci.清.0025.pinyin.json 第2阕第16字 语料拼音 bié,待裁定
ci.清.0025.pinyin.json#940,0,21,别,4,仄,2,平,ci.清.0025.pinyin.json 第1阕第22字 语料拼音 bié,待裁定
ci.清.0025.pinyin.json#943,0,49,长,2,平,3,仄,ci.清.0025.pinyin.json 第1阕第50字 语料拼音 zhǎng,待裁定
ci.清.0025.pinyin.json#945,1,13,别,4,仄,2,平,ci.清.0025.pinyin.json 第2阕第14字 语料拼音 bié,待裁定
ci.清.0025.pinyin.json#945,1,23,绝,4,仄,2,平,ci.清.0025.pinyin.json 第2阕第24字 语料拼音 jué,待裁定
ci.清.0025.pinyin.json#948,0,8,长,2,平,3,仄,ci.清.0025.pinyin.json 第1阕第9字 语料拼音 zhǎng,待裁定
ci.清.0025.pinyin.json#948,1,43,长,2,平,3,仄,ci.清.0025.pinyin.json 第2阕第44字 语料拼音 zhǎng,待裁定
ci.清.0025.pinyin.json#954,1,26,别,4,仄,2,平,ci.清.0025.pinyin.json 第2阕第27字 语料拼音 bié,待裁定
ci.清.0025.pinyin.json#960,0,26,绝,4,仄,2,平,ci.清.0025.pinyin.json 第1阕第27字 语料拼音 jué,待裁定
ci.清.0025.pinyin.json#961,0,5,长,2,平,3,仄,ci.清.0025.pinyin.json 第1阕第6字 语料拼音 zhǎng,待裁定
ci.清.0025.pinyin.json#962,0,5,长,2,平,3,仄,ci.清.0025.pinyin.json 第1阕第6字 语料拼音 zhǎng,待裁定
ci.清.0025.pinyin.json#966,1,35,别,4,仄,2,平,ci.清.0025.pinyin.json 第2阕第36字 语料拼音 bié,待裁定
ci.清.0025.pinyin.json#966,1,38,甚,4,仄,2,平,ci.清.0025.pinyin.json 第2阕第39字 语料拼音 shén,待裁定
ci.清.0025.pinyin.json#967,1,21,长,2,平,3,仄,ci.清.0025.pinyin.json 第2阕第22字 语料拼音 zhǎng,待裁定
ci.清.0025.pinyin.json#970,0,36,绝,4,仄,2,平,ci.清.0025.pinyin.json 第1阕第37字 语料拼音 jué,待裁定
ci.清.0025.pinyin.json#971,1,16,长,2,平,3,仄,ci.清.0025.pinyin.json 第2阕第17字 语料拼音 zhǎng,待裁定
ci.清.0025.pinyin.json#972,1,44,甚,4,仄,2,平,ci.清.0025.pinyin.json 第2阕第45字 语料拼音 shén,待裁定
ci.清.0025.pinyin.json#974,1,38,长,2,平,3,仄,ci.清.0025.pinyin.json 第2阕第39字 语料拼音 zhǎng,待裁定
ci.清.0025.pinyin.json#974,1,49,别,4,仄,2,平,ci.清.0025.pinyin.json 第2阕第50字 语料拼音 bié,待裁定
ci.清.0025.pinyin.json#976,0,7,长,2,平,3,仄,ci.清.0025.pinyin.json 第1阕第8字 语料拼音 zhǎng,待裁定
ci.清.0025.pinyin.json#978,1,62,长,2,平,3,仄,ci.清.0025.pinyin.json 第2阕第63字 语料拼音 zhǎng,待裁定
ci.清.0025.pinyin.json#979,0,49,长,2,平,3,仄,ci.清.0025.pinyin.json 第1阕第50字 语料拼音 zhǎng,待裁定
ci.清.0025.pinyin.json#981,1,44,长,2,平,3,仄,ci.清.0025.pinyin.json 第2阕第45字 语料拼音 zhǎng,待裁定
ci.清.0025.pinyin.json#984,0,21,别,4,仄,2,平,ci.清.0025.pinyin.json 第1阕第22字 语料拼音 bié,待裁定
ci.清.0025.pinyin.json#984,0,42,长,2,平,3,仄,ci.清.0025.pinyin.json 第1阕第43字 语料拼音 zhǎng,待裁定
ci.清.0025.pinyin.json#995,1,9,长,2,平,3,仄,ci.清.0025.pinyin.json 第2阕第10字 语料拼音 zhǎng,待裁定
ci.清.0025.pinyin.json#996,1,45,长,2,平,3,仄,ci.清.0025.pinyin.json 第2阕第46字 语料拼音 zhǎng,待裁定
ci.清.0026.pinyin.json#10,1,50,长,2,平,3,仄,ci.清.0026.pinyin.json 第2阕第51字 语料拼音 zhǎng,待裁定
ci.清.0026.pinyin.json#11,0,50,绝,4,仄,2,平,ci.清.0026.pinyin.json 第1阕第51字 语料拼音 jué,待裁定
ci.清.0026.pinyin.json#11,1,21,别,4,仄,2,平,ci.清.0026.pinyin.json 第2阕第22字 语料拼音 bié,待裁定
ci.清.0026.pinyin.json#14,0,34,长,2,平,3,仄,ci.清.0026.pinyin.json 第1阕第35字 语料拼音 zhǎng,待裁定
ci.清.0026.pinyin.json#16,0,6,甚,4,仄,2,平,ci.清.0026.pinyin.json 第1阕第7字 语料拼音 shén,待裁定
ci.清.0026.pinyin.json#23,1,37,长,2,平,3,仄,ci.清.0026.pinyin.json 第2阕第38字 语料拼音 zhǎng,待裁定
ci.清.0026.pinyin.json#25,0,47,长,2,平,3,仄,ci.清.0026.pinyin.json 第1阕第48字 语料拼音 zhǎng,待裁定
ci.清.0026.pinyin.json#25,1,1,甚,4,仄,2,平,ci.清.0026.pinyin.json 第2阕第2字 语料拼音 shén,待裁定
ci.清.0026.pinyin.json#30,1,18,长,2,平,3,仄,ci.清.0026.pinyin.json 第2阕第19字 语料拼音 zhǎng,待裁定
ci.清.0026.pinyin.json#32,0,49,绝,4,仄,2,平,ci.清.0026.pinyin.json 第1阕第50字 语料拼音 jué,待裁定
ci.清.0026.pinyin.json#33,0,9,长,2,平,3,仄,ci.清.0026.pinyin.json 第1阕第10字 语料拼音 zhǎng,待裁定
ci.清.0026.pinyin.json#42,1,13,长,2,平,3,仄,ci.清.0026.pinyin.json 第2阕第14字 语料拼音 zhǎng,待裁定
ci.清.0026.pinyin.json#44,2,9,甚,4,仄,2,平,ci.清.0026.pinyin.json 第3阕第10字 语料拼音 shén,待裁定
ci.清.0026.pinyin.json#45,1,6,甚,4,仄,2,平,ci.清.0026.pinyin.json 第2阕第7字 语料拼音 shén,待裁定
ci.清.0026.pinyin.json#57,0,42,甚,4,仄,2,平,ci.清.0026.pinyin.json 第1阕第43字 语料拼音 shén,待裁定
ci.清.0026.pinyin.json#64,1,6,甚,4,仄,2,平,ci.清.0026.pinyin.json 第2阕第7字 语料拼音 shén,待裁定
ci.清.0026.pinyin.json#67,0,82,甚,4,仄,2,平,ci.清.0026.pinyin.json 第1阕第83字 语料拼音 shén,待裁定
ci.清.0026.pinyin.json#68,0,20,别,4,仄,2,平,ci.清.0026.pinyin.json 第1阕第21字 语料拼音 bié,待裁定
ci.清.0026.pinyin.json#68,1,13,绝,4,仄,2,平,ci.清.0026.pinyin.json 第2阕第14字 语料拼音 jué,待裁定
ci.清.0026.pinyin.json#68,1,16,绝,4,仄,2,平,ci.清.0026.pinyin.json 第2阕第17字 语料拼音 jué,待裁定
ci.清.0026.pinyin.json#70,1,4,甚,4,仄,2,平,ci.清.0026.pinyin.json 第2阕第5字 语料拼音 shén,待裁定
ci.清.0026.pinyin.json#77,1,23,长,2,平,3,仄,ci.清.0026.pinyin.json 第2阕第24字 语料拼音 zhǎng,待裁定
ci.清.0026.pinyin.json#84,0,16,长,2,平,3,仄,ci.清.0026.pinyin.json 第1阕第17字 语料拼音 zhǎng,待裁定
ci.清.0026.pinyin.json#85,1,13,长,2,平,3,仄,ci.清.0026.pinyin.json 第2阕第14字 语料拼音 zhǎng,待裁定
ci.清.0026.pinyin.json#91,1,13,甚,4,仄,2,平,ci.清.0026.pinyin.json 第2阕第14字 语料拼音 shén,待裁定
ci.清.0026.pinyin.json#92,1,17,长,2,平,3,仄,ci.清.0026.pinyin.json 第2阕第18字 语料拼音 zhǎng,待裁定
ci.清.0026.pinyin.json#101,1,16,长,2,平,3,仄,ci.清.0026.pinyin.json 第2阕第17字 语料拼音 zhǎng,待裁定
ci.清.0026.pinyin.json#102,0,19,长,2,平,3,仄,ci.清.0026.pinyin.json 第1阕第20字 语料拼音 zhǎng,待裁定
ci.清.0026.pinyin.json#109,1,26,长,2,平,3,仄,ci.清.0026.pinyin.json 第2阕第27字 语料拼音 zhǎng,待裁定
ci.清.0026.pinyin.json#110,0,16,长,2,平,3,仄,ci.清.0026.pinyin.json 第1阕第17字 语料拼音 zhǎng,待裁定
ci.清.0026.pinyin.json#110,1,20,甚,4,仄,2,平,ci.清.0026.pinyin.json 第2阕第21字 语料拼音 shén,待裁定
ci.清.0026.pinyin.json#111,0,8,长,2,平,3,仄,ci.清.0026.pinyin.json 第1阕第9字 语料拼音 zhǎng,待裁定
ci.清.0026.pinyin.json#113,0,5,长,2,平,3,仄,ci.清.0026.pinyin.json 第1阕第6字 语料拼音 zhǎng,待裁定
ci.清.0026.pinyin.json#117,1,9,长,2,平,3,仄,ci.清.0026.pinyin.json 第2阕第10字 语料拼音 zhǎng,待裁定
ci.清.0026.pinyin.json#125,1,9,别,4,仄,2,平,ci.清.0026.pinyin.json 第2阕第10字 语料拼音 bié,待裁定
ci.清.0026.pinyin.json#126,0,14,长,2,平,3,仄,ci.清.0026.pinyin.json 第1阕第15字 语料拼音 zhǎng,待裁定
ci.清.0026.pinyin.json#130,1,5,绝,4,仄,2,平,ci.清.0026.pinyin.json 第2阕第6字 语料拼音 jué,待裁定
ci.清.0026.pinyin.json#131,1,21,长,2,平,3,仄,ci.清.0026.pinyin.json 第2阕第22字 语料拼音 zhǎng,待裁定
ci.清.0026.pinyin.json#132,1,7,长,2,平,3,仄,ci.清.0026.pinyin.json 第2阕第8字 语料拼音 zhǎng,待裁定
ci.清.0026.pinyin.json#134,0,17,长,2,平,3,仄,ci.清.0026.pinyin.json 第1阕第18字 语料拼音 zhǎng,待裁定
ci.清.0026.pinyin.json#136,1,0,别,4,仄,2,平,ci.清.0026.pinyin.json 第2阕第1字 语料拼音 bié,待裁定
ci.清.0026.pinyin.json#142,1,7,长,2,平,3,仄,ci.清.0026.pinyin.json 第2阕第8字 语料拼音 zhǎng,待裁定
ci.清.0026.pinyin.json#160,1,3,长,2,平,3,仄,ci.清.0026.pinyin.json 第2阕第4字 语料拼音 zhǎng,待裁定
ci.清.0026.pinyin.json#164,0,10,长,2,平,3,仄,ci.清.0026.pinyin.json 第1阕第11字 语料拼音 zhǎng,待裁定
ci.清.0026.pinyin.json#166,0,16,长,2,平,3,仄,ci.清.0026.pinyin.json 第1阕第17字 语料拼音 zhǎng,待裁定
ci.清.0026.pinyin.json#187,0,9,长,2,平,3,仄,ci.清.0026.pinyin.json 第1阕第10字 语料拼音 zhǎng,待裁定
ci.清.0026.pinyin.json#207,0,20,别,4,仄,2,平,ci.清.0026.pinyin.json 第1阕第21字 语料拼音 bié,待裁定
ci.清.0026.pinyin.json#209,0,24,绝,4,仄,2,平,ci.清.0026.pinyin.json 第1阕第25字 语料拼音 jué,待裁定
ci.清.0026.pinyin.json#212,0,4,别,4,仄,2,平,ci.清.0026.pinyin.json 第1阕第5字 语料拼音 bié,待裁定
ci.清.0026.pinyin.json#214,0,5,长,2,平,3,仄,ci.清.0026.pinyin.json 第1阕第6字 语料拼音 zhǎng,待裁定
ci.清.0026.pinyin.json#220,0,17,长,2,平,3,仄,ci.清.0026.pinyin.json 第1阕第18字 语料拼音 zhǎng,待裁定
ci.清.0026.pinyin.json#224,0,16,长,2,平,3,仄,ci.清.0026.pinyin.json 第1阕第17字 语料拼音 zhǎng,待裁定
ci.清.0026.pinyin.json#236,0,2,长,2,平,3,仄,ci.清.0026.pinyin.json 第1阕第3字 语料拼音 zhǎng,待裁定
ci.清.0026.pinyin.json#244,0,5,长,2,平,3,仄,ci.清.0026.pinyin.json 第1阕第6字 语料拼音 zhǎng,待裁定
ci.清.0026.pinyin.json#246,0,4,长,2,平,3,仄,ci.清.0026.pinyin.json 第1阕第5字 语料拼音 zhǎng,待裁定
ci.清.0026.pinyin.json#258,0,25,长,2,平,3,仄,ci.清.0026.pinyin.json 第1阕第26字 语料拼音 zhǎng,待裁定
ci.清.0026.pinyin.json#263,0,25,别,4,仄,2,平,ci.清.0026.pinyin.json 第1阕第26字 语料拼音 bié,待裁定
ci.清.0026.pinyin.json#286,0,18,长,2,平,3,仄,ci.清.0026.pinyin.json 第1阕第19字 语料拼音 zhǎng,待裁定
ci.清.0026.pinyin.json#287,0,19,绝,4,仄,2,平,ci.清.0026.pinyin.json 第1阕第20字 语料拼音 jué,待裁定
ci.清.0026.pinyin.json#290,0,12,长,2,平,3,仄,ci.清.0026.pinyin.json 第1阕第13字 语料拼音 zhǎng,待裁定
ci.清.0026.pinyin.json#303,1,0,别,4,仄,2,平,ci.清.0026.pinyin.json 第2阕第1字 语料拼音 bié,待裁定
ci.清.0026.pinyin.json#304,1,1,长,2,平,3,仄,ci.清.0026.pinyin.json 第2阕第2字 语料拼音 zhǎng,待裁定
ci.清.0026.pinyin.json#306,1,3,长,2,平,3,仄,ci.清.0026.pinyin.json 第2阕第4字 语料拼音 zhǎng,待裁定
ci.清.0026.pinyin.json#307,1,7,长,2,平,3,仄,ci.清.0026.pinyin.json 第2阕第8字 语料拼音 zhǎng,待裁定
ci.清.0026.pinyin.json#315,0,14,别,4,仄,2,平,ci.清.0026.pinyin.json 第1阕第15字 语料拼音 bié,待裁定
ci.清.0026.pinyin.json#316,1,5,别,4,仄,2,平,ci.清.0026.pinyin.json 第2阕第6字 语料拼音 bié,待裁定
ci.清.0026.pinyin.json#320,0,19,绝,4,仄,2,平,ci.清.0026.pinyin.json 第1阕第20字 语料拼音 jué,待裁定
ci.清.0026.pinyin.json#320,1,16,长,2,平,3,仄,ci.清.0026.pinyin.json 第2阕第17字 语料拼音 zhǎng,待裁定
ci.清.0026.pinyin.json#322,0,50,绝,4,仄,2,平,ci.清.0026.pinyin.json 第1阕第51字 语料拼音 jué,待裁定
ci.清.0026.pinyin.json#322,1,11,长,2,平,3,仄,ci.清.0026.pinyin.json 第2阕第12字 语料拼音 zhǎng,待裁定
ci.清.0026.pinyin.json#324,0,48,长,2,平,3,仄,ci.清.0026.pinyin.json 第1阕第49字 语料拼音 zhǎng,待裁定
ci.清.0026.pinyin.json#332,0,50,别,4,仄,2,平,ci.清.0026.pinyin.json 第1阕第51字 语料拼音 bié,待裁定
ci.清.0026.pinyin.json#332,1,18,绝,4,仄,2,平,ci.清.0026.pinyin.json 第2阕第19字 语料拼音 jué,待裁定
ci.清.0026.pinyin.json#332,1,37,绝,4,仄,2,平,ci.清.0026.pinyin.json 第2阕第38字 语料拼音 jué,待裁定
ci.清.0026.pinyin.json#333,0,24,甚,4,仄,2,平,ci.清.0026.pinyin.json 第1阕第25字 语料拼音 shén,待裁定
ci.清.0026.pinyin.json#333,1,38,别,4,仄,2,平,ci.清.0026.pinyin.json 第2阕第39字 语料拼音 bié,待裁定
ci.清.0026.pinyin.json#334,1,25,长,2,平,3,仄,ci.清.0026.pinyin.json 第2阕第26字 语料拼音 zhǎng,待裁定
ci.清.0026.pinyin.json#334,1,46,长,2,平,3,仄,ci.清.0026.pinyin.json 第2阕第47字 语料拼音 zhǎng,待裁定
ci.清.0026.pinyin.json#336,0,3,长,2,平,3,仄,ci.清.0026.pinyin.json 第1阕第4字 语料拼音 zhǎng,待裁定
ci.清.0026.pinyin.json#338,0,27,长,2,平,3,仄,ci.清.0026.pinyin.json 第1阕第28字 语料拼音 zhǎng,待裁定
ci.清.0026.pinyin.json#338,0,53,绝,4,仄,2,平,ci.清.0026.pinyin.json 第1阕第54字 语料拼音 jué,待裁定
ci.清.0026.pinyin.json#339,1,24,长,2,平,3,仄,ci.清.0026.pinyin.json 第2阕第25字 语料拼音 zhǎng,待裁定
ci.清.0026.pinyin.json#340,0,32,别,4,仄,2,平,ci.清.0026.pinyin.json 第1阕第33字 语料拼音 bié,待裁定
ci.清.0026.pinyin.json#340,1,43,长,2,平,3,仄,ci.清.0026.pinyin.json 第2阕第44字 语料拼音 zhǎng,待裁定
ci.清.0026.pinyin.json#344,0,10,长,2,平,3,仄,ci.清.0026.pinyin.json 第1阕第11字 语料拼音 zhǎng,待裁定
ci.清.0026.pinyin.json#344,0,16,绝,4,仄,2,平,ci.清.0026.pinyin.json 第1阕第17字 语料拼音 jué,待裁定
ci.清.0026.pinyin.json#344,1,45,长,2,平,3,仄,ci.清.0026.pinyin.json 第2阕第46字 语料拼音 zhǎng,待裁定
ci.清.0026.pinyin.json#345,1,11,绝,4,仄,2,平,ci.清.0026.pinyin.json 第2阕第12字 语料拼音 jué,待裁定
ci.清.0026.pinyin.json#348,0,6,甚,4,仄,2,平,ci.清.0026.pinyin.json 第1阕第7字 语料拼音 shén,待裁定
ci.清.0026.pinyin.json#361,0,27,长,2,平,3,仄,ci.清.0026.pinyin.json 第1阕第28字 语料拼音 zhǎng,待裁定
ci.清.0026.pinyin.json#365,0,1,别,4,仄,2,平,ci.清.0026.pinyin.json 第1阕第2字 语料拼音 bié,待裁定
ci.清.0026.pinyin.json#365,1,13,长,2,平,3,仄,ci.清.0026.pinyin.json 第2阕第14字 语料拼音 zhǎng,待裁定
ci.清.0026.pinyin.json#370,0,17,长,2,平,3,仄,ci.清.0026.pinyin.json 第1阕第18字 语料拼音 zhǎng,待裁定
ci.清.0026.pinyin.json#373,1,5,长,2,平,3,仄,ci.清.0026.pinyin.json 第2阕第6字 语料拼音 zhǎng,待裁定
ci.清.0026.pinyin.json#378,1,7,别,4,仄,2,平,ci.清.0026.pinyin.json 第2阕第8字 语料拼音 bié,待裁定
ci.清.0026.pinyin.json#379,0,26,甚,4,仄,2,平,ci.清.0026.pinyin.json 第1阕第27字 语料拼音 shén,待裁定
ci.清.0026.pinyin.json#380,1,30,别,4,仄,2,平,ci.清.0026.pinyin.json 第2阕第31字 语料拼音 bié,待裁定
ci.清.0026.pinyin.json#405,3,14,甚,4,仄,2,平,ci.清.0026.pinyin.json 第4阕第15字 语料拼音 shén,待裁定
ci.清.0026.pinyin.json#407,1,12,长,2,平,3,仄,ci.清.0026.pinyin.json 第2阕第13字 语料拼音 zhǎng,待裁定
ci.清.0026.pinyin.json#417,1,6,绝,4,仄,2,平,ci.清.0026.pinyin.json 第2阕第7字 语料拼音 jué,待裁定
ci.清.0026.pinyin.json#418,0,11,绝,4,仄,2,平,ci.清.0026.pinyin.json 第1阕第12字 语料拼音 jué,待裁定
ci.清.0026.pinyin.json#419,0,21,长,2,平,3,仄,ci.清.0026.pinyin.json 第1阕第22字 语料拼音 zhǎng,待裁定
ci.清.0026.pinyin.json#422,1,0,甚,4,仄,2,平,ci.清.0026.pinyin.json 第2阕第1字 语料拼音 shén,待裁定
ci.清.0026.pinyin.json#434,1,46,甚,4,仄,2,平,ci.清.0026.pinyin.json 第2阕第47字 语料拼音 shén,待裁定
ci.清.0026.pinyin.json#435,1,19,别,4,仄,2,平,ci.清.0026.pinyin.json 第2阕第20字 语料拼音 bié,待裁定
ci.清.0026.pinyin.json#436,1,0,长,2,平,3,仄,ci.清.0026.pinyin.json 第2阕第1字 语料拼音 zhǎng,待裁定
ci.清.0026.pinyin.json#437,1,6,甚,4,仄,2,平,ci.清.0026.pinyin.json 第2阕第7字 语料拼音 shén,待裁定
ci.清.0026.pinyin.json#438,1,19,长,2,平,3,仄,ci.清.0026.pinyin.json 第2阕第20字 语料拼音 zhǎng,待裁定
ci.清.0026.pinyin.json#443,1,11,别,4,仄,2,平,ci.清.0026.pinyin.json 第2阕第12字 语料拼音 bié,待裁定
ci.清.0026.pinyin.json#443,1,16,长,2,平,3,仄,ci.清.0026.pinyin.json 第2阕第17字 语料拼音 zhǎng,待裁定
ci.清.0026.pinyin.json#444,0,19,长,2,平,3,仄,ci.清.0026.pinyin.json 第1阕第20字 语料拼音 zhǎng,待裁定
ci.清.0026.pinyin.json#446,0,4,别,4,仄,2,平,ci.清.0026.pinyin.json 第1阕第5字 语料拼音 bié,待裁定
ci.清.0026.pinyin.json#447,0,51,绝,4,仄,2,平,ci.清.0026.pinyin.json 第1阕第52字 语料拼音 jué,待裁定
ci.清.0026.pinyin.json#450,1,29,长,2,平,3,仄,ci.清.0026.pinyin.json 第2阕第30字 语料拼音 zhǎng,待裁定
ci.清.0026.pinyin.json#451,1,13,别,4,仄,2,平,ci.清.0026.pinyin.json 第2阕第14字 语料拼音 bié,待裁定
ci.清.0026.pinyin.json#456,1,6,别,4,仄,2,平,ci.清.0026.pinyin.json 第2阕第7字 语料拼音 bié,待裁定
ci.清.0026.pinyin.json#457,1,31,别,4,仄,2,平,ci.清.0026.pinyin.json 第2阕第32字 语料拼音 bié,待裁定
ci.清.0026.pinyin.json#461,1,14,长,2,平,3,仄,ci.清.0026.pinyin.json 第2阕第15字 语料拼音 zhǎng,待裁定
ci.清.0026.pinyin.json#462,1,43,甚,4,仄,2,平,ci.清.0026.pinyin.json 第2阕第44字 语料拼音 shén,待裁定
ci.清.0026.pinyin.json#462,1,50,别,4,仄,2,平,ci.清.0026.pinyin.json 第2阕第51字 语料拼音 bié,待裁定
ci.清.0026.pinyin.json#462,1,110,长,2,平,3,仄,ci.清.0026.pinyin.json 第2阕第111字 语料拼音 zhǎng,待裁定
ci.清.0026.pinyin.json#463,1,13,长,2,平,3,仄,ci.清.0026.pinyin.json 第2阕第14字 语料拼音 zhǎng,待裁定
ci.清.0026.pinyin.json#464,0,4,甚,4,仄,2,平,ci.清.0026.pinyin.json 第1阕第5字 语料拼音 shén,待裁定
ci.清.0026.pinyin.json#464,0,37,长,2,平,3,仄,ci.清.0026.pinyin.json 第1阕第38字 语料拼音 zhǎng,待裁定
ci.清.0026.pinyin.json#466,1,6,别,4,仄,2,平,ci.清.0026.pinyin.json 第2阕第7字 语料拼音 bié,待裁定
ci.清.0026.pinyin.json#467,0,13,长,2,平,3,仄,ci.清.0026.pinyin.json 第1阕第14字 语料拼音 zhǎng,待裁定
ci.清.0026.pinyin.json#467,0,41,甚,4,仄,2,平,ci.清.0026.pinyin.json 第1阕第42字 语料拼音 shén,待裁定
ci.清.0026.pinyin.json#468,1,9,长,2,平,3,仄,ci.清.0026.pinyin.json 第2阕第10字 语料拼音 zhǎng,待裁定
ci.清.0026.pinyin.json#471,0,11,长,2,平,3,仄,ci.清.0026.pinyin.json 第1阕第12字 语料拼音 zhǎng,待裁定
ci.清.0026.pinyin.json#472,0,68,绝,4,仄,2,平,ci.清.0026.pinyin.json 第1阕第69字 语料拼音 jué,待裁定
ci.清.0026.pinyin.json#476,1,0,别,4,仄,2,平,ci.清.0026.pinyin.json 第2阕第1字 语料拼音 bié,待裁定
ci.清.0026.pinyin.json#478,0,16,别,4,仄,2,平,ci.清.0026.pinyin.json 第1阕第17字 语料拼音 bié,待裁定
ci.清.0026.pinyin.json#478,1,9,长,2,平,3,仄,ci.清.0026.pinyin.json 第2阕第10字 语料拼音 zhǎng,待裁定
ci.清.0026.pinyin.json#483,1,10,长,2,平,3,仄,ci.清.0026.pinyin.json 第2阕第11字 语料拼音 zhǎng,待裁定
ci.清.0026.pinyin.json#484,0,28,长,2,平,3,仄,ci.清.0026.pinyin.json 第1阕第29字 语料拼音 zhǎng,待裁定
ci.清.0026.pinyin.json#487,0,28,甚,4,仄,2,平,ci.清.0026.pinyin.json 第1阕第29字 语料拼音 shén,待裁定
ci.清.0026.pinyin.json#488,0,11,绝,4,仄,2,平,ci.清.0026.pinyin.json 第1阕第12字 语料拼音 jué,待裁定
ci.清.0026.pinyin.json#488,1,8,长,2,平,3,仄,ci.清.0026.pinyin.json 第2阕第9字 语料拼音 zhǎng,待裁定
ci.清.0026.pinyin.json#491,1,23,长,2,平,3,仄,ci.清.0026.pinyin.json 第2阕第24字 语料拼音 zhǎng,待裁定
ci.清.0026.pinyin.json#493,0,0,别,4,仄,2,平,ci.清.0026.pinyin.json 第1阕第1字 语料拼音 bié,待裁定
ci.清.0026.pinyin.json#495,0,28,长,2,平,3,仄,ci.清.0026.pinyin.json 第1阕第29字 语料拼音 zhǎng,待裁定
ci.清.0026.pinyin.json#501,1,24,别,4,仄,2,平,ci.清.0026.pinyin.json 第2阕第25字 语料拼音 bié,待裁定
ci.清.0026.pinyin.json#503,4,9,绝,4,仄,2,平,ci.清.0026.pinyin.json 第5阕第10字 语料拼音 jué,待裁定
ci.清.0026.pinyin.json#504,0,25,甚,4,仄,2,平,ci.清.0026.pinyin.json 第1阕第26字 语料拼音 shén,待裁定
ci.清.0026.pinyin.json#506,1,25,长,2,平,3,仄,ci.清.0026.pinyin.json 第2阕第26字 语料拼音 zhǎng,待裁定
ci.清.0026.pinyin.json#510,1,47,长,2,平,3,仄,ci.清.0026.pinyin.json 第2阕第48字 语料拼音 zhǎng,待裁定
ci.清.0026.pinyin.json#511,1,44,长,2,平,3,仄,ci.清.0026.pinyin.json 第2阕第45字 语料拼音 zhǎng,待裁定
ci.清.0026.pinyin.json#515,0,30,甚,4,仄,2,平,ci.清.0026.pinyin.json 第1阕第31字 语料拼音 shén,待裁定
ci.清.0026.pinyin.json#515,0,31,长,2,平,3,仄,ci.清.0026.pinyin.json 第1阕第32字 语料拼音 zhǎng,待裁定
ci.清.0026.pinyin.json#517,0,28,长,2,平,3,仄,ci.清.0026.pinyin.json 第1阕第29字 语料拼音 zhǎng,待裁定
ci.清.0026.pinyin.json#522,0,37,长,2,平,3,仄,ci.清.0026.pinyin.json 第1阕第38字 语料拼音 zhǎng,待裁定
ci.清.0026.pinyin.json#524,1,33,长,2,平,3,仄,ci.清.0026.pinyin.json 第2阕第34字 语料拼音 zhǎng,待裁定
ci.清.0026.pinyin.json#527,1,25,甚,4,仄,2,平,ci.清.0026.pinyin.json 第2阕第26字 语料拼音 shén,待裁定
ci.清.0026.pinyin.json#532,0,18,绝,4,仄,2,平,ci.清.0026.pinyin.json 第1阕第19字 语料拼音 jué,待裁定
ci.清.0026.pinyin.json#532,0,39,别,4,仄,2,平,ci.清.0026.pinyin.json 第1阕第40字 语料拼音 bié,待裁定
ci.清.0026.pinyin.json#537,1,22,长,2,平,3,仄,ci.清.0026.pinyin.json 第2阕第23字 语料拼音 zhǎng,待裁定
ci.清.0026.pinyin.json#540,1,0,长,2,平,3,仄,ci.清.0026.pinyin.json 第2阕第1字 语料拼音 zhǎng,待裁定
ci.清.0026.pinyin.json#542,1,0,长,2,平,3,仄,ci.清.0026.pinyin.json 第2阕第1字 语料拼音 zhǎng,待裁定
ci.清.0026.pinyin.json#542,1,3,别,4,仄,2,平,ci.清.0026.pinyin.json 第2阕第4字 语料拼音 bié,待裁定
ci.清.0026.pinyin.json#548,1,14,别,4,仄,2,平,ci.清.0026.pinyin.json 第2阕第15字 语料拼音 bié,待裁定
ci.清.0026.pinyin.json#548,1,21,绝,4,仄,2,平,ci.清.0026.pinyin.json 第2阕第22字 语料拼音 jué,待裁定
ci.清.0026.pinyin.json#550,0,21,别,4,仄,2,平,ci.清.0026.pinyin.json 第1阕第22字 语料拼音 bié,待裁定
ci.清.0026.pinyin.json#558,0,44,甚,4,仄,2,平,ci.清.0026.pinyin.json 第1阕第45字 语料拼音 shén,待裁定
ci.清.0026.pinyin.json#560,1,0,别,4,仄,2,平,ci.清.0026.pinyin.json 第2阕第1字 语料拼音 bié,待裁定
ci.清.0026.pinyin.json#560,1,37,甚,4,仄,2,平,ci.清.0026.pinyin.json 第2阕第38字 语料拼音 shén,待裁定
ci.清.0026.pinyin.json#563,0,19,别,4,仄,2,平,ci.清.0026.pinyin.json 第1阕第20字 语料拼音 bié,待裁定
ci.清.0026.pinyin.json#563,1,7,长,2,平,3,仄,ci.清.0026.pinyin.json 第2阕第8字 语料拼音 zhǎng,待裁定
ci.清.0026.pinyin.json#564,0,22,别,4,仄,2,平,ci.清.0026.pinyin.json 第1阕第23字 语料拼音 bié,待裁定
ci.清.0026.pinyin.json#566,0,2,长,2,平,3,仄,ci.清.0026.pinyin.json 第1阕第3字 语料拼音 zhǎng,待裁定
ci.清.0026.pinyin.json#568,0,13,别,4,仄,2,平,ci.清.0026.pinyin.json 第1阕第14字 语料拼音 bié,待裁定
ci.清.0026.pinyin.json#568,1,5,长,2,平,3,仄,ci.清.0026.pinyin.json 第2阕第6字 语料拼音 zhǎng,待裁定
ci.清.0026.pinyin.json#569,0,21,别,4,仄,2,平,ci.清.0026.pinyin.json 第1阕第22字 语料拼音 bié,待裁定
ci.清.0026.pinyin.json#571,1,26,别,4,仄,2,平,ci.清.0026.pinyin.json 第2阕第27字 语料拼音 bié,待裁定
ci.清.0026.pinyin.json#574,1,6,别,4,仄,2,平,ci.清.0026.pinyin.json 第2阕第7字 语料拼音 bié,待裁定
ci.清.0026.pinyin.json#577,1,19,长,2,平,3,仄,ci.清.0026.pinyin.json 第2阕第20字 语料拼音 zhǎng,待裁定
ci.清.0026.pinyin.json#583,1,6,长,2,平,3,仄,ci.清.0026.pinyin.json 第2阕第7字 语料拼音 zhǎng,待裁定
ci.清.0026.pinyin.json#589,1,2,长,2,平,3,仄,ci.清.0026.pinyin.json 第2阕第3字 语料拼音 zhǎng,待裁定
ci.清.0026.pinyin.json#597,1,12,长,2,平,3,仄,ci.清.0026.pinyin.json 第2阕第13字 语料拼音 zhǎng,待裁定
ci.清.0026.pinyin.json#604,0,0,长,2,平,3,仄,ci.清.0026.pinyin.json 第1阕第1字 语料拼音 zhǎng,待裁定
ci.清.0026.pinyin.json#606,0,12,长,2,平,3,仄,ci.清.0026.pinyin.json 第1阕第13字 语料拼音 zhǎng,待裁定
ci.清.0026.pinyin.json#607,0,11,别,4,仄,2,平,ci.清.0026.pinyin.json 第1阕第12字 语料拼音 bié,待裁定
ci.清.0026.pinyin.json#610,0,11,别,4,仄,2,平,ci.清.0026.pinyin.json 第1阕第12字 语料拼音 bié,待裁定
ci.清.0026.pinyin.json#616,0,9,长,2,平,3,仄,ci.清.0026.pinyin.json 第1阕第10字 语料拼音 zhǎng,待裁定
ci.清.0026.pinyin.json#619,1,6,别,4,仄,2,平,ci.清.0026.pinyin.json 第2阕第7字 语料拼音 bié,待裁定
ci.清.0026.pinyin.json#620,1,5,长,2,平,3,仄,ci.清.0026.pinyin.json 第2阕第6字 语料拼音 zhǎng,待裁定
ci.清.0026.pinyin.json#621,1,14,长,2,平,3,仄,ci.清.0026.pinyin.json 第2阕第15字 语料拼音 zhǎng,待裁定
ci.清.0026.pinyin.json#624,0,7,别,4,仄,2,平,ci.清.0026.pinyin.json 第1阕第8字 语料拼音 bié,待裁定
ci.清.0026.pinyin.json#632,0,0,长,2,平,3,仄,ci.清.0026.pinyin.json 第1阕第1字 语料拼音 zhǎng,待裁定
ci.清.0026.pinyin.json#636,0,11,绝,4,仄,2,平,ci.清.0026.pinyin.json 第1阕第12字 语料拼音 jué,待裁定
ci.清.0026.pinyin.json#654,1,27,长,2,平,3,仄,ci.清.0026.pinyin.json 第2阕第28字 语料拼音 zhǎng,待裁定
ci.清.0026.pinyin.json#660,1,2,长,2,平,3,仄,ci.清.0026.pinyin.json 第2阕第3字 语料拼音 zhǎng,待裁定
ci.清.0026.pinyin.json#663,0,38,绝,4,仄,2,平,ci.清.0026.pinyin.json 第1阕第39字 语料拼音 jué,待裁定
ci.清.0026.pinyin.json#667,0,13,绝,4,仄,2,平,ci.清.0026.pinyin.json 第1阕第14字 语料拼音 jué,待裁定
ci.清.0026.pinyin.json#668,0,19,长,2,平,3,仄,ci.清.0026.pinyin.json 第1阕第20字 语料拼音 zhǎng,待裁定
ci.清.0026.pinyin.json#674,0,6,长,2,平,3,仄,ci.清.0026.pinyin.json 第1阕第7字 语料拼音 zhǎng,待裁定
ci.清.0026.pinyin.json#674,1,20,长,2,平,3,仄,ci.清.0026.pinyin.json 第2阕第21字 语料拼音 zhǎng,待裁定
ci.清.0026.pinyin.json#674,1,43,别,4,仄,2,平,ci.清.0026.pinyin.json 第2阕第44字 语料拼音 bié,待裁定
ci.清.0026.pinyin.json#681,0,0,长,2,平,3,仄,ci.清.0026.pinyin.json 第1阕第1字 语料拼音 zhǎng,待裁定
ci.清.0026.pinyin.json#681,1,6,别,4,仄,2,平,ci.清.0026.pinyin.json 第2阕第7字 语料拼音 bié,待裁定
ci.清.0026.pinyin.json#688,0,15,别,4,仄,2,平,ci.清.0026.pinyin.json 第1阕第16字 语料拼音 bié,待裁定
ci.清.0026.pinyin.json#720,1,21,绝,4,仄,2,平,ci.清.0026.pinyin.json 第2阕第22字 语料拼音 jué,待裁定
ci.清.0026.pinyin.json#723,0,38,别,4,仄,2,平,ci.清.0026.pinyin.json 第1阕第39字 语料拼音 bié,待裁定
ci.清.0026.pinyin.json#723,1,32,长,2,平,3,仄,ci.清.0026.pinyin.json 第2阕第33字 语料拼音 zhǎng,待裁定
ci.清.0026.pinyin.json#727,0,6,长,2,平,3,仄,ci.清.0026.pinyin.json 第1阕第7字 语料拼音 zhǎng,待裁定
ci.清.0026.pinyin.json#731,1,1,长,2,平,3,仄,ci.清.0026.pinyin.json 第2阕第2字 语料拼音 zhǎng,待裁定
ci.清.0026.pinyin.json#735,1,31,甚,4,仄,2,平,ci.清.0026.pinyin.json 第2阕第32字 语料拼音 shén,待裁定
ci.清.0026.pinyin.json#741,0,25,别,4,仄,2,平,ci.清.0026.pinyin.json 第1阕第26字 语料拼音 bié,待裁定
